# time  field_L1  field_L2  field_Linf  numeric_E_left  exact_E_left  error_E_left  numeric_E_right  exact_E_right  error_E_right  numeric_E_body  exact_E_body  error_E_body
1.40174000e-04  1.85425981e-04  2.40126371e-04  3.71063752e-04  2.13904786e-01  2.16612118e-01  2.70733176e-03  2.27768275e+00  2.28076115e+00  3.07839956e-03  2.49429519e+00  2.49737326e+00  3.07807581e-03
2.80348000e-04  1.85436552e-04  2.40140266e-04  3.71085802e-04  2.13904786e-01  2.16612118e-01  2.70733176e-03  2.27778183e+00  2.28086025e+00  3.07842161e-03  2.49439427e+00  2.49747237e+00  3.07809786e-03
4.20522000e-04  1.85445964e-04  2.40152629e-04  3.71105534e-04  2.13904786e-01  2.16612118e-01  2.70733176e-03  2.27788091e+00  2.28095936e+00  3.07844134e-03  2.49449336e+00  2.49757147e+00  3.07811759e-03
5.60696000e-04  1.85454989e-04  2.40164482e-04  3.71124493e-04  2.13904786e-01  2.16612118e-01  2.70733176e-03  2.27797999e+00  2.28105845e+00  3.07846030e-03  2.49459243e+00  2.49767057e+00  3.07813655e-03
7.00870000e-04  1.85463886e-04  2.40176165e-04  3.71143194e-04  2.13904786e-01  2.16612118e-01  2.70733176e-03  2.27807906e+00  2.28115754e+00  3.07847900e-03  2.49469150e+00  2.49776965e+00  3.07815525e-03
8.41044000e-04  1.85472741e-04  2.40187793e-04  3.71161812e-04  2.13904786e-01  2.16612118e-01  2.70733176e-03  2.27817812e+00  2.28125662e+00  3.07849762e-03  2.49479056e+00  2.49786873e+00  3.07817387e-03
9.81218000e-04  1.85481581e-04  2.40199401e-04  3.71180399e-04  2.13904786e-01  2.16612118e-01  2.70733176e-03  2.27827717e+00  2.28135569e+00  3.07851621e-03  2.49488961e+00  2.49796781e+00  3.07819245e-03
1.12139200e-03  1.85490415e-04  2.40211001e-04  3.71198975e-04  2.13904786e-01  2.16612118e-01  2.70733176e-03  2.27837622e+00  2.28145475e+00  3.07853478e-03  2.49498866e+00  2.49806687e+00  3.07821103e-03
1.26156600e-03  1.85499248e-04  2.40222601e-04  3.71217549e-04  2.13904786e-01  2.16612118e-01  2.70733176e-03  2.27847526e+00  2.28155381e+00  3.07855336e-03  2.49508770e+00  2.49816593e+00  3.07822960e-03
1.40174000e-03  1.85508082e-04  2.40234200e-04  3.71236122e-04  2.13904786e-01  2.16612118e-01  2.70733176e-03  2.27857429e+00  2.28165287e+00  3.07857193e-03  2.49518673e+00  2.49826498e+00  3.07824818e-03
1.54191400e-03  1.85516914e-04  2.40245798e-04  3.71254694e-04  2.13904786e-01  2.16612118e-01  2.70733176e-03  2.27867332e+00  2.28175191e+00  3.07859050e-03  2.49528576e+00  2.49836403e+00  3.07826675e-03
1.68208800e-03  1.85525746e-04  2.40257394e-04  3.71273263e-04  2.13904786e-01  2.16612118e-01  2.70733176e-03  2.27877234e+00  2.28185095e+00  3.07860907e-03  2.49538478e+00  2.49846307e+00  3.07828532e-03
1.82226200e-03  1.85534579e-04  2.40268994e-04  3.71291837e-04  2.13904786e-01  2.16612118e-01  2.70733176e-03  2.27887135e+00  2.28194998e+00  3.07862765e-03  2.49548379e+00  2.49856210e+00  3.07830389e-03
1.96243600e-03  1.85543412e-04  2.40280592e-04  3.71310407e-04  2.13904786e-01  2.16612118e-01  2.70733176e-03  2.27897036e+00  2.28204900e+00  3.07864622e-03  2.49558280e+00  2.49866112e+00  3.07832246e-03
2.10261000e-03  1.85552244e-04  2.40292190e-04  3.71328978e-04  2.13904786e-01  2.16612118e-01  2.70733176e-03  2.27906936e+00  2.28214802e+00  3.07866479e-03  2.49568180e+00  2.49876014e+00  3.07834103e-03
2.24278400e-03  1.85561076e-04  2.40303786e-04  3.71347546e-04  2.13904786e-01  2.16612118e-01  2.70733176e-03  2.27916835e+00  2.28224703e+00  3.07868336e-03  2.49578079e+00  2.49885915e+00  3.07835960e-03
2.38295800e-03  1.85569908e-04  2.40315384e-04  3.71366116e-04  2.13904786e-01  2.16612118e-01  2.70733176e-03  2.27926733e+00  2.28234604e+00  3.07870193e-03  2.49587978e+00  2.49895815e+00  3.07837817e-03
2.52313200e-03  1.85578739e-04  2.40326980e-04  3.71384684e-04  2.13904786e-01  2.16612118e-01  2.70733176e-03  2.27936631e+00  2.28244503e+00  3.07872049e-03  2.49597875e+00  2.49905715e+00  3.07839674e-03
2.66330600e-03  1.85587571e-04  2.40338577e-04  3.71403253e-04  2.13904786e-01  2.16612118e-01  2.70733176e-03  2.27946528e+00  2.28254402e+00  3.07873906e-03  2.49607772e+00  2.49915614e+00  3.07841531e-03
2.80348000e-03  1.85596404e-04  2.40350175e-04  3.71421822e-04  2.13904786e-01  2.16612118e-01  2.70733176e-03  2.27956425e+00  2.28264301e+00  3.07875763e-03  2.49617669e+00  2.49925512e+00  3.07843388e-03
2.94365400e-03  1.85605236e-04  2.40361772e-04  3.71440390e-04  2.13904786e-01  2.16612118e-01  2.70733176e-03  2.27966320e+00  2.28274198e+00  3.07877620e-03  2.49627565e+00  2.49935410e+00  3.07845245e-03
3.08382800e-03  1.85614068e-04  2.40373369e-04  3.71458958e-04  2.13904786e-01  2.16612118e-01  2.70733176e-03  2.27976216e+00  2.28284095e+00  3.07879477e-03  2.49637460e+00  2.49945307e+00  3.07847101e-03
3.22400200e-03  1.85622900e-04  2.40384965e-04  3.71477526e-04  2.13904786e-01  2.16612118e-01  2.70733176e-03  2.27986110e+00  2.28293991e+00  3.07881334e-03  2.49647354e+00  2.49955203e+00  3.07848958e-03
3.36417600e-03  1.85631731e-04  2.40396562e-04  3.71496092e-04  2.13904786e-01  2.16612118e-01  2.70733176e-03  2.27996004e+00  2.28303887e+00  3.07883190e-03  2.49657248e+00  2.49965098e+00  3.07850815e-03
3.50435000e-03  1.85640562e-04  2.40408157e-04  3.71514657e-04  2.13904786e-01  2.16612118e-01  2.70733176e-03  2.28005896e+00  2.28313782e+00  3.07885047e-03  2.49667141e+00  2.49974993e+00  3.07852671e-03
3.64452400e-03  1.85649394e-04  2.40419754e-04  3.71533225e-04  2.13904786e-01  2.16612118e-01  2.70733176e-03  2.28015789e+00  2.28323676e+00  3.07886903e-03  2.49677033e+00  2.49984887e+00  3.07854528e-03
3.78469800e-03  1.85658225e-04  2.40431349e-04  3.71551790e-04  2.13904786e-01  2.16612118e-01  2.70733176e-03  2.28025680e+00  2.28333569e+00  3.07888760e-03  2.49686924e+00  2.49994781e+00  3.07856385e-03
3.92487200e-03  1.85667057e-04  2.40442946e-04  3.71570356e-04  2.13904786e-01  2.16612118e-01  2.70733176e-03  2.28035571e+00  2.28343462e+00  3.07890617e-03  2.49696815e+00  2.50004674e+00  3.07858241e-03
4.06504600e-03  1.85675888e-04  2.40454541e-04  3.71588920e-04  2.13904786e-01  2.16612118e-01  2.70733176e-03  2.28045461e+00  2.28353354e+00  3.07892473e-03  2.49706706e+00  2.50014566e+00  3.07860098e-03
4.20522000e-03  1.85684719e-04  2.40466136e-04  3.71607484e-04  2.13904786e-01  2.16612118e-01  2.70733176e-03  2.28055351e+00  2.28363245e+00  3.07894329e-03  2.49716595e+00  2.50024457e+00  3.07861954e-03
4.34539400e-03  1.85693551e-04  2.40477732e-04  3.71626049e-04  2.13904786e-01  2.16612118e-01  2.70733176e-03  2.28065240e+00  2.28373136e+00  3.07896186e-03  2.49726484e+00  2.50034348e+00  3.07863811e-03
4.48556800e-03  1.85702382e-04  2.40489328e-04  3.71644614e-04  2.13904786e-01  2.16612118e-01  2.70733176e-03  2.28075128e+00  2.28383026e+00  3.07898042e-03  2.49736372e+00  2.50044238e+00  3.07865667e-03
4.62574200e-03  1.85711211e-04  2.40500921e-04  3.71663174e-04  2.13904786e-01  2.16612118e-01  2.70733176e-03  2.28085015e+00  2.28392915e+00  3.07899898e-03  2.49746259e+00  2.50054127e+00  3.07867523e-03
4.76591600e-03  1.85720043e-04  2.40512516e-04  3.71681738e-04  2.13904786e-01  2.16612118e-01  2.70733176e-03  2.28094902e+00  2.28402804e+00  3.07901755e-03  2.49756146e+00  2.50064016e+00  3.07869379e-03
4.90609000e-03  1.85728874e-04  2.40524112e-04  3.71700302e-04  2.13904786e-01  2.16612118e-01  2.70733176e-03  2.28104788e+00  2.28412692e+00  3.07903611e-03  2.49766032e+00  2.50073904e+00  3.07871236e-03
5.04626400e-03  1.85737705e-04  2.40535706e-04  3.71718864e-04  2.13904786e-01  2.16612118e-01  2.70733176e-03  2.28114674e+00  2.28422579e+00  3.07905467e-03  2.49775918e+00  2.50083791e+00  3.07873092e-03
5.18643800e-03  1.85746535e-04  2.40547301e-04  3.71737426e-04  2.13904786e-01  2.16612118e-01  2.70733176e-03  2.28124558e+00  2.28432466e+00  3.07907324e-03  2.49785802e+00  2.50093677e+00  3.07874948e-03
5.32661200e-03  1.85755366e-04  2.40558896e-04  3.71755988e-04  2.13904786e-01  2.16612118e-01  2.70733176e-03  2.28134442e+00  2.28442351e+00  3.07909180e-03  2.49795686e+00  2.50103563e+00  3.07876804e-03
5.46678600e-03  1.85764196e-04  2.40570489e-04  3.71774547e-04  2.13904786e-01  2.16612118e-01  2.70733176e-03  2.28144326e+00  2.28452237e+00  3.07911036e-03  2.49805570e+00  2.50113448e+00  3.07878660e-03
5.60696000e-03  1.85773027e-04  2.40582085e-04  3.71793110e-04  2.13904786e-01  2.16612118e-01  2.70733176e-03  2.28154208e+00  2.28462121e+00  3.07912892e-03  2.49815452e+00  2.50123333e+00  3.07880517e-03
5.74713400e-03  1.85781856e-04  2.40593676e-04  3.71811668e-04  2.13904786e-01  2.16612118e-01  2.70733176e-03  2.28164090e+00  2.28472005e+00  3.07914748e-03  2.49825334e+00  2.50133217e+00  3.07882372e-03
5.88730800e-03  1.85790687e-04  2.40605271e-04  3.71830229e-04  2.13904786e-01  2.16612118e-01  2.70733176e-03  2.28173971e+00  2.28481888e+00  3.07916604e-03  2.49835215e+00  2.50143100e+00  3.07884228e-03
6.02748200e-03  1.85799517e-04  2.40616865e-04  3.71848788e-04  2.13904786e-01  2.16612118e-01  2.70733176e-03  2.28183852e+00  2.28491770e+00  3.07918460e-03  2.49845096e+00  2.50152982e+00  3.07886084e-03
6.16765600e-03  1.85808348e-04  2.40628459e-04  3.71867348e-04  2.13904786e-01  2.16612118e-01  2.70733176e-03  2.28193732e+00  2.28501652e+00  3.07920316e-03  2.49854976e+00  2.50162864e+00  3.07887940e-03
6.30783000e-03  1.85817178e-04  2.40640052e-04  3.71885907e-04  2.13904786e-01  2.16612118e-01  2.70733176e-03  2.28203611e+00  2.28511533e+00  3.07922172e-03  2.49864855e+00  2.50172745e+00  3.07889796e-03
6.44800400e-03  1.85826007e-04  2.40651645e-04  3.71904464e-04  2.13904786e-01  2.16612118e-01  2.70733176e-03  2.28213489e+00  2.28521413e+00  3.07924027e-03  2.49874733e+00  2.50182625e+00  3.07891652e-03
6.58817800e-03  1.85834837e-04  2.40663238e-04  3.71923023e-04  2.13904786e-01  2.16612118e-01  2.70733176e-03  2.28223367e+00  2.28531293e+00  3.07925883e-03  2.49884611e+00  2.50192505e+00  3.07893508e-03
6.72835200e-03  1.85843666e-04  2.40674830e-04  3.71941579e-04  2.13904786e-01  2.16612118e-01  2.70733176e-03  2.28233244e+00  2.28541172e+00  3.07927739e-03  2.49894488e+00  2.50202384e+00  3.07895363e-03
6.86852600e-03  1.85852497e-04  2.40686424e-04  3.71960137e-04  2.13904786e-01  2.16612118e-01  2.70733176e-03  2.28243121e+00  2.28551050e+00  3.07929595e-03  2.49904365e+00  2.50212262e+00  3.07897219e-03
7.00870000e-03  1.85861326e-04  2.40698016e-04  3.71978694e-04  2.13904786e-01  2.16612118e-01  2.70733176e-03  2.28252996e+00  2.28560928e+00  3.07931450e-03  2.49914241e+00  2.50222140e+00  3.07899075e-03
7.14887400e-03  1.85870156e-04  2.40709609e-04  3.71997251e-04  2.13904786e-01  2.16612118e-01  2.70733176e-03  2.28262871e+00  2.28570805e+00  3.07933306e-03  2.49924116e+00  2.50232017e+00  3.07900931e-03
7.28904800e-03  1.85878985e-04  2.40721201e-04  3.72015806e-04  2.13904786e-01  2.16612118e-01  2.70733176e-03  2.28272746e+00  2.28580681e+00  3.07935162e-03  2.49933990e+00  2.50241893e+00  3.07902786e-03
7.42922200e-03  1.85887814e-04  2.40732793e-04  3.72034362e-04  2.13904786e-01  2.16612118e-01  2.70733176e-03  2.28282620e+00  2.28590557e+00  3.07937017e-03  2.49943864e+00  2.50251768e+00  3.07904642e-03
7.56939600e-03  1.85896643e-04  2.40744385e-04  3.72052917e-04  2.13904786e-01  2.16612118e-01  2.70733176e-03  2.28292492e+00  2.28600431e+00  3.07938873e-03  2.49953737e+00  2.50261643e+00  3.07906497e-03
7.70957000e-03  1.85905472e-04  2.40755976e-04  3.72071471e-04  2.13904786e-01  2.16612118e-01  2.70733176e-03  2.28302365e+00  2.28610306e+00  3.07940728e-03  2.49963609e+00  2.50271517e+00  3.07908353e-03
7.84974400e-03  1.85914301e-04  2.40767568e-04  3.72090025e-04  2.13904786e-01  2.16612118e-01  2.70733176e-03  2.28312236e+00  2.28620179e+00  3.07942583e-03  2.49973481e+00  2.50281391e+00  3.07910208e-03
7.98991800e-03  1.85923130e-04  2.40779160e-04  3.72108580e-04  2.13904786e-01  2.16612118e-01  2.70733176e-03  2.28322107e+00  2.28630052e+00  3.07944439e-03  2.49983351e+00  2.50291264e+00  3.07912064e-03
8.13009200e-03  1.85931959e-04  2.40790752e-04  3.72127134e-04  2.13904786e-01  2.16612118e-01  2.70733176e-03  2.28331978e+00  2.28639924e+00  3.07946294e-03  2.49993222e+00  2.50301136e+00  3.07913919e-03
8.27026600e-03  1.85940786e-04  2.40802340e-04  3.72145683e-04  2.13904786e-01  2.16612118e-01  2.70733176e-03  2.28341847e+00  2.28649795e+00  3.07948149e-03  2.50003091e+00  2.50311007e+00  3.07915774e-03
8.41044000e-03  1.85949616e-04  2.40813932e-04  3.72164237e-04  2.13904786e-01  2.16612118e-01  2.70733176e-03  2.28351716e+00  2.28659666e+00  3.07950005e-03  2.50012960e+00  2.50320878e+00  3.07917629e-03
8.55061400e-03  1.85958445e-04  2.40825524e-04  3.72182791e-04  2.13904786e-01  2.16612118e-01  2.70733176e-03  2.28361584e+00  2.28669536e+00  3.07951860e-03  2.50022828e+00  2.50330748e+00  3.07919485e-03
8.69078800e-03  1.85967274e-04  2.40837115e-04  3.72201343e-04  2.13904786e-01  2.16612118e-01  2.70733176e-03  2.28371452e+00  2.28679405e+00  3.07953715e-03  2.50032696e+00  2.50340617e+00  3.07921340e-03
8.83096200e-03  1.85976101e-04  2.40848704e-04  3.72219893e-04  2.13904786e-01  2.16612118e-01  2.70733176e-03  2.28381318e+00  2.28689274e+00  3.07955570e-03  2.50042563e+00  2.50350486e+00  3.07923195e-03
8.97113600e-03  1.85984930e-04  2.40860295e-04  3.72238445e-04  2.13904786e-01  2.16612118e-01  2.70733176e-03  2.28391185e+00  2.28699142e+00  3.07957425e-03  2.50052429e+00  2.50360354e+00  3.07925050e-03
9.11131000e-03  1.85993758e-04  2.40871886e-04  3.72256996e-04  2.13904786e-01  2.16612118e-01  2.70733176e-03  2.28401050e+00  2.28709009e+00  3.07959281e-03  2.50062294e+00  2.50370221e+00  3.07926905e-03
9.25148400e-03  1.86002586e-04  2.40883475e-04  3.72275545e-04  2.13904786e-01  2.16612118e-01  2.70733176e-03  2.28410915e+00  2.28718876e+00  3.07961135e-03  2.50072159e+00  2.50380088e+00  3.07928760e-03
9.39165800e-03  1.86011413e-04  2.40895064e-04  3.72294094e-04  2.13904786e-01  2.16612118e-01  2.70733176e-03  2.28420779e+00  2.28728742e+00  3.07962990e-03  2.50082023e+00  2.50389954e+00  3.07930615e-03
9.53183200e-03  1.86020242e-04  2.40906655e-04  3.72312644e-04  2.13904786e-01  2.16612118e-01  2.70733176e-03  2.28430642e+00  2.28738607e+00  3.07964845e-03  2.50091886e+00  2.50399819e+00  3.07932470e-03
9.67200600e-03  1.86029070e-04  2.40918245e-04  3.72331195e-04  2.13904786e-01  2.16612118e-01  2.70733176e-03  2.28440505e+00  2.28748472e+00  3.07966700e-03  2.50101749e+00  2.50409683e+00  3.07934325e-03
9.81218000e-03  1.86037897e-04  2.40929833e-04  3.72349742e-04  2.13904786e-01  2.16612118e-01  2.70733176e-03  2.28450367e+00  2.28758335e+00  3.07968555e-03  2.50111611e+00  2.50419547e+00  3.07936180e-03
9.95235400e-03  1.86046725e-04  2.40941423e-04  3.72368290e-04  2.13904786e-01  2.16612118e-01  2.70733176e-03  2.28460228e+00  2.28768199e+00  3.07970410e-03  2.50121472e+00  2.50429410e+00  3.07938035e-03
1.00925280e-02  1.86055551e-04  2.40953011e-04  3.72386836e-04  2.13904786e-01  2.16612118e-01  2.70733176e-03  2.28470089e+00  2.28778061e+00  3.07972265e-03  2.50131333e+00  2.50439273e+00  3.07939889e-03
1.02327020e-02  1.86064380e-04  2.40964601e-04  3.72405386e-04  2.13904786e-01  2.16612118e-01  2.70733176e-03  2.28479949e+00  2.28787923e+00  3.07974120e-03  2.50141193e+00  2.50449135e+00  3.07941744e-03
1.03728760e-02  1.86073206e-04  2.40976188e-04  3.72423930e-04  2.13904786e-01  2.16612118e-01  2.70733176e-03  2.28489808e+00  2.28797784e+00  3.07975974e-03  2.50151052e+00  2.50458996e+00  3.07943599e-03
1.05130500e-02  1.86082034e-04  2.40987778e-04  3.72442478e-04  2.13904786e-01  2.16612118e-01  2.70733176e-03  2.28499667e+00  2.28807645e+00  3.07977829e-03  2.50160911e+00  2.50468856e+00  3.07945453e-03
1.06532240e-02  1.86090860e-04  2.40999365e-04  3.72461023e-04  2.13904786e-01  2.16612118e-01  2.70733176e-03  2.28509525e+00  2.28817504e+00  3.07979683e-03  2.50170769e+00  2.50478716e+00  3.07947308e-03
1.07933980e-02  1.86099688e-04  2.41010954e-04  3.72479569e-04  2.13904786e-01  2.16612118e-01  2.70733176e-03  2.28519382e+00  2.28827363e+00  3.07981538e-03  2.50180626e+00  2.50488575e+00  3.07949162e-03
1.09335720e-02  1.86108514e-04  2.41022541e-04  3.72498113e-04  2.13904786e-01  2.16612118e-01  2.70733176e-03  2.28529238e+00  2.28837222e+00  3.07983392e-03  2.50190483e+00  2.50498434e+00  3.07951017e-03
1.10737460e-02  1.86117341e-04  2.41034129e-04  3.72516658e-04  2.13904786e-01  2.16612118e-01  2.70733176e-03  2.28539094e+00  2.28847080e+00  3.07985247e-03  2.50200338e+00  2.50508291e+00  3.07952871e-03
1.12139200e-02  1.86126168e-04  2.41045718e-04  3.72535204e-04  2.13904786e-01  2.16612118e-01  2.70733176e-03  2.28548949e+00  2.28856937e+00  3.07987101e-03  2.50210194e+00  2.50518148e+00  3.07954726e-03
1.13540940e-02  1.86134994e-04  2.41057305e-04  3.72553747e-04  2.13904786e-01  2.16612118e-01  2.70733176e-03  2.28558804e+00  2.28866793e+00  3.07988956e-03  2.50220048e+00  2.50528005e+00  3.07956580e-03
1.14942680e-02  1.86143820e-04  2.41068890e-04  3.72572289e-04  2.13904786e-01  2.16612118e-01  2.70733176e-03  2.28568658e+00  2.28876649e+00  3.07990810e-03  2.50229902e+00  2.50537860e+00  3.07958434e-03
1.16344420e-02  1.86152647e-04  2.41080479e-04  3.72590834e-04  2.13904786e-01  2.16612118e-01  2.70733176e-03  2.28578511e+00  2.28886504e+00  3.07992664e-03  2.50239755e+00  2.50547715e+00  3.07960289e-03
1.17746160e-02  1.86161473e-04  2.41092065e-04  3.72609374e-04  2.13904786e-01  2.16612118e-01  2.70733176e-03  2.28588363e+00  2.28896358e+00  3.07994518e-03  2.50249607e+00  2.50557570e+00  3.07962143e-03
1.19147900e-02  1.86170300e-04  2.41103654e-04  3.72627919e-04  2.13904786e-01  2.16612118e-01  2.70733176e-03  2.28598215e+00  2.28906211e+00  3.07996373e-03  2.50259459e+00  2.50567423e+00  3.07963998e-03
1.20549640e-02  1.86179126e-04  2.41115240e-04  3.72646460e-04  2.13904786e-01  2.16612118e-01  2.70733176e-03  2.28608066e+00  2.28916064e+00  3.07998227e-03  2.50269310e+00  2.50577276e+00  3.07965852e-03
1.21951380e-02  1.86187952e-04  2.41126826e-04  3.72665001e-04  2.13904786e-01  2.16612118e-01  2.70733176e-03  2.28617917e+00  2.28925917e+00  3.08000081e-03  2.50279161e+00  2.50587128e+00  3.07967706e-03
1.23353120e-02  1.86196778e-04  2.41138412e-04  3.72683543e-04  2.13904786e-01  2.16612118e-01  2.70733176e-03  2.28627766e+00  2.28935768e+00  3.08001935e-03  2.50289010e+00  2.50596980e+00  3.07969560e-03
1.24754860e-02  1.86205603e-04  2.41149997e-04  3.72702082e-04  2.13904786e-01  2.16612118e-01  2.70733176e-03  2.28637615e+00  2.28945619e+00  3.08003789e-03  2.50298859e+00  2.50606831e+00  3.07971414e-03
1.26156600e-02  1.86214428e-04  2.41161583e-04  3.72720621e-04  2.13904786e-01  2.16612118e-01  2.70733176e-03  2.28647464e+00  2.28955469e+00  3.08005643e-03  2.50308708e+00  2.50616681e+00  3.07973268e-03
1.27558340e-02  1.86223253e-04  2.41173168e-04  3.72739160e-04  2.13904786e-01  2.16612118e-01  2.70733176e-03  2.28657311e+00  2.28965319e+00  3.08007497e-03  2.50318555e+00  2.50626531e+00  3.07975122e-03
1.28960080e-02  1.86232079e-04  2.41184754e-04  3.72757699e-04  2.13904786e-01  2.16612118e-01  2.70733176e-03  2.28667158e+00  2.28975168e+00  3.08009351e-03  2.50328402e+00  2.50636379e+00  3.07976975e-03
1.30361820e-02  1.86240904e-04  2.41196339e-04  3.72776238e-04  2.13904786e-01  2.16612118e-01  2.70733176e-03  2.28677005e+00  2.28985016e+00  3.08011205e-03  2.50338249e+00  2.50646228e+00  3.07978829e-03
1.31763560e-02  1.86249729e-04  2.41207924e-04  3.72794776e-04  2.13904786e-01  2.16612118e-01  2.70733176e-03  2.28686850e+00  2.28994863e+00  3.08013059e-03  2.50348094e+00  2.50656075e+00  3.07980683e-03
1.33165300e-02  1.86258554e-04  2.41219509e-04  3.72813314e-04  2.13904786e-01  2.16612118e-01  2.70733176e-03  2.28696695e+00  2.29004710e+00  3.08014912e-03  2.50357939e+00  2.50665922e+00  3.07982537e-03
1.34567040e-02  1.86267379e-04  2.41231093e-04  3.72831851e-04  2.13904786e-01  2.16612118e-01  2.70733176e-03  2.28706539e+00  2.29014556e+00  3.08016766e-03  2.50367784e+00  2.50675768e+00  3.07984391e-03
1.35968780e-02  1.86276204e-04  2.41242679e-04  3.72850389e-04  2.13904786e-01  2.16612118e-01  2.70733176e-03  2.28716383e+00  2.29024402e+00  3.08018620e-03  2.50377627e+00  2.50685613e+00  3.07986245e-03
1.37370520e-02  1.86285027e-04  2.41254261e-04  3.72868923e-04  2.13904786e-01  2.16612118e-01  2.70733176e-03  2.28726226e+00  2.29034246e+00  3.08020473e-03  2.50387470e+00  2.50695458e+00  3.07988098e-03
1.38772260e-02  1.86293853e-04  2.41265847e-04  3.72887461e-04  2.13904786e-01  2.16612118e-01  2.70733176e-03  2.28736068e+00  2.29044090e+00  3.08022327e-03  2.50397312e+00  2.50705302e+00  3.07989952e-03
1.40174000e-02  1.86302677e-04  2.41277431e-04  3.72905996e-04  2.13904786e-01  2.16612118e-01  2.70733176e-03  2.28745910e+00  2.29053934e+00  3.08024181e-03  2.50407154e+00  2.50715146e+00  3.07991805e-03
1.41575740e-02  1.86311502e-04  2.41289015e-04  3.72924531e-04  2.13904786e-01  2.16612118e-01  2.70733176e-03  2.28755751e+00  2.29063777e+00  3.08026034e-03  2.50416995e+00  2.50724988e+00  3.07993659e-03
1.42977480e-02  1.86320326e-04  2.41300599e-04  3.72943066e-04  2.13904786e-01  2.16612118e-01  2.70733176e-03  2.28765591e+00  2.29073619e+00  3.08027888e-03  2.50426835e+00  2.50734830e+00  3.07995512e-03
1.44379220e-02  1.86329150e-04  2.41312181e-04  3.72961599e-04  2.13904786e-01  2.16612118e-01  2.70733176e-03  2.28775430e+00  2.29083460e+00  3.08029741e-03  2.50436674e+00  2.50744672e+00  3.07997365e-03
1.45780960e-02  1.86337974e-04  2.41323764e-04  3.72980133e-04  2.13904786e-01  2.16612118e-01  2.70733176e-03  2.28785269e+00  2.29093301e+00  3.08031594e-03  2.50446513e+00  2.50754512e+00  3.07999219e-03
1.47182700e-02  1.86346798e-04  2.41335348e-04  3.72998668e-04  2.13904786e-01  2.16612118e-01  2.70733176e-03  2.28795107e+00  2.29103141e+00  3.08033448e-03  2.50456351e+00  2.50764352e+00  3.08001072e-03
1.48584440e-02  1.86355622e-04  2.41346931e-04  3.73017201e-04  2.13904786e-01  2.16612118e-01  2.70733176e-03  2.28804945e+00  2.29112980e+00  3.08035301e-03  2.50466189e+00  2.50774192e+00  3.08002926e-03
1.49986180e-02  1.86364446e-04  2.41358514e-04  3.73035733e-04  2.13904786e-01  2.16612118e-01  2.70733176e-03  2.28814781e+00  2.29122819e+00  3.08037154e-03  2.50476026e+00  2.50784030e+00  3.08004779e-03
1.51387920e-02  1.86373268e-04  2.41370095e-04  3.73054264e-04  2.13904786e-01  2.16612118e-01  2.70733176e-03  2.28824617e+00  2.29132656e+00  3.08039007e-03  2.50485862e+00  2.50793868e+00  3.08006632e-03
1.52789660e-02  1.86382092e-04  2.41381678e-04  3.73072796e-04  2.13904786e-01  2.16612118e-01  2.70733176e-03  2.28834453e+00  2.29142494e+00  3.08040861e-03  2.50495697e+00  2.50803706e+00  3.08008485e-03
1.54191400e-02  1.86390915e-04  2.41393259e-04  3.73091325e-04  2.13904786e-01  2.16612118e-01  2.70733176e-03  2.28844288e+00  2.29152330e+00  3.08042714e-03  2.50505532e+00  2.50813542e+00  3.08010338e-03
1.55593140e-02  1.86399738e-04  2.41404842e-04  3.73109857e-04  2.13904786e-01  2.16612118e-01  2.70733176e-03  2.28854122e+00  2.29162166e+00  3.08044567e-03  2.50515366e+00  2.50823378e+00  3.08012191e-03
1.56994880e-02  1.86408561e-04  2.41416424e-04  3.73128387e-04  2.13904786e-01  2.16612118e-01  2.70733176e-03  2.28863955e+00  2.29172002e+00  3.08046420e-03  2.50525199e+00  2.50833213e+00  3.08014044e-03
1.58396620e-02  1.86417384e-04  2.41428005e-04  3.73146917e-04  2.13904786e-01  2.16612118e-01  2.70733176e-03  2.28873788e+00  2.29181836e+00  3.08048273e-03  2.50535032e+00  2.50843048e+00  3.08015897e-03
1.59798360e-02  1.86426207e-04  2.41439587e-04  3.73165447e-04  2.13904786e-01  2.16612118e-01  2.70733176e-03  2.28883620e+00  2.29191670e+00  3.08050126e-03  2.50544864e+00  2.50852882e+00  3.08017750e-03
1.61200100e-02  1.86435029e-04  2.41451167e-04  3.73183974e-04  2.13904786e-01  2.16612118e-01  2.70733176e-03  2.28893451e+00  2.29201503e+00  3.08051978e-03  2.50554695e+00  2.50862715e+00  3.08019603e-03
1.62601840e-02  1.86443852e-04  2.41462749e-04  3.73202504e-04  2.13904786e-01  2.16612118e-01  2.70733176e-03  2.28903282e+00  2.29211336e+00  3.08053831e-03  2.50564526e+00  2.50872547e+00  3.08021456e-03
1.64003580e-02  1.86452675e-04  2.41474329e-04  3.73221031e-04  2.13904786e-01  2.16612118e-01  2.70733176e-03  2.28913112e+00  2.29221168e+00  3.08055684e-03  2.50574356e+00  2.50882379e+00  3.08023309e-03
1.65405320e-02  1.86461497e-04  2.41485909e-04  3.73239559e-04  2.13904786e-01  2.16612118e-01  2.70733176e-03  2.28922941e+00  2.29230999e+00  3.08057537e-03  2.50584185e+00  2.50892210e+00  3.08025161e-03
1.66807060e-02  1.86470319e-04  2.41497490e-04  3.73258086e-04  2.13904786e-01  2.16612118e-01  2.70733176e-03  2.28932770e+00  2.29240829e+00  3.08059390e-03  2.50594014e+00  2.50902041e+00  3.08027014e-03
1.68208800e-02  1.86479141e-04  2.41509070e-04  3.73276613e-04  2.13904786e-01  2.16612118e-01  2.70733176e-03  2.28942598e+00  2.29250659e+00  3.08061242e-03  2.50603842e+00  2.50911871e+00  3.08028867e-03
1.69610540e-02  1.86487963e-04  2.41520650e-04  3.73295139e-04  2.13904786e-01  2.16612118e-01  2.70733176e-03  2.28952425e+00  2.29260488e+00  3.08063095e-03  2.50613669e+00  2.50921700e+00  3.08030719e-03
1.71012280e-02  1.86496785e-04  2.41532229e-04  3.73313663e-04  2.13904786e-01  2.16612118e-01  2.70733176e-03  2.28962252e+00  2.29270317e+00  3.08064947e-03  2.50623496e+00  2.50931528e+00  3.08032572e-03
1.72414020e-02  1.86505605e-04  2.41543807e-04  3.73332187e-04  2.13904786e-01  2.16612118e-01  2.70733176e-03  2.28972078e+00  2.29280144e+00  3.08066800e-03  2.50633322e+00  2.50941356e+00  3.08034424e-03
1.73815760e-02  1.86514428e-04  2.41555388e-04  3.73350713e-04  2.13904786e-01  2.16612118e-01  2.70733176e-03  2.28981903e+00  2.29289971e+00  3.08068652e-03  2.50643147e+00  2.50951183e+00  3.08036277e-03
1.75217500e-02  1.86523250e-04  2.41566968e-04  3.73369238e-04  2.13904786e-01  2.16612118e-01  2.70733176e-03  2.28991727e+00  2.29299798e+00  3.08070505e-03  2.50652972e+00  2.50961010e+00  3.08038129e-03
1.76619240e-02  1.86532070e-04  2.41578546e-04  3.73387760e-04  2.13904786e-01  2.16612118e-01  2.70733176e-03  2.29001551e+00  2.29309624e+00  3.08072357e-03  2.50662795e+00  2.50970835e+00  3.08039982e-03
1.78020980e-02  1.86540892e-04  2.41590125e-04  3.73406284e-04  2.13904786e-01  2.16612118e-01  2.70733176e-03  2.29011374e+00  2.29319449e+00  3.08074209e-03  2.50672619e+00  2.50980660e+00  3.08041834e-03
1.79422720e-02  1.86549712e-04  2.41601702e-04  3.73424805e-04  2.13904786e-01  2.16612118e-01  2.70733176e-03  2.29021197e+00  2.29329273e+00  3.08076062e-03  2.50682441e+00  2.50990485e+00  3.08043686e-03
1.80824460e-02  1.86558534e-04  2.41613283e-04  3.73443330e-04  2.13904786e-01  2.16612118e-01  2.70733176e-03  2.29031019e+00  2.29339097e+00  3.08077914e-03  2.50692263e+00  2.51000309e+00  3.08045539e-03
1.82226200e-02  1.86567355e-04  2.41624860e-04  3.73461852e-04  2.13904786e-01  2.16612118e-01  2.70733176e-03  2.29040840e+00  2.29348920e+00  3.08079766e-03  2.50702084e+00  2.51010132e+00  3.08047391e-03
1.83627940e-02  1.86576176e-04  2.41636438e-04  3.73480373e-04  2.13904786e-01  2.16612118e-01  2.70733176e-03  2.29050661e+00  2.29358742e+00  3.08081618e-03  2.50711905e+00  2.51019954e+00  3.08049243e-03
1.85029680e-02  1.86584996e-04  2.41648016e-04  3.73498895e-04  2.13904786e-01  2.16612118e-01  2.70733176e-03  2.29060480e+00  2.29368564e+00  3.08083470e-03  2.50721725e+00  2.51029776e+00  3.08051095e-03
1.86431420e-02  1.86593816e-04  2.41659593e-04  3.73517414e-04  2.13904786e-01  2.16612118e-01  2.70733176e-03  2.29070300e+00  2.29378385e+00  3.08085322e-03  2.50731544e+00  2.51039597e+00  3.08052947e-03
1.87833160e-02  1.86602636e-04  2.41671170e-04  3.73535934e-04  2.13904786e-01  2.16612118e-01  2.70733176e-03  2.29080118e+00  2.29388205e+00  3.08087174e-03  2.50741362e+00  2.51049417e+00  3.08054799e-03
1.89234900e-02  1.86611457e-04  2.41682748e-04  3.73554455e-04  2.13904786e-01  2.16612118e-01  2.70733176e-03  2.29089936e+00  2.29398025e+00  3.08089026e-03  2.50751180e+00  2.51059237e+00  3.08056651e-03
1.90636640e-02  1.86620277e-04  2.41694325e-04  3.73572974e-04  2.13904786e-01  2.16612118e-01  2.70733176e-03  2.29099753e+00  2.29407844e+00  3.08090878e-03  2.50760997e+00  2.51069056e+00  3.08058503e-03
1.92038380e-02  1.86629096e-04  2.41705901e-04  3.73591491e-04  2.13904786e-01  2.16612118e-01  2.70733176e-03  2.29109570e+00  2.29417662e+00  3.08092730e-03  2.50770814e+00  2.51078874e+00  3.08060355e-03
1.93440120e-02  1.86637916e-04  2.41717477e-04  3.73610010e-04  2.13904786e-01  2.16612118e-01  2.70733176e-03  2.29119385e+00  2.29427480e+00  3.08094582e-03  2.50780629e+00  2.51088692e+00  3.08062207e-03
1.94841860e-02  1.86646736e-04  2.41729054e-04  3.73628528e-04  2.13904786e-01  2.16612118e-01  2.70733176e-03  2.29129200e+00  2.29437297e+00  3.08096434e-03  2.50790445e+00  2.51098509e+00  3.08064058e-03
1.96243600e-02  1.86655556e-04  2.41740630e-04  3.73647045e-04  2.13904786e-01  2.16612118e-01  2.70733176e-03  2.29139015e+00  2.29447113e+00  3.08098285e-03  2.50800259e+00  2.51108325e+00  3.08065910e-03
1.97645340e-02  1.86664375e-04  2.41752206e-04  3.73665562e-04  2.13904786e-01  2.16612118e-01  2.70733176e-03  2.29148829e+00  2.29456929e+00  3.08100137e-03  2.50810073e+00  2.51118141e+00  3.08067762e-03
1.99047080e-02  1.86673194e-04  2.41763782e-04  3.73684078e-04  2.13904786e-01  2.16612118e-01  2.70733176e-03  2.29158642e+00  2.29466744e+00  3.08101989e-03  2.50819886e+00  2.51127955e+00  3.08069613e-03
2.00448820e-02  1.86682013e-04  2.41775357e-04  3.73702594e-04  2.13904786e-01  2.16612118e-01  2.70733176e-03  2.29168454e+00  2.29476558e+00  3.08103840e-03  2.50829698e+00  2.51137770e+00  3.08071465e-03
2.01850560e-02  1.86690832e-04  2.41786933e-04  3.73721109e-04  2.13904786e-01  2.16612118e-01  2.70733176e-03  2.29178266e+00  2.29486372e+00  3.08105692e-03  2.50839510e+00  2.51147583e+00  3.08073317e-03
2.03252300e-02  1.86699651e-04  2.41798508e-04  3.73739624e-04  2.13904786e-01  2.16612118e-01  2.70733176e-03  2.29188077e+00  2.29496184e+00  3.08107543e-03  2.50849321e+00  2.51157396e+00  3.08075168e-03
2.04654040e-02  1.86708471e-04  2.41810083e-04  3.73758140e-04  2.13904786e-01  2.16612118e-01  2.70733176e-03  2.29197887e+00  2.29505997e+00  3.08109395e-03  2.50859131e+00  2.51167208e+00  3.08077020e-03
2.06055780e-02  1.86717289e-04  2.41821658e-04  3.73776654e-04  2.13904786e-01  2.16612118e-01  2.70733176e-03  2.29207697e+00  2.29515808e+00  3.08111246e-03  2.50868941e+00  2.51177020e+00  3.08078871e-03
2.07457520e-02  1.86726108e-04  2.41833232e-04  3.73795167e-04  2.13904786e-01  2.16612118e-01  2.70733176e-03  2.29217506e+00  2.29525619e+00  3.08113098e-03  2.50878750e+00  2.51186831e+00  3.08080722e-03
2.08859260e-02  1.86734926e-04  2.41844806e-04  3.73813680e-04  2.13904786e-01  2.16612118e-01  2.70733176e-03  2.29227314e+00  2.29535429e+00  3.08114949e-03  2.50888559e+00  2.51196641e+00  3.08082574e-03
2.10261000e-02  1.86743743e-04  2.41856379e-04  3.73832191e-04  2.13904786e-01  2.16612118e-01  2.70733176e-03  2.29237122e+00  2.29545239e+00  3.08116800e-03  2.50898366e+00  2.51206451e+00  3.08084425e-03
2.11662740e-02  1.86752562e-04  2.41867954e-04  3.73850705e-04  2.13904786e-01  2.16612118e-01  2.70733176e-03  2.29246929e+00  2.29555048e+00  3.08118651e-03  2.50908173e+00  2.51216260e+00  3.08086276e-03
2.13064480e-02  1.86761380e-04  2.41879527e-04  3.73869215e-04  2.13904786e-01  2.16612118e-01  2.70733176e-03  2.29256735e+00  2.29564856e+00  3.08120503e-03  2.50917980e+00  2.51226068e+00  3.08088127e-03
2.14466220e-02  1.86770198e-04  2.41891101e-04  3.73887727e-04  2.13904786e-01  2.16612118e-01  2.70733176e-03  2.29266541e+00  2.29574664e+00  3.08122354e-03  2.50927785e+00  2.51235875e+00  3.08089978e-03
2.15867960e-02  1.86779015e-04  2.41902674e-04  3.73906238e-04  2.13904786e-01  2.16612118e-01  2.70733176e-03  2.29276346e+00  2.29584470e+00  3.08124205e-03  2.50937590e+00  2.51245682e+00  3.08091829e-03
2.17269700e-02  1.86787834e-04  2.41914249e-04  3.73924751e-04  2.13904786e-01  2.16612118e-01  2.70733176e-03  2.29286151e+00  2.29594277e+00  3.08126056e-03  2.50947395e+00  2.51255488e+00  3.08093681e-03
2.18671440e-02  1.86796650e-04  2.41925820e-04  3.73943258e-04  2.13904786e-01  2.16612118e-01  2.70733176e-03  2.29295954e+00  2.29604082e+00  3.08127907e-03  2.50957198e+00  2.51265294e+00  3.08095531e-03
2.20073180e-02  1.86805468e-04  2.41937393e-04  3.73961768e-04  2.13904786e-01  2.16612118e-01  2.70733176e-03  2.29305757e+00  2.29613887e+00  3.08129758e-03  2.50967001e+00  2.51275099e+00  3.08097382e-03
2.21474920e-02  1.86814285e-04  2.41948966e-04  3.73980277e-04  2.13904786e-01  2.16612118e-01  2.70733176e-03  2.29315559e+00  2.29623691e+00  3.08131609e-03  2.50976804e+00  2.51284903e+00  3.08099233e-03
2.22876660e-02  1.86823102e-04  2.41960537e-04  3.73998785e-04  2.13904786e-01  2.16612118e-01  2.70733176e-03  2.29325361e+00  2.29633495e+00  3.08133459e-03  2.50986605e+00  2.51294706e+00  3.08101084e-03
2.24278400e-02  1.86831919e-04  2.41972110e-04  3.74017293e-04  2.13904786e-01  2.16612118e-01  2.70733176e-03  2.29335162e+00  2.29643297e+00  3.08135310e-03  2.50996406e+00  2.51304509e+00  3.08102935e-03
2.25680140e-02  1.86840736e-04  2.41983681e-04  3.74035800e-04  2.13904786e-01  2.16612118e-01  2.70733176e-03  2.29344962e+00  2.29653100e+00  3.08137161e-03  2.51006207e+00  2.51314311e+00  3.08104786e-03
2.27081880e-02  1.86849551e-04  2.41995251e-04  3.74054305e-04  2.13904786e-01  2.16612118e-01  2.70733176e-03  2.29354762e+00  2.29662901e+00  3.08139011e-03  2.51016006e+00  2.51324113e+00  3.08106636e-03
2.28483620e-02  1.86858368e-04  2.42006823e-04  3.74072812e-04  2.13904786e-01  2.16612118e-01  2.70733176e-03  2.29364561e+00  2.29672702e+00  3.08140862e-03  2.51025805e+00  2.51333914e+00  3.08108487e-03
2.29885360e-02  1.86867185e-04  2.42018395e-04  3.74091319e-04  2.13904786e-01  2.16612118e-01  2.70733176e-03  2.29374359e+00  2.29682502e+00  3.08142713e-03  2.51035603e+00  2.51343714e+00  3.08110337e-03
2.31287100e-02  1.86876002e-04  2.42029966e-04  3.74109825e-04  2.13904786e-01  2.16612118e-01  2.70733176e-03  2.29384157e+00  2.29692301e+00  3.08144564e-03  2.51045401e+00  2.51353513e+00  3.08112188e-03
2.32688840e-02  1.86884817e-04  2.42041536e-04  3.74128329e-04  2.13904786e-01  2.16612118e-01  2.70733176e-03  2.29393954e+00  2.29702100e+00  3.08146414e-03  2.51055198e+00  2.51363312e+00  3.08114038e-03
2.34090580e-02  1.86893632e-04  2.42053105e-04  3.74146832e-04  2.13904786e-01  2.16612118e-01  2.70733176e-03  2.29403750e+00  2.29711898e+00  3.08148264e-03  2.51064994e+00  2.51373110e+00  3.08115889e-03
2.35492320e-02  1.86902448e-04  2.42064676e-04  3.74165336e-04  2.13904786e-01  2.16612118e-01  2.70733176e-03  2.29413546e+00  2.29721696e+00  3.08150115e-03  2.51074790e+00  2.51382908e+00  3.08117739e-03
2.36894060e-02  1.86911265e-04  2.42076248e-04  3.74183842e-04  2.13904786e-01  2.16612118e-01  2.70733176e-03  2.29423341e+00  2.29731493e+00  3.08151965e-03  2.51084585e+00  2.51392704e+00  3.08119590e-03
2.38295800e-02  1.86920080e-04  2.42087817e-04  3.74202345e-04  2.13904786e-01  2.16612118e-01  2.70733176e-03  2.29433135e+00  2.29741289e+00  3.08153815e-03  2.51094379e+00  2.51402500e+00  3.08121440e-03
2.39697540e-02  1.86928895e-04  2.42099386e-04  3.74220846e-04  2.13904786e-01  2.16612118e-01  2.70733176e-03  2.29442928e+00  2.29751084e+00  3.08155666e-03  2.51104173e+00  2.51412296e+00  3.08123290e-03
2.41099280e-02  1.86937710e-04  2.42110955e-04  3.74239348e-04  2.13904786e-01  2.16612118e-01  2.70733176e-03  2.29452721e+00  2.29760879e+00  3.08157516e-03  2.51113965e+00  2.51422091e+00  3.08125140e-03
2.42501020e-02  1.86946526e-04  2.42122525e-04  3.74257851e-04  2.13904786e-01  2.16612118e-01  2.70733176e-03  2.29462514e+00  2.29770673e+00  3.08159366e-03  2.51123758e+00  2.51431885e+00  3.08126991e-03
2.43902760e-02  1.86955340e-04  2.42134093e-04  3.74276351e-04  2.13904786e-01  2.16612118e-01  2.70733176e-03  2.29472305e+00  2.29780466e+00  3.08161216e-03  2.51133549e+00  2.51441678e+00  3.08128841e-03
2.45304500e-02  1.86964155e-04  2.42145662e-04  3.74294852e-04  2.13904786e-01  2.16612118e-01  2.70733176e-03  2.29482096e+00  2.29790259e+00  3.08163066e-03  2.51143340e+00  2.51451471e+00  3.08130691e-03
2.46706240e-02  1.86972969e-04  2.42157230e-04  3.74313351e-04  2.13904786e-01  2.16612118e-01  2.70733176e-03  2.29491886e+00  2.29800051e+00  3.08164916e-03  2.51153130e+00  2.51461263e+00  3.08132541e-03
2.48107980e-02  1.86981785e-04  2.42168800e-04  3.74331853e-04  2.13904786e-01  2.16612118e-01  2.70733176e-03  2.29501676e+00  2.29809843e+00  3.08166766e-03  2.51162920e+00  2.51471054e+00  3.08134391e-03
2.49509720e-02  1.86990599e-04  2.42180368e-04  3.74350352e-04  2.13904786e-01  2.16612118e-01  2.70733176e-03  2.29511465e+00  2.29819633e+00  3.08168616e-03  2.51172709e+00  2.51480845e+00  3.08136241e-03
2.50911460e-02  1.86999413e-04  2.42191935e-04  3.74368849e-04  2.13904786e-01  2.16612118e-01  2.70733176e-03  2.29521253e+00  2.29829423e+00  3.08170466e-03  2.51182497e+00  2.51490635e+00  3.08138091e-03
2.52313200e-02  1.87008228e-04  2.42203504e-04  3.74387349e-04  2.13904786e-01  2.16612118e-01  2.70733176e-03  2.29531041e+00  2.29839213e+00  3.08172316e-03  2.51192285e+00  2.51500425e+00  3.08139941e-03
2.53714940e-02  1.87017041e-04  2.42215070e-04  3.74405846e-04  2.13904786e-01  2.16612118e-01  2.70733176e-03  2.29540827e+00  2.29849002e+00  3.08174166e-03  2.51202072e+00  2.51510213e+00  3.08141790e-03
2.55116680e-02  1.87025856e-04  2.42226638e-04  3.74424344e-04  2.13904786e-01  2.16612118e-01  2.70733176e-03  2.29550614e+00  2.29858790e+00  3.08176015e-03  2.51211858e+00  2.51520001e+00  3.08143640e-03
2.56518420e-02  1.87034669e-04  2.42238205e-04  3.74442841e-04  2.13904786e-01  2.16612118e-01  2.70733176e-03  2.29560399e+00  2.29868577e+00  3.08177865e-03  2.51221643e+00  2.51529789e+00  3.08145490e-03
2.57920160e-02  1.87043482e-04  2.42249771e-04  3.74461336e-04  2.13904786e-01  2.16612118e-01  2.70733176e-03  2.29570184e+00  2.29878364e+00  3.08179715e-03  2.51231428e+00  2.51539576e+00  3.08147339e-03
2.59321900e-02  1.87052295e-04  2.42261337e-04  3.74479831e-04  2.13904786e-01  2.16612118e-01  2.70733176e-03  2.29579968e+00  2.29888150e+00  3.08181564e-03  2.51241212e+00  2.51549362e+00  3.08149189e-03
2.60723640e-02  1.87061109e-04  2.42272904e-04  3.74498328e-04  2.13904786e-01  2.16612118e-01  2.70733176e-03  2.29589752e+00  2.29897935e+00  3.08183414e-03  2.51250996e+00  2.51559147e+00  3.08151038e-03
2.62125380e-02  1.87069922e-04  2.42284471e-04  3.74516823e-04  2.13904786e-01  2.16612118e-01  2.70733176e-03  2.29599535e+00  2.29907720e+00  3.08185263e-03  2.51260779e+00  2.51568932e+00  3.08152888e-03
2.63527120e-02  1.87078735e-04  2.42296036e-04  3.74535316e-04  2.13904786e-01  2.16612118e-01  2.70733176e-03  2.29609317e+00  2.29917504e+00  3.08187113e-03  2.51270561e+00  2.51578716e+00  3.08154737e-03
2.64928860e-02  1.87087548e-04  2.42307602e-04  3.74553811e-04  2.13904786e-01  2.16612118e-01  2.70733176e-03  2.29619098e+00  2.29927287e+00  3.08188962e-03  2.51280343e+00  2.51588499e+00  3.08156587e-03
2.66330600e-02  1.87096361e-04  2.42319167e-04  3.74572304e-04  2.13904786e-01  2.16612118e-01  2.70733176e-03  2.29628879e+00  2.29937070e+00  3.08190811e-03  2.51290123e+00  2.51598282e+00  3.08158436e-03
2.67732340e-02  1.87105172e-04  2.42330731e-04  3.74590795e-04  2.13904786e-01  2.16612118e-01  2.70733176e-03  2.29638660e+00  2.29946852e+00  3.08192661e-03  2.51299904e+00  2.51608064e+00  3.08160285e-03
2.69134080e-02  1.87113986e-04  2.42342299e-04  3.74609291e-04  2.13904786e-01  2.16612118e-01  2.70733176e-03  2.29648439e+00  2.29956634e+00  3.08194510e-03  2.51309683e+00  2.51617845e+00  3.08162135e-03
2.70535820e-02  1.87122797e-04  2.42353861e-04  3.74627780e-04  2.13904786e-01  2.16612118e-01  2.70733176e-03  2.29658218e+00  2.29966414e+00  3.08196359e-03  2.51319462e+00  2.51627626e+00  3.08163984e-03
2.71937560e-02  1.87131609e-04  2.42365425e-04  3.74646271e-04  2.13904786e-01  2.16612118e-01  2.70733176e-03  2.29667996e+00  2.29976194e+00  3.08198208e-03  2.51329240e+00  2.51637406e+00  3.08165833e-03
2.73339300e-02  1.87140422e-04  2.42376991e-04  3.74664764e-04  2.13904786e-01  2.16612118e-01  2.70733176e-03  2.29677774e+00  2.29985974e+00  3.08200057e-03  2.51339018e+00  2.51647185e+00  3.08167682e-03
2.74741040e-02  1.87149234e-04  2.42388555e-04  3.74683254e-04  2.13904786e-01  2.16612118e-01  2.70733176e-03  2.29687551e+00  2.29995752e+00  3.08201906e-03  2.51348795e+00  2.51656964e+00  3.08169531e-03
2.76142780e-02  1.87158045e-04  2.42400119e-04  3.74701743e-04  2.13904786e-01  2.16612118e-01  2.70733176e-03  2.29697327e+00  2.30005530e+00  3.08203755e-03  2.51358571e+00  2.51666742e+00  3.08171380e-03
2.77544520e-02  1.87166857e-04  2.42411683e-04  3.74720234e-04  2.13904786e-01  2.16612118e-01  2.70733176e-03  2.29707102e+00  2.30015308e+00  3.08205604e-03  2.51368346e+00  2.51676520e+00  3.08173229e-03
2.78946260e-02  1.87175668e-04  2.42423246e-04  3.74738722e-04  2.13904786e-01  2.16612118e-01  2.70733176e-03  2.29716877e+00  2.30025085e+00  3.08207453e-03  2.51378121e+00  2.51686296e+00  3.08175078e-03
2.80348000e-02  1.87184479e-04  2.42434808e-04  3.74757210e-04  2.13904786e-01  2.16612118e-01  2.70733176e-03  2.29726651e+00  2.30034861e+00  3.08209302e-03  2.51387895e+00  2.51696072e+00  3.08176927e-03
2.81749740e-02  1.87193290e-04  2.42446371e-04  3.74775697e-04  2.13904786e-01  2.16612118e-01  2.70733176e-03  2.29736425e+00  2.30044636e+00  3.08211151e-03  2.51397669e+00  2.51705848e+00  3.08178775e-03
2.83151480e-02  1.87202101e-04  2.42457934e-04  3.74794185e-04  2.13904786e-01  2.16612118e-01  2.70733176e-03  2.29746198e+00  2.30054411e+00  3.08212999e-03  2.51407442e+00  2.51715622e+00  3.08180624e-03
2.84553220e-02  1.87210911e-04  2.42469496e-04  3.74812671e-04  2.13904786e-01  2.16612118e-01  2.70733176e-03  2.29755970e+00  2.30064185e+00  3.08214848e-03  2.51417214e+00  2.51725397e+00  3.08182473e-03
2.85954960e-02  1.87219722e-04  2.42481059e-04  3.74831158e-04  2.13904786e-01  2.16612118e-01  2.70733176e-03  2.29765741e+00  2.30073958e+00  3.08216697e-03  2.51426986e+00  2.51735170e+00  3.08184321e-03
2.87356700e-02  1.87228533e-04  2.42492622e-04  3.74849645e-04  2.13904786e-01  2.16612118e-01  2.70733176e-03  2.29775512e+00  2.30083731e+00  3.08218545e-03  2.51436756e+00  2.51744943e+00  3.08186170e-03
2.88758440e-02  1.87237344e-04  2.42504183e-04  3.74868131e-04  2.13904786e-01  2.16612118e-01  2.70733176e-03  2.29785283e+00  2.30093503e+00  3.08220394e-03  2.51446527e+00  2.51754715e+00  3.08188019e-03
2.90160180e-02  1.87246154e-04  2.42515745e-04  3.74886616e-04  2.13904786e-01  2.16612118e-01  2.70733176e-03  2.29795052e+00  2.30103274e+00  3.08222243e-03  2.51456296e+00  2.51764486e+00  3.08189867e-03
2.91561920e-02  1.87254963e-04  2.42527306e-04  3.74905099e-04  2.13904786e-01  2.16612118e-01  2.70733176e-03  2.29804821e+00  2.30113045e+00  3.08224091e-03  2.51466065e+00  2.51774257e+00  3.08191715e-03
2.92963660e-02  1.87263773e-04  2.42538867e-04  3.74923584e-04  2.13904786e-01  2.16612118e-01  2.70733176e-03  2.29814589e+00  2.30122815e+00  3.08225939e-03  2.51475833e+00  2.51784027e+00  3.08193564e-03
2.94365400e-02  1.87272583e-04  2.42550428e-04  3.74942067e-04  2.13904786e-01  2.16612118e-01  2.70733176e-03  2.29824357e+00  2.30132584e+00  3.08227788e-03  2.51485601e+00  2.51793796e+00  3.08195412e-03
2.95767140e-02  1.87281393e-04  2.42561989e-04  3.74960550e-04  2.13904786e-01  2.16612118e-01  2.70733176e-03  2.29834124e+00  2.30142353e+00  3.08229636e-03  2.51495368e+00  2.51803565e+00  3.08197261e-03
2.97168880e-02  1.87290202e-04  2.42573549e-04  3.74979032e-04  2.13904786e-01  2.16612118e-01  2.70733176e-03  2.29843890e+00  2.30152121e+00  3.08231484e-03  2.51505134e+00  2.51813333e+00  3.08199109e-03
2.98570620e-02  1.87299011e-04  2.42585108e-04  3.74997513e-04  2.13904786e-01  2.16612118e-01  2.70733176e-03  2.29853655e+00  2.30161889e+00  3.08233332e-03  2.51514899e+00  2.51823100e+00  3.08200957e-03
2.99972360e-02  1.87307820e-04  2.42596669e-04  3.75015996e-04  2.13904786e-01  2.16612118e-01  2.70733176e-03  2.29863420e+00  2.30171655e+00  3.08235181e-03  2.51524664e+00  2.51832867e+00  3.08202805e-03
3.01374100e-02  1.87316630e-04  2.42608229e-04  3.75034477e-04  2.13904786e-01  2.16612118e-01  2.70733176e-03  2.29873184e+00  2.30181421e+00  3.08237029e-03  2.51534429e+00  2.51842633e+00  3.08204653e-03
3.02775840e-02  1.87325439e-04  2.42619790e-04  3.75052959e-04  2.13904786e-01  2.16612118e-01  2.70733176e-03  2.29882948e+00  2.30191187e+00  3.08238877e-03  2.51544192e+00  2.51852399e+00  3.08206501e-03
3.04177580e-02  1.87334247e-04  2.42631347e-04  3.75071437e-04  2.13904786e-01  2.16612118e-01  2.70733176e-03  2.29892711e+00  2.30200952e+00  3.08240725e-03  2.51553955e+00  2.51862163e+00  3.08208349e-03
3.05579320e-02  1.87343056e-04  2.42642907e-04  3.75089917e-04  2.13904786e-01  2.16612118e-01  2.70733176e-03  2.29902473e+00  2.30210716e+00  3.08242573e-03  2.51563717e+00  2.51871927e+00  3.08210197e-03
3.06981060e-02  1.87351864e-04  2.42654465e-04  3.75108395e-04  2.13904786e-01  2.16612118e-01  2.70733176e-03  2.29912235e+00  2.30220479e+00  3.08244421e-03  2.51573479e+00  2.51881691e+00  3.08212045e-03
3.08382800e-02  1.87360672e-04  2.42666024e-04  3.75126874e-04  2.13904786e-01  2.16612118e-01  2.70733176e-03  2.29921996e+00  2.30230242e+00  3.08246268e-03  2.51583240e+00  2.51891454e+00  3.08213893e-03
3.09784540e-02  1.87369480e-04  2.42677582e-04  3.75145351e-04  2.13904786e-01  2.16612118e-01  2.70733176e-03  2.29931756e+00  2.30240004e+00  3.08248116e-03  2.51593000e+00  2.51901216e+00  3.08215741e-03
3.11186280e-02  1.87378287e-04  2.42689139e-04  3.75163828e-04  2.13904786e-01  2.16612118e-01  2.70733176e-03  2.29941515e+00  2.30249765e+00  3.08249964e-03  2.51602760e+00  2.51910977e+00  3.08217588e-03
3.12588020e-02  1.87387097e-04  2.42700700e-04  3.75182308e-04  2.13904786e-01  2.16612118e-01  2.70733176e-03  2.29951274e+00  2.30259526e+00  3.08251812e-03  2.51612518e+00  2.51920738e+00  3.08219436e-03
3.13989760e-02  1.87395903e-04  2.42712255e-04  3.75200782e-04  2.13904786e-01  2.16612118e-01  2.70733176e-03  2.29961033e+00  2.30269286e+00  3.08253659e-03  2.51622277e+00  2.51930498e+00  3.08221284e-03
3.15391500e-02  1.87404711e-04  2.42723813e-04  3.75219259e-04  2.13904786e-01  2.16612118e-01  2.70733176e-03  2.29970790e+00  2.30279046e+00  3.08255507e-03  2.51632034e+00  2.51940257e+00  3.08223131e-03
3.16793240e-02  1.87413518e-04  2.42735370e-04  3.75237734e-04  2.13904786e-01  2.16612118e-01  2.70733176e-03  2.29980547e+00  2.30288804e+00  3.08257354e-03  2.51641791e+00  2.51950016e+00  3.08224979e-03
3.18194980e-02  1.87422325e-04  2.42746927e-04  3.75256208e-04  2.13904786e-01  2.16612118e-01  2.70733176e-03  2.29990303e+00  2.30298562e+00  3.08259202e-03  2.51651547e+00  2.51959774e+00  3.08226826e-03
3.19596720e-02  1.87431132e-04  2.42758484e-04  3.75274683e-04  2.13904786e-01  2.16612118e-01  2.70733176e-03  2.30000059e+00  2.30308320e+00  3.08261049e-03  2.51661303e+00  2.51969532e+00  3.08228674e-03
3.20998460e-02  1.87439939e-04  2.42770040e-04  3.75293157e-04  2.13904786e-01  2.16612118e-01  2.70733176e-03  2.30009814e+00  2.30318077e+00  3.08262897e-03  2.51671058e+00  2.51979288e+00  3.08230521e-03
3.22400200e-02  1.87448746e-04  2.42781597e-04  3.75311631e-04  2.13904786e-01  2.16612118e-01  2.70733176e-03  2.30019568e+00  2.30327833e+00  3.08264744e-03  2.51680812e+00  2.51989045e+00  3.08232369e-03
3.23801940e-02  1.87457552e-04  2.42793153e-04  3.75330104e-04  2.13904786e-01  2.16612118e-01  2.70733176e-03  2.30029322e+00  2.30337588e+00  3.08266591e-03  2.51690566e+00  2.51998800e+00  3.08234216e-03
3.25203680e-02  1.87466359e-04  2.42804710e-04  3.75348577e-04  2.13904786e-01  2.16612118e-01  2.70733176e-03  2.30039075e+00  2.30347343e+00  3.08268439e-03  2.51700319e+00  2.52008555e+00  3.08236063e-03
3.26605420e-02  1.87475165e-04  2.42816264e-04  3.75367048e-04  2.13904786e-01  2.16612118e-01  2.70733176e-03  2.30048827e+00  2.30357097e+00  3.08270286e-03  2.51710071e+00  2.52018309e+00  3.08237910e-03
3.28007160e-02  1.87483970e-04  2.42827819e-04  3.75385518e-04  2.13904786e-01  2.16612118e-01  2.70733176e-03  2.30058579e+00  2.30366851e+00  3.08272133e-03  2.51719823e+00  2.52028062e+00  3.08239757e-03
3.29408900e-02  1.87492777e-04  2.42839376e-04  3.75403992e-04  2.13904786e-01  2.16612118e-01  2.70733176e-03  2.30068329e+00  2.30376603e+00  3.08273980e-03  2.51729574e+00  2.52037815e+00  3.08241605e-03
3.30810640e-02  1.87501582e-04  2.42850930e-04  3.75422461e-04  2.13904786e-01  2.16612118e-01  2.70733176e-03  2.30078080e+00  2.30386356e+00  3.08275827e-03  2.51739324e+00  2.52047567e+00  3.08243452e-03
3.32212380e-02  1.87510388e-04  2.42862484e-04  3.75440930e-04  2.13904786e-01  2.16612118e-01  2.70733176e-03  2.30087829e+00  2.30396107e+00  3.08277674e-03  2.51749074e+00  2.52057319e+00  3.08245299e-03
3.33614120e-02  1.87519194e-04  2.42874039e-04  3.75459401e-04  2.13904786e-01  2.16612118e-01  2.70733176e-03  2.30097578e+00  2.30405858e+00  3.08279521e-03  2.51758823e+00  2.52067070e+00  3.08247146e-03
3.35015860e-02  1.87527998e-04  2.42885592e-04  3.75477868e-04  2.13904786e-01  2.16612118e-01  2.70733176e-03  2.30107327e+00  2.30415608e+00  3.08281368e-03  2.51768571e+00  2.52076820e+00  3.08248992e-03
3.36417600e-02  1.87536803e-04  2.42897146e-04  3.75496336e-04  2.13904786e-01  2.16612118e-01  2.70733176e-03  2.30117074e+00  2.30425358e+00  3.08283215e-03  2.51778318e+00  2.52086569e+00  3.08250839e-03
3.37819340e-02  1.87545608e-04  2.42908699e-04  3.75514803e-04  2.13904786e-01  2.16612118e-01  2.70733176e-03  2.30126821e+00  2.30435106e+00  3.08285061e-03  2.51788065e+00  2.52096318e+00  3.08252686e-03
3.39221080e-02  1.87554414e-04  2.42920254e-04  3.75533272e-04  2.13904786e-01  2.16612118e-01  2.70733176e-03  2.30136568e+00  2.30444855e+00  3.08286908e-03  2.51797812e+00  2.52106066e+00  3.08254533e-03
3.40622820e-02  1.87563218e-04  2.42931807e-04  3.75551739e-04  2.13904786e-01  2.16612118e-01  2.70733176e-03  2.30146313e+00  2.30454602e+00  3.08288755e-03  2.51807557e+00  2.52115814e+00  3.08256379e-03
3.42024560e-02  1.87572022e-04  2.42943359e-04  3.75570205e-04  2.13904786e-01  2.16612118e-01  2.70733176e-03  2.30156058e+00  2.30464349e+00  3.08290601e-03  2.51817302e+00  2.52125561e+00  3.08258226e-03
3.43426300e-02  1.87580827e-04  2.42954912e-04  3.75588671e-04  2.13904786e-01  2.16612118e-01  2.70733176e-03  2.30165803e+00  2.30474095e+00  3.08292448e-03  2.51827047e+00  2.52135307e+00  3.08260073e-03
3.44828040e-02  1.87589631e-04  2.42966465e-04  3.75607136e-04  2.13904786e-01  2.16612118e-01  2.70733176e-03  2.30175546e+00  2.30483841e+00  3.08294295e-03  2.51836790e+00  2.52145052e+00  3.08261919e-03
3.46229780e-02  1.87598435e-04  2.42978017e-04  3.75625601e-04  2.13904786e-01  2.16612118e-01  2.70733176e-03  2.30185289e+00  2.30493586e+00  3.08296141e-03  2.51846534e+00  2.52154797e+00  3.08263766e-03
3.47631520e-02  1.87607239e-04  2.42989568e-04  3.75644065e-04  2.13904786e-01  2.16612118e-01  2.70733176e-03  2.30195032e+00  2.30503330e+00  3.08297987e-03  2.51856276e+00  2.52164541e+00  3.08265612e-03
3.49033260e-02  1.87616042e-04  2.43001120e-04  3.75662528e-04  2.13904786e-01  2.16612118e-01  2.70733176e-03  2.30204773e+00  2.30513073e+00  3.08299834e-03  2.51866018e+00  2.52174285e+00  3.08267458e-03
3.50435000e-02  1.87624845e-04  2.43012671e-04  3.75680991e-04  2.13904786e-01  2.16612118e-01  2.70733176e-03  2.30214514e+00  2.30522816e+00  3.08301680e-03  2.51875759e+00  2.52184028e+00  3.08269305e-03
3.51836740e-02  1.87633650e-04  2.43024224e-04  3.75699456e-04  2.13904786e-01  2.16612118e-01  2.70733176e-03  2.30224255e+00  2.30532558e+00  3.08303527e-03  2.51885499e+00  2.52193770e+00  3.08271151e-03
3.53238480e-02  1.87642453e-04  2.43035775e-04  3.75717918e-04  2.13904786e-01  2.16612118e-01  2.70733176e-03  2.30233995e+00  2.30542300e+00  3.08305373e-03  2.51895239e+00  2.52203512e+00  3.08272997e-03
3.54640220e-02  1.87651256e-04  2.43047325e-04  3.75736379e-04  2.13904786e-01  2.16612118e-01  2.70733176e-03  2.30243734e+00  2.30552041e+00  3.08307219e-03  2.51904978e+00  2.52213253e+00  3.08274843e-03
3.56041960e-02  1.87660058e-04  2.43058875e-04  3.75754839e-04  2.13904786e-01  2.16612118e-01  2.70733176e-03  2.30253472e+00  2.30561781e+00  3.08309065e-03  2.51914716e+00  2.52222993e+00  3.08276689e-03
3.57443700e-02  1.87668861e-04  2.43070425e-04  3.75773300e-04  2.13904786e-01  2.16612118e-01  2.70733176e-03  2.30263210e+00  2.30571521e+00  3.08310911e-03  2.51924454e+00  2.52232732e+00  3.08278536e-03
3.58845440e-02  1.87677664e-04  2.43081976e-04  3.75791761e-04  2.13904786e-01  2.16612118e-01  2.70733176e-03  2.30272947e+00  2.30581260e+00  3.08312757e-03  2.51934191e+00  2.52242471e+00  3.08280382e-03
3.60247180e-02  1.87686466e-04  2.43093526e-04  3.75810220e-04  2.13904786e-01  2.16612118e-01  2.70733176e-03  2.30282683e+00  2.30590998e+00  3.08314603e-03  2.51943927e+00  2.52252210e+00  3.08282228e-03
3.61648920e-02  1.87695268e-04  2.43105075e-04  3.75828679e-04  2.13904786e-01  2.16612118e-01  2.70733176e-03  2.30292419e+00  2.30600736e+00  3.08316449e-03  2.51953663e+00  2.52261947e+00  3.08284073e-03
3.63050660e-02  1.87704071e-04  2.43116625e-04  3.75847138e-04  2.13904786e-01  2.16612118e-01  2.70733176e-03  2.30302154e+00  2.30610473e+00  3.08318295e-03  2.51963398e+00  2.52271684e+00  3.08285919e-03
3.64452400e-02  1.87712872e-04  2.43128173e-04  3.75865595e-04  2.13904786e-01  2.16612118e-01  2.70733176e-03  2.30311889e+00  2.30620209e+00  3.08320140e-03  2.51973133e+00  2.52281421e+00  3.08287765e-03
3.65854140e-02  1.87721675e-04  2.43139723e-04  3.75884054e-04  2.13904786e-01  2.16612118e-01  2.70733176e-03  2.30321622e+00  2.30629944e+00  3.08321986e-03  2.51982867e+00  2.52291156e+00  3.08289611e-03
3.67255880e-02  1.87730475e-04  2.43151270e-04  3.75902509e-04  2.13904786e-01  2.16612118e-01  2.70733176e-03  2.30331356e+00  2.30639679e+00  3.08323832e-03  2.51992600e+00  2.52300891e+00  3.08291457e-03
3.68657620e-02  1.87739277e-04  2.43162819e-04  3.75920967e-04  2.13904786e-01  2.16612118e-01  2.70733176e-03  2.30341088e+00  2.30649414e+00  3.08325678e-03  2.52002332e+00  2.52310626e+00  3.08293302e-03
3.70059360e-02  1.87748078e-04  2.43174367e-04  3.75939422e-04  2.13904786e-01  2.16612118e-01  2.70733176e-03  2.30350820e+00  2.30659147e+00  3.08327523e-03  2.52012064e+00  2.52320359e+00  3.08295148e-03
3.71461100e-02  1.87756879e-04  2.43185915e-04  3.75957878e-04  2.13904786e-01  2.16612118e-01  2.70733176e-03  2.30360551e+00  2.30668880e+00  3.08329369e-03  2.52021795e+00  2.52330092e+00  3.08296993e-03
3.72862840e-02  1.87765681e-04  2.43197463e-04  3.75976334e-04  2.13904786e-01  2.16612118e-01  2.70733176e-03  2.30370282e+00  2.30678613e+00  3.08331214e-03  2.52031526e+00  2.52339825e+00  3.08298839e-03
3.74264580e-02  1.87774481e-04  2.43209010e-04  3.75994788e-04  2.13904786e-01  2.16612118e-01  2.70733176e-03  2.30380011e+00  2.30688344e+00  3.08333060e-03  2.52041256e+00  2.52349556e+00  3.08300684e-03
3.75666320e-02  1.87783282e-04  2.43220558e-04  3.76013243e-04  2.13904786e-01  2.16612118e-01  2.70733176e-03  2.30389741e+00  2.30698076e+00  3.08334905e-03  2.52050985e+00  2.52359287e+00  3.08302530e-03
3.77068060e-02  1.87792082e-04  2.43232104e-04  3.76031695e-04  2.13904786e-01  2.16612118e-01  2.70733176e-03  2.30399469e+00  2.30707806e+00  3.08336751e-03  2.52060713e+00  2.52369018e+00  3.08304375e-03
3.78469800e-02  1.87800882e-04  2.43243650e-04  3.76050148e-04  2.13904786e-01  2.16612118e-01  2.70733176e-03  2.30409197e+00  2.30717536e+00  3.08338596e-03  2.52070441e+00  2.52378747e+00  3.08306220e-03
3.79871540e-02  1.87809683e-04  2.43255198e-04  3.76068601e-04  2.13904786e-01  2.16612118e-01  2.70733176e-03  2.30418924e+00  2.30727265e+00  3.08340441e-03  2.52080168e+00  2.52388476e+00  3.08308066e-03
3.81273280e-02  1.87818483e-04  2.43266743e-04  3.76087052e-04  2.13904786e-01  2.16612118e-01  2.70733176e-03  2.30428651e+00  2.30736993e+00  3.08342286e-03  2.52089895e+00  2.52398205e+00  3.08309911e-03
3.82675020e-02  1.87827281e-04  2.43278287e-04  3.76105502e-04  2.13904786e-01  2.16612118e-01  2.70733176e-03  2.30438377e+00  2.30746721e+00  3.08344131e-03  2.52099621e+00  2.52407933e+00  3.08311756e-03
3.84076760e-02  1.87836082e-04  2.43289834e-04  3.76123954e-04  2.13904786e-01  2.16612118e-01  2.70733176e-03  2.30448102e+00  2.30756448e+00  3.08345976e-03  2.52109346e+00  2.52417660e+00  3.08313601e-03
3.85478500e-02  1.87844882e-04  2.43301381e-04  3.76142406e-04  2.13904786e-01  2.16612118e-01  2.70733176e-03  2.30457827e+00  2.30766174e+00  3.08347822e-03  2.52119071e+00  2.52427386e+00  3.08315446e-03
3.86880240e-02  1.87853680e-04  2.43312924e-04  3.76160854e-04  2.13904786e-01  2.16612118e-01  2.70733176e-03  2.30467551e+00  2.30775900e+00  3.08349666e-03  2.52128795e+00  2.52437112e+00  3.08317291e-03
3.88281980e-02  1.87862480e-04  2.43324469e-04  3.76179303e-04  2.13904786e-01  2.16612118e-01  2.70733176e-03  2.30477274e+00  2.30785625e+00  3.08351511e-03  2.52138518e+00  2.52446837e+00  3.08319136e-03
3.89683720e-02  1.87871280e-04  2.43336016e-04  3.76197754e-04  2.13904786e-01  2.16612118e-01  2.70733176e-03  2.30486996e+00  2.30795350e+00  3.08353356e-03  2.52148241e+00  2.52456562e+00  3.08320981e-03
3.91085460e-02  1.87880078e-04  2.43347558e-04  3.76216200e-04  2.13904786e-01  2.16612118e-01  2.70733176e-03  2.30496718e+00  2.30805074e+00  3.08355201e-03  2.52157963e+00  2.52466285e+00  3.08322826e-03
3.92487200e-02  1.87888877e-04  2.43359104e-04  3.76234650e-04  2.13904786e-01  2.16612118e-01  2.70733176e-03  2.30506440e+00  2.30814797e+00  3.08357046e-03  2.52167684e+00  2.52476009e+00  3.08324671e-03
3.93888940e-02  1.87897676e-04  2.43370649e-04  3.76253098e-04  2.13904786e-01  2.16612118e-01  2.70733176e-03  2.30516160e+00  2.30824519e+00  3.08358891e-03  2.52177404e+00  2.52485731e+00  3.08326515e-03
3.95290680e-02  1.87906474e-04  2.43382191e-04  3.76271543e-04  2.13904786e-01  2.16612118e-01  2.70733176e-03  2.30525880e+00  2.30834241e+00  3.08360735e-03  2.52187125e+00  2.52495453e+00  3.08328360e-03
3.96692420e-02  1.87915271e-04  2.43393734e-04  3.76289988e-04  2.13904786e-01  2.16612118e-01  2.70733176e-03  2.30535600e+00  2.30843962e+00  3.08362580e-03  2.52196844e+00  2.52505174e+00  3.08330204e-03
3.98094160e-02  1.87924070e-04  2.43405277e-04  3.76308434e-04  2.13904786e-01  2.16612118e-01  2.70733176e-03  2.30545318e+00  2.30853683e+00  3.08364424e-03  2.52206563e+00  2.52514895e+00  3.08332049e-03
3.99495900e-02  1.87932868e-04  2.43416821e-04  3.76326880e-04  2.13904786e-01  2.16612118e-01  2.70733176e-03  2.30555036e+00  2.30863403e+00  3.08366269e-03  2.52216281e+00  2.52524614e+00  3.08333894e-03
4.00897640e-02  1.87941666e-04  2.43428364e-04  3.76345325e-04  2.13904786e-01  2.16612118e-01  2.70733176e-03  2.30564754e+00  2.30873122e+00  3.08368114e-03  2.52225998e+00  2.52534334e+00  3.08335738e-03
4.02299380e-02  1.87950463e-04  2.43439906e-04  3.76363768e-04  2.13904786e-01  2.16612118e-01  2.70733176e-03  2.30574471e+00  2.30882841e+00  3.08369958e-03  2.52235715e+00  2.52544052e+00  3.08337582e-03
4.03701120e-02  1.87959260e-04  2.43451447e-04  3.76382212e-04  2.13904786e-01  2.16612118e-01  2.70733176e-03  2.30584187e+00  2.30892558e+00  3.08371802e-03  2.52245431e+00  2.52553770e+00  3.08339427e-03
4.05102860e-02  1.87968058e-04  2.43462990e-04  3.76400656e-04  2.13904786e-01  2.16612118e-01  2.70733176e-03  2.30593902e+00  2.30902276e+00  3.08373647e-03  2.52255146e+00  2.52563487e+00  3.08341271e-03
4.06504600e-02  1.87976853e-04  2.43474530e-04  3.76419096e-04  2.13904786e-01  2.16612118e-01  2.70733176e-03  2.30603617e+00  2.30911992e+00  3.08375491e-03  2.52264861e+00  2.52573204e+00  3.08343115e-03
4.07906340e-02  1.87985651e-04  2.43486072e-04  3.76437539e-04  2.13904786e-01  2.16612118e-01  2.70733176e-03  2.30613331e+00  2.30921708e+00  3.08377335e-03  2.52274575e+00  2.52582920e+00  3.08344959e-03
4.09308080e-02  1.87994448e-04  2.43497615e-04  3.76455982e-04  2.13904786e-01  2.16612118e-01  2.70733176e-03  2.30623044e+00  2.30931424e+00  3.08379179e-03  2.52284289e+00  2.52592635e+00  3.08346804e-03
4.10709820e-02  1.88003244e-04  2.43509154e-04  3.76474421e-04  2.13904786e-01  2.16612118e-01  2.70733176e-03  2.30632757e+00  2.30941138e+00  3.08381023e-03  2.52294001e+00  2.52602350e+00  3.08348648e-03
4.12111560e-02  1.88012040e-04  2.43520695e-04  3.76492862e-04  2.13904786e-01  2.16612118e-01  2.70733176e-03  2.30642469e+00  2.30950852e+00  3.08382867e-03  2.52303713e+00  2.52612064e+00  3.08350492e-03
4.13513300e-02  1.88020836e-04  2.43532235e-04  3.76511301e-04  2.13904786e-01  2.16612118e-01  2.70733176e-03  2.30652181e+00  2.30960566e+00  3.08384711e-03  2.52313425e+00  2.52621777e+00  3.08352336e-03
4.14915040e-02  1.88029632e-04  2.43543775e-04  3.76529740e-04  2.13904786e-01  2.16612118e-01  2.70733176e-03  2.30661892e+00  2.30970278e+00  3.08386555e-03  2.52323136e+00  2.52631490e+00  3.08354180e-03
4.16316780e-02  1.88038428e-04  2.43555315e-04  3.76548179e-04  2.13904786e-01  2.16612118e-01  2.70733176e-03  2.30671602e+00  2.30979990e+00  3.08388399e-03  2.52332846e+00  2.52641202e+00  3.08356023e-03
4.17718520e-02  1.88047224e-04  2.43566856e-04  3.76566618e-04  2.13904786e-01  2.16612118e-01  2.70733176e-03  2.30681311e+00  2.30989702e+00  3.08390243e-03  2.52342555e+00  2.52650913e+00  3.08357867e-03
4.19120260e-02  1.88056018e-04  2.43578393e-04  3.76585054e-04  2.13904786e-01  2.16612118e-01  2.70733176e-03  2.30691020e+00  2.30999412e+00  3.08392086e-03  2.52352264e+00  2.52660624e+00  3.08359711e-03
4.20522000e-02  1.88064815e-04  2.43589934e-04  3.76603494e-04  2.13904786e-01  2.16612118e-01  2.70733176e-03  2.30700728e+00  2.31009122e+00  3.08393930e-03  2.52361973e+00  2.52670334e+00  3.08361555e-03
4.21923740e-02  1.88073610e-04  2.43601474e-04  3.76621931e-04  2.13904786e-01  2.16612118e-01  2.70733176e-03  2.30710436e+00  2.31018832e+00  3.08395774e-03  2.52371680e+00  2.52680044e+00  3.08363399e-03
4.23325480e-02  1.88082405e-04  2.43613012e-04  3.76640367e-04  2.13904786e-01  2.16612118e-01  2.70733176e-03  2.30720143e+00  2.31028541e+00  3.08397618e-03  2.52381387e+00  2.52689752e+00  3.08365242e-03
4.24727220e-02  1.88091200e-04  2.43624550e-04  3.76658802e-04  2.13904786e-01  2.16612118e-01  2.70733176e-03  2.30729849e+00  2.31038249e+00  3.08399461e-03  2.52391093e+00  2.52699460e+00  3.08367086e-03
4.26128960e-02  1.88099994e-04  2.43636088e-04  3.76677237e-04  2.13904786e-01  2.16612118e-01  2.70733176e-03  2.30739555e+00  2.31047956e+00  3.08401305e-03  2.52400799e+00  2.52709168e+00  3.08368929e-03
4.27530700e-02  1.88108788e-04  2.43647625e-04  3.76695670e-04  2.13904786e-01  2.16612118e-01  2.70733176e-03  2.30749260e+00  2.31057663e+00  3.08403148e-03  2.52410504e+00  2.52718875e+00  3.08370773e-03
4.28932440e-02  1.88117583e-04  2.43659164e-04  3.76714105e-04  2.13904786e-01  2.16612118e-01  2.70733176e-03  2.30758964e+00  2.31067369e+00  3.08404992e-03  2.52420208e+00  2.52728581e+00  3.08372616e-03
4.30334180e-02  1.88126377e-04  2.43670701e-04  3.76732539e-04  2.13904786e-01  2.16612118e-01  2.70733176e-03  2.30768668e+00  2.31077075e+00  3.08406835e-03  2.52429912e+00  2.52738286e+00  3.08374459e-03
4.31735920e-02  1.88135171e-04  2.43682238e-04  3.76750971e-04  2.13904786e-01  2.16612118e-01  2.70733176e-03  2.30778371e+00  2.31086779e+00  3.08408678e-03  2.52439615e+00  2.52747991e+00  3.08376303e-03
4.33137660e-02  1.88143965e-04  2.43693775e-04  3.76769405e-04  2.13904786e-01  2.16612118e-01  2.70733176e-03  2.30788073e+00  2.31096484e+00  3.08410521e-03  2.52449317e+00  2.52757695e+00  3.08378146e-03
4.34539400e-02  1.88152758e-04  2.43705311e-04  3.76787836e-04  2.13904786e-01  2.16612118e-01  2.70733176e-03  2.30797775e+00  2.31106187e+00  3.08412365e-03  2.52459019e+00  2.52767399e+00  3.08379989e-03
4.35941140e-02  1.88161552e-04  2.43716849e-04  3.76806269e-04  2.13904786e-01  2.16612118e-01  2.70733176e-03  2.30807476e+00  2.31115890e+00  3.08414208e-03  2.52468720e+00  2.52777102e+00  3.08381832e-03
4.37342880e-02  1.88170344e-04  2.43728383e-04  3.76824697e-04  2.13904786e-01  2.16612118e-01  2.70733176e-03  2.30817176e+00  2.31125592e+00  3.08416051e-03  2.52478420e+00  2.52786804e+00  3.08383675e-03
4.38744620e-02  1.88179138e-04  2.43739919e-04  3.76843128e-04  2.13904786e-01  2.16612118e-01  2.70733176e-03  2.30826876e+00  2.31135294e+00  3.08417894e-03  2.52488120e+00  2.52796506e+00  3.08385518e-03
4.40146360e-02  1.88187931e-04  2.43751456e-04  3.76861559e-04  2.13904786e-01  2.16612118e-01  2.70733176e-03  2.30836575e+00  2.31144995e+00  3.08419737e-03  2.52497819e+00  2.52806207e+00  3.08387362e-03
4.41548100e-02  1.88196722e-04  2.43762989e-04  3.76879986e-04  2.13904786e-01  2.16612118e-01  2.70733176e-03  2.30846274e+00  2.31154695e+00  3.08421580e-03  2.52507518e+00  2.52815907e+00  3.08389204e-03
4.42949840e-02  1.88205516e-04  2.43774525e-04  3.76898416e-04  2.13904786e-01  2.16612118e-01  2.70733176e-03  2.30855971e+00  2.31164395e+00  3.08423423e-03  2.52517215e+00  2.52825607e+00  3.08391047e-03
4.44351580e-02  1.88214308e-04  2.43786060e-04  3.76916844e-04  2.13904786e-01  2.16612118e-01  2.70733176e-03  2.30865669e+00  2.31174094e+00  3.08425265e-03  2.52526913e+00  2.52835306e+00  3.08392890e-03
4.45753320e-02  1.88223101e-04  2.43797595e-04  3.76935272e-04  2.13904786e-01  2.16612118e-01  2.70733176e-03  2.30875365e+00  2.31183792e+00  3.08427108e-03  2.52536609e+00  2.52845004e+00  3.08394733e-03
4.47155060e-02  1.88231893e-04  2.43809129e-04  3.76953699e-04  2.13904786e-01  2.16612118e-01  2.70733176e-03  2.30885061e+00  2.31193490e+00  3.08428951e-03  2.52546305e+00  2.52854702e+00  3.08396575e-03
4.48556800e-02  1.88240685e-04  2.43820664e-04  3.76972126e-04  2.13904786e-01  2.16612118e-01  2.70733176e-03  2.30894756e+00  2.31203187e+00  3.08430794e-03  2.52556000e+00  2.52864399e+00  3.08398418e-03
4.49958540e-02  1.88249477e-04  2.43832198e-04  3.76990553e-04  2.13904786e-01  2.16612118e-01  2.70733176e-03  2.30904451e+00  2.31212883e+00  3.08432636e-03  2.52565695e+00  2.52874095e+00  3.08400261e-03
4.51360280e-02  1.88258268e-04  2.43843730e-04  3.77008977e-04  2.13904786e-01  2.16612118e-01  2.70733176e-03  2.30914144e+00  2.31222579e+00  3.08434479e-03  2.52575389e+00  2.52883791e+00  3.08402103e-03
4.52762020e-02  1.88267058e-04  2.43855262e-04  3.77027400e-04  2.13904786e-01  2.16612118e-01  2.70733176e-03  2.30923838e+00  2.31232274e+00  3.08436321e-03  2.52585082e+00  2.52893486e+00  3.08403946e-03
4.54163760e-02  1.88275851e-04  2.43866797e-04  3.77045828e-04  2.13904786e-01  2.16612118e-01  2.70733176e-03  2.30933530e+00  2.31241968e+00  3.08438164e-03  2.52594774e+00  2.52903180e+00  3.08405788e-03
4.55565500e-02  1.88284641e-04  2.43878329e-04  3.77064250e-04  2.13904786e-01  2.16612118e-01  2.70733176e-03  2.30943222e+00  2.31251662e+00  3.08440006e-03  2.52604466e+00  2.52912874e+00  3.08407631e-03
4.56967240e-02  1.88293432e-04  2.43889862e-04  3.77082674e-04  2.13904786e-01  2.16612118e-01  2.70733176e-03  2.30952914e+00  2.31261355e+00  3.08441848e-03  2.52614158e+00  2.52922567e+00  3.08409473e-03
4.58368980e-02  1.88302222e-04  2.43901393e-04  3.77101096e-04  2.13904786e-01  2.16612118e-01  2.70733176e-03  2.30962604e+00  2.31271048e+00  3.08443691e-03  2.52623848e+00  2.52932260e+00  3.08411315e-03
4.59770720e-02  1.88311014e-04  2.43912927e-04  3.77119520e-04  2.13904786e-01  2.16612118e-01  2.70733176e-03  2.30972294e+00  2.31280740e+00  3.08445533e-03  2.52633538e+00  2.52941951e+00  3.08413158e-03
4.61172460e-02  1.88319804e-04  2.43924459e-04  3.77137942e-04  2.13904786e-01  2.16612118e-01  2.70733176e-03  2.30981983e+00  2.31290431e+00  3.08447375e-03  2.52643228e+00  2.52951643e+00  3.08415000e-03
4.62574200e-02  1.88328594e-04  2.43935990e-04  3.77156364e-04  2.13904786e-01  2.16612118e-01  2.70733176e-03  2.30991672e+00  2.31300121e+00  3.08449217e-03  2.52652916e+00  2.52961333e+00  3.08416842e-03
4.63975940e-02  1.88337383e-04  2.43947520e-04  3.77174783e-04  2.13904786e-01  2.16612118e-01  2.70733176e-03  2.31001360e+00  2.31309811e+00  3.08451059e-03  2.52662604e+00  2.52971023e+00  3.08418684e-03
4.65377680e-02  1.88346173e-04  2.43959051e-04  3.77193203e-04  2.13904786e-01  2.16612118e-01  2.70733176e-03  2.31011048e+00  2.31319501e+00  3.08452901e-03  2.52672292e+00  2.52980712e+00  3.08420526e-03
4.66779420e-02  1.88354963e-04  2.43970583e-04  3.77211624e-04  2.13904786e-01  2.16612118e-01  2.70733176e-03  2.31020734e+00  2.31329189e+00  3.08454743e-03  2.52681979e+00  2.52990401e+00  3.08422368e-03
4.68181160e-02  1.88363753e-04  2.43982113e-04  3.77230043e-04  2.13904786e-01  2.16612118e-01  2.70733176e-03  2.31030420e+00  2.31338877e+00  3.08456585e-03  2.52691665e+00  2.53000089e+00  3.08424210e-03
4.69582900e-02  1.88372542e-04  2.43993643e-04  3.77248460e-04  2.13904786e-01  2.16612118e-01  2.70733176e-03  2.31040106e+00  2.31348564e+00  3.08458427e-03  2.52701350e+00  2.53009776e+00  3.08426052e-03
4.70984640e-02  1.88381331e-04  2.44005173e-04  3.77266879e-04  2.13904786e-01  2.16612118e-01  2.70733176e-03  2.31049791e+00  2.31358251e+00  3.08460269e-03  2.52711035e+00  2.53019463e+00  3.08427894e-03
4.72386380e-02  1.88390119e-04  2.44016702e-04  3.77285296e-04  2.13904786e-01  2.16612118e-01  2.70733176e-03  2.31059475e+00  2.31367937e+00  3.08462111e-03  2.52720719e+00  2.53029149e+00  3.08429735e-03
4.73788120e-02  1.88398908e-04  2.44028232e-04  3.77303713e-04  2.13904786e-01  2.16612118e-01  2.70733176e-03  2.31069158e+00  2.31377622e+00  3.08463952e-03  2.52730403e+00  2.53038834e+00  3.08431577e-03
4.75189860e-02  1.88407697e-04  2.44039761e-04  3.77322130e-04  2.13904786e-01  2.16612118e-01  2.70733176e-03  2.31078841e+00  2.31387307e+00  3.08465794e-03  2.52740085e+00  2.53048519e+00  3.08433419e-03
4.76591600e-02  1.88416485e-04  2.44051289e-04  3.77340545e-04  2.13904786e-01  2.16612118e-01  2.70733176e-03  2.31088523e+00  2.31396991e+00  3.08467635e-03  2.52749768e+00  2.53058203e+00  3.08435260e-03
4.77993340e-02  1.88425273e-04  2.44062818e-04  3.77358960e-04  2.13904786e-01  2.16612118e-01  2.70733176e-03  2.31098205e+00  2.31406674e+00  3.08469477e-03  2.52759449e+00  2.53067886e+00  3.08437102e-03
4.79395080e-02  1.88434061e-04  2.44074347e-04  3.77377376e-04  2.13904786e-01  2.16612118e-01  2.70733176e-03  2.31107886e+00  2.31416357e+00  3.08471319e-03  2.52769130e+00  2.53077569e+00  3.08438943e-03
4.80796820e-02  1.88442849e-04  2.44085875e-04  3.77395790e-04  2.13904786e-01  2.16612118e-01  2.70733176e-03  2.31117566e+00  2.31426039e+00  3.08473160e-03  2.52778810e+00  2.53087251e+00  3.08440785e-03
4.82198560e-02  1.88451637e-04  2.44097403e-04  3.77414204e-04  2.13904786e-01  2.16612118e-01  2.70733176e-03  2.31127246e+00  2.31435721e+00  3.08475001e-03  2.52788490e+00  2.53096933e+00  3.08442626e-03
4.83600300e-02  1.88460425e-04  2.44108931e-04  3.77432618e-04  2.13904786e-01  2.16612118e-01  2.70733176e-03  2.31136925e+00  2.31445402e+00  3.08476843e-03  2.52798169e+00  2.53106613e+00  3.08444467e-03
4.85002040e-02  1.88469212e-04  2.44120457e-04  3.77451030e-04  2.13904786e-01  2.16612118e-01  2.70733176e-03  2.31146603e+00  2.31455082e+00  3.08478684e-03  2.52807847e+00  2.53116294e+00  3.08446309e-03
4.86403780e-02  1.88477998e-04  2.44131984e-04  3.77469441e-04  2.13904786e-01  2.16612118e-01  2.70733176e-03  2.31156281e+00  2.31464761e+00  3.08480525e-03  2.52817525e+00  2.53125973e+00  3.08448150e-03
4.87805520e-02  1.88486786e-04  2.44143511e-04  3.77487853e-04  2.13904786e-01  2.16612118e-01  2.70733176e-03  2.31165958e+00  2.31474440e+00  3.08482366e-03  2.52827202e+00  2.53135652e+00  3.08449991e-03
4.89207260e-02  1.88495573e-04  2.44155038e-04  3.77506264e-04  2.13904786e-01  2.16612118e-01  2.70733176e-03  2.31175634e+00  2.31484118e+00  3.08484207e-03  2.52836878e+00  2.53145330e+00  3.08451832e-03
4.90609000e-02  1.88504359e-04  2.44166563e-04  3.77524674e-04  2.13904786e-01  2.16612118e-01  2.70733176e-03  2.31185310e+00  2.31493796e+00  3.08486048e-03  2.52846554e+00  2.53155008e+00  3.08453673e-03
4.92010740e-02  1.88513145e-04  2.44178090e-04  3.77543084e-04  2.13904786e-01  2.16612118e-01  2.70733176e-03  2.31194985e+00  2.31503473e+00  3.08487889e-03  2.52856229e+00  2.53164685e+00  3.08455514e-03
4.93412480e-02  1.88521932e-04  2.44189616e-04  3.77561494e-04  2.13904786e-01  2.16612118e-01  2.70733176e-03  2.31204659e+00  2.31513149e+00  3.08489730e-03  2.52865904e+00  2.53174361e+00  3.08457355e-03
4.94814220e-02  1.88530718e-04  2.44201142e-04  3.77579904e-04  2.13904786e-01  2.16612118e-01  2.70733176e-03  2.31214333e+00  2.31522825e+00  3.08491571e-03  2.52875577e+00  2.53184037e+00  3.08459196e-03
4.96215960e-02  1.88539503e-04  2.44212666e-04  3.77598311e-04  2.13904786e-01  2.16612118e-01  2.70733176e-03  2.31224006e+00  2.31532500e+00  3.08493412e-03  2.52885251e+00  2.53193712e+00  3.08461037e-03
4.97617700e-02  1.88548290e-04  2.44224191e-04  3.77616720e-04  2.13904786e-01  2.16612118e-01  2.70733176e-03  2.31233679e+00  2.31542174e+00  3.08495253e-03  2.52894923e+00  2.53203386e+00  3.08462878e-03
4.99019440e-02  1.88557075e-04  2.44235716e-04  3.77635127e-04  2.13904786e-01  2.16612118e-01  2.70733176e-03  2.31243351e+00  2.31551848e+00  3.08497094e-03  2.52904595e+00  2.53213060e+00  3.08464718e-03
5.00421180e-02  1.88565860e-04  2.44247239e-04  3.77653532e-04  2.13904786e-01  2.16612118e-01  2.70733176e-03  2.31253022e+00  2.31561521e+00  3.08498934e-03  2.52914266e+00  2.53222733e+00  3.08466559e-03
5.01822920e-02  1.88574645e-04  2.44258764e-04  3.77671939e-04  2.13904786e-01  2.16612118e-01  2.70733176e-03  2.31262693e+00  2.31571193e+00  3.08500775e-03  2.52923937e+00  2.53232405e+00  3.08468399e-03
5.03224660e-02  1.88583430e-04  2.44270288e-04  3.77690345e-04  2.13904786e-01  2.16612118e-01  2.70733176e-03  2.31272362e+00  2.31580865e+00  3.08502615e-03  2.52933607e+00  2.53242077e+00  3.08470240e-03
5.04626400e-02  1.88592215e-04  2.44281812e-04  3.77708750e-04  2.13904786e-01  2.16612118e-01  2.70733176e-03  2.31282032e+00  2.31590536e+00  3.08504456e-03  2.52943276e+00  2.53251748e+00  3.08472081e-03
5.06028140e-02  1.88601000e-04  2.44293335e-04  3.77727154e-04  2.13904786e-01  2.16612118e-01  2.70733176e-03  2.31291700e+00  2.31600207e+00  3.08506296e-03  2.52952944e+00  2.53261418e+00  3.08473921e-03
5.07429880e-02  1.88609784e-04  2.44304858e-04  3.77745558e-04  2.13904786e-01  2.16612118e-01  2.70733176e-03  2.31301368e+00  2.31609876e+00  3.08508137e-03  2.52962612e+00  2.53271088e+00  3.08475761e-03
5.08831620e-02  1.88618569e-04  2.44316381e-04  3.77763962e-04  2.13904786e-01  2.16612118e-01  2.70733176e-03  2.31311036e+00  2.31619546e+00  3.08509977e-03  2.52972280e+00  2.53280757e+00  3.08477602e-03
5.10233360e-02  1.88627353e-04  2.44327903e-04  3.77782365e-04  2.13904786e-01  2.16612118e-01  2.70733176e-03  2.31320702e+00  2.31629214e+00  3.08511817e-03  2.52981947e+00  2.53290426e+00  3.08479442e-03
5.11635100e-02  1.88636137e-04  2.44339426e-04  3.77800767e-04  2.13904786e-01  2.16612118e-01  2.70733176e-03  2.31330368e+00  2.31638882e+00  3.08513658e-03  2.52991613e+00  2.53300094e+00  3.08481282e-03
5.13036840e-02  1.88644920e-04  2.44350948e-04  3.77819169e-04  2.13904786e-01  2.16612118e-01  2.70733176e-03  2.31340034e+00  2.31648549e+00  3.08515498e-03  2.53001278e+00  2.53309761e+00  3.08483122e-03
5.14438580e-02  1.88653704e-04  2.44362470e-04  3.77837571e-04  2.13904786e-01  2.16612118e-01  2.70733176e-03  2.31349699e+00  2.31658216e+00  3.08517338e-03  2.53010943e+00  2.53319428e+00  3.08484963e-03
5.15840320e-02  1.88662487e-04  2.44373991e-04  3.77855972e-04  2.13904786e-01  2.16612118e-01  2.70733176e-03  2.31359363e+00  2.31667882e+00  3.08519178e-03  2.53020607e+00  2.53329094e+00  3.08486803e-03
5.17242060e-02  1.88671270e-04  2.44385512e-04  3.77874371e-04  2.13904786e-01  2.16612118e-01  2.70733176e-03  2.31369026e+00  2.31677547e+00  3.08521018e-03  2.53030270e+00  2.53338759e+00  3.08488643e-03
5.18643800e-02  1.88680054e-04  2.44397033e-04  3.77892771e-04  2.13904786e-01  2.16612118e-01  2.70733176e-03  2.31378689e+00  2.31687212e+00  3.08522858e-03  2.53039933e+00  2.53348424e+00  3.08490483e-03
5.20045540e-02  1.88688836e-04  2.44408554e-04  3.77911170e-04  2.13904786e-01  2.16612118e-01  2.70733176e-03  2.31388351e+00  2.31696876e+00  3.08524698e-03  2.53049595e+00  2.53358088e+00  3.08492323e-03
5.21447280e-02  1.88697619e-04  2.44420075e-04  3.77929569e-04  2.13904786e-01  2.16612118e-01  2.70733176e-03  2.31398013e+00  2.31706539e+00  3.08526538e-03  2.53059257e+00  2.53367751e+00  3.08494162e-03
5.22849020e-02  1.88706402e-04  2.44431595e-04  3.77947968e-04  2.13904786e-01  2.16612118e-01  2.70733176e-03  2.31407674e+00  2.31716202e+00  3.08528378e-03  2.53068918e+00  2.53377414e+00  3.08496002e-03
5.24250760e-02  1.88715185e-04  2.44443116e-04  3.77966367e-04  2.13904786e-01  2.16612118e-01  2.70733176e-03  2.31417334e+00  2.31725864e+00  3.08530218e-03  2.53078578e+00  2.53387076e+00  3.08497842e-03
5.25652500e-02  1.88723966e-04  2.44454634e-04  3.77984762e-04  2.13904786e-01  2.16612118e-01  2.70733176e-03  2.31426994e+00  2.31735526e+00  3.08532057e-03  2.53088238e+00  2.53396737e+00  3.08499682e-03
5.27054240e-02  1.88732748e-04  2.44466154e-04  3.78003158e-04  2.13904786e-01  2.16612118e-01  2.70733176e-03  2.31436652e+00  2.31745186e+00  3.08533897e-03  2.53097897e+00  2.53406398e+00  3.08501521e-03
5.28455980e-02  1.88741530e-04  2.44477673e-04  3.78021554e-04  2.13904786e-01  2.16612118e-01  2.70733176e-03  2.31446311e+00  2.31754847e+00  3.08535736e-03  2.53107555e+00  2.53416058e+00  3.08503361e-03
5.29857720e-02  1.88750311e-04  2.44489192e-04  3.78039950e-04  2.13904786e-01  2.16612118e-01  2.70733176e-03  2.31455969e+00  2.31764506e+00  3.08537576e-03  2.53117213e+00  2.53425718e+00  3.08505201e-03
5.31259460e-02  1.88759093e-04  2.44500711e-04  3.78058345e-04  2.13904786e-01  2.16612118e-01  2.70733176e-03  2.31465626e+00  2.31774165e+00  3.08539415e-03  2.53126870e+00  2.53435377e+00  3.08507040e-03
5.32661200e-02  1.88767874e-04  2.44512229e-04  3.78076739e-04  2.13904786e-01  2.16612118e-01  2.70733176e-03  2.31475282e+00  2.31783823e+00  3.08541255e-03  2.53136526e+00  2.53445035e+00  3.08508879e-03
5.34062940e-02  1.88776655e-04  2.44523747e-04  3.78095132e-04  2.13904786e-01  2.16612118e-01  2.70733176e-03  2.31484938e+00  2.31793481e+00  3.08543094e-03  2.53146182e+00  2.53454693e+00  3.08510719e-03
5.35464680e-02  1.88785435e-04  2.44535263e-04  3.78113524e-04  2.13904786e-01  2.16612118e-01  2.70733176e-03  2.31494593e+00  2.31803138e+00  3.08544933e-03  2.53155837e+00  2.53464350e+00  3.08512558e-03
5.36866420e-02  1.88794216e-04  2.44546781e-04  3.78131917e-04  2.13904786e-01  2.16612118e-01  2.70733176e-03  2.31504247e+00  2.31812794e+00  3.08546773e-03  2.53165491e+00  2.53474006e+00  3.08514397e-03
5.38268160e-02  1.88802996e-04  2.44558297e-04  3.78150308e-04  2.13904786e-01  2.16612118e-01  2.70733176e-03  2.31513901e+00  2.31822450e+00  3.08548612e-03  2.53175145e+00  2.53483661e+00  3.08516236e-03
5.39669900e-02  1.88811777e-04  2.44569815e-04  3.78168700e-04  2.13904786e-01  2.16612118e-01  2.70733176e-03  2.31523554e+00  2.31832105e+00  3.08550451e-03  2.53184798e+00  2.53493317e+00  3.08518076e-03
5.41071640e-02  1.88820556e-04  2.44581331e-04  3.78187091e-04  2.13904786e-01  2.16612118e-01  2.70733176e-03  2.31533207e+00  2.31841759e+00  3.08552290e-03  2.53194451e+00  2.53502971e+00  3.08519915e-03
5.42473380e-02  1.88829337e-04  2.44592848e-04  3.78205482e-04  2.13904786e-01  2.16612118e-01  2.70733176e-03  2.31542859e+00  2.31851413e+00  3.08554129e-03  2.53204103e+00  2.53512625e+00  3.08521754e-03
5.43875120e-02  1.88838116e-04  2.44604365e-04  3.78223872e-04  2.13904786e-01  2.16612118e-01  2.70733176e-03  2.31552510e+00  2.31861066e+00  3.08555968e-03  2.53213754e+00  2.53522278e+00  3.08523593e-03
5.45276860e-02  1.88846895e-04  2.44615879e-04  3.78242260e-04  2.13904786e-01  2.16612118e-01  2.70733176e-03  2.31562161e+00  2.31870718e+00  3.08557807e-03  2.53223405e+00  2.53531930e+00  3.08525432e-03
5.46678600e-02  1.88855676e-04  2.44627396e-04  3.78260650e-04  2.13904786e-01  2.16612118e-01  2.70733176e-03  2.31571811e+00  2.31880370e+00  3.08559646e-03  2.53233055e+00  2.53541582e+00  3.08527271e-03
5.48080340e-02  1.88864454e-04  2.44638910e-04  3.78279037e-04  2.13904786e-01  2.16612118e-01  2.70733176e-03  2.31581460e+00  2.31890021e+00  3.08561485e-03  2.53242704e+00  2.53551233e+00  3.08529109e-03
5.49482080e-02  1.88873234e-04  2.44650426e-04  3.78297426e-04  2.13904786e-01  2.16612118e-01  2.70733176e-03  2.31591109e+00  2.31899672e+00  3.08563324e-03  2.53252353e+00  2.53560884e+00  3.08530948e-03
5.50883820e-02  1.88882013e-04  2.44661942e-04  3.78315814e-04  2.13904786e-01  2.16612118e-01  2.70733176e-03  2.31600757e+00  2.31909322e+00  3.08565162e-03  2.53262001e+00  2.53570534e+00  3.08532787e-03
5.52285560e-02  1.88890790e-04  2.44673454e-04  3.78334198e-04  2.13904786e-01  2.16612118e-01  2.70733176e-03  2.31610404e+00  2.31918971e+00  3.08567001e-03  2.53271648e+00  2.53580183e+00  3.08534625e-03
5.53687300e-02  1.88899569e-04  2.44684970e-04  3.78352585e-04  2.13904786e-01  2.16612118e-01  2.70733176e-03  2.31620051e+00  2.31928620e+00  3.08568839e-03  2.53281295e+00  2.53589831e+00  3.08536464e-03
5.55089040e-02  1.88908348e-04  2.44696484e-04  3.78370971e-04  2.13904786e-01  2.16612118e-01  2.70733176e-03  2.31629697e+00  2.31938268e+00  3.08570678e-03  2.53290941e+00  2.53599479e+00  3.08538303e-03
5.56490780e-02  1.88917126e-04  2.44707998e-04  3.78389357e-04  2.13904786e-01  2.16612118e-01  2.70733176e-03  2.31639342e+00  2.31947915e+00  3.08572517e-03  2.53300587e+00  2.53609127e+00  3.08540141e-03
5.57892520e-02  1.88925904e-04  2.44719511e-04  3.78407740e-04  2.13904786e-01  2.16612118e-01  2.70733176e-03  2.31648987e+00  2.31957562e+00  3.08574355e-03  2.53310231e+00  2.53618773e+00  3.08541980e-03
5.59294260e-02  1.88934682e-04  2.44731025e-04  3.78426124e-04  2.13904786e-01  2.16612118e-01  2.70733176e-03  2.31658632e+00  2.31967208e+00  3.08576193e-03  2.53319876e+00  2.53628420e+00  3.08543818e-03
5.60696000e-02  1.88943459e-04  2.44742537e-04  3.78444507e-04  2.13904786e-01  2.16612118e-01  2.70733176e-03  2.31668275e+00  2.31976853e+00  3.08578032e-03  2.53329519e+00  2.53638065e+00  3.08545656e-03
5.62097740e-02  1.88952236e-04  2.44754049e-04  3.78462889e-04  2.13904786e-01  2.16612118e-01  2.70733176e-03  2.31677918e+00  2.31986498e+00  3.08579870e-03  2.53339162e+00  2.53647710e+00  3.08547494e-03
5.63499480e-02  1.88961014e-04  2.44765563e-04  3.78481273e-04  2.13904786e-01  2.16612118e-01  2.70733176e-03  2.31687560e+00  2.31996142e+00  3.08581708e-03  2.53348804e+00  2.53657354e+00  3.08549333e-03
5.64901220e-02  1.88969791e-04  2.44777075e-04  3.78499654e-04  2.13904786e-01  2.16612118e-01  2.70733176e-03  2.31697202e+00  2.32005786e+00  3.08583546e-03  2.53358446e+00  2.53666997e+00  3.08551171e-03
5.66302960e-02  1.88978567e-04  2.44788586e-04  3.78518035e-04  2.13904786e-01  2.16612118e-01  2.70733176e-03  2.31706843e+00  2.32015428e+00  3.08585384e-03  2.53368087e+00  2.53676640e+00  3.08553009e-03
5.67704700e-02  1.88987343e-04  2.44800097e-04  3.78536414e-04  2.13904786e-01  2.16612118e-01  2.70733176e-03  2.31716483e+00  2.32025071e+00  3.08587222e-03  2.53377728e+00  2.53686282e+00  3.08554847e-03
5.69106440e-02  1.88996119e-04  2.44811608e-04  3.78554794e-04  2.13904786e-01  2.16612118e-01  2.70733176e-03  2.31726123e+00  2.32034712e+00  3.08589060e-03  2.53387367e+00  2.53695924e+00  3.08556685e-03
5.70508180e-02  1.89004896e-04  2.44823119e-04  3.78573173e-04  2.13904786e-01  2.16612118e-01  2.70733176e-03  2.31735762e+00  2.32044353e+00  3.08590898e-03  2.53397006e+00  2.53705565e+00  3.08558523e-03
5.71909920e-02  1.89013672e-04  2.44834630e-04  3.78591553e-04  2.13904786e-01  2.16612118e-01  2.70733176e-03  2.31745401e+00  2.32053993e+00  3.08592736e-03  2.53406645e+00  2.53715205e+00  3.08560361e-03
5.73311660e-02  1.89022447e-04  2.44846139e-04  3.78609930e-04  2.13904786e-01  2.16612118e-01  2.70733176e-03  2.31755038e+00  2.32063633e+00  3.08594574e-03  2.53416283e+00  2.53724845e+00  3.08562199e-03
5.74713400e-02  1.89031224e-04  2.44857651e-04  3.78628309e-04  2.13904786e-01  2.16612118e-01  2.70733176e-03  2.31764676e+00  2.32073272e+00  3.08596412e-03  2.53425920e+00  2.53734484e+00  3.08564036e-03
5.76115140e-02  1.89039998e-04  2.44869159e-04  3.78646685e-04  2.13904786e-01  2.16612118e-01  2.70733176e-03  2.31774312e+00  2.32082910e+00  3.08598249e-03  2.53435556e+00  2.53744122e+00  3.08565874e-03
5.77516880e-02  1.89048774e-04  2.44880670e-04  3.78665063e-04  2.13904786e-01  2.16612118e-01  2.70733176e-03  2.31783948e+00  2.32092548e+00  3.08600087e-03  2.53445192e+00  2.53753760e+00  3.08567712e-03
5.78918620e-02  1.89057549e-04  2.44892179e-04  3.78683439e-04  2.13904786e-01  2.16612118e-01  2.70733176e-03  2.31793583e+00  2.32102185e+00  3.08601925e-03  2.53454827e+00  2.53763397e+00  3.08569549e-03
5.80320360e-02  1.89066324e-04  2.44903689e-04  3.78701814e-04  2.13904786e-01  2.16612118e-01  2.70733176e-03  2.31803218e+00  2.32111822e+00  3.08603762e-03  2.53464462e+00  2.53773033e+00  3.08571387e-03
5.81722100e-02  1.89075099e-04  2.44915197e-04  3.78720189e-04  2.13904786e-01  2.16612118e-01  2.70733176e-03  2.31812852e+00  2.32121458e+00  3.08605600e-03  2.53474096e+00  2.53782669e+00  3.08573224e-03
5.83123840e-02  1.89083873e-04  2.44926705e-04  3.78738563e-04  2.13904786e-01  2.16612118e-01  2.70733176e-03  2.31822485e+00  2.32131093e+00  3.08607437e-03  2.53483729e+00  2.53792304e+00  3.08575062e-03
5.84525580e-02  1.89092647e-04  2.44938213e-04  3.78756936e-04  2.13904786e-01  2.16612118e-01  2.70733176e-03  2.31832118e+00  2.32140727e+00  3.08609275e-03  2.53493362e+00  2.53801939e+00  3.08576899e-03
5.85927320e-02  1.89101421e-04  2.44949721e-04  3.78775309e-04  2.13904786e-01  2.16612118e-01  2.70733176e-03  2.31841750e+00  2.32150361e+00  3.08611112e-03  2.53502994e+00  2.53811573e+00  3.08578736e-03
5.87329060e-02  1.89110196e-04  2.44961229e-04  3.78793683e-04  2.13904786e-01  2.16612118e-01  2.70733176e-03  2.31851381e+00  2.32159994e+00  3.08612949e-03  2.53512626e+00  2.53821206e+00  3.08580574e-03
5.88730800e-02  1.89118969e-04  2.44972736e-04  3.78812054e-04  2.13904786e-01  2.16612118e-01  2.70733176e-03  2.31861012e+00  2.32169627e+00  3.08614786e-03  2.53522256e+00  2.53830839e+00  3.08582411e-03
5.90132540e-02  1.89127743e-04  2.44984244e-04  3.78830426e-04  2.13904786e-01  2.16612118e-01  2.70733176e-03  2.31870642e+00  2.32179259e+00  3.08616624e-03  2.53531887e+00  2.53840471e+00  3.08584248e-03
5.91534280e-02  1.89136517e-04  2.44995751e-04  3.78848799e-04  2.13904786e-01  2.16612118e-01  2.70733176e-03  2.31880272e+00  2.32188890e+00  3.08618461e-03  2.53541516e+00  2.53850102e+00  3.08586085e-03
5.92936020e-02  1.89145289e-04  2.45007257e-04  3.78867168e-04  2.13904786e-01  2.16612118e-01  2.70733176e-03  2.31889901e+00  2.32198521e+00  3.08620298e-03  2.53551145e+00  2.53859733e+00  3.08587922e-03
5.94337760e-02  1.89154063e-04  2.45018764e-04  3.78885539e-04  2.13904786e-01  2.16612118e-01  2.70733176e-03  2.31899529e+00  2.32208151e+00  3.08622135e-03  2.53560773e+00  2.53869363e+00  3.08589759e-03
5.95739500e-02  1.89162835e-04  2.45030268e-04  3.78903906e-04  2.13904786e-01  2.16612118e-01  2.70733176e-03  2.31909157e+00  2.32217781e+00  3.08623972e-03  2.53570401e+00  2.53878992e+00  3.08591596e-03
5.97141240e-02  1.89171608e-04  2.45041775e-04  3.78922276e-04  2.13904786e-01  2.16612118e-01  2.70733176e-03  2.31918784e+00  2.32227409e+00  3.08625809e-03  2.53580028e+00  2.53888621e+00  3.08593433e-03
5.98542980e-02  1.89180380e-04  2.45053280e-04  3.78940644e-04  2.13904786e-01  2.16612118e-01  2.70733176e-03  2.31928410e+00  2.32237038e+00  3.08627645e-03  2.53589654e+00  2.53898249e+00  3.08595270e-03
5.99944720e-02  1.89189152e-04  2.45064786e-04  3.78959012e-04  2.13904786e-01  2.16612118e-01  2.70733176e-03  2.31938036e+00  2.32246665e+00  3.08629482e-03  2.53599280e+00  2.53907877e+00  3.08597107e-03
6.01346460e-02  1.89197924e-04  2.45076290e-04  3.78977378e-04  2.13904786e-01  2.16612118e-01  2.70733176e-03  2.31947661e+00  2.32256292e+00  3.08631319e-03  2.53608905e+00  2.53917504e+00  3.08598943e-03
6.02748200e-02  1.89206696e-04  2.45087795e-04  3.78995745e-04  2.13904786e-01  2.16612118e-01  2.70733176e-03  2.31957285e+00  2.32265918e+00  3.08633156e-03  2.53618529e+00  2.53927130e+00  3.08600780e-03
6.04149940e-02  1.89215468e-04  2.45099299e-04  3.79014111e-04  2.13904786e-01  2.16612118e-01  2.70733176e-03  2.31966909e+00  2.32275544e+00  3.08634992e-03  2.53628153e+00  2.53936756e+00  3.08602617e-03
6.05551680e-02  1.89224239e-04  2.45110803e-04  3.79032477e-04  2.13904786e-01  2.16612118e-01  2.70733176e-03  2.31976532e+00  2.32285169e+00  3.08636829e-03  2.53637776e+00  2.53946381e+00  3.08604453e-03
6.06953420e-02  1.89233010e-04  2.45122307e-04  3.79050841e-04  2.13904786e-01  2.16612118e-01  2.70733176e-03  2.31986155e+00  2.32294793e+00  3.08638665e-03  2.53647399e+00  2.53956005e+00  3.08606290e-03
6.08355160e-02  1.89241782e-04  2.45133812e-04  3.79069208e-04  2.13904786e-01  2.16612118e-01  2.70733176e-03  2.31995776e+00  2.32304417e+00  3.08640502e-03  2.53657021e+00  2.53965629e+00  3.08608126e-03
6.09756900e-02  1.89250553e-04  2.45145315e-04  3.79087571e-04  2.13904786e-01  2.16612118e-01  2.70733176e-03  2.32005398e+00  2.32314040e+00  3.08642338e-03  2.53666642e+00  2.53975252e+00  3.08609963e-03
6.11158640e-02  1.89259323e-04  2.45156817e-04  3.79105934e-04  2.13904786e-01  2.16612118e-01  2.70733176e-03  2.32015018e+00  2.32323663e+00  3.08644174e-03  2.53676262e+00  2.53984874e+00  3.08611799e-03
6.12560380e-02  1.89268094e-04  2.45168320e-04  3.79124297e-04  2.13904786e-01  2.16612118e-01  2.70733176e-03  2.32024638e+00  2.32333284e+00  3.08646011e-03  2.53685882e+00  2.53994496e+00  3.08613635e-03
6.13962120e-02  1.89276863e-04  2.45179821e-04  3.79142656e-04  2.13904786e-01  2.16612118e-01  2.70733176e-03  2.32034258e+00  2.32342906e+00  3.08647847e-03  2.53695502e+00  2.54004117e+00  3.08615471e-03
6.15363860e-02  1.89285634e-04  2.45191323e-04  3.79161018e-04  2.13904786e-01  2.16612118e-01  2.70733176e-03  2.32043876e+00  2.32352526e+00  3.08649683e-03  2.53705120e+00  2.54013738e+00  3.08617307e-03
6.16765600e-02  1.89294404e-04  2.45202826e-04  3.79179381e-04  2.13904786e-01  2.16612118e-01  2.70733176e-03  2.32053494e+00  2.32362146e+00  3.08651519e-03  2.53714739e+00  2.54023358e+00  3.08619144e-03
6.18167340e-02  1.89303174e-04  2.45214327e-04  3.79197741e-04  2.13904786e-01  2.16612118e-01  2.70733176e-03  2.32063112e+00  2.32371765e+00  3.08653355e-03  2.53724356e+00  2.54032977e+00  3.08620980e-03
6.19569080e-02  1.89311943e-04  2.45225828e-04  3.79216101e-04  2.13904786e-01  2.16612118e-01  2.70733176e-03  2.32072729e+00  2.32381384e+00  3.08655191e-03  2.53733973e+00  2.54042596e+00  3.08622816e-03
6.20970820e-02  1.89320712e-04  2.45237329e-04  3.79234460e-04  2.13904786e-01  2.16612118e-01  2.70733176e-03  2.32082345e+00  2.32391002e+00  3.08657027e-03  2.53743589e+00  2.54052214e+00  3.08624652e-03
6.22372560e-02  1.89329483e-04  2.45248832e-04  3.79252821e-04  2.13904786e-01  2.16612118e-01  2.70733176e-03  2.32091960e+00  2.32400619e+00  3.08658863e-03  2.53753204e+00  2.54061831e+00  3.08626488e-03
6.23774300e-02  1.89338251e-04  2.45260330e-04  3.79271177e-04  2.13904786e-01  2.16612118e-01  2.70733176e-03  2.32101575e+00  2.32410236e+00  3.08660699e-03  2.53762819e+00  2.54071448e+00  3.08628323e-03
6.25176040e-02  1.89347020e-04  2.45271832e-04  3.79289536e-04  2.13904786e-01  2.16612118e-01  2.70733176e-03  2.32111189e+00  2.32419852e+00  3.08662535e-03  2.53772434e+00  2.54081064e+00  3.08630159e-03
6.26577780e-02  1.89355788e-04  2.45283330e-04  3.79307892e-04  2.13904786e-01  2.16612118e-01  2.70733176e-03  2.32120803e+00  2.32429467e+00  3.08664370e-03  2.53782047e+00  2.54090679e+00  3.08631995e-03
6.27979520e-02  1.89364557e-04  2.45294830e-04  3.79326248e-04  2.13904786e-01  2.16612118e-01  2.70733176e-03  2.32130416e+00  2.32439082e+00  3.08666206e-03  2.53791660e+00  2.54100294e+00  3.08633830e-03
6.29381260e-02  1.89373325e-04  2.45306330e-04  3.79344605e-04  2.13904786e-01  2.16612118e-01  2.70733176e-03  2.32140028e+00  2.32448697e+00  3.08668041e-03  2.53801273e+00  2.54109908e+00  3.08635666e-03
6.30783000e-02  1.89382093e-04  2.45317829e-04  3.79362961e-04  2.13904786e-01  2.16612118e-01  2.70733176e-03  2.32149640e+00  2.32458310e+00  3.08669877e-03  2.53810884e+00  2.54119522e+00  3.08637502e-03
6.32184740e-02  1.89390861e-04  2.45329328e-04  3.79381315e-04  2.13904786e-01  2.16612118e-01  2.70733176e-03  2.32159251e+00  2.32467923e+00  3.08671712e-03  2.53820495e+00  2.54129135e+00  3.08639337e-03
6.33586480e-02  1.89399628e-04  2.45340825e-04  3.79399668e-04  2.13904786e-01  2.16612118e-01  2.70733176e-03  2.32168862e+00  2.32477535e+00  3.08673548e-03  2.53830106e+00  2.54138747e+00  3.08641172e-03
6.34988220e-02  1.89408396e-04  2.45352324e-04  3.79418022e-04  2.13904786e-01  2.16612118e-01  2.70733176e-03  2.32178472e+00  2.32487147e+00  3.08675383e-03  2.53839716e+00  2.54148359e+00  3.08643008e-03
6.36389960e-02  1.89417163e-04  2.45363822e-04  3.79436376e-04  2.13904786e-01  2.16612118e-01  2.70733176e-03  2.32188081e+00  2.32496758e+00  3.08677219e-03  2.53849325e+00  2.54157970e+00  3.08644843e-03
6.37791700e-02  1.89425931e-04  2.45375320e-04  3.79454729e-04  2.13904786e-01  2.16612118e-01  2.70733176e-03  2.32197689e+00  2.32506368e+00  3.08679054e-03  2.53858933e+00  2.54167580e+00  3.08646679e-03
6.39193440e-02  1.89434697e-04  2.45386817e-04  3.79473081e-04  2.13904786e-01  2.16612118e-01  2.70733176e-03  2.32207297e+00  2.32515978e+00  3.08680889e-03  2.53868541e+00  2.54177190e+00  3.08648514e-03
6.40595180e-02  1.89443464e-04  2.45398314e-04  3.79491432e-04  2.13904786e-01  2.16612118e-01  2.70733176e-03  2.32216905e+00  2.32525587e+00  3.08682724e-03  2.53878149e+00  2.54186799e+00  3.08650349e-03
6.41996920e-02  1.89452231e-04  2.45409811e-04  3.79509784e-04  2.13904786e-01  2.16612118e-01  2.70733176e-03  2.32226511e+00  2.32535196e+00  3.08684559e-03  2.53887755e+00  2.54196407e+00  3.08652184e-03
6.43398660e-02  1.89460997e-04  2.45421308e-04  3.79528134e-04  2.13904786e-01  2.16612118e-01  2.70733176e-03  2.32236117e+00  2.32544804e+00  3.08686394e-03  2.53897361e+00  2.54206015e+00  3.08654019e-03
6.44800400e-02  1.89469763e-04  2.45432804e-04  3.79546483e-04  2.13904786e-01  2.16612118e-01  2.70733176e-03  2.32245723e+00  2.32554411e+00  3.08688229e-03  2.53906967e+00  2.54215623e+00  3.08655854e-03
6.46202140e-02  1.89478529e-04  2.45444300e-04  3.79564833e-04  2.13904786e-01  2.16612118e-01  2.70733176e-03  2.32255327e+00  2.32564017e+00  3.08690064e-03  2.53916571e+00  2.54225229e+00  3.08657689e-03
6.47603880e-02  1.89487294e-04  2.45455795e-04  3.79583181e-04  2.13904786e-01  2.16612118e-01  2.70733176e-03  2.32264931e+00  2.32573623e+00  3.08691899e-03  2.53926176e+00  2.54234835e+00  3.08659524e-03
6.49005620e-02  1.89496060e-04  2.45467291e-04  3.79601529e-04  2.13904786e-01  2.16612118e-01  2.70733176e-03  2.32274535e+00  2.32583229e+00  3.08693734e-03  2.53935779e+00  2.54244440e+00  3.08661359e-03
6.50407360e-02  1.89504825e-04  2.45478786e-04  3.79619877e-04  2.13904786e-01  2.16612118e-01  2.70733176e-03  2.32284138e+00  2.32592833e+00  3.08695569e-03  2.53945382e+00  2.54254045e+00  3.08663193e-03
6.51809100e-02  1.89513590e-04  2.45490281e-04  3.79638224e-04  2.13904786e-01  2.16612118e-01  2.70733176e-03  2.32293740e+00  2.32602437e+00  3.08697403e-03  2.53954984e+00  2.54263649e+00  3.08665028e-03
6.53210840e-02  1.89522355e-04  2.45501774e-04  3.79656569e-04  2.13904786e-01  2.16612118e-01  2.70733176e-03  2.32303342e+00  2.32612041e+00  3.08699238e-03  2.53964586e+00  2.54273253e+00  3.08666862e-03
6.54612580e-02  1.89531119e-04  2.45513267e-04  3.79674913e-04  2.13904786e-01  2.16612118e-01  2.70733176e-03  2.32312943e+00  2.32621644e+00  3.08701072e-03  2.53974187e+00  2.54282855e+00  3.08668697e-03
6.56014320e-02  1.89539884e-04  2.45524763e-04  3.79693261e-04  2.13904786e-01  2.16612118e-01  2.70733176e-03  2.32322543e+00  2.32631246e+00  3.08702907e-03  2.53983787e+00  2.54292458e+00  3.08670532e-03
6.57416060e-02  1.89548649e-04  2.45536257e-04  3.79711605e-04  2.13904786e-01  2.16612118e-01  2.70733176e-03  2.32332143e+00  2.32640847e+00  3.08704742e-03  2.53993387e+00  2.54302059e+00  3.08672366e-03
6.58817800e-02  1.89557413e-04  2.45547750e-04  3.79729949e-04  2.13904786e-01  2.16612118e-01  2.70733176e-03  2.32341742e+00  2.32650448e+00  3.08706576e-03  2.54002986e+00  2.54311660e+00  3.08674201e-03
6.60219540e-02  1.89566177e-04  2.45559244e-04  3.79748295e-04  2.13904786e-01  2.16612118e-01  2.70733176e-03  2.32351340e+00  2.32660049e+00  3.08708410e-03  2.54012584e+00  2.54321260e+00  3.08676035e-03
6.61621280e-02  1.89574940e-04  2.45570735e-04  3.79766635e-04  2.13904786e-01  2.16612118e-01  2.70733176e-03  2.32360938e+00  2.32669648e+00  3.08710245e-03  2.54022182e+00  2.54330860e+00  3.08677869e-03
6.63023020e-02  1.89583704e-04  2.45582228e-04  3.79784978e-04  2.13904786e-01  2.16612118e-01  2.70733176e-03  2.32370535e+00  2.32679247e+00  3.08712079e-03  2.54031779e+00  2.54340459e+00  3.08679703e-03
6.64424760e-02  1.89592468e-04  2.45593721e-04  3.79803321e-04  2.13904786e-01  2.16612118e-01  2.70733176e-03  2.32380132e+00  2.32688846e+00  3.08713913e-03  2.54041376e+00  2.54350057e+00  3.08681538e-03
6.65826500e-02  1.89601231e-04  2.45605214e-04  3.79821663e-04  2.13904786e-01  2.16612118e-01  2.70733176e-03  2.32389728e+00  2.32698443e+00  3.08715747e-03  2.54050972e+00  2.54359655e+00  3.08683372e-03
6.67228240e-02  1.89609993e-04  2.45616704e-04  3.79840002e-04  2.13904786e-01  2.16612118e-01  2.70733176e-03  2.32399323e+00  2.32708040e+00  3.08717581e-03  2.54060567e+00  2.54369252e+00  3.08685206e-03
6.68629980e-02  1.89618757e-04  2.45628197e-04  3.79858344e-04  2.13904786e-01  2.16612118e-01  2.70733176e-03  2.32408918e+00  2.32717637e+00  3.08719415e-03  2.54070162e+00  2.54378849e+00  3.08687040e-03
6.70031720e-02  1.89627519e-04  2.45639688e-04  3.79876683e-04  2.13904786e-01  2.16612118e-01  2.70733176e-03  2.32418512e+00  2.32727233e+00  3.08721249e-03  2.54079756e+00  2.54388445e+00  3.08688874e-03
6.71433460e-02  1.89636281e-04  2.45651177e-04  3.79895021e-04  2.13904786e-01  2.16612118e-01  2.70733176e-03  2.32428105e+00  2.32736828e+00  3.08723083e-03  2.54089349e+00  2.54398040e+00  3.08690708e-03
6.72835200e-02  1.89645043e-04  2.45662668e-04  3.79913360e-04  2.13904786e-01  2.16612118e-01  2.70733176e-03  2.32437698e+00  2.32746423e+00  3.08724917e-03  2.54098942e+00  2.54407634e+00  3.08692542e-03
6.74236940e-02  1.89653806e-04  2.45674159e-04  3.79931699e-04  2.13904786e-01  2.16612118e-01  2.70733176e-03  2.32447290e+00  2.32756017e+00  3.08726751e-03  2.54108534e+00  2.54417228e+00  3.08694375e-03
6.75638680e-02  1.89662567e-04  2.45685649e-04  3.79950036e-04  2.13904786e-01  2.16612118e-01  2.70733176e-03  2.32456881e+00  2.32765610e+00  3.08728585e-03  2.54118126e+00  2.54426822e+00  3.08696209e-03
6.77040420e-02  1.89671329e-04  2.45697139e-04  3.79968373e-04  2.13904786e-01  2.16612118e-01  2.70733176e-03  2.32466472e+00  2.32775203e+00  3.08730418e-03  2.54127716e+00  2.54436414e+00  3.08698043e-03
6.78442160e-02  1.89680090e-04  2.45708628e-04  3.79986709e-04  2.13904786e-01  2.16612118e-01  2.70733176e-03  2.32476063e+00  2.32784795e+00  3.08732252e-03  2.54137307e+00  2.54446007e+00  3.08699876e-03
6.79843900e-02  1.89688851e-04  2.45720116e-04  3.80005043e-04  2.13904786e-01  2.16612118e-01  2.70733176e-03  2.32485652e+00  2.32794386e+00  3.08734085e-03  2.54146896e+00  2.54455598e+00  3.08701710e-03
6.81245640e-02  1.89697613e-04  2.45731606e-04  3.80023380e-04  2.13904786e-01  2.16612118e-01  2.70733176e-03  2.32495241e+00  2.32803977e+00  3.08735919e-03  2.54156485e+00  2.54465189e+00  3.08703544e-03
6.82647380e-02  1.89706374e-04  2.45743095e-04  3.80041715e-04  2.13904786e-01  2.16612118e-01  2.70733176e-03  2.32504829e+00  2.32813567e+00  3.08737752e-03  2.54166074e+00  2.54474779e+00  3.08705377e-03
6.84049120e-02  1.89715134e-04  2.45754584e-04  3.80060049e-04  2.13904786e-01  2.16612118e-01  2.70733176e-03  2.32514417e+00  2.32823157e+00  3.08739586e-03  2.54175661e+00  2.54484369e+00  3.08707210e-03
6.85450860e-02  1.89723894e-04  2.45766071e-04  3.80078381e-04  2.13904786e-01  2.16612118e-01  2.70733176e-03  2.32524004e+00  2.32832746e+00  3.08741419e-03  2.54185248e+00  2.54493957e+00  3.08709044e-03
6.86852600e-02  1.89732655e-04  2.45777559e-04  3.80096715e-04  2.13904786e-01  2.16612118e-01  2.70733176e-03  2.32533591e+00  2.32842334e+00  3.08743252e-03  2.54194835e+00  2.54503546e+00  3.08710877e-03
6.88254340e-02  1.89741414e-04  2.45789045e-04  3.80115046e-04  2.13904786e-01  2.16612118e-01  2.70733176e-03  2.32543177e+00  2.32851922e+00  3.08745086e-03  2.54204421e+00  2.54513133e+00  3.08712710e-03
6.89656080e-02  1.89750174e-04  2.45800533e-04  3.80133378e-04  2.13904786e-01  2.16612118e-01  2.70733176e-03  2.32552762e+00  2.32861509e+00  3.08746919e-03  2.54214006e+00  2.54522721e+00  3.08714543e-03
6.91057820e-02  1.89758933e-04  2.45812019e-04  3.80151708e-04  2.13904786e-01  2.16612118e-01  2.70733176e-03  2.32562346e+00  2.32871095e+00  3.08748752e-03  2.54223591e+00  2.54532307e+00  3.08716376e-03
6.92459560e-02  1.89767693e-04  2.45823506e-04  3.80170039e-04  2.13904786e-01  2.16612118e-01  2.70733176e-03  2.32571930e+00  2.32880681e+00  3.08750585e-03  2.54233175e+00  2.54541893e+00  3.08718209e-03
6.93861300e-02  1.89776452e-04  2.45834992e-04  3.80188369e-04  2.13904786e-01  2.16612118e-01  2.70733176e-03  2.32581514e+00  2.32890266e+00  3.08752418e-03  2.54242758e+00  2.54551478e+00  3.08720042e-03
6.95263040e-02  1.89785211e-04  2.45846478e-04  3.80206699e-04  2.13904786e-01  2.16612118e-01  2.70733176e-03  2.32591096e+00  2.32899851e+00  3.08754251e-03  2.54252341e+00  2.54561062e+00  3.08721875e-03
6.96664780e-02  1.89793971e-04  2.45857965e-04  3.80225028e-04  2.13904786e-01  2.16612118e-01  2.70733176e-03  2.32600678e+00  2.32909435e+00  3.08756084e-03  2.54261923e+00  2.54570646e+00  3.08723708e-03
6.98066520e-02  1.89802728e-04  2.45869448e-04  3.80243354e-04  2.13904786e-01  2.16612118e-01  2.70733176e-03  2.32610260e+00  2.32919018e+00  3.08757916e-03  2.54271504e+00  2.54580230e+00  3.08725541e-03
6.99468260e-02  1.89811487e-04  2.45880935e-04  3.80261683e-04  2.13904786e-01  2.16612118e-01  2.70733176e-03  2.32619841e+00  2.32928600e+00  3.08759749e-03  2.54281085e+00  2.54589812e+00  3.08727374e-03
7.00870000e-02  1.89820245e-04  2.45892419e-04  3.80280011e-04  2.13904786e-01  2.16612118e-01  2.70733176e-03  2.32629421e+00  2.32938182e+00  3.08761582e-03  2.54290665e+00  2.54599394e+00  3.08729207e-03
7.02271740e-02  1.89829004e-04  2.45903905e-04  3.80298338e-04  2.13904786e-01  2.16612118e-01  2.70733176e-03  2.32639000e+00  2.32947764e+00  3.08763415e-03  2.54300245e+00  2.54608976e+00  3.08731039e-03
7.03673480e-02  1.89837761e-04  2.45915388e-04  3.80316663e-04  2.13904786e-01  2.16612118e-01  2.70733176e-03  2.32648579e+00  2.32957345e+00  3.08765247e-03  2.54309824e+00  2.54618556e+00  3.08732872e-03
7.05075220e-02  1.89846518e-04  2.45926871e-04  3.80334987e-04  2.13904786e-01  2.16612118e-01  2.70733176e-03  2.32658158e+00  2.32966925e+00  3.08767080e-03  2.54319402e+00  2.54628137e+00  3.08734704e-03
7.06476960e-02  1.89855277e-04  2.45938356e-04  3.80353314e-04  2.13904786e-01  2.16612118e-01  2.70733176e-03  2.32667735e+00  2.32976504e+00  3.08768912e-03  2.54328980e+00  2.54637716e+00  3.08736537e-03
7.07878700e-02  1.89864034e-04  2.45949839e-04  3.80371638e-04  2.13904786e-01  2.16612118e-01  2.70733176e-03  2.32677312e+00  2.32986083e+00  3.08770745e-03  2.54338557e+00  2.54647295e+00  3.08738369e-03
7.09280440e-02  1.89872791e-04  2.45961322e-04  3.80389961e-04  2.13904786e-01  2.16612118e-01  2.70733176e-03  2.32686889e+00  2.32995661e+00  3.08772577e-03  2.54348133e+00  2.54656873e+00  3.08740202e-03
7.10682180e-02  1.89881548e-04  2.45972805e-04  3.80408285e-04  2.13904786e-01  2.16612118e-01  2.70733176e-03  2.32696465e+00  2.33005239e+00  3.08774409e-03  2.54357709e+00  2.54666451e+00  3.08742034e-03
7.12083920e-02  1.89890304e-04  2.45984287e-04  3.80426607e-04  2.13904786e-01  2.16612118e-01  2.70733176e-03  2.32706040e+00  2.33014816e+00  3.08776242e-03  2.54367284e+00  2.54676028e+00  3.08743866e-03
7.13485660e-02  1.89899061e-04  2.45995770e-04  3.80444929e-04  2.13904786e-01  2.16612118e-01  2.70733176e-03  2.32715614e+00  2.33024392e+00  3.08778074e-03  2.54376859e+00  2.54685604e+00  3.08745699e-03
7.14887400e-02  1.89907817e-04  2.46007252e-04  3.80463250e-04  2.13904786e-01  2.16612118e-01  2.70733176e-03  2.32725188e+00  2.33033968e+00  3.08779906e-03  2.54386432e+00  2.54695180e+00  3.08747531e-03
7.16289140e-02  1.89916573e-04  2.46018734e-04  3.80481571e-04  2.13904786e-01  2.16612118e-01  2.70733176e-03  2.32734762e+00  2.33043543e+00  3.08781738e-03  2.54396006e+00  2.54704755e+00  3.08749363e-03
7.17690880e-02  1.89925330e-04  2.46030216e-04  3.80499893e-04  2.13904786e-01  2.16612118e-01  2.70733176e-03  2.32744334e+00  2.33053118e+00  3.08783570e-03  2.54405578e+00  2.54714330e+00  3.08751195e-03
7.19092620e-02  1.89934084e-04  2.46041695e-04  3.80518211e-04  2.13904786e-01  2.16612118e-01  2.70733176e-03  2.32753906e+00  2.33062692e+00  3.08785402e-03  2.54415150e+00  2.54723903e+00  3.08753027e-03
7.20494360e-02  1.89942839e-04  2.46053175e-04  3.80536529e-04  2.13904786e-01  2.16612118e-01  2.70733176e-03  2.32763478e+00  2.33072265e+00  3.08787234e-03  2.54424722e+00  2.54733477e+00  3.08754858e-03
7.21896100e-02  1.89951595e-04  2.46064657e-04  3.80554849e-04  2.13904786e-01  2.16612118e-01  2.70733176e-03  2.32773049e+00  2.33081838e+00  3.08789066e-03  2.54434293e+00  2.54743049e+00  3.08756691e-03
7.23297840e-02  1.89960350e-04  2.46076138e-04  3.80573168e-04  2.13904786e-01  2.16612118e-01  2.70733176e-03  2.32782619e+00  2.33091410e+00  3.08790898e-03  2.54443863e+00  2.54752621e+00  3.08758522e-03
7.24699580e-02  1.89969105e-04  2.46087617e-04  3.80591484e-04  2.13904786e-01  2.16612118e-01  2.70733176e-03  2.32792188e+00  2.33100981e+00  3.08792729e-03  2.54453432e+00  2.54762193e+00  3.08760354e-03
7.26101320e-02  1.89977860e-04  2.46099097e-04  3.80609802e-04  2.13904786e-01  2.16612118e-01  2.70733176e-03  2.32801757e+00  2.33110552e+00  3.08794561e-03  2.54463001e+00  2.54771763e+00  3.08762186e-03
7.27503060e-02  1.89986613e-04  2.46110576e-04  3.80628117e-04  2.13904786e-01  2.16612118e-01  2.70733176e-03  2.32811325e+00  2.33120122e+00  3.08796393e-03  2.54472570e+00  2.54781334e+00  3.08764017e-03
7.28904800e-02  1.89995368e-04  2.46122055e-04  3.80646433e-04  2.13904786e-01  2.16612118e-01  2.70733176e-03  2.32820893e+00  2.33129691e+00  3.08798224e-03  2.54482137e+00  2.54790903e+00  3.08765849e-03
7.30306540e-02  1.90004122e-04  2.46133533e-04  3.80664748e-04  2.13904786e-01  2.16612118e-01  2.70733176e-03  2.32830460e+00  2.33139260e+00  3.08800056e-03  2.54491704e+00  2.54800472e+00  3.08767680e-03
7.31708280e-02  1.90012876e-04  2.46145013e-04  3.80683064e-04  2.13904786e-01  2.16612118e-01  2.70733176e-03  2.32840027e+00  2.33148828e+00  3.08801887e-03  2.54501271e+00  2.54810040e+00  3.08769512e-03
7.33110020e-02  1.90021629e-04  2.46156490e-04  3.80701377e-04  2.13904786e-01  2.16612118e-01  2.70733176e-03  2.32849592e+00  2.33158396e+00  3.08803719e-03  2.54510836e+00  2.54819608e+00  3.08771343e-03
7.34511760e-02  1.90030382e-04  2.46167968e-04  3.80719689e-04  2.13904786e-01  2.16612118e-01  2.70733176e-03  2.32859157e+00  2.33167963e+00  3.08805550e-03  2.54520402e+00  2.54829175e+00  3.08773174e-03
7.35913500e-02  1.90039137e-04  2.46179447e-04  3.80738005e-04  2.13904786e-01  2.16612118e-01  2.70733176e-03  2.32868722e+00  2.33177529e+00  3.08807381e-03  2.54529966e+00  2.54838741e+00  3.08775006e-03
7.37315240e-02  1.90047890e-04  2.46190924e-04  3.80756316e-04  2.13904786e-01  2.16612118e-01  2.70733176e-03  2.32878286e+00  2.33187095e+00  3.08809213e-03  2.54539530e+00  2.54848307e+00  3.08776837e-03
7.38716980e-02  1.90056641e-04  2.46202400e-04  3.80774626e-04  2.13904786e-01  2.16612118e-01  2.70733176e-03  2.32887849e+00  2.33196660e+00  3.08811044e-03  2.54549093e+00  2.54857872e+00  3.08778668e-03
7.40118720e-02  1.90065395e-04  2.46213878e-04  3.80792939e-04  2.13904786e-01  2.16612118e-01  2.70733176e-03  2.32897412e+00  2.33206225e+00  3.08812875e-03  2.54558656e+00  2.54867437e+00  3.08780499e-03
7.41520460e-02  1.90074147e-04  2.46225354e-04  3.80811250e-04  2.13904786e-01  2.16612118e-01  2.70733176e-03  2.32906974e+00  2.33215789e+00  3.08814706e-03  2.54568218e+00  2.54877000e+00  3.08782331e-03
7.42922200e-02  1.90082899e-04  2.46236830e-04  3.80829559e-04  2.13904786e-01  2.16612118e-01  2.70733176e-03  2.32916535e+00  2.33225352e+00  3.08816537e-03  2.54577779e+00  2.54886564e+00  3.08784162e-03
7.44323940e-02  1.90091651e-04  2.46248305e-04  3.80847868e-04  2.13904786e-01  2.16612118e-01  2.70733176e-03  2.32926096e+00  2.33234915e+00  3.08818368e-03  2.54587340e+00  2.54896126e+00  3.08785992e-03
7.45725680e-02  1.90100403e-04  2.46259781e-04  3.80866177e-04  2.13904786e-01  2.16612118e-01  2.70733176e-03  2.32935656e+00  2.33244477e+00  3.08820199e-03  2.54596900e+00  2.54905688e+00  3.08787823e-03
7.47127420e-02  1.90109155e-04  2.46271256e-04  3.80884485e-04  2.13904786e-01  2.16612118e-01  2.70733176e-03  2.32945216e+00  2.33254038e+00  3.08822029e-03  2.54606460e+00  2.54915250e+00  3.08789654e-03
7.48529160e-02  1.90117906e-04  2.46282732e-04  3.80902794e-04  2.13904786e-01  2.16612118e-01  2.70733176e-03  2.32954775e+00  2.33263599e+00  3.08823860e-03  2.54616019e+00  2.54924810e+00  3.08791485e-03
7.49930900e-02  1.90126657e-04  2.46294206e-04  3.80921100e-04  2.13904786e-01  2.16612118e-01  2.70733176e-03  2.32964333e+00  2.33273159e+00  3.08825691e-03  2.54625577e+00  2.54934371e+00  3.08793316e-03
7.51332640e-02  1.90135409e-04  2.46305681e-04  3.80939408e-04  2.13904786e-01  2.16612118e-01  2.70733176e-03  2.32973891e+00  2.33282718e+00  3.08827522e-03  2.54635135e+00  2.54943930e+00  3.08795146e-03
7.52734380e-02  1.90144159e-04  2.46317155e-04  3.80957713e-04  2.13904786e-01  2.16612118e-01  2.70733176e-03  2.32983448e+00  2.33292277e+00  3.08829352e-03  2.54644692e+00  2.54953489e+00  3.08796977e-03
7.54136120e-02  1.90152909e-04  2.46328628e-04  3.80976017e-04  2.13904786e-01  2.16612118e-01  2.70733176e-03  2.32993004e+00  2.33301835e+00  3.08831183e-03  2.54654248e+00  2.54963047e+00  3.08798807e-03
7.55537860e-02  1.90161660e-04  2.46340102e-04  3.80994324e-04  2.13904786e-01  2.16612118e-01  2.70733176e-03  2.33002560e+00  2.33311393e+00  3.08833013e-03  2.54663804e+00  2.54972605e+00  3.08800638e-03
7.56939600e-02  1.90170411e-04  2.46351576e-04  3.81012628e-04  2.13904786e-01  2.16612118e-01  2.70733176e-03  2.33012115e+00  2.33320950e+00  3.08834844e-03  2.54673359e+00  2.54982162e+00  3.08802468e-03
7.58341340e-02  1.90179161e-04  2.46363049e-04  3.81030932e-04  2.13904786e-01  2.16612118e-01  2.70733176e-03  2.33021670e+00  2.33330506e+00  3.08836674e-03  2.54682914e+00  2.54991718e+00  3.08804299e-03
7.59743080e-02  1.90187910e-04  2.46374520e-04  3.81049233e-04  2.13904786e-01  2.16612118e-01  2.70733176e-03  2.33031224e+00  2.33340062e+00  3.08838504e-03  2.54692468e+00  2.55001274e+00  3.08806129e-03
7.61144820e-02  1.90196660e-04  2.46385993e-04  3.81067537e-04  2.13904786e-01  2.16612118e-01  2.70733176e-03  2.33040777e+00  2.33349617e+00  3.08840335e-03  2.54702021e+00  2.55010829e+00  3.08807959e-03
7.62546560e-02  1.90205408e-04  2.46397464e-04  3.81085837e-04  2.13904786e-01  2.16612118e-01  2.70733176e-03  2.33050330e+00  2.33359172e+00  3.08842165e-03  2.54711574e+00  2.55020384e+00  3.08809789e-03
7.63948300e-02  1.90214158e-04  2.46408937e-04  3.81104140e-04  2.13904786e-01  2.16612118e-01  2.70733176e-03  2.33059882e+00  2.33368726e+00  3.08843995e-03  2.54721126e+00  2.55029938e+00  3.08811620e-03
7.65350040e-02  1.90222907e-04  2.46420408e-04  3.81122440e-04  2.13904786e-01  2.16612118e-01  2.70733176e-03  2.33069433e+00  2.33378279e+00  3.08845825e-03  2.54730677e+00  2.55039491e+00  3.08813450e-03
7.66751780e-02  1.90231655e-04  2.46431878e-04  3.81140739e-04  2.13904786e-01  2.16612118e-01  2.70733176e-03  2.33078984e+00  2.33387832e+00  3.08847655e-03  2.54740228e+00  2.55049044e+00  3.08815280e-03
7.68153520e-02  1.90240404e-04  2.46443350e-04  3.81159040e-04  2.13904786e-01  2.16612118e-01  2.70733176e-03  2.33088534e+00  2.33397384e+00  3.08849485e-03  2.54749778e+00  2.55058596e+00  3.08817110e-03
7.69555260e-02  1.90249152e-04  2.46454820e-04  3.81177338e-04  2.13904786e-01  2.16612118e-01  2.70733176e-03  2.33098084e+00  2.33406935e+00  3.08851315e-03  2.54759328e+00  2.55068147e+00  3.08818939e-03
7.70957000e-02  1.90257901e-04  2.46466292e-04  3.81195639e-04  2.13904786e-01  2.16612118e-01  2.70733176e-03  2.33107633e+00  2.33416486e+00  3.08853145e-03  2.54768877e+00  2.55077698e+00  3.08820769e-03
7.72358740e-02  1.90266649e-04  2.46477761e-04  3.81213936e-04  2.13904786e-01  2.16612118e-01  2.70733176e-03  2.33117181e+00  2.33426036e+00  3.08854975e-03  2.54778425e+00  2.55087248e+00  3.08822599e-03
7.73760480e-02  1.90275397e-04  2.46489231e-04  3.81232233e-04  2.13904786e-01  2.16612118e-01  2.70733176e-03  2.33126729e+00  2.33435586e+00  3.08856804e-03  2.54787973e+00  2.55096797e+00  3.08824429e-03
7.75162220e-02  1.90284144e-04  2.46500700e-04  3.81250530e-04  2.13904786e-01  2.16612118e-01  2.70733176e-03  2.33136276e+00  2.33445135e+00  3.08858634e-03  2.54797520e+00  2.55106346e+00  3.08826259e-03
7.76563960e-02  1.90292892e-04  2.46512170e-04  3.81268827e-04  2.13904786e-01  2.16612118e-01  2.70733176e-03  2.33145822e+00  2.33454683e+00  3.08860464e-03  2.54807067e+00  2.55115895e+00  3.08828088e-03
7.77965700e-02  1.90301638e-04  2.46523638e-04  3.81287121e-04  2.13904786e-01  2.16612118e-01  2.70733176e-03  2.33155368e+00  2.33464231e+00  3.08862293e-03  2.54816612e+00  2.55125442e+00  3.08829918e-03
7.79367440e-02  1.90310385e-04  2.46535106e-04  3.81305416e-04  2.13904786e-01  2.16612118e-01  2.70733176e-03  2.33164914e+00  2.33473778e+00  3.08864123e-03  2.54826158e+00  2.55134989e+00  3.08831747e-03
7.80769180e-02  1.90319132e-04  2.46546574e-04  3.81323710e-04  2.13904786e-01  2.16612118e-01  2.70733176e-03  2.33174458e+00  2.33483324e+00  3.08865952e-03  2.54835702e+00  2.55144536e+00  3.08833577e-03
7.82170920e-02  1.90327878e-04  2.46558042e-04  3.81342004e-04  2.13904786e-01  2.16612118e-01  2.70733176e-03  2.33184002e+00  2.33492870e+00  3.08867781e-03  2.54845246e+00  2.55154082e+00  3.08835406e-03
7.83572660e-02  1.90336625e-04  2.46569511e-04  3.81360299e-04  2.13904786e-01  2.16612118e-01  2.70733176e-03  2.33193546e+00  2.33502415e+00  3.08869611e-03  2.54854790e+00  2.55163627e+00  3.08837235e-03
7.84974400e-02  1.90345371e-04  2.46580978e-04  3.81378591e-04  2.13904786e-01  2.16612118e-01  2.70733176e-03  2.33203088e+00  2.33511960e+00  3.08871440e-03  2.54864332e+00  2.55173172e+00  3.08839065e-03
7.86376140e-02  1.90354116e-04  2.46592444e-04  3.81396882e-04  2.13904786e-01  2.16612118e-01  2.70733176e-03  2.33212630e+00  2.33521504e+00  3.08873269e-03  2.54873875e+00  2.55182715e+00  3.08840894e-03
7.87777880e-02  1.90362862e-04  2.46603911e-04  3.81415174e-04  2.13904786e-01  2.16612118e-01  2.70733176e-03  2.33222172e+00  2.33531047e+00  3.08875098e-03  2.54883416e+00  2.55192259e+00  3.08842723e-03
7.89179620e-02  1.90371608e-04  2.46615377e-04  3.81433465e-04  2.13904786e-01  2.16612118e-01  2.70733176e-03  2.33231713e+00  2.33540590e+00  3.08876927e-03  2.54892957e+00  2.55201802e+00  3.08844552e-03
7.90581360e-02  1.90380353e-04  2.46626844e-04  3.81451756e-04  2.13904786e-01  2.16612118e-01  2.70733176e-03  2.33241253e+00  2.33550132e+00  3.08878757e-03  2.54902497e+00  2.55211344e+00  3.08846381e-03
7.91983100e-02  1.90389098e-04  2.46638309e-04  3.81470044e-04  2.13904786e-01  2.16612118e-01  2.70733176e-03  2.33250793e+00  2.33559673e+00  3.08880585e-03  2.54912037e+00  2.55220885e+00  3.08848210e-03
7.93384840e-02  1.90397843e-04  2.46649776e-04  3.81488335e-04  2.13904786e-01  2.16612118e-01  2.70733176e-03  2.33260332e+00  2.33569214e+00  3.08882414e-03  2.54921576e+00  2.55230426e+00  3.08850039e-03
7.94786580e-02  1.90406587e-04  2.46661239e-04  3.81506621e-04  2.13904786e-01  2.16612118e-01  2.70733176e-03  2.33269870e+00  2.33578754e+00  3.08884243e-03  2.54931114e+00  2.55239966e+00  3.08851868e-03
7.96188320e-02  1.90415332e-04  2.46672705e-04  3.81524911e-04  2.13904786e-01  2.16612118e-01  2.70733176e-03  2.33279408e+00  2.33588294e+00  3.08886072e-03  2.54940652e+00  2.55249506e+00  3.08853697e-03
7.97590060e-02  1.90424077e-04  2.46684170e-04  3.81543199e-04  2.13904786e-01  2.16612118e-01  2.70733176e-03  2.33288945e+00  2.33597833e+00  3.08887901e-03  2.54950189e+00  2.55259045e+00  3.08855525e-03
7.98991800e-02  1.90432820e-04  2.46695634e-04  3.81561486e-04  2.13904786e-01  2.16612118e-01  2.70733176e-03  2.33298482e+00  2.33607372e+00  3.08889730e-03  2.54959726e+00  2.55268583e+00  3.08857354e-03
8.00393540e-02  1.90441565e-04  2.46707099e-04  3.81579773e-04  2.13904786e-01  2.16612118e-01  2.70733176e-03  2.33308018e+00  2.33616909e+00  3.08891558e-03  2.54969262e+00  2.55278121e+00  3.08859183e-03
8.01795280e-02  1.90450308e-04  2.46718562e-04  3.81598058e-04  2.13904786e-01  2.16612118e-01  2.70733176e-03  2.33317553e+00  2.33626446e+00  3.08893387e-03  2.54978797e+00  2.55287658e+00  3.08861011e-03
8.03197020e-02  1.90459051e-04  2.46730025e-04  3.81616342e-04  2.13904786e-01  2.16612118e-01  2.70733176e-03  2.33327088e+00  2.33635983e+00  3.08895215e-03  2.54988332e+00  2.55297195e+00  3.08862840e-03
8.04598760e-02  1.90467794e-04  2.46741488e-04  3.81634626e-04  2.13904786e-01  2.16612118e-01  2.70733176e-03  2.33336622e+00  2.33645519e+00  3.08897044e-03  2.54997866e+00  2.55306731e+00  3.08864668e-03
8.06000500e-02  1.90476538e-04  2.46752952e-04  3.81652912e-04  2.13904786e-01  2.16612118e-01  2.70733176e-03  2.33346155e+00  2.33655054e+00  3.08898872e-03  2.55007399e+00  2.55316266e+00  3.08866497e-03
8.07402240e-02  1.90485280e-04  2.46764414e-04  3.81671194e-04  2.13904786e-01  2.16612118e-01  2.70733176e-03  2.33355688e+00  2.33664589e+00  3.08900700e-03  2.55016932e+00  2.55325801e+00  3.08868325e-03
8.08803980e-02  1.90494022e-04  2.46775875e-04  3.81689475e-04  2.13904786e-01  2.16612118e-01  2.70733176e-03  2.33365220e+00  2.33674123e+00  3.08902529e-03  2.55026465e+00  2.55335335e+00  3.08870153e-03
8.10205720e-02  1.90502764e-04  2.46787337e-04  3.81707757e-04  2.13904786e-01  2.16612118e-01  2.70733176e-03  2.33374752e+00  2.33683656e+00  3.08904357e-03  2.55035996e+00  2.55344868e+00  3.08871981e-03
8.11607460e-02  1.90511507e-04  2.46798800e-04  3.81726041e-04  2.13904786e-01  2.16612118e-01  2.70733176e-03  2.33384283e+00  2.33693189e+00  3.08906185e-03  2.55045527e+00  2.55354401e+00  3.08873810e-03
8.13009200e-02  1.90520249e-04  2.46810261e-04  3.81744322e-04  2.13904786e-01  2.16612118e-01  2.70733176e-03  2.33393813e+00  2.33702721e+00  3.08908013e-03  2.55055057e+00  2.55363933e+00  3.08875638e-03
8.14410940e-02  1.90528990e-04  2.46821722e-04  3.81762602e-04  2.13904786e-01  2.16612118e-01  2.70733176e-03  2.33403343e+00  2.33712253e+00  3.08909841e-03  2.55064587e+00  2.55373465e+00  3.08877466e-03
8.15812680e-02  1.90537732e-04  2.46833182e-04  3.81780881e-04  2.13904786e-01  2.16612118e-01  2.70733176e-03  2.33412872e+00  2.33721784e+00  3.08911669e-03  2.55074116e+00  2.55382996e+00  3.08879294e-03
8.17214420e-02  1.90546473e-04  2.46844643e-04  3.81799161e-04  2.13904786e-01  2.16612118e-01  2.70733176e-03  2.33422401e+00  2.33731314e+00  3.08913497e-03  2.55083645e+00  2.55392526e+00  3.08881122e-03
8.18616160e-02  1.90555214e-04  2.46856102e-04  3.81817439e-04  2.13904786e-01  2.16612118e-01  2.70733176e-03  2.33431929e+00  2.33740844e+00  3.08915325e-03  2.55093173e+00  2.55402056e+00  3.08882949e-03
8.20017900e-02  1.90563955e-04  2.46867563e-04  3.81835717e-04  2.13904786e-01  2.16612118e-01  2.70733176e-03  2.33441456e+00  2.33750373e+00  3.08917153e-03  2.55102700e+00  2.55411585e+00  3.08884777e-03
8.21419640e-02  1.90572697e-04  2.46879023e-04  3.81853996e-04  2.13904786e-01  2.16612118e-01  2.70733176e-03  2.33450983e+00  2.33759902e+00  3.08918981e-03  2.55112227e+00  2.55421113e+00  3.08886605e-03
8.22821380e-02  1.90581437e-04  2.46890482e-04  3.81872273e-04  2.13904786e-01  2.16612118e-01  2.70733176e-03  2.33460509e+00  2.33769429e+00  3.08920808e-03  2.55121753e+00  2.55430641e+00  3.08888433e-03
8.24223120e-02  1.90590177e-04  2.46901941e-04  3.81890549e-04  2.13904786e-01  2.16612118e-01  2.70733176e-03  2.33470034e+00  2.33778957e+00  3.08922636e-03  2.55131278e+00  2.55440169e+00  3.08890260e-03
8.25624860e-02  1.90598916e-04  2.46913399e-04  3.81908824e-04  2.13904786e-01  2.16612118e-01  2.70733176e-03  2.33479559e+00  2.33788483e+00  3.08924463e-03  2.55140803e+00  2.55449695e+00  3.08892088e-03
8.27026600e-02  1.90607657e-04  2.46924858e-04  3.81927100e-04  2.13904786e-01  2.16612118e-01  2.70733176e-03  2.33489083e+00  2.33798009e+00  3.08926291e-03  2.55150327e+00  2.55459221e+00  3.08893916e-03
8.28428340e-02  1.90616397e-04  2.46936318e-04  3.81945377e-04  2.13904786e-01  2.16612118e-01  2.70733176e-03  2.33498607e+00  2.33807535e+00  3.08928119e-03  2.55159851e+00  2.55468747e+00  3.08895743e-03
8.29830080e-02  1.90625136e-04  2.46947775e-04  3.81963650e-04  2.13904786e-01  2.16612118e-01  2.70733176e-03  2.33508130e+00  2.33817060e+00  3.08929946e-03  2.55169374e+00  2.55478271e+00  3.08897571e-03
8.31231820e-02  1.90633876e-04  2.46959232e-04  3.81981923e-04  2.13904786e-01  2.16612118e-01  2.70733176e-03  2.33517652e+00  2.33826584e+00  3.08931773e-03  2.55178896e+00  2.55487796e+00  3.08899398e-03
8.32633560e-02  1.90642615e-04  2.46970689e-04  3.82000196e-04  2.13904786e-01  2.16612118e-01  2.70733176e-03  2.33527174e+00  2.33836107e+00  3.08933601e-03  2.55188418e+00  2.55497319e+00  3.08901225e-03
8.34035300e-02  1.90651354e-04  2.46982146e-04  3.82018469e-04  2.13904786e-01  2.16612118e-01  2.70733176e-03  2.33536695e+00  2.33845630e+00  3.08935428e-03  2.55197939e+00  2.55506842e+00  3.08903052e-03
8.35437040e-02  1.90660092e-04  2.46993602e-04  3.82036739e-04  2.13904786e-01  2.16612118e-01  2.70733176e-03  2.33546215e+00  2.33855153e+00  3.08937255e-03  2.55207460e+00  2.55516364e+00  3.08904879e-03
8.36838780e-02  1.90668830e-04  2.47005058e-04  3.82055010e-04  2.13904786e-01  2.16612118e-01  2.70733176e-03  2.33555735e+00  2.33864674e+00  3.08939082e-03  2.55216979e+00  2.55525886e+00  3.08906707e-03
8.38240520e-02  1.90677568e-04  2.47016513e-04  3.82073280e-04  2.13904786e-01  2.16612118e-01  2.70733176e-03  2.33565255e+00  2.33874195e+00  3.08940909e-03  2.55226499e+00  2.55535407e+00  3.08908534e-03
8.39642260e-02  1.90686306e-04  2.47027970e-04  3.82091551e-04  2.13904786e-01  2.16612118e-01  2.70733176e-03  2.33574773e+00  2.33883716e+00  3.08942736e-03  2.55236017e+00  2.55544928e+00  3.08910361e-03
8.41044000e-02  1.90695044e-04  2.47039426e-04  3.82109821e-04  2.13904786e-01  2.16612118e-01  2.70733176e-03  2.33584291e+00  2.33893236e+00  3.08944563e-03  2.55245535e+00  2.55554448e+00  3.08912188e-03
8.42445740e-02  1.90703782e-04  2.47050881e-04  3.82128090e-04  2.13904786e-01  2.16612118e-01  2.70733176e-03  2.33593809e+00  2.33902755e+00  3.08946390e-03  2.55255053e+00  2.55563967e+00  3.08914015e-03
8.43847480e-02  1.90712519e-04  2.47062335e-04  3.82146358e-04  2.13904786e-01  2.16612118e-01  2.70733176e-03  2.33603325e+00  2.33912274e+00  3.08948217e-03  2.55264570e+00  2.55573485e+00  3.08915841e-03
8.45249220e-02  1.90721256e-04  2.47073789e-04  3.82164625e-04  2.13904786e-01  2.16612118e-01  2.70733176e-03  2.33612842e+00  2.33921792e+00  3.08950043e-03  2.55274086e+00  2.55583003e+00  3.08917668e-03
8.46650960e-02  1.90729993e-04  2.47085245e-04  3.82182893e-04  2.13904786e-01  2.16612118e-01  2.70733176e-03  2.33622357e+00  2.33931309e+00  3.08951870e-03  2.55283601e+00  2.55592521e+00  3.08919495e-03
8.48052700e-02  1.90738731e-04  2.47096699e-04  3.82201161e-04  2.13904786e-01  2.16612118e-01  2.70733176e-03  2.33631872e+00  2.33940826e+00  3.08953697e-03  2.55293116e+00  2.55602038e+00  3.08921322e-03
8.49454440e-02  1.90747466e-04  2.47108152e-04  3.82219425e-04  2.13904786e-01  2.16612118e-01  2.70733176e-03  2.33641387e+00  2.33950342e+00  3.08955523e-03  2.55302631e+00  2.55611554e+00  3.08923148e-03
8.50856180e-02  1.90756203e-04  2.47119605e-04  3.82237691e-04  2.13904786e-01  2.16612118e-01  2.70733176e-03  2.33650900e+00  2.33959858e+00  3.08957350e-03  2.55312144e+00  2.55621069e+00  3.08924975e-03
8.52257920e-02  1.90764938e-04  2.47131057e-04  3.82255954e-04  2.13904786e-01  2.16612118e-01  2.70733176e-03  2.33660413e+00  2.33969373e+00  3.08959176e-03  2.55321658e+00  2.55630584e+00  3.08926801e-03
8.53659660e-02  1.90773674e-04  2.47142510e-04  3.82274218e-04  2.13904786e-01  2.16612118e-01  2.70733176e-03  2.33669926e+00  2.33978887e+00  3.08961003e-03  2.55331170e+00  2.55640099e+00  3.08928627e-03
8.55061400e-02  1.90782410e-04  2.47153963e-04  3.82292483e-04  2.13904786e-01  2.16612118e-01  2.70733176e-03  2.33679438e+00  2.33988401e+00  3.08962829e-03  2.55340682e+00  2.55649612e+00  3.08930454e-03
8.56463140e-02  1.90791146e-04  2.47165416e-04  3.82310746e-04  2.13904786e-01  2.16612118e-01  2.70733176e-03  2.33688949e+00  2.33997914e+00  3.08964656e-03  2.55350193e+00  2.55659126e+00  3.08932280e-03
8.57864880e-02  1.90799881e-04  2.47176867e-04  3.82329008e-04  2.13904786e-01  2.16612118e-01  2.70733176e-03  2.33698460e+00  2.34007426e+00  3.08966482e-03  2.55359704e+00  2.55668638e+00  3.08934106e-03
8.59266620e-02  1.90808616e-04  2.47188318e-04  3.82347270e-04  2.13904786e-01  2.16612118e-01  2.70733176e-03  2.33707970e+00  2.34016938e+00  3.08968308e-03  2.55369214e+00  2.55678150e+00  3.08935933e-03
8.60668360e-02  1.90817351e-04  2.47199770e-04  3.82365531e-04  2.13904786e-01  2.16612118e-01  2.70733176e-03  2.33717479e+00  2.34026449e+00  3.08970134e-03  2.55378723e+00  2.55687661e+00  3.08937759e-03
8.62070100e-02  1.90826086e-04  2.47211221e-04  3.82383793e-04  2.13904786e-01  2.16612118e-01  2.70733176e-03  2.33726988e+00  2.34035960e+00  3.08971960e-03  2.55388232e+00  2.55697172e+00  3.08939585e-03
8.63471840e-02  1.90834819e-04  2.47222670e-04  3.82402051e-04  2.13904786e-01  2.16612118e-01  2.70733176e-03  2.33736496e+00  2.34045470e+00  3.08973786e-03  2.55397740e+00  2.55706682e+00  3.08941411e-03
8.64873580e-02  1.90843554e-04  2.47234121e-04  3.82420311e-04  2.13904786e-01  2.16612118e-01  2.70733176e-03  2.33746004e+00  2.34054980e+00  3.08975612e-03  2.55407248e+00  2.55716191e+00  3.08943237e-03
8.66275320e-02  1.90852288e-04  2.47245570e-04  3.82438569e-04  2.13904786e-01  2.16612118e-01  2.70733176e-03  2.33755511e+00  2.34064488e+00  3.08977438e-03  2.55416755e+00  2.55725700e+00  3.08945062e-03
8.67677060e-02  1.90861022e-04  2.47257020e-04  3.82456828e-04  2.13904786e-01  2.16612118e-01  2.70733176e-03  2.33765017e+00  2.34073997e+00  3.08979264e-03  2.55426261e+00  2.55735208e+00  3.08946888e-03
8.69078800e-02  1.90869755e-04  2.47268469e-04  3.82475085e-04  2.13904786e-01  2.16612118e-01  2.70733176e-03  2.33774523e+00  2.34083504e+00  3.08981089e-03  2.55435767e+00  2.55744716e+00  3.08948714e-03
8.70480540e-02  1.90878489e-04  2.47279919e-04  3.82493343e-04  2.13904786e-01  2.16612118e-01  2.70733176e-03  2.33784028e+00  2.34093011e+00  3.08982915e-03  2.55445272e+00  2.55754223e+00  3.08950540e-03
8.71882280e-02  1.90887221e-04  2.47291367e-04  3.82511598e-04  2.13904786e-01  2.16612118e-01  2.70733176e-03  2.33793533e+00  2.34102517e+00  3.08984741e-03  2.55454777e+00  2.55763729e+00  3.08952365e-03
8.73284020e-02  1.90895955e-04  2.47302816e-04  3.82529856e-04  2.13904786e-01  2.16612118e-01  2.70733176e-03  2.33803037e+00  2.34112023e+00  3.08986567e-03  2.55464281e+00  2.55773235e+00  3.08954191e-03
8.74685760e-02  1.90904687e-04  2.47314264e-04  3.82548111e-04  2.13904786e-01  2.16612118e-01  2.70733176e-03  2.33812540e+00  2.34121528e+00  3.08988392e-03  2.55473784e+00  2.55782740e+00  3.08956017e-03
8.76087500e-02  1.90913420e-04  2.47325713e-04  3.82566366e-04  2.13904786e-01  2.16612118e-01  2.70733176e-03  2.33822043e+00  2.34131033e+00  3.08990218e-03  2.55483287e+00  2.55792245e+00  3.08957842e-03
8.77489240e-02  1.90922153e-04  2.47337160e-04  3.82584620e-04  2.13904786e-01  2.16612118e-01  2.70733176e-03  2.33831545e+00  2.34140537e+00  3.08992043e-03  2.55492789e+00  2.55801748e+00  3.08959668e-03
8.78890980e-02  1.90930884e-04  2.47348607e-04  3.82602873e-04  2.13904786e-01  2.16612118e-01  2.70733176e-03  2.33841046e+00  2.34150040e+00  3.08993868e-03  2.55502290e+00  2.55811252e+00  3.08961493e-03
8.80292720e-02  1.90939616e-04  2.47360054e-04  3.82621127e-04  2.13904786e-01  2.16612118e-01  2.70733176e-03  2.33850547e+00  2.34159543e+00  3.08995694e-03  2.55511791e+00  2.55820754e+00  3.08963318e-03
8.81694460e-02  1.90948348e-04  2.47371501e-04  3.82639379e-04  2.13904786e-01  2.16612118e-01  2.70733176e-03  2.33860047e+00  2.34169045e+00  3.08997519e-03  2.55521291e+00  2.55830257e+00  3.08965143e-03
8.83096200e-02  1.90957079e-04  2.47382947e-04  3.82657631e-04  2.13904786e-01  2.16612118e-01  2.70733176e-03  2.33869547e+00  2.34178546e+00  3.08999344e-03  2.55530791e+00  2.55839758e+00  3.08966969e-03
8.84497940e-02  1.90965810e-04  2.47394393e-04  3.82675882e-04  2.13904786e-01  2.16612118e-01  2.70733176e-03  2.33879046e+00  2.34188047e+00  3.09001169e-03  2.55540290e+00  2.55849259e+00  3.08968794e-03
8.85899680e-02  1.90974541e-04  2.47405838e-04  3.82694132e-04  2.13904786e-01  2.16612118e-01  2.70733176e-03  2.33888544e+00  2.34197547e+00  3.09002994e-03  2.55549788e+00  2.55858759e+00  3.08970619e-03
8.87301420e-02  1.90983272e-04  2.47417283e-04  3.82712382e-04  2.13904786e-01  2.16612118e-01  2.70733176e-03  2.33898042e+00  2.34207047e+00  3.09004819e-03  2.55559286e+00  2.55868259e+00  3.08972444e-03
8.88703160e-02  1.90992003e-04  2.47428729e-04  3.82730632e-04  2.13904786e-01  2.16612118e-01  2.70733176e-03  2.33907539e+00  2.34216546e+00  3.09006644e-03  2.55568783e+00  2.55877758e+00  3.08974269e-03
8.90104900e-02  1.91000734e-04  2.47440175e-04  3.82748882e-04  2.13904786e-01  2.16612118e-01  2.70733176e-03  2.33917036e+00  2.34226044e+00  3.09008469e-03  2.55578280e+00  2.55887256e+00  3.08976094e-03
8.91506640e-02  1.91009463e-04  2.47451617e-04  3.82767128e-04  2.13904786e-01  2.16612118e-01  2.70733176e-03  2.33926532e+00  2.34235542e+00  3.09010294e-03  2.55587776e+00  2.55896754e+00  3.08977918e-03
8.92908380e-02  1.91018193e-04  2.47463062e-04  3.82785377e-04  2.13904786e-01  2.16612118e-01  2.70733176e-03  2.33936027e+00  2.34245039e+00  3.09012119e-03  2.55597271e+00  2.55906251e+00  3.08979743e-03
8.94310120e-02  1.91026923e-04  2.47474506e-04  3.82803624e-04  2.13904786e-01  2.16612118e-01  2.70733176e-03  2.33945522e+00  2.34254536e+00  3.09013943e-03  2.55606766e+00  2.55915748e+00  3.08981568e-03
8.95711860e-02  1.91035651e-04  2.47485948e-04  3.82821868e-04  2.13904786e-01  2.16612118e-01  2.70733176e-03  2.33955016e+00  2.34264032e+00  3.09015768e-03  2.55616260e+00  2.55925244e+00  3.08983392e-03
8.97113600e-02  1.91044381e-04  2.47497392e-04  3.82840115e-04  2.13904786e-01  2.16612118e-01  2.70733176e-03  2.33964510e+00  2.34273527e+00  3.09017593e-03  2.55625754e+00  2.55934739e+00  3.08985217e-03
8.98515340e-02  1.91053111e-04  2.47508835e-04  3.82858361e-04  2.13904786e-01  2.16612118e-01  2.70733176e-03  2.33974002e+00  2.34283022e+00  3.09019417e-03  2.55635247e+00  2.55944234e+00  3.08987042e-03
8.99917080e-02  1.91061839e-04  2.47520278e-04  3.82876605e-04  2.13904786e-01  2.16612118e-01  2.70733176e-03  2.33983495e+00  2.34292516e+00  3.09021241e-03  2.55644739e+00  2.55953728e+00  3.08988866e-03
9.01318820e-02  1.91070568e-04  2.47531720e-04  3.82894850e-04  2.13904786e-01  2.16612118e-01  2.70733176e-03  2.33992986e+00  2.34302010e+00  3.09023066e-03  2.55654231e+00  2.55963221e+00  3.08990691e-03
9.02720560e-02  1.91079297e-04  2.47543163e-04  3.82913095e-04  2.13904786e-01  2.16612118e-01  2.70733176e-03  2.34002478e+00  2.34311502e+00  3.09024890e-03  2.55663722e+00  2.55972714e+00  3.08992515e-03
9.04122300e-02  1.91088025e-04  2.47554604e-04  3.82931337e-04  2.13904786e-01  2.16612118e-01  2.70733176e-03  2.34011968e+00  2.34320995e+00  3.09026715e-03  2.55673212e+00  2.55982207e+00  3.08994339e-03
9.05524040e-02  1.91096753e-04  2.47566047e-04  3.82949580e-04  2.13904786e-01  2.16612118e-01  2.70733176e-03  2.34021458e+00  2.34330486e+00  3.09028539e-03  2.55682702e+00  2.55991698e+00  3.08996164e-03
9.06925780e-02  1.91105480e-04  2.47577486e-04  3.82967820e-04  2.13904786e-01  2.16612118e-01  2.70733176e-03  2.34030947e+00  2.34339977e+00  3.09030363e-03  2.55692191e+00  2.56001189e+00  3.08997988e-03
9.08327520e-02  1.91114208e-04  2.47588927e-04  3.82986062e-04  2.13904786e-01  2.16612118e-01  2.70733176e-03  2.34040436e+00  2.34349468e+00  3.09032187e-03  2.55701680e+00  2.56010680e+00  3.08999812e-03
9.09729260e-02  1.91122935e-04  2.47600368e-04  3.83004302e-04  2.13904786e-01  2.16612118e-01  2.70733176e-03  2.34049924e+00  2.34358958e+00  3.09034011e-03  2.55711168e+00  2.56020170e+00  3.09001636e-03
9.11131000e-02  1.91131664e-04  2.47611810e-04  3.83022544e-04  2.13904786e-01  2.16612118e-01  2.70733176e-03  2.34059411e+00  2.34368447e+00  3.09035835e-03  2.55720655e+00  2.56029659e+00  3.09003460e-03
9.12532740e-02  1.91140390e-04  2.47623248e-04  3.83040782e-04  2.13904786e-01  2.16612118e-01  2.70733176e-03  2.34068898e+00  2.34377936e+00  3.09037659e-03  2.55730142e+00  2.56039147e+00  3.09005284e-03
9.13934480e-02  1.91149116e-04  2.47634688e-04  3.83059021e-04  2.13904786e-01  2.16612118e-01  2.70733176e-03  2.34078384e+00  2.34387424e+00  3.09039483e-03  2.55739628e+00  2.56048635e+00  3.09007108e-03
9.15336220e-02  1.91157844e-04  2.47646128e-04  3.83077260e-04  2.13904786e-01  2.16612118e-01  2.70733176e-03  2.34087870e+00  2.34396911e+00  3.09041307e-03  2.55749114e+00  2.56058123e+00  3.09008932e-03
9.16737960e-02  1.91166569e-04  2.47657566e-04  3.83095497e-04  2.13904786e-01  2.16612118e-01  2.70733176e-03  2.34097355e+00  2.34406398e+00  3.09043131e-03  2.55758599e+00  2.56067610e+00  3.09010755e-03
9.18139700e-02  1.91175295e-04  2.47669005e-04  3.83113734e-04  2.13904786e-01  2.16612118e-01  2.70733176e-03  2.34106839e+00  2.34415884e+00  3.09044954e-03  2.55768083e+00  2.56077096e+00  3.09012579e-03
9.19541440e-02  1.91184022e-04  2.47680444e-04  3.83131972e-04  2.13904786e-01  2.16612118e-01  2.70733176e-03  2.34116323e+00  2.34425370e+00  3.09046778e-03  2.55777567e+00  2.56086581e+00  3.09014403e-03
9.20943180e-02  1.91192747e-04  2.47691881e-04  3.83150207e-04  2.13904786e-01  2.16612118e-01  2.70733176e-03  2.34125806e+00  2.34434855e+00  3.09048602e-03  2.55787050e+00  2.56096066e+00  3.09016226e-03
9.22344920e-02  1.91201472e-04  2.47703319e-04  3.83168442e-04  2.13904786e-01  2.16612118e-01  2.70733176e-03  2.34135289e+00  2.34444339e+00  3.09050425e-03  2.55796533e+00  2.56105551e+00  3.09018050e-03
9.23746660e-02  1.91210197e-04  2.47714756e-04  3.83186676e-04  2.13904786e-01  2.16612118e-01  2.70733176e-03  2.34144771e+00  2.34453823e+00  3.09052249e-03  2.55806015e+00  2.56115035e+00  3.09019873e-03
9.25148400e-02  1.91218922e-04  2.47726193e-04  3.83204909e-04  2.13904786e-01  2.16612118e-01  2.70733176e-03  2.34154252e+00  2.34463306e+00  3.09054072e-03  2.55815496e+00  2.56124518e+00  3.09021697e-03
9.26550140e-02  1.91227647e-04  2.47737631e-04  3.83223144e-04  2.13904786e-01  2.16612118e-01  2.70733176e-03  2.34163733e+00  2.34472789e+00  3.09055895e-03  2.55824977e+00  2.56134000e+00  3.09023520e-03
9.27951880e-02  1.91236372e-04  2.47749068e-04  3.83241378e-04  2.13904786e-01  2.16612118e-01  2.70733176e-03  2.34173213e+00  2.34482270e+00  3.09057719e-03  2.55834457e+00  2.56143482e+00  3.09025343e-03
9.29353620e-02  1.91245096e-04  2.47760502e-04  3.83259608e-04  2.13904786e-01  2.16612118e-01  2.70733176e-03  2.34182692e+00  2.34491752e+00  3.09059542e-03  2.55843936e+00  2.56152964e+00  3.09027166e-03
9.30755360e-02  1.91253820e-04  2.47771938e-04  3.83277840e-04  2.13904786e-01  2.16612118e-01  2.70733176e-03  2.34192171e+00  2.34501232e+00  3.09061365e-03  2.55853415e+00  2.56162444e+00  3.09028990e-03
9.32157100e-02  1.91262545e-04  2.47783375e-04  3.83296073e-04  2.13904786e-01  2.16612118e-01  2.70733176e-03  2.34201649e+00  2.34510713e+00  3.09063188e-03  2.55862894e+00  2.56171924e+00  3.09030813e-03
9.33558840e-02  1.91271269e-04  2.47794811e-04  3.83314304e-04  2.13904786e-01  2.16612118e-01  2.70733176e-03  2.34211127e+00  2.34520192e+00  3.09065011e-03  2.55872371e+00  2.56181404e+00  3.09032636e-03
9.34960580e-02  1.91279991e-04  2.47806244e-04  3.83332532e-04  2.13904786e-01  2.16612118e-01  2.70733176e-03  2.34220604e+00  2.34529671e+00  3.09066834e-03  2.55881848e+00  2.56190883e+00  3.09034459e-03
9.36362320e-02  1.91288715e-04  2.47817680e-04  3.83350762e-04  2.13904786e-01  2.16612118e-01  2.70733176e-03  2.34230081e+00  2.34539149e+00  3.09068657e-03  2.55891325e+00  2.56200361e+00  3.09036282e-03
9.37764060e-02  1.91297438e-04  2.47829114e-04  3.83368991e-04  2.13904786e-01  2.16612118e-01  2.70733176e-03  2.34239556e+00  2.34548627e+00  3.09070480e-03  2.55900801e+00  2.56209839e+00  3.09038105e-03
9.39165800e-02  1.91306161e-04  2.47840548e-04  3.83387219e-04  2.13904786e-01  2.16612118e-01  2.70733176e-03  2.34249032e+00  2.34558104e+00  3.09072303e-03  2.55910276e+00  2.56219316e+00  3.09039927e-03
9.40567540e-02  1.91314884e-04  2.47851982e-04  3.83405447e-04  2.13904786e-01  2.16612118e-01  2.70733176e-03  2.34258506e+00  2.34567581e+00  3.09074126e-03  2.55919751e+00  2.56228792e+00  3.09041750e-03
9.41969280e-02  1.91323605e-04  2.47863414e-04  3.83423672e-04  2.13904786e-01  2.16612118e-01  2.70733176e-03  2.34267980e+00  2.34577056e+00  3.09075948e-03  2.55929225e+00  2.56238268e+00  3.09043573e-03
9.43371020e-02  1.91332328e-04  2.47874847e-04  3.83441899e-04  2.13904786e-01  2.16612118e-01  2.70733176e-03  2.34277454e+00  2.34586532e+00  3.09077771e-03  2.55938698e+00  2.56247743e+00  3.09045395e-03
9.44772760e-02  1.91341051e-04  2.47886283e-04  3.83460128e-04  2.13904786e-01  2.16612118e-01  2.70733176e-03  2.34286927e+00  2.34596006e+00  3.09079594e-03  2.55948171e+00  2.56257218e+00  3.09047218e-03
9.46174500e-02  1.91349772e-04  2.47897713e-04  3.83478351e-04  2.13904786e-01  2.16612118e-01  2.70733176e-03  2.34296399e+00  2.34605480e+00  3.09081416e-03  2.55957643e+00  2.56266692e+00  3.09049041e-03
9.47576240e-02  1.91358493e-04  2.47909146e-04  3.83496576e-04  2.13904786e-01  2.16612118e-01  2.70733176e-03  2.34305871e+00  2.34614954e+00  3.09083239e-03  2.55967115e+00  2.56276166e+00  3.09050863e-03
9.48977980e-02  1.91367215e-04  2.47920577e-04  3.83514799e-04  2.13904786e-01  2.16612118e-01  2.70733176e-03  2.34315342e+00  2.34624427e+00  3.09085061e-03  2.55976586e+00  2.56285638e+00  3.09052686e-03
9.50379720e-02  1.91375936e-04  2.47932010e-04  3.83533024e-04  2.13904786e-01  2.16612118e-01  2.70733176e-03  2.34324812e+00  2.34633899e+00  3.09086883e-03  2.55986056e+00  2.56295111e+00  3.09054508e-03
9.51781460e-02  1.91384657e-04  2.47943440e-04  3.83551246e-04  2.13904786e-01  2.16612118e-01  2.70733176e-03  2.34334282e+00  2.34643370e+00  3.09088706e-03  2.55995526e+00  2.56304582e+00  3.09056330e-03
9.53183200e-02  1.91393377e-04  2.47954871e-04  3.83569467e-04  2.13904786e-01  2.16612118e-01  2.70733176e-03  2.34343751e+00  2.34652841e+00  3.09090528e-03  2.56004995e+00  2.56314053e+00  3.09058152e-03
9.54584940e-02  1.91402098e-04  2.47966302e-04  3.83587690e-04  2.13904786e-01  2.16612118e-01  2.70733176e-03  2.34353219e+00  2.34662312e+00  3.09092350e-03  2.56014464e+00  2.56323524e+00  3.09059975e-03
9.55986680e-02  1.91410817e-04  2.47977732e-04  3.83605910e-04  2.13904786e-01  2.16612118e-01  2.70733176e-03  2.34362687e+00  2.34671782e+00  3.09094172e-03  2.56023932e+00  2.56332993e+00  3.09061797e-03
9.57388420e-02  1.91419538e-04  2.47989163e-04  3.83624132e-04  2.13904786e-01  2.16612118e-01  2.70733176e-03  2.34372155e+00  2.34681251e+00  3.09095994e-03  2.56033399e+00  2.56342463e+00  3.09063619e-03
9.58790160e-02  1.91428258e-04  2.48000592e-04  3.83642351e-04  2.13904786e-01  2.16612118e-01  2.70733176e-03  2.34381622e+00  2.34690719e+00  3.09097816e-03  2.56042866e+00  2.56351931e+00  3.09065441e-03
9.60191900e-02  1.91436977e-04  2.48012021e-04  3.83660569e-04  2.13904786e-01  2.16612118e-01  2.70733176e-03  2.34391088e+00  2.34700187e+00  3.09099638e-03  2.56052332e+00  2.56361399e+00  3.09067263e-03
9.61593640e-02  1.91445697e-04  2.48023451e-04  3.83678790e-04  2.13904786e-01  2.16612118e-01  2.70733176e-03  2.34400553e+00  2.34709655e+00  3.09101460e-03  2.56061797e+00  2.56370867e+00  3.09069085e-03
9.62995380e-02  1.91454416e-04  2.48034880e-04  3.83697008e-04  2.13904786e-01  2.16612118e-01  2.70733176e-03  2.34410018e+00  2.34719122e+00  3.09103282e-03  2.56071262e+00  2.56380333e+00  3.09070906e-03
9.64397120e-02  1.91463135e-04  2.48046308e-04  3.83715225e-04  2.13904786e-01  2.16612118e-01  2.70733176e-03  2.34419483e+00  2.34728588e+00  3.09105103e-03  2.56080727e+00  2.56389799e+00  3.09072728e-03
9.65798860e-02  1.91471854e-04  2.48057736e-04  3.83733442e-04  2.13904786e-01  2.16612118e-01  2.70733176e-03  2.34428946e+00  2.34738053e+00  3.09106925e-03  2.56090190e+00  2.56399265e+00  3.09074550e-03
9.67200600e-02  1.91480572e-04  2.48069163e-04  3.83751657e-04  2.13904786e-01  2.16612118e-01  2.70733176e-03  2.34438409e+00  2.34747518e+00  3.09108747e-03  2.56099654e+00  2.56408730e+00  3.09076371e-03
9.68602340e-02  1.91489291e-04  2.48080593e-04  3.83769875e-04  2.13904786e-01  2.16612118e-01  2.70733176e-03  2.34447872e+00  2.34756983e+00  3.09110569e-03  2.56109116e+00  2.56418194e+00  3.09078193e-03
9.70004080e-02  1.91498009e-04  2.48092020e-04  3.83788090e-04  2.13904786e-01  2.16612118e-01  2.70733176e-03  2.34457334e+00  2.34766446e+00  3.09112390e-03  2.56118578e+00  2.56427658e+00  3.09080015e-03
9.71405820e-02  1.91506727e-04  2.48103447e-04  3.83806305e-04  2.13904786e-01  2.16612118e-01  2.70733176e-03  2.34466795e+00  2.34775909e+00  3.09114211e-03  2.56128039e+00  2.56437121e+00  3.09081836e-03
9.72807560e-02  1.91515444e-04  2.48114872e-04  3.83824517e-04  2.13904786e-01  2.16612118e-01  2.70733176e-03  2.34476256e+00  2.34785372e+00  3.09116033e-03  2.56137500e+00  2.56446584e+00  3.09083657e-03
9.74209300e-02  1.91524161e-04  2.48126298e-04  3.83842730e-04  2.13904786e-01  2.16612118e-01  2.70733176e-03  2.34485716e+00  2.34794834e+00  3.09117854e-03  2.56146960e+00  2.56456046e+00  3.09085479e-03
9.75611040e-02  1.91532879e-04  2.48137725e-04  3.83860944e-04  2.13904786e-01  2.16612118e-01  2.70733176e-03  2.34495176e+00  2.34804295e+00  3.09119675e-03  2.56156420e+00  2.56465507e+00  3.09087300e-03
9.77012780e-02  1.91541596e-04  2.48149151e-04  3.83879157e-04  2.13904786e-01  2.16612118e-01  2.70733176e-03  2.34504634e+00  2.34813756e+00  3.09121497e-03  2.56165879e+00  2.56474968e+00  3.09089121e-03
9.78414520e-02  1.91550313e-04  2.48160576e-04  3.83897368e-04  2.13904786e-01  2.16612118e-01  2.70733176e-03  2.34514093e+00  2.34823216e+00  3.09123318e-03  2.56175337e+00  2.56484428e+00  3.09090942e-03
9.79816260e-02  1.91559029e-04  2.48172001e-04  3.83915578e-04  2.13904786e-01  2.16612118e-01  2.70733176e-03  2.34523550e+00  2.34832676e+00  3.09125139e-03  2.56184795e+00  2.56493887e+00  3.09092763e-03
9.81218000e-02  1.91567744e-04  2.48183424e-04  3.83933787e-04  2.13904786e-01  2.16612118e-01  2.70733176e-03  2.34533008e+00  2.34842134e+00  3.09126960e-03  2.56194252e+00  2.56503346e+00  3.09094584e-03
9.82619740e-02  1.91576461e-04  2.48194850e-04  3.83951998e-04  2.13904786e-01  2.16612118e-01  2.70733176e-03  2.34542464e+00  2.34851593e+00  3.09128781e-03  2.56203708e+00  2.56512805e+00  3.09096405e-03
9.84021480e-02  1.91585177e-04  2.48206274e-04  3.83970207e-04  2.13904786e-01  2.16612118e-01  2.70733176e-03  2.34551920e+00  2.34861050e+00  3.09130602e-03  2.56213164e+00  2.56522262e+00  3.09098226e-03
9.85423220e-02  1.91593893e-04  2.48217699e-04  3.83988417e-04  2.13904786e-01  2.16612118e-01  2.70733176e-03  2.34561375e+00  2.34870508e+00  3.09132423e-03  2.56222619e+00  2.56531719e+00  3.09100047e-03
9.86824960e-02  1.91602608e-04  2.48229120e-04  3.84006622e-04  2.13904786e-01  2.16612118e-01  2.70733176e-03  2.34570830e+00  2.34879964e+00  3.09134243e-03  2.56232074e+00  2.56541176e+00  3.09101868e-03
9.88226700e-02  1.91611323e-04  2.48240544e-04  3.84024830e-04  2.13904786e-01  2.16612118e-01  2.70733176e-03  2.34580284e+00  2.34889420e+00  3.09136064e-03  2.56241528e+00  2.56550632e+00  3.09103689e-03
9.89628440e-02  1.91620039e-04  2.48251968e-04  3.84043039e-04  2.13904786e-01  2.16612118e-01  2.70733176e-03  2.34589737e+00  2.34898875e+00  3.09137885e-03  2.56250981e+00  2.56560087e+00  3.09105509e-03
9.91030180e-02  1.91628753e-04  2.48263390e-04  3.84061244e-04  2.13904786e-01  2.16612118e-01  2.70733176e-03  2.34599190e+00  2.34908330e+00  3.09139705e-03  2.56260434e+00  2.56569542e+00  3.09107330e-03
9.92431920e-02  1.91637468e-04  2.48274813e-04  3.84079450e-04  2.13904786e-01  2.16612118e-01  2.70733176e-03  2.34608642e+00  2.34917784e+00  3.09141526e-03  2.56269887e+00  2.56578996e+00  3.09109151e-03
9.93833660e-02  1.91646182e-04  2.48286233e-04  3.84097653e-04  2.13904786e-01  2.16612118e-01  2.70733176e-03  2.34618094e+00  2.34927237e+00  3.09143346e-03  2.56279338e+00  2.56588449e+00  3.09110971e-03
9.95235400e-02  1.91654896e-04  2.48297655e-04  3.84115859e-04  2.13904786e-01  2.16612118e-01  2.70733176e-03  2.34627545e+00  2.34936690e+00  3.09145167e-03  2.56288789e+00  2.56597902e+00  3.09112791e-03
9.96637140e-02  1.91663611e-04  2.48309078e-04  3.84134064e-04  2.13904786e-01  2.16612118e-01  2.70733176e-03  2.34636996e+00  2.34946143e+00  3.09146987e-03  2.56298240e+00  2.56607354e+00  3.09114612e-03
9.98038880e-02  1.91672324e-04  2.48320499e-04  3.84152267e-04  2.13904786e-01  2.16612118e-01  2.70733176e-03  2.34646446e+00  2.34955594e+00  3.09148808e-03  2.56307690e+00  2.56616806e+00  3.09116432e-03
9.99440620e-02  1.91681037e-04  2.48331918e-04  3.84170468e-04  2.13904786e-01  2.16612118e-01  2.70733176e-03  2.34655895e+00  2.34965045e+00  3.09150628e-03  2.56317139e+00  2.56626257e+00  3.09118252e-03
1.00084236e-01  1.91689751e-04  2.48343340e-04  3.84188671e-04  2.13904786e-01  2.16612118e-01  2.70733176e-03  2.34665343e+00  2.34974496e+00  3.09152448e-03  2.56326588e+00  2.56635708e+00  3.09120073e-03
1.00224410e-01  1.91698464e-04  2.48354760e-04  3.84206872e-04  2.13904786e-01  2.16612118e-01  2.70733176e-03  2.34674791e+00  2.34983946e+00  3.09154268e-03  2.56336036e+00  2.56645157e+00  3.09121893e-03
1.00364584e-01  1.91707176e-04  2.48366179e-04  3.84225072e-04  2.13904786e-01  2.16612118e-01  2.70733176e-03  2.34684239e+00  2.34993395e+00  3.09156088e-03  2.56345483e+00  2.56654607e+00  3.09123713e-03
1.00504758e-01  1.91715889e-04  2.48377599e-04  3.84243273e-04  2.13904786e-01  2.16612118e-01  2.70733176e-03  2.34693686e+00  2.35002844e+00  3.09157908e-03  2.56354930e+00  2.56664055e+00  3.09125533e-03
1.00644932e-01  1.91724601e-04  2.48389017e-04  3.84261471e-04  2.13904786e-01  2.16612118e-01  2.70733176e-03  2.34703132e+00  2.35012292e+00  3.09159728e-03  2.56364376e+00  2.56673503e+00  3.09127353e-03
1.00785106e-01  1.91733314e-04  2.48400438e-04  3.84279673e-04  2.13904786e-01  2.16612118e-01  2.70733176e-03  2.34712578e+00  2.35021739e+00  3.09161548e-03  2.56373822e+00  2.56682951e+00  3.09129173e-03
1.00925280e-01  1.91742025e-04  2.48411855e-04  3.84297870e-04  2.13904786e-01  2.16612118e-01  2.70733176e-03  2.34722023e+00  2.35031186e+00  3.09163368e-03  2.56383267e+00  2.56692398e+00  3.09130993e-03
1.01065454e-01  1.91750736e-04  2.48423272e-04  3.84316066e-04  2.13904786e-01  2.16612118e-01  2.70733176e-03  2.34731467e+00  2.35040632e+00  3.09165188e-03  2.56392711e+00  2.56701844e+00  3.09132812e-03
1.01205628e-01  1.91759449e-04  2.48434691e-04  3.84334265e-04  2.13904786e-01  2.16612118e-01  2.70733176e-03  2.34740911e+00  2.35050078e+00  3.09167008e-03  2.56402155e+00  2.56711290e+00  3.09134632e-03
1.01345802e-01  1.91768159e-04  2.48446108e-04  3.84352461e-04  2.13904786e-01  2.16612118e-01  2.70733176e-03  2.34750354e+00  2.35059523e+00  3.09168827e-03  2.56411598e+00  2.56720735e+00  3.09136452e-03
1.01485976e-01  1.91776871e-04  2.48457526e-04  3.84370658e-04  2.13904786e-01  2.16612118e-01  2.70733176e-03  2.34759797e+00  2.35068967e+00  3.09170647e-03  2.56421041e+00  2.56730179e+00  3.09138271e-03
1.01626150e-01  1.91785581e-04  2.48468942e-04  3.84388852e-04  2.13904786e-01  2.16612118e-01  2.70733176e-03  2.34769239e+00  2.35078411e+00  3.09172466e-03  2.56430483e+00  2.56739623e+00  3.09140091e-03
1.01766324e-01  1.91794292e-04  2.48480359e-04  3.84407048e-04  2.13904786e-01  2.16612118e-01  2.70733176e-03  2.34778680e+00  2.35087855e+00  3.09174286e-03  2.56439924e+00  2.56749066e+00  3.09141910e-03
1.01906498e-01  1.91803004e-04  2.48491777e-04  3.84425244e-04  2.13904786e-01  2.16612118e-01  2.70733176e-03  2.34788121e+00  2.35097297e+00  3.09176105e-03  2.56449365e+00  2.56758509e+00  3.09143730e-03
1.02046672e-01  1.91811712e-04  2.48503191e-04  3.84443435e-04  2.13904786e-01  2.16612118e-01  2.70733176e-03  2.34797561e+00  2.35106739e+00  3.09177924e-03  2.56458805e+00  2.56767951e+00  3.09145549e-03
1.02186846e-01  1.91820423e-04  2.48514607e-04  3.84461628e-04  2.13904786e-01  2.16612118e-01  2.70733176e-03  2.34807001e+00  2.35116181e+00  3.09179744e-03  2.56468245e+00  2.56777392e+00  3.09147368e-03
1.02327020e-01  1.91829132e-04  2.48526022e-04  3.84479820e-04  2.13904786e-01  2.16612118e-01  2.70733176e-03  2.34816440e+00  2.35125622e+00  3.09181563e-03  2.56477684e+00  2.56786833e+00  3.09149188e-03
1.02467194e-01  1.91837842e-04  2.48537437e-04  3.84498012e-04  2.13904786e-01  2.16612118e-01  2.70733176e-03  2.34825878e+00  2.35135062e+00  3.09183382e-03  2.56487123e+00  2.56796274e+00  3.09151007e-03
1.02607368e-01  1.91846551e-04  2.48548852e-04  3.84516203e-04  2.13904786e-01  2.16612118e-01  2.70733176e-03  2.34835316e+00  2.35144501e+00  3.09185201e-03  2.56496560e+00  2.56805713e+00  3.09152826e-03
1.02747542e-01  1.91855260e-04  2.48560266e-04  3.84534394e-04  2.13904786e-01  2.16612118e-01  2.70733176e-03  2.34844753e+00  2.35153940e+00  3.09187020e-03  2.56505998e+00  2.56815152e+00  3.09154645e-03
1.02887716e-01  1.91863969e-04  2.48571681e-04  3.84552584e-04  2.13904786e-01  2.16612118e-01  2.70733176e-03  2.34854190e+00  2.35163379e+00  3.09188839e-03  2.56515434e+00  2.56824591e+00  3.09156464e-03
1.03027890e-01  1.91872677e-04  2.48583094e-04  3.84570774e-04  2.13904786e-01  2.16612118e-01  2.70733176e-03  2.34863626e+00  2.35172817e+00  3.09190658e-03  2.56524870e+00  2.56834029e+00  3.09158283e-03
1.03168064e-01  1.91881387e-04  2.48594509e-04  3.84588964e-04  2.13904786e-01  2.16612118e-01  2.70733176e-03  2.34873062e+00  2.35182254e+00  3.09192477e-03  2.56534306e+00  2.56843466e+00  3.09160102e-03
1.03308238e-01  1.91890095e-04  2.48605922e-04  3.84607152e-04  2.13904786e-01  2.16612118e-01  2.70733176e-03  2.34882496e+00  2.35191691e+00  3.09194296e-03  2.56543741e+00  2.56852902e+00  3.09161921e-03
1.03448412e-01  1.91898802e-04  2.48617334e-04  3.84625338e-04  2.13904786e-01  2.16612118e-01  2.70733176e-03  2.34891931e+00  2.35201127e+00  3.09196115e-03  2.56553175e+00  2.56862339e+00  3.09163739e-03
1.03588586e-01  1.91907510e-04  2.48628747e-04  3.84643525e-04  2.13904786e-01  2.16612118e-01  2.70733176e-03  2.34901364e+00  2.35210562e+00  3.09197934e-03  2.56562608e+00  2.56871774e+00  3.09165558e-03
1.03728760e-01  1.91916217e-04  2.48640158e-04  3.84661711e-04  2.13904786e-01  2.16612118e-01  2.70733176e-03  2.34910797e+00  2.35219997e+00  3.09199752e-03  2.56572041e+00  2.56881209e+00  3.09167377e-03
1.03868934e-01  1.91924924e-04  2.48651570e-04  3.84679897e-04  2.13904786e-01  2.16612118e-01  2.70733176e-03  2.34920230e+00  2.35229431e+00  3.09201571e-03  2.56581474e+00  2.56890643e+00  3.09169195e-03
1.04009108e-01  1.91933631e-04  2.48662982e-04  3.84698082e-04  2.13904786e-01  2.16612118e-01  2.70733176e-03  2.34929662e+00  2.35238865e+00  3.09203389e-03  2.56590906e+00  2.56900077e+00  3.09171014e-03
1.04149282e-01  1.91942338e-04  2.48674393e-04  3.84716267e-04  2.13904786e-01  2.16612118e-01  2.70733176e-03  2.34939093e+00  2.35248298e+00  3.09205208e-03  2.56600337e+00  2.56909510e+00  3.09172832e-03
1.04289456e-01  1.91951045e-04  2.48685805e-04  3.84734452e-04  2.13904786e-01  2.16612118e-01  2.70733176e-03  2.34948523e+00  2.35257730e+00  3.09207026e-03  2.56609768e+00  2.56918942e+00  3.09174651e-03
1.04429630e-01  1.91959750e-04  2.48697214e-04  3.84752633e-04  2.13904786e-01  2.16612118e-01  2.70733176e-03  2.34957953e+00  2.35267162e+00  3.09208844e-03  2.56619198e+00  2.56928374e+00  3.09176469e-03
1.04569804e-01  1.91968457e-04  2.48708625e-04  3.84770817e-04  2.13904786e-01  2.16612118e-01  2.70733176e-03  2.34967383e+00  2.35276594e+00  3.09210663e-03  2.56628627e+00  2.56937805e+00  3.09178287e-03
1.04709978e-01  1.91977164e-04  2.48720036e-04  3.84789000e-04  2.13904786e-01  2.16612118e-01  2.70733176e-03  2.34976812e+00  2.35286024e+00  3.09212481e-03  2.56638056e+00  2.56947236e+00  3.09180106e-03
1.04850152e-01  1.91985868e-04  2.48731444e-04  3.84807179e-04  2.13904786e-01  2.16612118e-01  2.70733176e-03  2.34986240e+00  2.35295454e+00  3.09214299e-03  2.56647484e+00  2.56956666e+00  3.09181924e-03
1.04990326e-01  1.91994575e-04  2.48742855e-04  3.84825363e-04  2.13904786e-01  2.16612118e-01  2.70733176e-03  2.34995668e+00  2.35304884e+00  3.09216117e-03  2.56656912e+00  2.56966096e+00  3.09183742e-03
1.05130500e-01  1.92003279e-04  2.48754263e-04  3.84843542e-04  2.13904786e-01  2.16612118e-01  2.70733176e-03  2.35005095e+00  2.35314313e+00  3.09217935e-03  2.56666339e+00  2.56975524e+00  3.09185560e-03
1.05270674e-01  1.92011984e-04  2.48765672e-04  3.84861722e-04  2.13904786e-01  2.16612118e-01  2.70733176e-03  2.35014521e+00  2.35323741e+00  3.09219753e-03  2.56675765e+00  2.56984953e+00  3.09187378e-03
1.05410848e-01  1.92020690e-04  2.48777081e-04  3.84879902e-04  2.13904786e-01  2.16612118e-01  2.70733176e-03  2.35023947e+00  2.35333169e+00  3.09221571e-03  2.56685191e+00  2.56994380e+00  3.09189196e-03
1.05551022e-01  1.92029393e-04  2.48788487e-04  3.84898078e-04  2.13904786e-01  2.16612118e-01  2.70733176e-03  2.35033372e+00  2.35342596e+00  3.09223389e-03  2.56694616e+00  2.57003807e+00  3.09191013e-03
1.05691196e-01  1.92038098e-04  2.48799896e-04  3.84916258e-04  2.13904786e-01  2.16612118e-01  2.70733176e-03  2.35042797e+00  2.35352022e+00  3.09225207e-03  2.56704041e+00  2.57013234e+00  3.09192831e-03
1.05831370e-01  1.92046803e-04  2.48811304e-04  3.84934435e-04  2.13904786e-01  2.16612118e-01  2.70733176e-03  2.35052221e+00  2.35361448e+00  3.09227025e-03  2.56713465e+00  2.57022660e+00  3.09194649e-03
1.05971544e-01  1.92055506e-04  2.48822710e-04  3.84952612e-04  2.13904786e-01  2.16612118e-01  2.70733176e-03  2.35061644e+00  2.35370873e+00  3.09228842e-03  2.56722889e+00  2.57032085e+00  3.09196467e-03
1.06111718e-01  1.92064210e-04  2.48834118e-04  3.84970788e-04  2.13904786e-01  2.16612118e-01  2.70733176e-03  2.35071067e+00  2.35380298e+00  3.09230660e-03  2.56732311e+00  2.57041510e+00  3.09198284e-03
1.06251892e-01  1.92072913e-04  2.48845524e-04  3.84988963e-04  2.13904786e-01  2.16612118e-01  2.70733176e-03  2.35080490e+00  2.35389722e+00  3.09232477e-03  2.56741734e+00  2.57050934e+00  3.09200102e-03
1.06392066e-01  1.92081617e-04  2.48856930e-04  3.85007139e-04  2.13904786e-01  2.16612118e-01  2.70733176e-03  2.35089911e+00  2.35399146e+00  3.09234295e-03  2.56751155e+00  2.57060357e+00  3.09201919e-03
1.06532240e-01  1.92090320e-04  2.48868337e-04  3.85025314e-04  2.13904786e-01  2.16612118e-01  2.70733176e-03  2.35099332e+00  2.35408568e+00  3.09236112e-03  2.56760576e+00  2.57069780e+00  3.09203737e-03
1.06672414e-01  1.92099022e-04  2.48879741e-04  3.85043486e-04  2.13904786e-01  2.16612118e-01  2.70733176e-03  2.35108753e+00  2.35417991e+00  3.09237930e-03  2.56769997e+00  2.57079202e+00  3.09205554e-03
1.06812588e-01  1.92107725e-04  2.48891147e-04  3.85061660e-04  2.13904786e-01  2.16612118e-01  2.70733176e-03  2.35118173e+00  2.35427412e+00  3.09239747e-03  2.56779417e+00  2.57088624e+00  3.09207372e-03
1.06952762e-01  1.92116428e-04  2.48902552e-04  3.85079833e-04  2.13904786e-01  2.16612118e-01  2.70733176e-03  2.35127592e+00  2.35436834e+00  3.09241564e-03  2.56788836e+00  2.57098045e+00  3.09209189e-03
1.07092936e-01  1.92125130e-04  2.48913957e-04  3.85098005e-04  2.13904786e-01  2.16612118e-01  2.70733176e-03  2.35137011e+00  2.35446254e+00  3.09243381e-03  2.56798255e+00  2.57107466e+00  3.09211006e-03
1.07233110e-01  1.92133832e-04  2.48925361e-04  3.85116176e-04  2.13904786e-01  2.16612118e-01  2.70733176e-03  2.35146429e+00  2.35455674e+00  3.09245199e-03  2.56807673e+00  2.57116886e+00  3.09212823e-03
1.07373284e-01  1.92142533e-04  2.48936765e-04  3.85134347e-04  2.13904786e-01  2.16612118e-01  2.70733176e-03  2.35155846e+00  2.35465093e+00  3.09247016e-03  2.56817090e+00  2.57126305e+00  3.09214640e-03
1.07513458e-01  1.92151235e-04  2.48948169e-04  3.85152517e-04  2.13904786e-01  2.16612118e-01  2.70733176e-03  2.35165263e+00  2.35474512e+00  3.09248833e-03  2.56826507e+00  2.57135724e+00  3.09216457e-03
1.07653632e-01  1.92159936e-04  2.48959571e-04  3.85170686e-04  2.13904786e-01  2.16612118e-01  2.70733176e-03  2.35174679e+00  2.35483930e+00  3.09250650e-03  2.56835924e+00  2.57145142e+00  3.09218274e-03
1.07793806e-01  1.92168637e-04  2.48970975e-04  3.85188855e-04  2.13904786e-01  2.16612118e-01  2.70733176e-03  2.35184095e+00  2.35493348e+00  3.09252467e-03  2.56845339e+00  2.57154559e+00  3.09220091e-03
1.07933980e-01  1.92177338e-04  2.48982377e-04  3.85207023e-04  2.13904786e-01  2.16612118e-01  2.70733176e-03  2.35193510e+00  2.35502765e+00  3.09254283e-03  2.56854754e+00  2.57163976e+00  3.09221908e-03
1.08074154e-01  1.92186038e-04  2.48993780e-04  3.85225191e-04  2.13904786e-01  2.16612118e-01  2.70733176e-03  2.35202925e+00  2.35512181e+00  3.09256100e-03  2.56864169e+00  2.57173393e+00  3.09223725e-03
1.08214328e-01  1.92194738e-04  2.49005182e-04  3.85243358e-04  2.13904786e-01  2.16612118e-01  2.70733176e-03  2.35212339e+00  2.35521597e+00  3.09257917e-03  2.56873583e+00  2.57182808e+00  3.09225541e-03
1.08354502e-01  1.92203438e-04  2.49016583e-04  3.85261524e-04  2.13904786e-01  2.16612118e-01  2.70733176e-03  2.35221752e+00  2.35531012e+00  3.09259733e-03  2.56882996e+00  2.57192224e+00  3.09227358e-03
1.08494676e-01  1.92212138e-04  2.49027985e-04  3.85279690e-04  2.13904786e-01  2.16612118e-01  2.70733176e-03  2.35231165e+00  2.35540426e+00  3.09261550e-03  2.56892409e+00  2.57201638e+00  3.09229175e-03
1.08634850e-01  1.92220838e-04  2.49039386e-04  3.85297857e-04  2.13904786e-01  2.16612118e-01  2.70733176e-03  2.35240577e+00  2.35549840e+00  3.09263367e-03  2.56901821e+00  2.57211052e+00  3.09230991e-03
1.08775024e-01  1.92229538e-04  2.49050788e-04  3.85316022e-04  2.13904786e-01  2.16612118e-01  2.70733176e-03  2.35249988e+00  2.35559254e+00  3.09265183e-03  2.56911233e+00  2.57220465e+00  3.09232808e-03
1.08915198e-01  1.92238238e-04  2.49062189e-04  3.85334187e-04  2.13904786e-01  2.16612118e-01  2.70733176e-03  2.35259399e+00  2.35568666e+00  3.09267000e-03  2.56920643e+00  2.57229878e+00  3.09234624e-03
1.09055372e-01  1.92246936e-04  2.49073588e-04  3.85352349e-04  2.13904786e-01  2.16612118e-01  2.70733176e-03  2.35268810e+00  2.35578079e+00  3.09268816e-03  2.56930054e+00  2.57239290e+00  3.09236440e-03
1.09195546e-01  1.92255635e-04  2.49084988e-04  3.85370512e-04  2.13904786e-01  2.16612118e-01  2.70733176e-03  2.35278219e+00  2.35587490e+00  3.09270632e-03  2.56939464e+00  2.57248702e+00  3.09238257e-03
1.09335720e-01  1.92264333e-04  2.49096387e-04  3.85388674e-04  2.13904786e-01  2.16612118e-01  2.70733176e-03  2.35287629e+00  2.35596901e+00  3.09272448e-03  2.56948873e+00  2.57258113e+00  3.09240073e-03
1.09475894e-01  1.92273032e-04  2.49107787e-04  3.85406836e-04  2.13904786e-01  2.16612118e-01  2.70733176e-03  2.35297037e+00  2.35606311e+00  3.09274265e-03  2.56958281e+00  2.57267523e+00  3.09241889e-03
1.09616068e-01  1.92281730e-04  2.49119185e-04  3.85424997e-04  2.13904786e-01  2.16612118e-01  2.70733176e-03  2.35306445e+00  2.35615721e+00  3.09276081e-03  2.56967689e+00  2.57276933e+00  3.09243705e-03
1.09756242e-01  1.92290427e-04  2.49130583e-04  3.85443156e-04  2.13904786e-01  2.16612118e-01  2.70733176e-03  2.35315853e+00  2.35625130e+00  3.09277897e-03  2.56977097e+00  2.57286342e+00  3.09245521e-03
1.09896416e-01  1.92299124e-04  2.49141981e-04  3.85461316e-04  2.13904786e-01  2.16612118e-01  2.70733176e-03  2.35325259e+00  2.35634539e+00  3.09279713e-03  2.56986503e+00  2.57295751e+00  3.09247337e-03
1.10036590e-01  1.92307822e-04  2.49153379e-04  3.85479475e-04  2.13904786e-01  2.16612118e-01  2.70733176e-03  2.35334666e+00  2.35643947e+00  3.09281529e-03  2.56995910e+00  2.57305159e+00  3.09249153e-03
1.10176764e-01  1.92316520e-04  2.49164778e-04  3.85497636e-04  2.13904786e-01  2.16612118e-01  2.70733176e-03  2.35344071e+00  2.35653354e+00  3.09283345e-03  2.57005315e+00  2.57314566e+00  3.09250969e-03
1.10316938e-01  1.92325217e-04  2.49176175e-04  3.85515794e-04  2.13904786e-01  2.16612118e-01  2.70733176e-03  2.35353476e+00  2.35662761e+00  3.09285160e-03  2.57014720e+00  2.57323973e+00  3.09252785e-03
1.10457112e-01  1.92333913e-04  2.49187571e-04  3.85533949e-04  2.13904786e-01  2.16612118e-01  2.70733176e-03  2.35362881e+00  2.35672167e+00  3.09286976e-03  2.57024125e+00  2.57333379e+00  3.09254601e-03
1.10597286e-01  1.92342609e-04  2.49198968e-04  3.85552107e-04  2.13904786e-01  2.16612118e-01  2.70733176e-03  2.35372284e+00  2.35681573e+00  3.09288792e-03  2.57033528e+00  2.57342785e+00  3.09256416e-03
1.10737460e-01  1.92351306e-04  2.49210364e-04  3.85570263e-04  2.13904786e-01  2.16612118e-01  2.70733176e-03  2.35381688e+00  2.35690978e+00  3.09290607e-03  2.57042932e+00  2.57352190e+00  3.09258232e-03
1.10877634e-01  1.92360002e-04  2.49221760e-04  3.85588419e-04  2.13904786e-01  2.16612118e-01  2.70733176e-03  2.35391090e+00  2.35700383e+00  3.09292423e-03  2.57052334e+00  2.57361594e+00  3.09260047e-03
1.11017808e-01  1.92368698e-04  2.49233156e-04  3.85606574e-04  2.13904786e-01  2.16612118e-01  2.70733176e-03  2.35400492e+00  2.35709786e+00  3.09294238e-03  2.57061736e+00  2.57370998e+00  3.09261863e-03
1.11157982e-01  1.92377393e-04  2.49244551e-04  3.85624728e-04  2.13904786e-01  2.16612118e-01  2.70733176e-03  2.35409894e+00  2.35719190e+00  3.09296054e-03  2.57071138e+00  2.57380401e+00  3.09263678e-03
1.11298156e-01  1.92386089e-04  2.49255946e-04  3.85642882e-04  2.13904786e-01  2.16612118e-01  2.70733176e-03  2.35419294e+00  2.35728592e+00  3.09297869e-03  2.57080539e+00  2.57389804e+00  3.09265494e-03
1.11438330e-01  1.92394784e-04  2.49267341e-04  3.85661035e-04  2.13904786e-01  2.16612118e-01  2.70733176e-03  2.35428695e+00  2.35737994e+00  3.09299685e-03  2.57089939e+00  2.57399206e+00  3.09267309e-03
1.11578504e-01  1.92403478e-04  2.49278735e-04  3.85679187e-04  2.13904786e-01  2.16612118e-01  2.70733176e-03  2.35438094e+00  2.35747396e+00  3.09301500e-03  2.57099339e+00  2.57408608e+00  3.09269124e-03
1.11718678e-01  1.92412174e-04  2.49290130e-04  3.85697341e-04  2.13904786e-01  2.16612118e-01  2.70733176e-03  2.35447493e+00  2.35756797e+00  3.09303315e-03  2.57108738e+00  2.57418009e+00  3.09270940e-03
1.11858852e-01  1.92420867e-04  2.49301523e-04  3.85715490e-04  2.13904786e-01  2.16612118e-01  2.70733176e-03  2.35456892e+00  2.35766197e+00  3.09305130e-03  2.57118136e+00  2.57427409e+00  3.09272755e-03
1.11999026e-01  1.92429561e-04  2.49312915e-04  3.85733640e-04  2.13904786e-01  2.16612118e-01  2.70733176e-03  2.35466290e+00  2.35775597e+00  3.09306945e-03  2.57127534e+00  2.57436809e+00  3.09274570e-03
1.12139200e-01  1.92438256e-04  2.49324309e-04  3.85751791e-04  2.13904786e-01  2.16612118e-01  2.70733176e-03  2.35475687e+00  2.35784996e+00  3.09308760e-03  2.57136931e+00  2.57446208e+00  3.09276385e-03
1.12279374e-01  1.92446950e-04  2.49335702e-04  3.85769941e-04  2.13904786e-01  2.16612118e-01  2.70733176e-03  2.35485084e+00  2.35794394e+00  3.09310575e-03  2.57146328e+00  2.57455606e+00  3.09278200e-03
1.12419548e-01  1.92455644e-04  2.49347096e-04  3.85788092e-04  2.13904786e-01  2.16612118e-01  2.70733176e-03  2.35494480e+00  2.35803792e+00  3.09312390e-03  2.57155724e+00  2.57465004e+00  3.09280015e-03
1.12559722e-01  1.92464336e-04  2.49358487e-04  3.85806238e-04  2.13904786e-01  2.16612118e-01  2.70733176e-03  2.35503875e+00  2.35813190e+00  3.09314205e-03  2.57165120e+00  2.57474401e+00  3.09281829e-03
1.12699896e-01  1.92473030e-04  2.49369879e-04  3.85824387e-04  2.13904786e-01  2.16612118e-01  2.70733176e-03  2.35513270e+00  2.35822586e+00  3.09316020e-03  2.57174515e+00  2.57483798e+00  3.09283644e-03
1.12840070e-01  1.92481722e-04  2.49381270e-04  3.85842533e-04  2.13904786e-01  2.16612118e-01  2.70733176e-03  2.35522665e+00  2.35831983e+00  3.09317834e-03  2.57183909e+00  2.57493194e+00  3.09285459e-03
1.12980244e-01  1.92490415e-04  2.49392662e-04  3.85860680e-04  2.13904786e-01  2.16612118e-01  2.70733176e-03  2.35532058e+00  2.35841378e+00  3.09319649e-03  2.57193303e+00  2.57502590e+00  3.09287274e-03
1.13120418e-01  1.92499107e-04  2.49404052e-04  3.85878826e-04  2.13904786e-01  2.16612118e-01  2.70733176e-03  2.35541452e+00  2.35850773e+00  3.09321464e-03  2.57202696e+00  2.57511985e+00  3.09289088e-03
1.13260592e-01  1.92507801e-04  2.49415444e-04  3.85896973e-04  2.13904786e-01  2.16612118e-01  2.70733176e-03  2.35550844e+00  2.35860167e+00  3.09323278e-03  2.57212088e+00  2.57521379e+00  3.09290903e-03
1.13400766e-01  1.92516491e-04  2.49426832e-04  3.85915115e-04  2.13904786e-01  2.16612118e-01  2.70733176e-03  2.35560236e+00  2.35869561e+00  3.09325092e-03  2.57221480e+00  2.57530773e+00  3.09292717e-03
1.13540940e-01  1.92525183e-04  2.49438223e-04  3.85933260e-04  2.13904786e-01  2.16612118e-01  2.70733176e-03  2.35569627e+00  2.35878954e+00  3.09326907e-03  2.57230872e+00  2.57540166e+00  3.09294532e-03
1.13681114e-01  1.92533876e-04  2.49449613e-04  3.85951405e-04  2.13904786e-01  2.16612118e-01  2.70733176e-03  2.35579018e+00  2.35888347e+00  3.09328721e-03  2.57240262e+00  2.57549559e+00  3.09296346e-03
1.13821288e-01  1.92542566e-04  2.49461001e-04  3.85969546e-04  2.13904786e-01  2.16612118e-01  2.70733176e-03  2.35588408e+00  2.35897739e+00  3.09330536e-03  2.57249653e+00  2.57558951e+00  3.09298160e-03
1.13961462e-01  1.92551258e-04  2.49472392e-04  3.85987690e-04  2.13904786e-01  2.16612118e-01  2.70733176e-03  2.35597798e+00  2.35907130e+00  3.09332350e-03  2.57259042e+00  2.57568342e+00  3.09299975e-03
1.14101636e-01  1.92559948e-04  2.49483779e-04  3.86005830e-04  2.13904786e-01  2.16612118e-01  2.70733176e-03  2.35607187e+00  2.35916521e+00  3.09334164e-03  2.57268431e+00  2.57577733e+00  3.09301789e-03
1.14241810e-01  1.92568638e-04  2.49495167e-04  3.86023971e-04  2.13904786e-01  2.16612118e-01  2.70733176e-03  2.35616576e+00  2.35925911e+00  3.09335978e-03  2.57277820e+00  2.57587123e+00  3.09303603e-03
1.14381984e-01  1.92577329e-04  2.49506556e-04  3.86042112e-04  2.13904786e-01  2.16612118e-01  2.70733176e-03  2.35625963e+00  2.35935301e+00  3.09337792e-03  2.57287207e+00  2.57596513e+00  3.09305417e-03
1.14522158e-01  1.92586019e-04  2.49517943e-04  3.86060252e-04  2.13904786e-01  2.16612118e-01  2.70733176e-03  2.35635351e+00  2.35944690e+00  3.09339606e-03  2.57296595e+00  2.57605902e+00  3.09307231e-03
1.14662332e-01  1.92594710e-04  2.49529332e-04  3.86078393e-04  2.13904786e-01  2.16612118e-01  2.70733176e-03  2.35644737e+00  2.35954079e+00  3.09341420e-03  2.57305981e+00  2.57615290e+00  3.09309045e-03
1.14802506e-01  1.92603397e-04  2.49540716e-04  3.86096527e-04  2.13904786e-01  2.16612118e-01  2.70733176e-03  2.35654123e+00  2.35963467e+00  3.09343234e-03  2.57315367e+00  2.57624678e+00  3.09310858e-03
1.14942680e-01  1.92612088e-04  2.49552104e-04  3.86114667e-04  2.13904786e-01  2.16612118e-01  2.70733176e-03  2.35663509e+00  2.35972854e+00  3.09345048e-03  2.57324753e+00  2.57634066e+00  3.09312672e-03
1.15082854e-01  1.92620777e-04  2.49563489e-04  3.86132804e-04  2.13904786e-01  2.16612118e-01  2.70733176e-03  2.35672894e+00  2.35982240e+00  3.09346861e-03  2.57334138e+00  2.57643452e+00  3.09314486e-03
1.15223028e-01  1.92629466e-04  2.49574877e-04  3.86150942e-04  2.13904786e-01  2.16612118e-01  2.70733176e-03  2.35682278e+00  2.35991627e+00  3.09348675e-03  2.57343522e+00  2.57652838e+00  3.09316300e-03
1.15363202e-01  1.92638155e-04  2.49586263e-04  3.86169079e-04  2.13904786e-01  2.16612118e-01  2.70733176e-03  2.35691662e+00  2.36001012e+00  3.09350489e-03  2.57352906e+00  2.57662224e+00  3.09318113e-03
1.15503376e-01  1.92646844e-04  2.49597647e-04  3.86187214e-04  2.13904786e-01  2.16612118e-01  2.70733176e-03  2.35701045e+00  2.36010397e+00  3.09352302e-03  2.57362289e+00  2.57671609e+00  3.09319927e-03
1.15643550e-01  1.92655532e-04  2.49609032e-04  3.86205349e-04  2.13904786e-01  2.16612118e-01  2.70733176e-03  2.35710427e+00  2.36019781e+00  3.09354116e-03  2.57371671e+00  2.57680993e+00  3.09321740e-03
1.15783724e-01  1.92664220e-04  2.49620418e-04  3.86223483e-04  2.13904786e-01  2.16612118e-01  2.70733176e-03  2.35719809e+00  2.36029165e+00  3.09355929e-03  2.57381053e+00  2.57690377e+00  3.09323554e-03
1.15923898e-01  1.92672908e-04  2.49631802e-04  3.86241617e-04  2.13904786e-01  2.16612118e-01  2.70733176e-03  2.35729191e+00  2.36038548e+00  3.09357743e-03  2.57390435e+00  2.57699760e+00  3.09325367e-03
1.16064072e-01  1.92681595e-04  2.49643185e-04  3.86259750e-04  2.13904786e-01  2.16612118e-01  2.70733176e-03  2.35738571e+00  2.36047931e+00  3.09359556e-03  2.57399815e+00  2.57709143e+00  3.09327181e-03
1.16204246e-01  1.92690282e-04  2.49654569e-04  3.86277882e-04  2.13904786e-01  2.16612118e-01  2.70733176e-03  2.35747951e+00  2.36057313e+00  3.09361369e-03  2.57409196e+00  2.57718525e+00  3.09328994e-03
1.16344420e-01  1.92698969e-04  2.49665952e-04  3.86296014e-04  2.13904786e-01  2.16612118e-01  2.70733176e-03  2.35757331e+00  2.36066694e+00  3.09363182e-03  2.57418575e+00  2.57727906e+00  3.09330807e-03
1.16484594e-01  1.92707657e-04  2.49677336e-04  3.86314146e-04  2.13904786e-01  2.16612118e-01  2.70733176e-03  2.35766710e+00  2.36076075e+00  3.09364996e-03  2.57427954e+00  2.57737287e+00  3.09332620e-03
1.16624768e-01  1.92716343e-04  2.49688718e-04  3.86332276e-04  2.13904786e-01  2.16612118e-01  2.70733176e-03  2.35776088e+00  2.36085455e+00  3.09366809e-03  2.57437333e+00  2.57746667e+00  3.09334433e-03
1.16764942e-01  1.92725030e-04  2.49700102e-04  3.86350407e-04  2.13904786e-01  2.16612118e-01  2.70733176e-03  2.35785466e+00  2.36094835e+00  3.09368622e-03  2.57446710e+00  2.57756047e+00  3.09336246e-03
1.16905116e-01  1.92733716e-04  2.49711483e-04  3.86368535e-04  2.13904786e-01  2.16612118e-01  2.70733176e-03  2.35794843e+00  2.36104214e+00  3.09370434e-03  2.57456088e+00  2.57765426e+00  3.09338059e-03
1.17045290e-01  1.92742402e-04  2.49722865e-04  3.86386664e-04  2.13904786e-01  2.16612118e-01  2.70733176e-03  2.35804220e+00  2.36113592e+00  3.09372247e-03  2.57465464e+00  2.57774804e+00  3.09339872e-03
1.17185464e-01  1.92751088e-04  2.49734247e-04  3.86404794e-04  2.13904786e-01  2.16612118e-01  2.70733176e-03  2.35813596e+00  2.36122970e+00  3.09374060e-03  2.57474840e+00  2.57784182e+00  3.09341685e-03
1.17325638e-01  1.92759773e-04  2.49745627e-04  3.86422920e-04  2.13904786e-01  2.16612118e-01  2.70733176e-03  2.35822972e+00  2.36132347e+00  3.09375873e-03  2.57484216e+00  2.57793559e+00  3.09343498e-03
1.17465812e-01  1.92768460e-04  2.49757010e-04  3.86441049e-04  2.13904786e-01  2.16612118e-01  2.70733176e-03  2.35832346e+00  2.36141724e+00  3.09377686e-03  2.57493591e+00  2.57802936e+00  3.09345311e-03
1.17605986e-01  1.92777144e-04  2.49768389e-04  3.86459175e-04  2.13904786e-01  2.16612118e-01  2.70733176e-03  2.35841721e+00  2.36151100e+00  3.09379498e-03  2.57502965e+00  2.57812312e+00  3.09347123e-03
1.17746160e-01  1.92785830e-04  2.49779770e-04  3.86477302e-04  2.13904786e-01  2.16612118e-01  2.70733176e-03  2.35851094e+00  2.36160476e+00  3.09381311e-03  2.57512338e+00  2.57821687e+00  3.09348936e-03
1.17886334e-01  1.92794513e-04  2.49791149e-04  3.86495425e-04  2.13904786e-01  2.16612118e-01  2.70733176e-03  2.35860467e+00  2.36169851e+00  3.09383123e-03  2.57521712e+00  2.57831062e+00  3.09350748e-03
1.18026508e-01  1.92803197e-04  2.49802528e-04  3.86513549e-04  2.13904786e-01  2.16612118e-01  2.70733176e-03  2.35869840e+00  2.36179225e+00  3.09384936e-03  2.57531084e+00  2.57840437e+00  3.09352560e-03
1.18166682e-01  1.92811882e-04  2.49813908e-04  3.86531674e-04  2.13904786e-01  2.16612118e-01  2.70733176e-03  2.35879212e+00  2.36188599e+00  3.09386748e-03  2.57540456e+00  2.57849810e+00  3.09354373e-03
1.18306856e-01  1.92820566e-04  2.49825287e-04  3.86549798e-04  2.13904786e-01  2.16612118e-01  2.70733176e-03  2.35888583e+00  2.36197972e+00  3.09388561e-03  2.57549827e+00  2.57859184e+00  3.09356185e-03
1.18447030e-01  1.92829249e-04  2.49836664e-04  3.86567918e-04  2.13904786e-01  2.16612118e-01  2.70733176e-03  2.35897954e+00  2.36207344e+00  3.09390373e-03  2.57559198e+00  2.57868556e+00  3.09357997e-03
1.18587204e-01  1.92837933e-04  2.49848043e-04  3.86586042e-04  2.13904786e-01  2.16612118e-01  2.70733176e-03  2.35907324e+00  2.36216716e+00  3.09392185e-03  2.57568568e+00  2.57877928e+00  3.09359810e-03
1.18727378e-01  1.92846617e-04  2.49859422e-04  3.86604164e-04  2.13904786e-01  2.16612118e-01  2.70733176e-03  2.35916694e+00  2.36226088e+00  3.09393997e-03  2.57577938e+00  2.57887299e+00  3.09361622e-03
1.18867552e-01  1.92855300e-04  2.49870800e-04  3.86622286e-04  2.13904786e-01  2.16612118e-01  2.70733176e-03  2.35926063e+00  2.36235459e+00  3.09395810e-03  2.57587307e+00  2.57896670e+00  3.09363434e-03
1.19007726e-01  1.92863983e-04  2.49882177e-04  3.86640406e-04  2.13904786e-01  2.16612118e-01  2.70733176e-03  2.35935431e+00  2.36244829e+00  3.09397622e-03  2.57596675e+00  2.57906040e+00  3.09365246e-03
1.19147900e-01  1.92872664e-04  2.49893553e-04  3.86658524e-04  2.13904786e-01  2.16612118e-01  2.70733176e-03  2.35944799e+00  2.36254198e+00  3.09399433e-03  2.57606043e+00  2.57915410e+00  3.09367058e-03
1.19288074e-01  1.92881347e-04  2.49904929e-04  3.86676643e-04  2.13904786e-01  2.16612118e-01  2.70733176e-03  2.35954166e+00  2.36263567e+00  3.09401245e-03  2.57615410e+00  2.57924779e+00  3.09368870e-03
1.19428248e-01  1.92890029e-04  2.49916306e-04  3.86694763e-04  2.13904786e-01  2.16612118e-01  2.70733176e-03  2.35963533e+00  2.36272936e+00  3.09403057e-03  2.57624777e+00  2.57934148e+00  3.09370682e-03
1.19568422e-01  1.92898711e-04  2.49927682e-04  3.86712880e-04  2.13904786e-01  2.16612118e-01  2.70733176e-03  2.35972899e+00  2.36282304e+00  3.09404869e-03  2.57634143e+00  2.57943515e+00  3.09372494e-03
1.19708596e-01  1.92907393e-04  2.49939058e-04  3.86730998e-04  2.13904786e-01  2.16612118e-01  2.70733176e-03  2.35982264e+00  2.36291671e+00  3.09406681e-03  2.57643508e+00  2.57952883e+00  3.09374305e-03
1.19848770e-01  1.92916075e-04  2.49950434e-04  3.86749116e-04  2.13904786e-01  2.16612118e-01  2.70733176e-03  2.35991629e+00  2.36301038e+00  3.09408493e-03  2.57652873e+00  2.57962249e+00  3.09376117e-03
1.19988944e-01  1.92924755e-04  2.49961807e-04  3.86767229e-04  2.13904786e-01  2.16612118e-01  2.70733176e-03  2.36000993e+00  2.36310404e+00  3.09410304e-03  2.57662238e+00  2.57971616e+00  3.09377929e-03
1.20129118e-01  1.92933436e-04  2.49973182e-04  3.86785345e-04  2.13904786e-01  2.16612118e-01  2.70733176e-03  2.36010357e+00  2.36319769e+00  3.09412115e-03  2.57671601e+00  2.57980981e+00  3.09379740e-03
1.20269292e-01  1.92942117e-04  2.49984557e-04  3.86803461e-04  2.13904786e-01  2.16612118e-01  2.70733176e-03  2.36019720e+00  2.36329134e+00  3.09413927e-03  2.57680964e+00  2.57990346e+00  3.09381552e-03
1.20409466e-01  1.92950798e-04  2.49995932e-04  3.86821576e-04  2.13904786e-01  2.16612118e-01  2.70733176e-03  2.36029083e+00  2.36338499e+00  3.09415739e-03  2.57690327e+00  2.57999710e+00  3.09383363e-03
1.20549640e-01  1.92959477e-04  2.50007304e-04  3.86839687e-04  2.13904786e-01  2.16612118e-01  2.70733176e-03  2.36038445e+00  2.36347862e+00  3.09417550e-03  2.57699689e+00  2.58009074e+00  3.09385174e-03
1.20689814e-01  1.92968158e-04  2.50018679e-04  3.86857802e-04  2.13904786e-01  2.16612118e-01  2.70733176e-03  2.36047806e+00  2.36357226e+00  3.09419361e-03  2.57709050e+00  2.58018437e+00  3.09386986e-03
1.20829988e-01  1.92976837e-04  2.50030051e-04  3.86875914e-04  2.13904786e-01  2.16612118e-01  2.70733176e-03  2.36057167e+00  2.36366588e+00  3.09421172e-03  2.57718411e+00  2.58027800e+00  3.09388797e-03
1.20970162e-01  1.92985517e-04  2.50041424e-04  3.86894025e-04  2.13904786e-01  2.16612118e-01  2.70733176e-03  2.36066527e+00  2.36375950e+00  3.09422983e-03  2.57727771e+00  2.58037162e+00  3.09390608e-03
1.21110336e-01  1.92994195e-04  2.50052795e-04  3.86912135e-04  2.13904786e-01  2.16612118e-01  2.70733176e-03  2.36075887e+00  2.36385312e+00  3.09424794e-03  2.57737131e+00  2.58046523e+00  3.09392419e-03
1.21250510e-01  1.93002875e-04  2.50064168e-04  3.86930247e-04  2.13904786e-01  2.16612118e-01  2.70733176e-03  2.36085246e+00  2.36394672e+00  3.09426606e-03  2.57746490e+00  2.58055884e+00  3.09394230e-03
1.21390684e-01  1.93011554e-04  2.50075539e-04  3.86948356e-04  2.13904786e-01  2.16612118e-01  2.70733176e-03  2.36094604e+00  2.36404033e+00  3.09428417e-03  2.57755848e+00  2.58065244e+00  3.09396041e-03
1.21530858e-01  1.93020232e-04  2.50086911e-04  3.86966466e-04  2.13904786e-01  2.16612118e-01  2.70733176e-03  2.36103962e+00  2.36413392e+00  3.09430228e-03  2.57765206e+00  2.58074604e+00  3.09397852e-03
1.21671032e-01  1.93028911e-04  2.50098282e-04  3.86984575e-04  2.13904786e-01  2.16612118e-01  2.70733176e-03  2.36113319e+00  2.36422751e+00  3.09432038e-03  2.57774564e+00  2.58083963e+00  3.09399663e-03
1.21811206e-01  1.93037589e-04  2.50109652e-04  3.87002682e-04  2.13904786e-01  2.16612118e-01  2.70733176e-03  2.36122676e+00  2.36432110e+00  3.09433849e-03  2.57783920e+00  2.58093322e+00  3.09401474e-03
1.21951380e-01  1.93046267e-04  2.50121023e-04  3.87020790e-04  2.13904786e-01  2.16612118e-01  2.70733176e-03  2.36132032e+00  2.36441468e+00  3.09435660e-03  2.57793276e+00  2.58102680e+00  3.09403285e-03
1.22091554e-01  1.93054945e-04  2.50132394e-04  3.87038898e-04  2.13904786e-01  2.16612118e-01  2.70733176e-03  2.36141388e+00  2.36450825e+00  3.09437471e-03  2.57802632e+00  2.58112037e+00  3.09405095e-03
1.22231728e-01  1.93063623e-04  2.50143764e-04  3.87057005e-04  2.13904786e-01  2.16612118e-01  2.70733176e-03  2.36150743e+00  2.36460182e+00  3.09439281e-03  2.57811987e+00  2.58121394e+00  3.09406906e-03
1.22371902e-01  1.93072300e-04  2.50155133e-04  3.87075110e-04  2.13904786e-01  2.16612118e-01  2.70733176e-03  2.36160097e+00  2.36469538e+00  3.09441092e-03  2.57821341e+00  2.58130750e+00  3.09408717e-03
1.22512076e-01  1.93080977e-04  2.50166502e-04  3.87093215e-04  2.13904786e-01  2.16612118e-01  2.70733176e-03  2.36169451e+00  2.36478894e+00  3.09442902e-03  2.57830695e+00  2.58140105e+00  3.09410527e-03
1.22652250e-01  1.93089653e-04  2.50177871e-04  3.87111319e-04  2.13904786e-01  2.16612118e-01  2.70733176e-03  2.36178804e+00  2.36488249e+00  3.09444713e-03  2.57840048e+00  2.58149460e+00  3.09412337e-03
1.22792424e-01  1.93098330e-04  2.50189239e-04  3.87129423e-04  2.13904786e-01  2.16612118e-01  2.70733176e-03  2.36188157e+00  2.36497603e+00  3.09446523e-03  2.57849401e+00  2.58158815e+00  3.09414148e-03
1.22932598e-01  1.93107006e-04  2.50200607e-04  3.87147526e-04  2.13904786e-01  2.16612118e-01  2.70733176e-03  2.36197509e+00  2.36506957e+00  3.09448334e-03  2.57858753e+00  2.58168169e+00  3.09415958e-03
1.23072772e-01  1.93115682e-04  2.50211975e-04  3.87165629e-04  2.13904786e-01  2.16612118e-01  2.70733176e-03  2.36206860e+00  2.36516310e+00  3.09450144e-03  2.57868104e+00  2.58177522e+00  3.09417768e-03
1.23212946e-01  1.93124358e-04  2.50223343e-04  3.87183731e-04  2.13904786e-01  2.16612118e-01  2.70733176e-03  2.36216211e+00  2.36525663e+00  3.09451954e-03  2.57877455e+00  2.58186875e+00  3.09419579e-03
1.23353120e-01  1.93133034e-04  2.50234710e-04  3.87201832e-04  2.13904786e-01  2.16612118e-01  2.70733176e-03  2.36225561e+00  2.36535015e+00  3.09453764e-03  2.57886805e+00  2.58196227e+00  3.09421389e-03
1.23493294e-01  1.93141709e-04  2.50246076e-04  3.87219932e-04  2.13904786e-01  2.16612118e-01  2.70733176e-03  2.36234911e+00  2.36544366e+00  3.09455574e-03  2.57896155e+00  2.58205578e+00  3.09423199e-03
1.23633468e-01  1.93150384e-04  2.50257443e-04  3.87238033e-04  2.13904786e-01  2.16612118e-01  2.70733176e-03  2.36244260e+00  2.36553717e+00  3.09457384e-03  2.57905504e+00  2.58214929e+00  3.09425009e-03
1.23773642e-01  1.93159059e-04  2.50268809e-04  3.87256132e-04  2.13904786e-01  2.16612118e-01  2.70733176e-03  2.36253608e+00  2.36563068e+00  3.09459194e-03  2.57914852e+00  2.58224279e+00  3.09426819e-03
1.23913816e-01  1.93167734e-04  2.50280175e-04  3.87274231e-04  2.13904786e-01  2.16612118e-01  2.70733176e-03  2.36262956e+00  2.36572417e+00  3.09461004e-03  2.57924200e+00  2.58233629e+00  3.09428629e-03
1.24053990e-01  1.93176408e-04  2.50291541e-04  3.87292330e-04  2.13904786e-01  2.16612118e-01  2.70733176e-03  2.36272304e+00  2.36581766e+00  3.09462814e-03  2.57933548e+00  2.58242978e+00  3.09430439e-03
1.24194164e-01  1.93185082e-04  2.50302906e-04  3.87310427e-04  2.13904786e-01  2.16612118e-01  2.70733176e-03  2.36281650e+00  2.36591115e+00  3.09464624e-03  2.57942895e+00  2.58252327e+00  3.09432248e-03
1.24334338e-01  1.93193756e-04  2.50314270e-04  3.87328524e-04  2.13904786e-01  2.16612118e-01  2.70733176e-03  2.36290997e+00  2.36600463e+00  3.09466433e-03  2.57952241e+00  2.58261675e+00  3.09434058e-03
1.24474512e-01  1.93202431e-04  2.50325636e-04  3.87346622e-04  2.13904786e-01  2.16612118e-01  2.70733176e-03  2.36300342e+00  2.36609810e+00  3.09468243e-03  2.57961586e+00  2.58271022e+00  3.09435868e-03
1.24614686e-01  1.93211104e-04  2.50337000e-04  3.87364717e-04  2.13904786e-01  2.16612118e-01  2.70733176e-03  2.36309687e+00  2.36619157e+00  3.09470053e-03  2.57970931e+00  2.58280369e+00  3.09437677e-03
1.24754860e-01  1.93219777e-04  2.50348363e-04  3.87382812e-04  2.13904786e-01  2.16612118e-01  2.70733176e-03  2.36319032e+00  2.36628503e+00  3.09471862e-03  2.57980276e+00  2.58289715e+00  3.09439487e-03
1.24895034e-01  1.93228449e-04  2.50359726e-04  3.87400905e-04  2.13904786e-01  2.16612118e-01  2.70733176e-03  2.36328375e+00  2.36637849e+00  3.09473672e-03  2.57989620e+00  2.58299061e+00  3.09441296e-03
1.25035208e-01  1.93237122e-04  2.50371089e-04  3.87418999e-04  2.13904786e-01  2.16612118e-01  2.70733176e-03  2.36337719e+00  2.36647194e+00  3.09475481e-03  2.57998963e+00  2.58308406e+00  3.09443105e-03
1.25175382e-01  1.93245795e-04  2.50382452e-04  3.87437093e-04  2.13904786e-01  2.16612118e-01  2.70733176e-03  2.36347061e+00  2.36656539e+00  3.09477290e-03  2.58008306e+00  2.58317750e+00  3.09444915e-03
1.25315556e-01  1.93254468e-04  2.50393816e-04  3.87455187e-04  2.13904786e-01  2.16612118e-01  2.70733176e-03  2.36356404e+00  2.36665883e+00  3.09479100e-03  2.58017648e+00  2.58327094e+00  3.09446724e-03
1.25455730e-01  1.93263140e-04  2.50405177e-04  3.87473279e-04  2.13904786e-01  2.16612118e-01  2.70733176e-03  2.36365745e+00  2.36675226e+00  3.09480909e-03  2.58026989e+00  2.58336438e+00  3.09448533e-03
1.25595904e-01  1.93271811e-04  2.50416539e-04  3.87491369e-04  2.13904786e-01  2.16612118e-01  2.70733176e-03  2.36375086e+00  2.36684569e+00  3.09482718e-03  2.58036330e+00  2.58345780e+00  3.09450342e-03
1.25736078e-01  1.93280483e-04  2.50427900e-04  3.87509460e-04  2.13904786e-01  2.16612118e-01  2.70733176e-03  2.36384426e+00  2.36693911e+00  3.09484527e-03  2.58045670e+00  2.58355123e+00  3.09452152e-03
1.25876252e-01  1.93289155e-04  2.50439263e-04  3.87527553e-04  2.13904786e-01  2.16612118e-01  2.70733176e-03  2.36393766e+00  2.36703252e+00  3.09486336e-03  2.58055010e+00  2.58364464e+00  3.09453961e-03
1.26016426e-01  1.93297826e-04  2.50450623e-04  3.87545641e-04  2.13904786e-01  2.16612118e-01  2.70733176e-03  2.36403105e+00  2.36712593e+00  3.09488145e-03  2.58064349e+00  2.58373805e+00  3.09455770e-03
1.26156600e-01  1.93306497e-04  2.50461984e-04  3.87563730e-04  2.13904786e-01  2.16612118e-01  2.70733176e-03  2.36412444e+00  2.36721934e+00  3.09489954e-03  2.58073688e+00  2.58383146e+00  3.09457579e-03
1.26296774e-01  1.93315167e-04  2.50473343e-04  3.87581817e-04  2.13904786e-01  2.16612118e-01  2.70733176e-03  2.36421782e+00  2.36731274e+00  3.09491763e-03  2.58083026e+00  2.58392486e+00  3.09459387e-03
1.26436948e-01  1.93323837e-04  2.50484703e-04  3.87599906e-04  2.13904786e-01  2.16612118e-01  2.70733176e-03  2.36431119e+00  2.36740613e+00  3.09493572e-03  2.58092364e+00  2.58401825e+00  3.09461196e-03
1.26577122e-01  1.93332508e-04  2.50496064e-04  3.87617994e-04  2.13904786e-01  2.16612118e-01  2.70733176e-03  2.36440456e+00  2.36749952e+00  3.09495380e-03  2.58101700e+00  2.58411163e+00  3.09463005e-03
1.26717296e-01  1.93341179e-04  2.50507423e-04  3.87636081e-04  2.13904786e-01  2.16612118e-01  2.70733176e-03  2.36449793e+00  2.36759290e+00  3.09497189e-03  2.58111037e+00  2.58420502e+00  3.09464814e-03
1.26857470e-01  1.93349848e-04  2.50518782e-04  3.87654166e-04  2.13904786e-01  2.16612118e-01  2.70733176e-03  2.36459128e+00  2.36768627e+00  3.09498998e-03  2.58120372e+00  2.58429839e+00  3.09466622e-03
1.26997644e-01  1.93358517e-04  2.50530139e-04  3.87672251e-04  2.13904786e-01  2.16612118e-01  2.70733176e-03  2.36468463e+00  2.36777964e+00  3.09500806e-03  2.58129708e+00  2.58439176e+00  3.09468431e-03
1.27137818e-01  1.93367187e-04  2.50541498e-04  3.87690336e-04  2.13904786e-01  2.16612118e-01  2.70733176e-03  2.36477798e+00  2.36787301e+00  3.09502615e-03  2.58139042e+00  2.58448512e+00  3.09470239e-03
1.27277992e-01  1.93375856e-04  2.50552856e-04  3.87708421e-04  2.13904786e-01  2.16612118e-01  2.70733176e-03  2.36487132e+00  2.36796636e+00  3.09504423e-03  2.58148376e+00  2.58457848e+00  3.09472048e-03
1.27418166e-01  1.93384524e-04  2.50564213e-04  3.87726503e-04  2.13904786e-01  2.16612118e-01  2.70733176e-03  2.36496465e+00  2.36805972e+00  3.09506231e-03  2.58157709e+00  2.58467183e+00  3.09473856e-03
1.27558340e-01  1.93393193e-04  2.50575571e-04  3.87744587e-04  2.13904786e-01  2.16612118e-01  2.70733176e-03  2.36505798e+00  2.36815306e+00  3.09508040e-03  2.58167042e+00  2.58476518e+00  3.09475664e-03
1.27698514e-01  1.93401861e-04  2.50586928e-04  3.87762669e-04  2.13904786e-01  2.16612118e-01  2.70733176e-03  2.36515130e+00  2.36824640e+00  3.09509848e-03  2.58176375e+00  2.58485852e+00  3.09477472e-03
1.27838688e-01  1.93410530e-04  2.50598285e-04  3.87780751e-04  2.13904786e-01  2.16612118e-01  2.70733176e-03  2.36524462e+00  2.36833974e+00  3.09511656e-03  2.58185706e+00  2.58495185e+00  3.09479281e-03
1.27978862e-01  1.93419198e-04  2.50609641e-04  3.87798832e-04  2.13904786e-01  2.16612118e-01  2.70733176e-03  2.36533793e+00  2.36843307e+00  3.09513464e-03  2.58195037e+00  2.58504518e+00  3.09481089e-03
1.28119036e-01  1.93427865e-04  2.50620997e-04  3.87816912e-04  2.13904786e-01  2.16612118e-01  2.70733176e-03  2.36543124e+00  2.36852639e+00  3.09515272e-03  2.58204368e+00  2.58513851e+00  3.09482897e-03
1.28259210e-01  1.93436533e-04  2.50632353e-04  3.87834993e-04  2.13904786e-01  2.16612118e-01  2.70733176e-03  2.36552453e+00  2.36861971e+00  3.09517080e-03  2.58213698e+00  2.58523182e+00  3.09484705e-03
1.28399384e-01  1.93445200e-04  2.50643709e-04  3.87853072e-04  2.13904786e-01  2.16612118e-01  2.70733176e-03  2.36561783e+00  2.36871302e+00  3.09518888e-03  2.58223027e+00  2.58532513e+00  3.09486513e-03
1.28539558e-01  1.93453867e-04  2.50655064e-04  3.87871151e-04  2.13904786e-01  2.16612118e-01  2.70733176e-03  2.36571112e+00  2.36880632e+00  3.09520696e-03  2.58232356e+00  2.58541844e+00  3.09488321e-03
1.28679732e-01  1.93462533e-04  2.50666418e-04  3.87889228e-04  2.13904786e-01  2.16612118e-01  2.70733176e-03  2.36580440e+00  2.36889962e+00  3.09522504e-03  2.58241684e+00  2.58551174e+00  3.09490128e-03
1.28819906e-01  1.93471199e-04  2.50677771e-04  3.87907304e-04  2.13904786e-01  2.16612118e-01  2.70733176e-03  2.36589767e+00  2.36899292e+00  3.09524311e-03  2.58251011e+00  2.58560503e+00  3.09491936e-03
1.28960080e-01  1.93479866e-04  2.50689126e-04  3.87925382e-04  2.13904786e-01  2.16612118e-01  2.70733176e-03  2.36599094e+00  2.36908620e+00  3.09526119e-03  2.58260338e+00  2.58569832e+00  3.09493744e-03
1.29100254e-01  1.93488532e-04  2.50700479e-04  3.87943458e-04  2.13904786e-01  2.16612118e-01  2.70733176e-03  2.36608421e+00  2.36917949e+00  3.09527927e-03  2.58269665e+00  2.58579160e+00  3.09495551e-03
1.29240428e-01  1.93497198e-04  2.50711833e-04  3.87961534e-04  2.13904786e-01  2.16612118e-01  2.70733176e-03  2.36617747e+00  2.36927276e+00  3.09529734e-03  2.58278991e+00  2.58588488e+00  3.09497359e-03
1.29380602e-01  1.93505864e-04  2.50723187e-04  3.87979610e-04  2.13904786e-01  2.16612118e-01  2.70733176e-03  2.36627072e+00  2.36936603e+00  3.09531542e-03  2.58288316e+00  2.58597815e+00  3.09499167e-03
1.29520776e-01  1.93514529e-04  2.50734538e-04  3.87997683e-04  2.13904786e-01  2.16612118e-01  2.70733176e-03  2.36636397e+00  2.36945930e+00  3.09533349e-03  2.58297641e+00  2.58607142e+00  3.09500974e-03
1.29660950e-01  1.93523193e-04  2.50745889e-04  3.88015755e-04  2.13904786e-01  2.16612118e-01  2.70733176e-03  2.36645721e+00  2.36955256e+00  3.09535156e-03  2.58306965e+00  2.58616468e+00  3.09502781e-03
1.29801124e-01  1.93531858e-04  2.50757242e-04  3.88033828e-04  2.13904786e-01  2.16612118e-01  2.70733176e-03  2.36655044e+00  2.36964581e+00  3.09536964e-03  2.58316288e+00  2.58625793e+00  3.09504588e-03
1.29941298e-01  1.93540523e-04  2.50768595e-04  3.88051903e-04  2.13904786e-01  2.16612118e-01  2.70733176e-03  2.36664367e+00  2.36973906e+00  3.09538771e-03  2.58325611e+00  2.58635118e+00  3.09506396e-03
1.30081472e-01  1.93549187e-04  2.50779944e-04  3.88069972e-04  2.13904786e-01  2.16612118e-01  2.70733176e-03  2.36673690e+00  2.36983230e+00  3.09540578e-03  2.58334934e+00  2.58644442e+00  3.09508203e-03
1.30221646e-01  1.93557852e-04  2.50791297e-04  3.88088046e-04  2.13904786e-01  2.16612118e-01  2.70733176e-03  2.36683011e+00  2.36992554e+00  3.09542386e-03  2.58344256e+00  2.58653766e+00  3.09510010e-03
1.30361820e-01  1.93566515e-04  2.50802647e-04  3.88106115e-04  2.13904786e-01  2.16612118e-01  2.70733176e-03  2.36692333e+00  2.37001877e+00  3.09544193e-03  2.58353577e+00  2.58663089e+00  3.09511817e-03
1.30501994e-01  1.93575179e-04  2.50813997e-04  3.88124185e-04  2.13904786e-01  2.16612118e-01  2.70733176e-03  2.36701653e+00  2.37011199e+00  3.09545999e-03  2.58362897e+00  2.58672411e+00  3.09513624e-03
1.30642168e-01  1.93583843e-04  2.50825348e-04  3.88142255e-04  2.13904786e-01  2.16612118e-01  2.70733176e-03  2.36710973e+00  2.37020521e+00  3.09547807e-03  2.58372217e+00  2.58681733e+00  3.09515431e-03
1.30782342e-01  1.93592506e-04  2.50836698e-04  3.88160324e-04  2.13904786e-01  2.16612118e-01  2.70733176e-03  2.36720293e+00  2.37029842e+00  3.09549613e-03  2.58381537e+00  2.58691054e+00  3.09517238e-03
1.30922516e-01  1.93601169e-04  2.50848047e-04  3.88178393e-04  2.13904786e-01  2.16612118e-01  2.70733176e-03  2.36729612e+00  2.37039163e+00  3.09551420e-03  2.58390856e+00  2.58700375e+00  3.09519045e-03
1.31062690e-01  1.93609833e-04  2.50859398e-04  3.88196462e-04  2.13904786e-01  2.16612118e-01  2.70733176e-03  2.36738930e+00  2.37048483e+00  3.09553227e-03  2.58400174e+00  2.58709695e+00  3.09520852e-03
1.31202864e-01  1.93618495e-04  2.50870745e-04  3.88214527e-04  2.13904786e-01  2.16612118e-01  2.70733176e-03  2.36748248e+00  2.37057803e+00  3.09555034e-03  2.58409492e+00  2.58719015e+00  3.09522658e-03
1.31343038e-01  1.93627156e-04  2.50882093e-04  3.88232592e-04  2.13904786e-01  2.16612118e-01  2.70733176e-03  2.36757565e+00  2.37067122e+00  3.09556840e-03  2.58418809e+00  2.58728334e+00  3.09524465e-03
1.31483212e-01  1.93635818e-04  2.50893440e-04  3.88250658e-04  2.13904786e-01  2.16612118e-01  2.70733176e-03  2.36766882e+00  2.37076440e+00  3.09558647e-03  2.58428126e+00  2.58737652e+00  3.09526271e-03
1.31623386e-01  1.93644480e-04  2.50904789e-04  3.88268723e-04  2.13904786e-01  2.16612118e-01  2.70733176e-03  2.36776198e+00  2.37085758e+00  3.09560453e-03  2.58437442e+00  2.58746970e+00  3.09528078e-03
1.31763560e-01  1.93653141e-04  2.50916136e-04  3.88286787e-04  2.13904786e-01  2.16612118e-01  2.70733176e-03  2.36785513e+00  2.37095075e+00  3.09562260e-03  2.58446757e+00  2.58756287e+00  3.09529884e-03
1.31903734e-01  1.93661803e-04  2.50927483e-04  3.88304851e-04  2.13904786e-01  2.16612118e-01  2.70733176e-03  2.36794828e+00  2.37104392e+00  3.09564066e-03  2.58456072e+00  2.58765604e+00  3.09531691e-03
1.32043908e-01  1.93670465e-04  2.50938831e-04  3.88322916e-04  2.13904786e-01  2.16612118e-01  2.70733176e-03  2.36804142e+00  2.37113708e+00  3.09565873e-03  2.58465386e+00  2.58774920e+00  3.09533497e-03
1.32184082e-01  1.93679125e-04  2.50950177e-04  3.88340978e-04  2.13904786e-01  2.16612118e-01  2.70733176e-03  2.36813456e+00  2.37123024e+00  3.09567679e-03  2.58474700e+00  2.58784235e+00  3.09535303e-03
1.32324256e-01  1.93687785e-04  2.50961521e-04  3.88359038e-04  2.13904786e-01  2.16612118e-01  2.70733176e-03  2.36822769e+00  2.37132339e+00  3.09569485e-03  2.58484013e+00  2.58793550e+00  3.09537109e-03
1.32464430e-01  1.93696446e-04  2.50972868e-04  3.88377100e-04  2.13904786e-01  2.16612118e-01  2.70733176e-03  2.36832082e+00  2.37141653e+00  3.09571291e-03  2.58493326e+00  2.58802865e+00  3.09538916e-03
1.32604604e-01  1.93705105e-04  2.50984213e-04  3.88395160e-04  2.13904786e-01  2.16612118e-01  2.70733176e-03  2.36841394e+00  2.37150967e+00  3.09573097e-03  2.58502638e+00  2.58812179e+00  3.09540722e-03
1.32744778e-01  1.93713765e-04  2.50995557e-04  3.88413220e-04  2.13904786e-01  2.16612118e-01  2.70733176e-03  2.36850705e+00  2.37160280e+00  3.09574903e-03  2.58511949e+00  2.58821492e+00  3.09542528e-03
1.32884952e-01  1.93722425e-04  2.51006902e-04  3.88431280e-04  2.13904786e-01  2.16612118e-01  2.70733176e-03  2.36860016e+00  2.37169593e+00  3.09576709e-03  2.58521260e+00  2.58830804e+00  3.09544334e-03
1.33025126e-01  1.93731084e-04  2.51018246e-04  3.88449338e-04  2.13904786e-01  2.16612118e-01  2.70733176e-03  2.36869326e+00  2.37178905e+00  3.09578515e-03  2.58530570e+00  2.58840116e+00  3.09546139e-03
1.33165300e-01  1.93739743e-04  2.51029590e-04  3.88467396e-04  2.13904786e-01  2.16612118e-01  2.70733176e-03  2.36878636e+00  2.37188216e+00  3.09580321e-03  2.58539880e+00  2.58849428e+00  3.09547945e-03
1.33305474e-01  1.93748402e-04  2.51040934e-04  3.88485454e-04  2.13904786e-01  2.16612118e-01  2.70733176e-03  2.36887945e+00  2.37197527e+00  3.09582126e-03  2.58549189e+00  2.58858739e+00  3.09549751e-03
1.33445648e-01  1.93757061e-04  2.51052278e-04  3.88503511e-04  2.13904786e-01  2.16612118e-01  2.70733176e-03  2.36897254e+00  2.37206837e+00  3.09583932e-03  2.58558498e+00  2.58868049e+00  3.09551557e-03
1.33585822e-01  1.93765720e-04  2.51063621e-04  3.88521568e-04  2.13904786e-01  2.16612118e-01  2.70733176e-03  2.36906561e+00  2.37216147e+00  3.09585738e-03  2.58567806e+00  2.58877359e+00  3.09553362e-03
1.33725996e-01  1.93774378e-04  2.51074963e-04  3.88539623e-04  2.13904786e-01  2.16612118e-01  2.70733176e-03  2.36915869e+00  2.37225456e+00  3.09587543e-03  2.58577113e+00  2.58886668e+00  3.09555168e-03
1.33866170e-01  1.93783036e-04  2.51086306e-04  3.88557679e-04  2.13904786e-01  2.16612118e-01  2.70733176e-03  2.36925176e+00  2.37234765e+00  3.09589349e-03  2.58586420e+00  2.58895977e+00  3.09556973e-03
1.34006344e-01  1.93791693e-04  2.51097647e-04  3.88575732e-04  2.13904786e-01  2.16612118e-01  2.70733176e-03  2.36934482e+00  2.37244073e+00  3.09591154e-03  2.58595726e+00  2.58905285e+00  3.09558779e-03
1.34146518e-01  1.93800351e-04  2.51108989e-04  3.88593787e-04  2.13904786e-01  2.16612118e-01  2.70733176e-03  2.36943788e+00  2.37253381e+00  3.09592960e-03  2.58605032e+00  2.58914592e+00  3.09560584e-03
1.34286692e-01  1.93809009e-04  2.51120333e-04  3.88611843e-04  2.13904786e-01  2.16612118e-01  2.70733176e-03  2.36953093e+00  2.37262687e+00  3.09594765e-03  2.58614337e+00  2.58923899e+00  3.09562390e-03
1.34426866e-01  1.93817665e-04  2.51131672e-04  3.88629893e-04  2.13904786e-01  2.16612118e-01  2.70733176e-03  2.36962397e+00  2.37271994e+00  3.09596570e-03  2.58623641e+00  2.58933205e+00  3.09564195e-03
1.34567040e-01  1.93826321e-04  2.51143012e-04  3.88647944e-04  2.13904786e-01  2.16612118e-01  2.70733176e-03  2.36971701e+00  2.37281299e+00  3.09598375e-03  2.58632945e+00  2.58942511e+00  3.09566000e-03
1.34707214e-01  1.93834979e-04  2.51154354e-04  3.88665999e-04  2.13904786e-01  2.16612118e-01  2.70733176e-03  2.36981004e+00  2.37290605e+00  3.09600181e-03  2.58642249e+00  2.58951816e+00  3.09567805e-03
1.34847388e-01  1.93843635e-04  2.51165694e-04  3.88684048e-04  2.13904786e-01  2.16612118e-01  2.70733176e-03  2.36990307e+00  2.37299909e+00  3.09601986e-03  2.58651551e+00  2.58961121e+00  3.09569610e-03
1.34987562e-01  1.93852291e-04  2.51177033e-04  3.88702098e-04  2.13904786e-01  2.16612118e-01  2.70733176e-03  2.36999609e+00  2.37309213e+00  3.09603791e-03  2.58660854e+00  2.58970425e+00  3.09571415e-03
1.35127736e-01  1.93860947e-04  2.51188373e-04  3.88720148e-04  2.13904786e-01  2.16612118e-01  2.70733176e-03  2.37008911e+00  2.37318517e+00  3.09605596e-03  2.58670155e+00  2.58979728e+00  3.09573220e-03
1.35267910e-01  1.93869602e-04  2.51199710e-04  3.88738195e-04  2.13904786e-01  2.16612118e-01  2.70733176e-03  2.37018212e+00  2.37327820e+00  3.09607400e-03  2.58679456e+00  2.58989031e+00  3.09575025e-03
1.35408084e-01  1.93878258e-04  2.51211050e-04  3.88756244e-04  2.13904786e-01  2.16612118e-01  2.70733176e-03  2.37027513e+00  2.37337122e+00  3.09609205e-03  2.58688757e+00  2.58998334e+00  3.09576830e-03
1.35548258e-01  1.93886912e-04  2.51222387e-04  3.88774290e-04  2.13904786e-01  2.16612118e-01  2.70733176e-03  2.37036813e+00  2.37346424e+00  3.09611010e-03  2.58698057e+00  2.59007635e+00  3.09578635e-03
1.35688432e-01  1.93895568e-04  2.51233727e-04  3.88792340e-04  2.13904786e-01  2.16612118e-01  2.70733176e-03  2.37046112e+00  2.37355725e+00  3.09612815e-03  2.58707356e+00  2.59016936e+00  3.09580440e-03
1.35828606e-01  1.93904223e-04  2.51245065e-04  3.88810387e-04  2.13904786e-01  2.16612118e-01  2.70733176e-03  2.37055411e+00  2.37365025e+00  3.09614620e-03  2.58716655e+00  2.59026237e+00  3.09582244e-03
1.35968780e-01  1.93912877e-04  2.51256401e-04  3.88828431e-04  2.13904786e-01  2.16612118e-01  2.70733176e-03  2.37064709e+00  2.37374325e+00  3.09616424e-03  2.58725953e+00  2.59035537e+00  3.09584049e-03
1.36108954e-01  1.93921531e-04  2.51267739e-04  3.88846477e-04  2.13904786e-01  2.16612118e-01  2.70733176e-03  2.37074006e+00  2.37383625e+00  3.09618229e-03  2.58735251e+00  2.59044836e+00  3.09585853e-03
1.36249128e-01  1.93930184e-04  2.51279074e-04  3.88864520e-04  2.13904786e-01  2.16612118e-01  2.70733176e-03  2.37083303e+00  2.37392924e+00  3.09620033e-03  2.58744548e+00  2.59054135e+00  3.09587658e-03
1.36389302e-01  1.93938839e-04  2.51290412e-04  3.88882566e-04  2.13904786e-01  2.16612118e-01  2.70733176e-03  2.37092600e+00  2.37402222e+00  3.09621838e-03  2.58753844e+00  2.59063434e+00  3.09589462e-03
1.36529476e-01  1.93947492e-04  2.51301748e-04  3.88900609e-04  2.13904786e-01  2.16612118e-01  2.70733176e-03  2.37101896e+00  2.37411519e+00  3.09623642e-03  2.58763140e+00  2.59072731e+00  3.09591266e-03
1.36669650e-01  1.93956145e-04  2.51313083e-04  3.88918651e-04  2.13904786e-01  2.16612118e-01  2.70733176e-03  2.37111191e+00  2.37420817e+00  3.09625446e-03  2.58772435e+00  2.59082028e+00  3.09593071e-03
1.36809824e-01  1.93964799e-04  2.51324420e-04  3.88936695e-04  2.13904786e-01  2.16612118e-01  2.70733176e-03  2.37120486e+00  2.37430113e+00  3.09627250e-03  2.58781730e+00  2.59091325e+00  3.09594875e-03
1.36949998e-01  1.93973451e-04  2.51335753e-04  3.88954735e-04  2.13904786e-01  2.16612118e-01  2.70733176e-03  2.37129780e+00  2.37439409e+00  3.09629054e-03  2.58791024e+00  2.59100621e+00  3.09596679e-03
1.37090172e-01  1.93982104e-04  2.51347088e-04  3.88972776e-04  2.13904786e-01  2.16612118e-01  2.70733176e-03  2.37139074e+00  2.37448705e+00  3.09630859e-03  2.58800318e+00  2.59109916e+00  3.09598483e-03
1.37230346e-01  1.93990755e-04  2.51358422e-04  3.88990815e-04  2.13904786e-01  2.16612118e-01  2.70733176e-03  2.37148367e+00  2.37457999e+00  3.09632662e-03  2.58809611e+00  2.59119211e+00  3.09600287e-03
1.37370520e-01  1.93999407e-04  2.51369756e-04  3.89008855e-04  2.13904786e-01  2.16612118e-01  2.70733176e-03  2.37157659e+00  2.37467294e+00  3.09634467e-03  2.58818903e+00  2.59128505e+00  3.09602091e-03
1.37510694e-01  1.94008059e-04  2.51381090e-04  3.89026895e-04  2.13904786e-01  2.16612118e-01  2.70733176e-03  2.37166951e+00  2.37476587e+00  3.09636270e-03  2.58828195e+00  2.59137799e+00  3.09603895e-03
1.37650868e-01  1.94016710e-04  2.51392423e-04  3.89044932e-04  2.13904786e-01  2.16612118e-01  2.70733176e-03  2.37176242e+00  2.37485880e+00  3.09638074e-03  2.58837487e+00  2.59147092e+00  3.09605699e-03
1.37791042e-01  1.94025362e-04  2.51403756e-04  3.89062971e-04  2.13904786e-01  2.16612118e-01  2.70733176e-03  2.37185533e+00  2.37495173e+00  3.09639878e-03  2.58846777e+00  2.59156385e+00  3.09607503e-03
1.37931216e-01  1.94034014e-04  2.51415090e-04  3.89081009e-04  2.13904786e-01  2.16612118e-01  2.70733176e-03  2.37194823e+00  2.37504465e+00  3.09641682e-03  2.58856067e+00  2.59165677e+00  3.09609306e-03
1.38071390e-01  1.94042664e-04  2.51426422e-04  3.89099045e-04  2.13904786e-01  2.16612118e-01  2.70733176e-03  2.37204113e+00  2.37513756e+00  3.09643485e-03  2.58865357e+00  2.59174968e+00  3.09611110e-03
1.38211564e-01  1.94051314e-04  2.51437752e-04  3.89117079e-04  2.13904786e-01  2.16612118e-01  2.70733176e-03  2.37213402e+00  2.37523047e+00  3.09645289e-03  2.58874646e+00  2.59184259e+00  3.09612913e-03
1.38351738e-01  1.94059965e-04  2.51449085e-04  3.89135115e-04  2.13904786e-01  2.16612118e-01  2.70733176e-03  2.37222690e+00  2.37532337e+00  3.09647092e-03  2.58883934e+00  2.59193549e+00  3.09614717e-03
1.38491912e-01  1.94068615e-04  2.51460416e-04  3.89153150e-04  2.13904786e-01  2.16612118e-01  2.70733176e-03  2.37231978e+00  2.37541627e+00  3.09648896e-03  2.58893222e+00  2.59202839e+00  3.09616521e-03
1.38632086e-01  1.94077265e-04  2.51471747e-04  3.89171184e-04  2.13904786e-01  2.16612118e-01  2.70733176e-03  2.37241266e+00  2.37550916e+00  3.09650699e-03  2.58902510e+00  2.59212128e+00  3.09618324e-03
1.38772260e-01  1.94085914e-04  2.51483077e-04  3.89189216e-04  2.13904786e-01  2.16612118e-01  2.70733176e-03  2.37250552e+00  2.37560205e+00  3.09652503e-03  2.58911796e+00  2.59221417e+00  3.09620127e-03
1.38912434e-01  1.94094563e-04  2.51494407e-04  3.89207249e-04  2.13904786e-01  2.16612118e-01  2.70733176e-03  2.37259838e+00  2.37569493e+00  3.09654306e-03  2.58921083e+00  2.59230705e+00  3.09621930e-03
1.39052608e-01  1.94103213e-04  2.51505739e-04  3.89225283e-04  2.13904786e-01  2.16612118e-01  2.70733176e-03  2.37269124e+00  2.37578780e+00  3.09656109e-03  2.58930368e+00  2.59239992e+00  3.09623734e-03
1.39192782e-01  1.94111862e-04  2.51517068e-04  3.89243314e-04  2.13904786e-01  2.16612118e-01  2.70733176e-03  2.37278409e+00  2.37588067e+00  3.09657912e-03  2.58939653e+00  2.59249279e+00  3.09625537e-03
1.39332956e-01  1.94120511e-04  2.51528397e-04  3.89261345e-04  2.13904786e-01  2.16612118e-01  2.70733176e-03  2.37287693e+00  2.37597353e+00  3.09659716e-03  2.58948938e+00  2.59258565e+00  3.09627340e-03
1.39473130e-01  1.94129159e-04  2.51539726e-04  3.89279375e-04  2.13904786e-01  2.16612118e-01  2.70733176e-03  2.37296977e+00  2.37606639e+00  3.09661518e-03  2.58958222e+00  2.59267851e+00  3.09629143e-03
1.39613304e-01  1.94137807e-04  2.51551055e-04  3.89297405e-04  2.13904786e-01  2.16612118e-01  2.70733176e-03  2.37306261e+00  2.37615924e+00  3.09663322e-03  2.58967505e+00  2.59277136e+00  3.09630946e-03
1.39753478e-01  1.94146455e-04  2.51562382e-04  3.89315433e-04  2.13904786e-01  2.16612118e-01  2.70733176e-03  2.37315543e+00  2.37625209e+00  3.09665124e-03  2.58976788e+00  2.59286420e+00  3.09632749e-03
1.39893652e-01  1.94155103e-04  2.51573712e-04  3.89333464e-04  2.13904786e-01  2.16612118e-01  2.70733176e-03  2.37324826e+00  2.37634493e+00  3.09666927e-03  2.58986070e+00  2.59295704e+00  3.09634552e-03
1.40033826e-01  1.94163751e-04  2.51585039e-04  3.89351491e-04  2.13904786e-01  2.16612118e-01  2.70733176e-03  2.37334107e+00  2.37643776e+00  3.09668730e-03  2.58995351e+00  2.59304988e+00  3.09636355e-03
1.40174000e-01  1.94172398e-04  2.51596367e-04  3.89369518e-04  2.13904786e-01  2.16612118e-01  2.70733176e-03  2.37343388e+00  2.37653059e+00  3.09670533e-03  2.59004632e+00  2.59314270e+00  3.09638157e-03
1.40314174e-01  1.94181045e-04  2.51607694e-04  3.89387545e-04  2.13904786e-01  2.16612118e-01  2.70733176e-03  2.37352669e+00  2.37662341e+00  3.09672336e-03  2.59013913e+00  2.59323553e+00  3.09639960e-03
1.40454348e-01  1.94189692e-04  2.51619020e-04  3.89405571e-04  2.13904786e-01  2.16612118e-01  2.70733176e-03  2.37361949e+00  2.37671623e+00  3.09674138e-03  2.59023193e+00  2.59332834e+00  3.09641763e-03
1.40594522e-01  1.94198338e-04  2.51630346e-04  3.89423595e-04  2.13904786e-01  2.16612118e-01  2.70733176e-03  2.37371228e+00  2.37680904e+00  3.09675940e-03  2.59032472e+00  2.59342116e+00  3.09643565e-03
1.40734696e-01  1.94206983e-04  2.51641671e-04  3.89441619e-04  2.13904786e-01  2.16612118e-01  2.70733176e-03  2.37380507e+00  2.37690184e+00  3.09677743e-03  2.59041751e+00  2.59351396e+00  3.09645367e-03
1.40874870e-01  1.94215630e-04  2.51652997e-04  3.89459644e-04  2.13904786e-01  2.16612118e-01  2.70733176e-03  2.37389785e+00  2.37699464e+00  3.09679545e-03  2.59051029e+00  2.59360676e+00  3.09647170e-03
1.41015044e-01  1.94224277e-04  2.51664324e-04  3.89477670e-04  2.13904786e-01  2.16612118e-01  2.70733176e-03  2.37399062e+00  2.37708744e+00  3.09681348e-03  2.59060307e+00  2.59369955e+00  3.09648973e-03
1.41155218e-01  1.94232921e-04  2.51675647e-04  3.89495690e-04  2.13904786e-01  2.16612118e-01  2.70733176e-03  2.37408339e+00  2.37718023e+00  3.09683150e-03  2.59069584e+00  2.59379234e+00  3.09650775e-03
1.41295392e-01  1.94241566e-04  2.51686971e-04  3.89513712e-04  2.13904786e-01  2.16612118e-01  2.70733176e-03  2.37417616e+00  2.37727301e+00  3.09684952e-03  2.59078860e+00  2.59388513e+00  3.09652577e-03
1.41435566e-01  1.94250212e-04  2.51698297e-04  3.89531735e-04  2.13904786e-01  2.16612118e-01  2.70733176e-03  2.37426892e+00  2.37736579e+00  3.09686754e-03  2.59088136e+00  2.59397790e+00  3.09654379e-03
1.41575740e-01  1.94258856e-04  2.51709620e-04  3.89549755e-04  2.13904786e-01  2.16612118e-01  2.70733176e-03  2.37436167e+00  2.37745856e+00  3.09688556e-03  2.59097411e+00  2.59407067e+00  3.09656181e-03
1.41715914e-01  1.94267501e-04  2.51720944e-04  3.89567776e-04  2.13904786e-01  2.16612118e-01  2.70733176e-03  2.37445442e+00  2.37755132e+00  3.09690359e-03  2.59106686e+00  2.59416344e+00  3.09657983e-03
1.41856088e-01  1.94276145e-04  2.51732267e-04  3.89585795e-04  2.13904786e-01  2.16612118e-01  2.70733176e-03  2.37454716e+00  2.37764408e+00  3.09692160e-03  2.59115960e+00  2.59425620e+00  3.09659785e-03
1.41996262e-01  1.94284789e-04  2.51743590e-04  3.89603814e-04  2.13904786e-01  2.16612118e-01  2.70733176e-03  2.37463990e+00  2.37773684e+00  3.09693962e-03  2.59125234e+00  2.59434895e+00  3.09661587e-03
1.42136436e-01  1.94293434e-04  2.51754913e-04  3.89621833e-04  2.13904786e-01  2.16612118e-01  2.70733176e-03  2.37473263e+00  2.37782958e+00  3.09695764e-03  2.59134507e+00  2.59444170e+00  3.09663389e-03
1.42276610e-01  1.94302077e-04  2.51766234e-04  3.89639850e-04  2.13904786e-01  2.16612118e-01  2.70733176e-03  2.37482535e+00  2.37792233e+00  3.09697566e-03  2.59143779e+00  2.59453444e+00  3.09665191e-03
1.42416784e-01  1.94310720e-04  2.51777556e-04  3.89657867e-04  2.13904786e-01  2.16612118e-01  2.70733176e-03  2.37491807e+00  2.37801506e+00  3.09699368e-03  2.59153051e+00  2.59462718e+00  3.09666992e-03
1.42556958e-01  1.94319364e-04  2.51788879e-04  3.89675886e-04  2.13904786e-01  2.16612118e-01  2.70733176e-03  2.37501078e+00  2.37810780e+00  3.09701170e-03  2.59162323e+00  2.59471991e+00  3.09668794e-03
1.42697132e-01  1.94328007e-04  2.51800200e-04  3.89693901e-04  2.13904786e-01  2.16612118e-01  2.70733176e-03  2.37510349e+00  2.37820052e+00  3.09702971e-03  2.59171593e+00  2.59481264e+00  3.09670596e-03
1.42837306e-01  1.94336649e-04  2.51811520e-04  3.89711916e-04  2.13904786e-01  2.16612118e-01  2.70733176e-03  2.37519619e+00  2.37829324e+00  3.09704773e-03  2.59180864e+00  2.59490536e+00  3.09672397e-03
1.42977480e-01  1.94345291e-04  2.51822840e-04  3.89729930e-04  2.13904786e-01  2.16612118e-01  2.70733176e-03  2.37528889e+00  2.37838596e+00  3.09706574e-03  2.59190133e+00  2.59499807e+00  3.09674199e-03
1.43117654e-01  1.94353933e-04  2.51834161e-04  3.89747944e-04  2.13904786e-01  2.16612118e-01  2.70733176e-03  2.37538158e+00  2.37847866e+00  3.09708375e-03  2.59199402e+00  2.59509078e+00  3.09676000e-03
1.43257828e-01  1.94362575e-04  2.51845481e-04  3.89765958e-04  2.13904786e-01  2.16612118e-01  2.70733176e-03  2.37547427e+00  2.37857137e+00  3.09710177e-03  2.59208671e+00  2.59518349e+00  3.09677801e-03
1.43398002e-01  1.94371217e-04  2.51856800e-04  3.89783971e-04  2.13904786e-01  2.16612118e-01  2.70733176e-03  2.37556695e+00  2.37866406e+00  3.09711978e-03  2.59217939e+00  2.59527618e+00  3.09679603e-03
1.43538176e-01  1.94379859e-04  2.51868120e-04  3.89801984e-04  2.13904786e-01  2.16612118e-01  2.70733176e-03  2.37565962e+00  2.37875676e+00  3.09713779e-03  2.59227206e+00  2.59536887e+00  3.09681404e-03
1.43678350e-01  1.94388500e-04  2.51879439e-04  3.89819995e-04  2.13904786e-01  2.16612118e-01  2.70733176e-03  2.37575229e+00  2.37884944e+00  3.09715580e-03  2.59236473e+00  2.59546156e+00  3.09683205e-03
1.43818524e-01  1.94397140e-04  2.51890757e-04  3.89838005e-04  2.13904786e-01  2.16612118e-01  2.70733176e-03  2.37584495e+00  2.37894212e+00  3.09717381e-03  2.59245739e+00  2.59555424e+00  3.09685006e-03
1.43958698e-01  1.94405782e-04  2.51902076e-04  3.89856016e-04  2.13904786e-01  2.16612118e-01  2.70733176e-03  2.37593761e+00  2.37903480e+00  3.09719183e-03  2.59255005e+00  2.59564691e+00  3.09686807e-03
1.44098872e-01  1.94414422e-04  2.51913393e-04  3.89874026e-04  2.13904786e-01  2.16612118e-01  2.70733176e-03  2.37603026e+00  2.37912747e+00  3.09720984e-03  2.59264270e+00  2.59573958e+00  3.09688608e-03
1.44239046e-01  1.94423062e-04  2.51924710e-04  3.89892035e-04  2.13904786e-01  2.16612118e-01  2.70733176e-03  2.37612290e+00  2.37922013e+00  3.09722784e-03  2.59273534e+00  2.59583225e+00  3.09690409e-03
1.44379220e-01  1.94431702e-04  2.51936028e-04  3.89910043e-04  2.13904786e-01  2.16612118e-01  2.70733176e-03  2.37621554e+00  2.37931279e+00  3.09724585e-03  2.59282798e+00  2.59592490e+00  3.09692210e-03
1.44519394e-01  1.94440342e-04  2.51947345e-04  3.89928052e-04  2.13904786e-01  2.16612118e-01  2.70733176e-03  2.37630817e+00  2.37940544e+00  3.09726386e-03  2.59292062e+00  2.59601756e+00  3.09694011e-03
1.44659568e-01  1.94448982e-04  2.51958662e-04  3.89946060e-04  2.13904786e-01  2.16612118e-01  2.70733176e-03  2.37640080e+00  2.37949808e+00  3.09728187e-03  2.59301324e+00  2.59611020e+00  3.09695812e-03
1.44799742e-01  1.94457620e-04  2.51969977e-04  3.89964065e-04  2.13904786e-01  2.16612118e-01  2.70733176e-03  2.37649343e+00  2.37959073e+00  3.09729987e-03  2.59310587e+00  2.59620284e+00  3.09697612e-03
1.44939916e-01  1.94466260e-04  2.51981294e-04  3.89982072e-04  2.13904786e-01  2.16612118e-01  2.70733176e-03  2.37658604e+00  2.37968336e+00  3.09731788e-03  2.59319848e+00  2.59629548e+00  3.09699413e-03
1.45080090e-01  1.94474898e-04  2.51992608e-04  3.90000076e-04  2.13904786e-01  2.16612118e-01  2.70733176e-03  2.37667865e+00  2.37977599e+00  3.09733589e-03  2.59329109e+00  2.59638811e+00  3.09701213e-03
1.45220264e-01  1.94483537e-04  2.52003923e-04  3.90018080e-04  2.13904786e-01  2.16612118e-01  2.70733176e-03  2.37677126e+00  2.37986861e+00  3.09735389e-03  2.59338370e+00  2.59648073e+00  3.09703014e-03
1.45360438e-01  1.94492176e-04  2.52015239e-04  3.90036086e-04  2.13904786e-01  2.16612118e-01  2.70733176e-03  2.37686386e+00  2.37996123e+00  3.09737190e-03  2.59347630e+00  2.59657335e+00  3.09704814e-03
1.45500612e-01  1.94500813e-04  2.52026553e-04  3.90054089e-04  2.13904786e-01  2.16612118e-01  2.70733176e-03  2.37695645e+00  2.38005384e+00  3.09738990e-03  2.59356889e+00  2.59666596e+00  3.09706614e-03
1.45640786e-01  1.94509451e-04  2.52037867e-04  3.90072091e-04  2.13904786e-01  2.16612118e-01  2.70733176e-03  2.37704904e+00  2.38014645e+00  3.09740790e-03  2.59366148e+00  2.59675857e+00  3.09708415e-03
1.45780960e-01  1.94518089e-04  2.52049181e-04  3.90090094e-04  2.13904786e-01  2.16612118e-01  2.70733176e-03  2.37714162e+00  2.38023905e+00  3.09742590e-03  2.59375407e+00  2.59685117e+00  3.09710215e-03
1.45921134e-01  1.94526726e-04  2.52060495e-04  3.90108096e-04  2.13904786e-01  2.16612118e-01  2.70733176e-03  2.37723420e+00  2.38033165e+00  3.09744391e-03  2.59384664e+00  2.59694376e+00  3.09712015e-03
1.46061308e-01  1.94535363e-04  2.52071807e-04  3.90126096e-04  2.13904786e-01  2.16612118e-01  2.70733176e-03  2.37732677e+00  2.38042424e+00  3.09746191e-03  2.59393921e+00  2.59703635e+00  3.09713815e-03
1.46201482e-01  1.94544000e-04  2.52083120e-04  3.90144096e-04  2.13904786e-01  2.16612118e-01  2.70733176e-03  2.37741934e+00  2.38051682e+00  3.09747991e-03  2.59403178e+00  2.59712894e+00  3.09715615e-03
1.46341656e-01  1.94552636e-04  2.52094431e-04  3.90162095e-04  2.13904786e-01  2.16612118e-01  2.70733176e-03  2.37751190e+00  2.38060940e+00  3.09749790e-03  2.59412434e+00  2.59722151e+00  3.09717415e-03
1.46481830e-01  1.94561273e-04  2.52105745e-04  3.90180097e-04  2.13904786e-01  2.16612118e-01  2.70733176e-03  2.37760445e+00  2.38070197e+00  3.09751591e-03  2.59421690e+00  2.59731409e+00  3.09719215e-03
1.46622004e-01  1.94569910e-04  2.52117058e-04  3.90198096e-04  2.13904786e-01  2.16612118e-01  2.70733176e-03  2.37769700e+00  2.38079454e+00  3.09753391e-03  2.59430944e+00  2.59740665e+00  3.09721015e-03
1.46762178e-01  1.94578545e-04  2.52128368e-04  3.90216092e-04  2.13904786e-01  2.16612118e-01  2.70733176e-03  2.37778955e+00  2.38088710e+00  3.09755190e-03  2.59440199e+00  2.59749922e+00  3.09722815e-03
1.46902352e-01  1.94587181e-04  2.52139680e-04  3.90234090e-04  2.13904786e-01  2.16612118e-01  2.70733176e-03  2.37788208e+00  2.38097965e+00  3.09756990e-03  2.59449452e+00  2.59759177e+00  3.09724615e-03
1.47042526e-01  1.94595816e-04  2.52150990e-04  3.90252086e-04  2.13904786e-01  2.16612118e-01  2.70733176e-03  2.37797462e+00  2.38107220e+00  3.09758790e-03  2.59458706e+00  2.59768432e+00  3.09726414e-03
1.47182700e-01  1.94604451e-04  2.52162300e-04  3.90270082e-04  2.13904786e-01  2.16612118e-01  2.70733176e-03  2.37806714e+00  2.38116475e+00  3.09760589e-03  2.59467958e+00  2.59777687e+00  3.09728214e-03
1.47322874e-01  1.94613087e-04  2.52173611e-04  3.90288079e-04  2.13904786e-01  2.16612118e-01  2.70733176e-03  2.37815966e+00  2.38125729e+00  3.09762389e-03  2.59477210e+00  2.59786940e+00  3.09730013e-03
1.47463048e-01  1.94621721e-04  2.52184920e-04  3.90306072e-04  2.13904786e-01  2.16612118e-01  2.70733176e-03  2.37825218e+00  2.38134982e+00  3.09764188e-03  2.59486462e+00  2.59796194e+00  3.09731813e-03
1.47603222e-01  1.94630355e-04  2.52196229e-04  3.90324066e-04  2.13904786e-01  2.16612118e-01  2.70733176e-03  2.37834469e+00  2.38144235e+00  3.09765988e-03  2.59495713e+00  2.59805446e+00  3.09733612e-03
1.47743396e-01  1.94638990e-04  2.52207539e-04  3.90342060e-04  2.13904786e-01  2.16612118e-01  2.70733176e-03  2.37843719e+00  2.38153487e+00  3.09767787e-03  2.59504963e+00  2.59814699e+00  3.09735412e-03
1.47883570e-01  1.94647623e-04  2.52218847e-04  3.90360052e-04  2.13904786e-01  2.16612118e-01  2.70733176e-03  2.37852969e+00  2.38162738e+00  3.09769586e-03  2.59514213e+00  2.59823950e+00  3.09737211e-03
1.48023744e-01  1.94656257e-04  2.52230155e-04  3.90378044e-04  2.13904786e-01  2.16612118e-01  2.70733176e-03  2.37862218e+00  2.38171989e+00  3.09771385e-03  2.59523462e+00  2.59833201e+00  3.09739010e-03
1.48163918e-01  1.94664891e-04  2.52241464e-04  3.90396038e-04  2.13904786e-01  2.16612118e-01  2.70733176e-03  2.37871467e+00  2.38181240e+00  3.09773185e-03  2.59532711e+00  2.59842452e+00  3.09740809e-03
1.48304092e-01  1.94673524e-04  2.52252771e-04  3.90414028e-04  2.13904786e-01  2.16612118e-01  2.70733176e-03  2.37880715e+00  2.38190490e+00  3.09774984e-03  2.59541959e+00  2.59851702e+00  3.09742608e-03
1.48444266e-01  1.94682156e-04  2.52264078e-04  3.90432017e-04  2.13904786e-01  2.16612118e-01  2.70733176e-03  2.37889962e+00  2.38199739e+00  3.09776783e-03  2.59551206e+00  2.59860951e+00  3.09744407e-03
1.48584440e-01  1.94690790e-04  2.52275386e-04  3.90450008e-04  2.13904786e-01  2.16612118e-01  2.70733176e-03  2.37899209e+00  2.38208988e+00  3.09778582e-03  2.59560453e+00  2.59870200e+00  3.09746206e-03
1.48724614e-01  1.94699422e-04  2.52286692e-04  3.90467997e-04  2.13904786e-01  2.16612118e-01  2.70733176e-03  2.37908456e+00  2.38218236e+00  3.09780381e-03  2.59569700e+00  2.59879448e+00  3.09748005e-03
1.48864788e-01  1.94708054e-04  2.52297999e-04  3.90485986e-04  2.13904786e-01  2.16612118e-01  2.70733176e-03  2.37917702e+00  2.38227484e+00  3.09782180e-03  2.59578946e+00  2.59888696e+00  3.09749804e-03
1.49004962e-01  1.94716686e-04  2.52309304e-04  3.90503973e-04  2.13904786e-01  2.16612118e-01  2.70733176e-03  2.37926947e+00  2.38236731e+00  3.09783978e-03  2.59588191e+00  2.59897943e+00  3.09751603e-03
1.49145136e-01  1.94725318e-04  2.52320611e-04  3.90521962e-04  2.13904786e-01  2.16612118e-01  2.70733176e-03  2.37936192e+00  2.38245977e+00  3.09785777e-03  2.59597436e+00  2.59907189e+00  3.09753402e-03
1.49285310e-01  1.94733949e-04  2.52331916e-04  3.90539947e-04  2.13904786e-01  2.16612118e-01  2.70733176e-03  2.37945436e+00  2.38255223e+00  3.09787576e-03  2.59606680e+00  2.59916435e+00  3.09755200e-03
1.49425484e-01  1.94742580e-04  2.52343220e-04  3.90557933e-04  2.13904786e-01  2.16612118e-01  2.70733176e-03  2.37954679e+00  2.38264469e+00  3.09789374e-03  2.59615923e+00  2.59925680e+00  3.09756999e-03
1.49565658e-01  1.94751211e-04  2.52354525e-04  3.90575918e-04  2.13904786e-01  2.16612118e-01  2.70733176e-03  2.37963922e+00  2.38273714e+00  3.09791173e-03  2.59625167e+00  2.59934925e+00  3.09758797e-03
1.49705832e-01  1.94759842e-04  2.52365829e-04  3.90593903e-04  2.13904786e-01  2.16612118e-01  2.70733176e-03  2.37973165e+00  2.38282958e+00  3.09792971e-03  2.59634409e+00  2.59944170e+00  3.09760596e-03
1.49846006e-01  1.94768472e-04  2.52377132e-04  3.90611886e-04  2.13904786e-01  2.16612118e-01  2.70733176e-03  2.37982407e+00  2.38292202e+00  3.09794770e-03  2.59643651e+00  2.59953413e+00  3.09762394e-03
1.49986180e-01  1.94777103e-04  2.52388437e-04  3.90629871e-04  2.13904786e-01  2.16612118e-01  2.70733176e-03  2.37991648e+00  2.38301445e+00  3.09796568e-03  2.59652892e+00  2.59962656e+00  3.09764193e-03
1.50126354e-01  1.94785733e-04  2.52399740e-04  3.90647853e-04  2.13904786e-01  2.16612118e-01  2.70733176e-03  2.38000889e+00  2.38310687e+00  3.09798366e-03  2.59662133e+00  2.59971899e+00  3.09765991e-03
1.50266528e-01  1.94794362e-04  2.52411042e-04  3.90665834e-04  2.13904786e-01  2.16612118e-01  2.70733176e-03  2.38010129e+00  2.38319929e+00  3.09800164e-03  2.59671373e+00  2.59981141e+00  3.09767789e-03
1.50406702e-01  1.94802992e-04  2.52422344e-04  3.90683816e-04  2.13904786e-01  2.16612118e-01  2.70733176e-03  2.38019369e+00  2.38329171e+00  3.09801963e-03  2.59680613e+00  2.59990382e+00  3.09769587e-03
1.50546876e-01  1.94811622e-04  2.52433648e-04  3.90701798e-04  2.13904786e-01  2.16612118e-01  2.70733176e-03  2.38028608e+00  2.38338412e+00  3.09803761e-03  2.59689852e+00  2.59999623e+00  3.09771385e-03
1.50687050e-01  1.94820250e-04  2.52444949e-04  3.90719778e-04  2.13904786e-01  2.16612118e-01  2.70733176e-03  2.38037846e+00  2.38347652e+00  3.09805559e-03  2.59699090e+00  2.60008864e+00  3.09773183e-03
1.50827224e-01  1.94828880e-04  2.52456251e-04  3.90737759e-04  2.13904786e-01  2.16612118e-01  2.70733176e-03  2.38047084e+00  2.38356892e+00  3.09807357e-03  2.59708328e+00  2.60018103e+00  3.09774981e-03
1.50967398e-01  1.94837508e-04  2.52467551e-04  3.90755736e-04  2.13904786e-01  2.16612118e-01  2.70733176e-03  2.38056322e+00  2.38366131e+00  3.09809155e-03  2.59717566e+00  2.60027343e+00  3.09776779e-03
1.51107572e-01  1.94846136e-04  2.52478852e-04  3.90773715e-04  2.13904786e-01  2.16612118e-01  2.70733176e-03  2.38065559e+00  2.38375369e+00  3.09810952e-03  2.59726803e+00  2.60036581e+00  3.09778577e-03
1.51247746e-01  1.94854765e-04  2.52490154e-04  3.90791694e-04  2.13904786e-01  2.16612118e-01  2.70733176e-03  2.38074795e+00  2.38384608e+00  3.09812750e-03  2.59736039e+00  2.60045819e+00  3.09780375e-03
1.51387920e-01  1.94863392e-04  2.52501454e-04  3.90809671e-04  2.13904786e-01  2.16612118e-01  2.70733176e-03  2.38084031e+00  2.38393845e+00  3.09814548e-03  2.59745275e+00  2.60055057e+00  3.09782173e-03
1.51528094e-01  1.94872020e-04  2.52512753e-04  3.90827647e-04  2.13904786e-01  2.16612118e-01  2.70733176e-03  2.38093266e+00  2.38403082e+00  3.09816346e-03  2.59754510e+00  2.60064294e+00  3.09783970e-03
1.51668268e-01  1.94880647e-04  2.52524052e-04  3.90845622e-04  2.13904786e-01  2.16612118e-01  2.70733176e-03  2.38102500e+00  2.38412318e+00  3.09818143e-03  2.59763744e+00  2.60073530e+00  3.09785768e-03
1.51808442e-01  1.94889274e-04  2.52535352e-04  3.90863598e-04  2.13904786e-01  2.16612118e-01  2.70733176e-03  2.38111734e+00  2.38421554e+00  3.09819941e-03  2.59772978e+00  2.60082766e+00  3.09787565e-03
1.51948616e-01  1.94897901e-04  2.52546651e-04  3.90881573e-04  2.13904786e-01  2.16612118e-01  2.70733176e-03  2.38120968e+00  2.38430789e+00  3.09821738e-03  2.59782212e+00  2.60092001e+00  3.09789363e-03
1.52088790e-01  1.94906528e-04  2.52557950e-04  3.90899549e-04  2.13904786e-01  2.16612118e-01  2.70733176e-03  2.38130201e+00  2.38440024e+00  3.09823536e-03  2.59791445e+00  2.60101236e+00  3.09791160e-03
1.52228964e-01  1.94915154e-04  2.52569247e-04  3.90917520e-04  2.13904786e-01  2.16612118e-01  2.70733176e-03  2.38139433e+00  2.38449258e+00  3.09825333e-03  2.59800677e+00  2.60110470e+00  3.09792958e-03
1.52369138e-01  1.94923781e-04  2.52580546e-04  3.90935494e-04  2.13904786e-01  2.16612118e-01  2.70733176e-03  2.38148665e+00  2.38458492e+00  3.09827130e-03  2.59809909e+00  2.60119704e+00  3.09794755e-03
1.52509312e-01  1.94932406e-04  2.52591842e-04  3.90953465e-04  2.13904786e-01  2.16612118e-01  2.70733176e-03  2.38157896e+00  2.38467725e+00  3.09828927e-03  2.59819140e+00  2.60128937e+00  3.09796552e-03
1.52649486e-01  1.94941032e-04  2.52603141e-04  3.90971438e-04  2.13904786e-01  2.16612118e-01  2.70733176e-03  2.38167127e+00  2.38476957e+00  3.09830725e-03  2.59828371e+00  2.60138169e+00  3.09798349e-03
1.52789660e-01  1.94949657e-04  2.52614436e-04  3.90989408e-04  2.13904786e-01  2.16612118e-01  2.70733176e-03  2.38176357e+00  2.38486189e+00  3.09832522e-03  2.59837601e+00  2.60147401e+00  3.09800146e-03
1.52929834e-01  1.94958282e-04  2.52625733e-04  3.91007379e-04  2.13904786e-01  2.16612118e-01  2.70733176e-03  2.38185586e+00  2.38495421e+00  3.09834319e-03  2.59846830e+00  2.60156632e+00  3.09801943e-03
1.53070008e-01  1.94966907e-04  2.52637028e-04  3.91025347e-04  2.13904786e-01  2.16612118e-01  2.70733176e-03  2.38194815e+00  2.38504651e+00  3.09836116e-03  2.59856059e+00  2.60165863e+00  3.09803740e-03
1.53210182e-01  1.94975531e-04  2.52648324e-04  3.91043317e-04  2.13904786e-01  2.16612118e-01  2.70733176e-03  2.38204044e+00  2.38513882e+00  3.09837913e-03  2.59865288e+00  2.60175093e+00  3.09805537e-03
1.53350356e-01  1.94984156e-04  2.52659620e-04  3.91061286e-04  2.13904786e-01  2.16612118e-01  2.70733176e-03  2.38213271e+00  2.38523111e+00  3.09839710e-03  2.59874516e+00  2.60184323e+00  3.09807334e-03
1.53490530e-01  1.94992780e-04  2.52670915e-04  3.91079253e-04  2.13904786e-01  2.16612118e-01  2.70733176e-03  2.38222499e+00  2.38532340e+00  3.09841506e-03  2.59883743e+00  2.60193552e+00  3.09809131e-03
1.53630704e-01  1.95001404e-04  2.52682210e-04  3.91097220e-04  2.13904786e-01  2.16612118e-01  2.70733176e-03  2.38231725e+00  2.38541569e+00  3.09843303e-03  2.59892970e+00  2.60202781e+00  3.09810928e-03
1.53770878e-01  1.95010028e-04  2.52693504e-04  3.91115187e-04  2.13904786e-01  2.16612118e-01  2.70733176e-03  2.38240952e+00  2.38550797e+00  3.09845100e-03  2.59902196e+00  2.60212009e+00  3.09812724e-03
1.53911052e-01  1.95018651e-04  2.52704798e-04  3.91133153e-04  2.13904786e-01  2.16612118e-01  2.70733176e-03  2.38250177e+00  2.38560024e+00  3.09846896e-03  2.59911421e+00  2.60221236e+00  3.09814521e-03
1.54051226e-01  1.95027274e-04  2.52716091e-04  3.91151117e-04  2.13904786e-01  2.16612118e-01  2.70733176e-03  2.38259402e+00  2.38569251e+00  3.09848693e-03  2.59920646e+00  2.60230463e+00  3.09816317e-03
1.54191400e-01  1.95035897e-04  2.52727385e-04  3.91169083e-04  2.13904786e-01  2.16612118e-01  2.70733176e-03  2.38268627e+00  2.38578477e+00  3.09850489e-03  2.59929871e+00  2.60239689e+00  3.09818114e-03
1.54331574e-01  1.95044520e-04  2.52738678e-04  3.91187047e-04  2.13904786e-01  2.16612118e-01  2.70733176e-03  2.38277851e+00  2.38587703e+00  3.09852286e-03  2.59939095e+00  2.60248915e+00  3.09819910e-03
1.54471748e-01  1.95053143e-04  2.52749971e-04  3.91205010e-04  2.13904786e-01  2.16612118e-01  2.70733176e-03  2.38287074e+00  2.38596928e+00  3.09854082e-03  2.59948318e+00  2.60258140e+00  3.09821707e-03
1.54611922e-01  1.95061764e-04  2.52761263e-04  3.91222972e-04  2.13904786e-01  2.16612118e-01  2.70733176e-03  2.38296297e+00  2.38606153e+00  3.09855878e-03  2.59957541e+00  2.60267365e+00  3.09823503e-03
1.54752096e-01  1.95070386e-04  2.52772554e-04  3.91240934e-04  2.13904786e-01  2.16612118e-01  2.70733176e-03  2.38305519e+00  2.38615377e+00  3.09857674e-03  2.59966763e+00  2.60276589e+00  3.09825299e-03
1.54892270e-01  1.95079008e-04  2.52783846e-04  3.91258896e-04  2.13904786e-01  2.16612118e-01  2.70733176e-03  2.38314741e+00  2.38624600e+00  3.09859471e-03  2.59975985e+00  2.60285812e+00  3.09827095e-03
1.55032444e-01  1.95087630e-04  2.52795138e-04  3.91276857e-04  2.13904786e-01  2.16612118e-01  2.70733176e-03  2.38323962e+00  2.38633823e+00  3.09861267e-03  2.59985206e+00  2.60295035e+00  3.09828891e-03
1.55172618e-01  1.95096251e-04  2.52806429e-04  3.91294818e-04  2.13904786e-01  2.16612118e-01  2.70733176e-03  2.38333183e+00  2.38643046e+00  3.09863063e-03  2.59994427e+00  2.60304257e+00  3.09830687e-03
1.55312792e-01  1.95104873e-04  2.52817721e-04  3.91312779e-04  2.13904786e-01  2.16612118e-01  2.70733176e-03  2.38342403e+00  2.38652267e+00  3.09864859e-03  2.60003647e+00  2.60313479e+00  3.09832483e-03
1.55452966e-01  1.95113492e-04  2.52829009e-04  3.91330736e-04  2.13904786e-01  2.16612118e-01  2.70733176e-03  2.38351622e+00  2.38661489e+00  3.09866655e-03  2.60012866e+00  2.60322700e+00  3.09834279e-03
1.55593140e-01  1.95122112e-04  2.52840298e-04  3.91348692e-04  2.13904786e-01  2.16612118e-01  2.70733176e-03  2.38360841e+00  2.38670709e+00  3.09868450e-03  2.60022085e+00  2.60331921e+00  3.09836075e-03
1.55733314e-01  1.95130733e-04  2.52851589e-04  3.91366653e-04  2.13904786e-01  2.16612118e-01  2.70733176e-03  2.38370059e+00  2.38679929e+00  3.09870246e-03  2.60031303e+00  2.60341141e+00  3.09837871e-03
1.55873488e-01  1.95139353e-04  2.52862878e-04  3.91384609e-04  2.13904786e-01  2.16612118e-01  2.70733176e-03  2.38379277e+00  2.38689149e+00  3.09872042e-03  2.60040521e+00  2.60350361e+00  3.09839666e-03
1.56013662e-01  1.95147974e-04  2.52874168e-04  3.91402567e-04  2.13904786e-01  2.16612118e-01  2.70733176e-03  2.38388494e+00  2.38698368e+00  3.09873838e-03  2.60049738e+00  2.60359580e+00  3.09841462e-03
1.56153836e-01  1.95156593e-04  2.52885457e-04  3.91420523e-04  2.13904786e-01  2.16612118e-01  2.70733176e-03  2.38397711e+00  2.38707586e+00  3.09875633e-03  2.60058955e+00  2.60368798e+00  3.09843258e-03
1.56294010e-01  1.95165211e-04  2.52896743e-04  3.91438476e-04  2.13904786e-01  2.16612118e-01  2.70733176e-03  2.38406927e+00  2.38716804e+00  3.09877429e-03  2.60068171e+00  2.60378016e+00  3.09845053e-03
1.56434184e-01  1.95173830e-04  2.52908031e-04  3.91456430e-04  2.13904786e-01  2.16612118e-01  2.70733176e-03  2.38416142e+00  2.38726022e+00  3.09879224e-03  2.60077387e+00  2.60387233e+00  3.09846849e-03
1.56574358e-01  1.95182449e-04  2.52919319e-04  3.91474385e-04  2.13904786e-01  2.16612118e-01  2.70733176e-03  2.38425357e+00  2.38735238e+00  3.09881020e-03  2.60086602e+00  2.60396450e+00  3.09848644e-03
1.56714532e-01  1.95191068e-04  2.52930606e-04  3.91492338e-04  2.13904786e-01  2.16612118e-01  2.70733176e-03  2.38434572e+00  2.38744455e+00  3.09882815e-03  2.60095816e+00  2.60405666e+00  3.09850439e-03
1.56854706e-01  1.95199687e-04  2.52941894e-04  3.91510292e-04  2.13904786e-01  2.16612118e-01  2.70733176e-03  2.38443786e+00  2.38753670e+00  3.09884610e-03  2.60105030e+00  2.60414882e+00  3.09852235e-03
1.56994880e-01  1.95208305e-04  2.52953180e-04  3.91528244e-04  2.13904786e-01  2.16612118e-01  2.70733176e-03  2.38452999e+00  2.38762885e+00  3.09886405e-03  2.60114243e+00  2.60424097e+00  3.09854030e-03
1.57135054e-01  1.95216922e-04  2.52964466e-04  3.91546195e-04  2.13904786e-01  2.16612118e-01  2.70733176e-03  2.38462212e+00  2.38772100e+00  3.09888200e-03  2.60123456e+00  2.60433312e+00  3.09855825e-03
1.57275228e-01  1.95225540e-04  2.52975752e-04  3.91564147e-04  2.13904786e-01  2.16612118e-01  2.70733176e-03  2.38471424e+00  2.38781314e+00  3.09889996e-03  2.60132668e+00  2.60442526e+00  3.09857620e-03
1.57415402e-01  1.95234156e-04  2.52987036e-04  3.91582095e-04  2.13904786e-01  2.16612118e-01  2.70733176e-03  2.38480636e+00  2.38790527e+00  3.09891790e-03  2.60141880e+00  2.60451739e+00  3.09859415e-03
1.57555576e-01  1.95242774e-04  2.52998323e-04  3.91600047e-04  2.13904786e-01  2.16612118e-01  2.70733176e-03  2.38489847e+00  2.38799740e+00  3.09893586e-03  2.60151091e+00  2.60460952e+00  3.09861210e-03
1.57695750e-01  1.95251390e-04  2.53009606e-04  3.91617993e-04  2.13904786e-01  2.16612118e-01  2.70733176e-03  2.38499057e+00  2.38808953e+00  3.09895380e-03  2.60160301e+00  2.60470164e+00  3.09863005e-03
1.57835924e-01  1.95260007e-04  2.53020891e-04  3.91635942e-04  2.13904786e-01  2.16612118e-01  2.70733176e-03  2.38508267e+00  2.38818164e+00  3.09897175e-03  2.60169511e+00  2.60479376e+00  3.09864800e-03
1.57976098e-01  1.95268623e-04  2.53032175e-04  3.91653890e-04  2.13904786e-01  2.16612118e-01  2.70733176e-03  2.38517477e+00  2.38827375e+00  3.09898970e-03  2.60178721e+00  2.60488587e+00  3.09866595e-03
1.58116272e-01  1.95277240e-04  2.53043460e-04  3.91671838e-04  2.13904786e-01  2.16612118e-01  2.70733176e-03  2.38526685e+00  2.38836586e+00  3.09900765e-03  2.60187929e+00  2.60497798e+00  3.09868389e-03
1.58256446e-01  1.95285855e-04  2.53054743e-04  3.91689784e-04  2.13904786e-01  2.16612118e-01  2.70733176e-03  2.38535894e+00  2.38845796e+00  3.09902559e-03  2.60197138e+00  2.60507008e+00  3.09870184e-03
1.58396620e-01  1.95294472e-04  2.53066027e-04  3.91707731e-04  2.13904786e-01  2.16612118e-01  2.70733176e-03  2.38545101e+00  2.38855006e+00  3.09904354e-03  2.60206345e+00  2.60516217e+00  3.09871979e-03
1.58536794e-01  1.95303086e-04  2.53077308e-04  3.91725674e-04  2.13904786e-01  2.16612118e-01  2.70733176e-03  2.38554309e+00  2.38864215e+00  3.09906148e-03  2.60215553e+00  2.60525426e+00  3.09873773e-03
1.58676968e-01  1.95311701e-04  2.53088590e-04  3.91743619e-04  2.13904786e-01  2.16612118e-01  2.70733176e-03  2.38563515e+00  2.38873423e+00  3.09907943e-03  2.60224759e+00  2.60534635e+00  3.09875567e-03
1.58817142e-01  1.95320316e-04  2.53099873e-04  3.91761564e-04  2.13904786e-01  2.16612118e-01  2.70733176e-03  2.38572721e+00  2.38882631e+00  3.09909737e-03  2.60233965e+00  2.60543843e+00  3.09877362e-03
1.58957316e-01  1.95328930e-04  2.53111154e-04  3.91779506e-04  2.13904786e-01  2.16612118e-01  2.70733176e-03  2.38581927e+00  2.38891838e+00  3.09911532e-03  2.60243171e+00  2.60553050e+00  3.09879156e-03
1.59097490e-01  1.95337544e-04  2.53122434e-04  3.91797448e-04  2.13904786e-01  2.16612118e-01  2.70733176e-03  2.38591132e+00  2.38901045e+00  3.09913326e-03  2.60252376e+00  2.60562257e+00  3.09880950e-03
1.59237664e-01  1.95346158e-04  2.53133716e-04  3.91815390e-04  2.13904786e-01  2.16612118e-01  2.70733176e-03  2.38600336e+00  2.38910251e+00  3.09915120e-03  2.60261580e+00  2.60571463e+00  3.09882745e-03
1.59377838e-01  1.95354773e-04  2.53144997e-04  3.91833333e-04  2.13904786e-01  2.16612118e-01  2.70733176e-03  2.38609540e+00  2.38919457e+00  3.09916914e-03  2.60270784e+00  2.60580669e+00  3.09884539e-03
1.59518012e-01  1.95363386e-04  2.53156277e-04  3.91851273e-04  2.13904786e-01  2.16612118e-01  2.70733176e-03  2.38618743e+00  2.38928662e+00  3.09918708e-03  2.60279987e+00  2.60589874e+00  3.09886333e-03
1.59658186e-01  1.95371999e-04  2.53167557e-04  3.91869213e-04  2.13904786e-01  2.16612118e-01  2.70733176e-03  2.38627946e+00  2.38937866e+00  3.09920502e-03  2.60289190e+00  2.60599078e+00  3.09888127e-03
1.59798360e-01  1.95380612e-04  2.53178836e-04  3.91887151e-04  2.13904786e-01  2.16612118e-01  2.70733176e-03  2.38637148e+00  2.38947070e+00  3.09922296e-03  2.60298392e+00  2.60608282e+00  3.09889921e-03
1.59938534e-01  1.95389225e-04  2.53190115e-04  3.91905090e-04  2.13904786e-01  2.16612118e-01  2.70733176e-03  2.38646350e+00  2.38956274e+00  3.09924090e-03  2.60307594e+00  2.60617485e+00  3.09891715e-03
1.60078708e-01  1.95397838e-04  2.53201395e-04  3.91923029e-04  2.13904786e-01  2.16612118e-01  2.70733176e-03  2.38655551e+00  2.38965477e+00  3.09925884e-03  2.60316795e+00  2.60626688e+00  3.09893509e-03
1.60218882e-01  1.95406450e-04  2.53212674e-04  3.91940968e-04  2.13904786e-01  2.16612118e-01  2.70733176e-03  2.38664751e+00  2.38974679e+00  3.09927678e-03  2.60325995e+00  2.60635891e+00  3.09895302e-03
1.60359056e-01  1.95415062e-04  2.53223951e-04  3.91958903e-04  2.13904786e-01  2.16612118e-01  2.70733176e-03  2.38673951e+00  2.38983881e+00  3.09929471e-03  2.60335195e+00  2.60645092e+00  3.09897096e-03
1.60499230e-01  1.95423673e-04  2.53235228e-04  3.91976838e-04  2.13904786e-01  2.16612118e-01  2.70733176e-03  2.38683150e+00  2.38993082e+00  3.09931265e-03  2.60344395e+00  2.60654293e+00  3.09898889e-03
1.60639404e-01  1.95432285e-04  2.53246507e-04  3.91994776e-04  2.13904786e-01  2.16612118e-01  2.70733176e-03  2.38692349e+00  2.39002282e+00  3.09933059e-03  2.60353593e+00  2.60663494e+00  3.09900683e-03
1.60779578e-01  1.95440898e-04  2.53257785e-04  3.92012713e-04  2.13904786e-01  2.16612118e-01  2.70733176e-03  2.38701548e+00  2.39011482e+00  3.09934852e-03  2.60362792e+00  2.60672694e+00  3.09902477e-03
1.60919752e-01  1.95449508e-04  2.53269061e-04  3.92030646e-04  2.13904786e-01  2.16612118e-01  2.70733176e-03  2.38710745e+00  2.39020682e+00  3.09936646e-03  2.60371989e+00  2.60681894e+00  3.09904270e-03
1.61059926e-01  1.95458118e-04  2.53280337e-04  3.92048578e-04  2.13904786e-01  2.16612118e-01  2.70733176e-03  2.38719942e+00  2.39029881e+00  3.09938439e-03  2.60381187e+00  2.60691093e+00  3.09906063e-03
1.61200100e-01  1.95466729e-04  2.53291612e-04  3.92066511e-04  2.13904786e-01  2.16612118e-01  2.70733176e-03  2.38729139e+00  2.39039079e+00  3.09940232e-03  2.60390383e+00  2.60700291e+00  3.09907857e-03
1.61340274e-01  1.95475340e-04  2.53302890e-04  3.92084445e-04  2.13904786e-01  2.16612118e-01  2.70733176e-03  2.38738335e+00  2.39048277e+00  3.09942025e-03  2.60399579e+00  2.60709489e+00  3.09909650e-03
1.61480448e-01  1.95483950e-04  2.53314165e-04  3.92102377e-04  2.13904786e-01  2.16612118e-01  2.70733176e-03  2.38747531e+00  2.39057474e+00  3.09943819e-03  2.60408775e+00  2.60718686e+00  3.09911443e-03
1.61620622e-01  1.95492559e-04  2.53325439e-04  3.92120307e-04  2.13904786e-01  2.16612118e-01  2.70733176e-03  2.38756725e+00  2.39066671e+00  3.09945612e-03  2.60417970e+00  2.60727883e+00  3.09913236e-03
1.61760796e-01  1.95501170e-04  2.53336715e-04  3.92138239e-04  2.13904786e-01  2.16612118e-01  2.70733176e-03  2.38765920e+00  2.39075867e+00  3.09947405e-03  2.60427164e+00  2.60737079e+00  3.09915030e-03
1.61900970e-01  1.95509779e-04  2.53347990e-04  3.92156170e-04  2.13904786e-01  2.16612118e-01  2.70733176e-03  2.38775114e+00  2.39085063e+00  3.09949198e-03  2.60436358e+00  2.60746275e+00  3.09916823e-03
1.62041144e-01  1.95518388e-04  2.53359263e-04  3.92174098e-04  2.13904786e-01  2.16612118e-01  2.70733176e-03  2.38784307e+00  2.39094258e+00  3.09950991e-03  2.60445551e+00  2.60755470e+00  3.09918615e-03
1.62181318e-01  1.95526996e-04  2.53370536e-04  3.92192025e-04  2.13904786e-01  2.16612118e-01  2.70733176e-03  2.38793500e+00  2.39103452e+00  3.09952784e-03  2.60454744e+00  2.60764664e+00  3.09920408e-03
1.62321492e-01  1.95535605e-04  2.53381810e-04  3.92209954e-04  2.13904786e-01  2.16612118e-01  2.70733176e-03  2.38802692e+00  2.39112646e+00  3.09954576e-03  2.60463936e+00  2.60773858e+00  3.09922201e-03
1.62461666e-01  1.95544213e-04  2.53393082e-04  3.92227881e-04  2.13904786e-01  2.16612118e-01  2.70733176e-03  2.38811883e+00  2.39121840e+00  3.09956369e-03  2.60473128e+00  2.60783052e+00  3.09923994e-03
1.62601840e-01  1.95552821e-04  2.53404355e-04  3.92245808e-04  2.13904786e-01  2.16612118e-01  2.70733176e-03  2.38821074e+00  2.39131033e+00  3.09958162e-03  2.60482319e+00  2.60792244e+00  3.09925786e-03
1.62742014e-01  1.95561430e-04  2.53415628e-04  3.92263736e-04  2.13904786e-01  2.16612118e-01  2.70733176e-03  2.38830265e+00  2.39140225e+00  3.09959955e-03  2.60491509e+00  2.60801437e+00  3.09927579e-03
1.62882188e-01  1.95570036e-04  2.53426899e-04  3.92281659e-04  2.13904786e-01  2.16612118e-01  2.70733176e-03  2.38839455e+00  2.39149417e+00  3.09961747e-03  2.60500699e+00  2.60810628e+00  3.09929372e-03
1.63022362e-01  1.95578644e-04  2.53438171e-04  3.92299585e-04  2.13904786e-01  2.16612118e-01  2.70733176e-03  2.38848644e+00  2.39158608e+00  3.09963540e-03  2.60509888e+00  2.60819820e+00  3.09931164e-03
1.63162536e-01  1.95587251e-04  2.53449442e-04  3.92317510e-04  2.13904786e-01  2.16612118e-01  2.70733176e-03  2.38857833e+00  2.39167798e+00  3.09965332e-03  2.60519077e+00  2.60829010e+00  3.09932957e-03
1.63302710e-01  1.95595859e-04  2.53460714e-04  3.92335434e-04  2.13904786e-01  2.16612118e-01  2.70733176e-03  2.38867021e+00  2.39176989e+00  3.09967124e-03  2.60528266e+00  2.60838200e+00  3.09934749e-03
1.63442884e-01  1.95604465e-04  2.53471984e-04  3.92353357e-04  2.13904786e-01  2.16612118e-01  2.70733176e-03  2.38876209e+00  2.39186178e+00  3.09968917e-03  2.60537453e+00  2.60847390e+00  3.09936541e-03
1.63583058e-01  1.95613072e-04  2.53483255e-04  3.92371280e-04  2.13904786e-01  2.16612118e-01  2.70733176e-03  2.38885396e+00  2.39195367e+00  3.09970709e-03  2.60546640e+00  2.60856579e+00  3.09938334e-03
1.63723232e-01  1.95621678e-04  2.53494525e-04  3.92389201e-04  2.13904786e-01  2.16612118e-01  2.70733176e-03  2.38894583e+00  2.39204555e+00  3.09972501e-03  2.60555827e+00  2.60865767e+00  3.09940126e-03
1.63863406e-01  1.95630283e-04  2.53505794e-04  3.92407122e-04  2.13904786e-01  2.16612118e-01  2.70733176e-03  2.38903769e+00  2.39213743e+00  3.09974293e-03  2.60565013e+00  2.60874955e+00  3.09941918e-03
1.64003580e-01  1.95638889e-04  2.53517064e-04  3.92425044e-04  2.13904786e-01  2.16612118e-01  2.70733176e-03  2.38912955e+00  2.39222931e+00  3.09976085e-03  2.60574199e+00  2.60884142e+00  3.09943710e-03
1.64143754e-01  1.95647495e-04  2.53528333e-04  3.92442964e-04  2.13904786e-01  2.16612118e-01  2.70733176e-03  2.38922140e+00  2.39232117e+00  3.09977877e-03  2.60583384e+00  2.60893329e+00  3.09945502e-03
1.64283928e-01  1.95656100e-04  2.53539602e-04  3.92460883e-04  2.13904786e-01  2.16612118e-01  2.70733176e-03  2.38931324e+00  2.39241304e+00  3.09979669e-03  2.60592568e+00  2.60902515e+00  3.09947294e-03
1.64424102e-01  1.95664705e-04  2.53550869e-04  3.92478801e-04  2.13904786e-01  2.16612118e-01  2.70733176e-03  2.38940508e+00  2.39250489e+00  3.09981461e-03  2.60601752e+00  2.60911701e+00  3.09949086e-03
1.64564276e-01  1.95673309e-04  2.53562137e-04  3.92496719e-04  2.13904786e-01  2.16612118e-01  2.70733176e-03  2.38949691e+00  2.39259674e+00  3.09983253e-03  2.60610935e+00  2.60920886e+00  3.09950877e-03
1.64704450e-01  1.95681913e-04  2.53573404e-04  3.92514636e-04  2.13904786e-01  2.16612118e-01  2.70733176e-03  2.38958874e+00  2.39268859e+00  3.09985045e-03  2.60620118e+00  2.60930071e+00  3.09952669e-03
1.64844624e-01  1.95690516e-04  2.53584670e-04  3.92532551e-04  2.13904786e-01  2.16612118e-01  2.70733176e-03  2.38968056e+00  2.39278043e+00  3.09986836e-03  2.60629300e+00  2.60939255e+00  3.09954461e-03
1.64984798e-01  1.95699122e-04  2.53595939e-04  3.92550469e-04  2.13904786e-01  2.16612118e-01  2.70733176e-03  2.38977238e+00  2.39287226e+00  3.09988628e-03  2.60638482e+00  2.60948438e+00  3.09956253e-03
1.65124972e-01  1.95707725e-04  2.53607205e-04  3.92568385e-04  2.13904786e-01  2.16612118e-01  2.70733176e-03  2.38986419e+00  2.39296409e+00  3.09990419e-03  2.60647663e+00  2.60957621e+00  3.09958044e-03
1.65265146e-01  1.95716328e-04  2.53618470e-04  3.92586298e-04  2.13904786e-01  2.16612118e-01  2.70733176e-03  2.38995599e+00  2.39305592e+00  3.09992211e-03  2.60656843e+00  2.60966803e+00  3.09959835e-03
1.65405320e-01  1.95724932e-04  2.53629737e-04  3.92604214e-04  2.13904786e-01  2.16612118e-01  2.70733176e-03  2.39004779e+00  2.39314773e+00  3.09994002e-03  2.60666023e+00  2.60975985e+00  3.09961627e-03
1.65545494e-01  1.95733534e-04  2.53641001e-04  3.92622126e-04  2.13904786e-01  2.16612118e-01  2.70733176e-03  2.39013959e+00  2.39323955e+00  3.09995794e-03  2.60675203e+00  2.60985166e+00  3.09963418e-03
1.65685668e-01  1.95742136e-04  2.53652266e-04  3.92640038e-04  2.13904786e-01  2.16612118e-01  2.70733176e-03  2.39023138e+00  2.39333135e+00  3.09997585e-03  2.60684382e+00  2.60994347e+00  3.09965209e-03
1.65825842e-01  1.95750739e-04  2.53663531e-04  3.92657951e-04  2.13904786e-01  2.16612118e-01  2.70733176e-03  2.39032316e+00  2.39342315e+00  3.09999376e-03  2.60693560e+00  2.61003527e+00  3.09967001e-03
1.65966016e-01  1.95759341e-04  2.53674795e-04  3.92675863e-04  2.13904786e-01  2.16612118e-01  2.70733176e-03  2.39041494e+00  2.39351495e+00  3.10001167e-03  2.60702738e+00  2.61012707e+00  3.09968792e-03
1.66106190e-01  1.95767944e-04  2.53686060e-04  3.92693775e-04  2.13904786e-01  2.16612118e-01  2.70733176e-03  2.39050671e+00  2.39360674e+00  3.10002958e-03  2.60711915e+00  2.61021886e+00  3.09970583e-03
1.66246364e-01  1.95776545e-04  2.53697323e-04  3.92711684e-04  2.13904786e-01  2.16612118e-01  2.70733176e-03  2.39059848e+00  2.39369852e+00  3.10004749e-03  2.60721092e+00  2.61031064e+00  3.09972374e-03
1.66386538e-01  1.95785147e-04  2.53708587e-04  3.92729595e-04  2.13904786e-01  2.16612118e-01  2.70733176e-03  2.39069024e+00  2.39379030e+00  3.10006541e-03  2.60730268e+00  2.61040242e+00  3.09974165e-03
1.66526712e-01  1.95793747e-04  2.53719849e-04  3.92747503e-04  2.13904786e-01  2.16612118e-01  2.70733176e-03  2.39078199e+00  2.39388208e+00  3.10008331e-03  2.60739444e+00  2.61049420e+00  3.09975956e-03
1.66666886e-01  1.95802348e-04  2.53731112e-04  3.92765412e-04  2.13904786e-01  2.16612118e-01  2.70733176e-03  2.39087374e+00  2.39397385e+00  3.10010122e-03  2.60748619e+00  2.61058596e+00  3.09977747e-03
1.66807060e-01  1.95810949e-04  2.53742375e-04  3.92783321e-04  2.13904786e-01  2.16612118e-01  2.70733176e-03  2.39096549e+00  2.39406561e+00  3.10011913e-03  2.60757793e+00  2.61067773e+00  3.09979538e-03
1.66947234e-01  1.95819549e-04  2.53753636e-04  3.92801227e-04  2.13904786e-01  2.16612118e-01  2.70733176e-03  2.39105723e+00  2.39415737e+00  3.10013704e-03  2.60766967e+00  2.61076948e+00  3.09981328e-03
1.67087408e-01  1.95828150e-04  2.53764898e-04  3.92819134e-04  2.13904786e-01  2.16612118e-01  2.70733176e-03  2.39114896e+00  2.39424912e+00  3.10015494e-03  2.60776140e+00  2.61086123e+00  3.09983119e-03
1.67227582e-01  1.95836749e-04  2.53776158e-04  3.92837039e-04  2.13904786e-01  2.16612118e-01  2.70733176e-03  2.39124069e+00  2.39434086e+00  3.10017285e-03  2.60785313e+00  2.61095298e+00  3.09984909e-03
1.67367756e-01  1.95845349e-04  2.53787420e-04  3.92854945e-04  2.13904786e-01  2.16612118e-01  2.70733176e-03  2.39133241e+00  2.39443260e+00  3.10019075e-03  2.60794485e+00  2.61104472e+00  3.09986700e-03
1.67507930e-01  1.95853948e-04  2.53798680e-04  3.92872850e-04  2.13904786e-01  2.16612118e-01  2.70733176e-03  2.39142413e+00  2.39452434e+00  3.10020866e-03  2.60803657e+00  2.61113646e+00  3.09988491e-03
1.67648104e-01  1.95862548e-04  2.53809941e-04  3.92890755e-04  2.13904786e-01  2.16612118e-01  2.70733176e-03  2.39151584e+00  2.39461607e+00  3.10022656e-03  2.60812828e+00  2.61122819e+00  3.09990281e-03
1.67788278e-01  1.95871146e-04  2.53821200e-04  3.92908657e-04  2.13904786e-01  2.16612118e-01  2.70733176e-03  2.39160755e+00  2.39470779e+00  3.10024447e-03  2.60821999e+00  2.61131991e+00  3.09992071e-03
1.67928452e-01  1.95879745e-04  2.53832461e-04  3.92926561e-04  2.13904786e-01  2.16612118e-01  2.70733176e-03  2.39169925e+00  2.39479951e+00  3.10026237e-03  2.60831169e+00  2.61141163e+00  3.09993862e-03
1.68068626e-01  1.95888343e-04  2.53843718e-04  3.92944462e-04  2.13904786e-01  2.16612118e-01  2.70733176e-03  2.39179094e+00  2.39489122e+00  3.10028027e-03  2.60840339e+00  2.61150334e+00  3.09995652e-03
1.68208800e-01  1.95896942e-04  2.53854978e-04  3.92962364e-04  2.13904786e-01  2.16612118e-01  2.70733176e-03  2.39188263e+00  2.39498293e+00  3.10029817e-03  2.60849508e+00  2.61159505e+00  3.09997442e-03
1.68348974e-01  1.95905539e-04  2.53866236e-04  3.92980264e-04  2.13904786e-01  2.16612118e-01  2.70733176e-03  2.39197432e+00  2.39507463e+00  3.10031607e-03  2.60858676e+00  2.61168675e+00  3.09999232e-03
1.68489148e-01  1.95914137e-04  2.53877495e-04  3.92998166e-04  2.13904786e-01  2.16612118e-01  2.70733176e-03  2.39206600e+00  2.39516633e+00  3.10033398e-03  2.60867844e+00  2.61177845e+00  3.10001022e-03
1.68629322e-01  1.95922734e-04  2.53888752e-04  3.93016065e-04  2.13904786e-01  2.16612118e-01  2.70733176e-03  2.39215767e+00  2.39525802e+00  3.10035187e-03  2.60877011e+00  2.61187014e+00  3.10002812e-03
1.68769496e-01  1.95931332e-04  2.53900010e-04  3.93033964e-04  2.13904786e-01  2.16612118e-01  2.70733176e-03  2.39224934e+00  2.39534971e+00  3.10036977e-03  2.60886178e+00  2.61196182e+00  3.10004602e-03
1.68909670e-01  1.95939929e-04  2.53911268e-04  3.93051863e-04  2.13904786e-01  2.16612118e-01  2.70733176e-03  2.39234100e+00  2.39544139e+00  3.10038767e-03  2.60895344e+00  2.61205350e+00  3.10006392e-03
1.69049844e-01  1.95948525e-04  2.53922523e-04  3.93069760e-04  2.13904786e-01  2.16612118e-01  2.70733176e-03  2.39243266e+00  2.39553306e+00  3.10040557e-03  2.60904510e+00  2.61214518e+00  3.10008182e-03
1.69190018e-01  1.95957121e-04  2.53933779e-04  3.93087656e-04  2.13904786e-01  2.16612118e-01  2.70733176e-03  2.39252431e+00  2.39562473e+00  3.10042347e-03  2.60913675e+00  2.61223685e+00  3.10009971e-03
1.69330192e-01  1.95965717e-04  2.53945035e-04  3.93105553e-04  2.13904786e-01  2.16612118e-01  2.70733176e-03  2.39261595e+00  2.39571639e+00  3.10044136e-03  2.60922839e+00  2.61232851e+00  3.10011761e-03
1.69470366e-01  1.95974314e-04  2.53956292e-04  3.93123450e-04  2.13904786e-01  2.16612118e-01  2.70733176e-03  2.39270759e+00  2.39580805e+00  3.10045926e-03  2.60932003e+00  2.61242017e+00  3.10013551e-03
1.69610540e-01  1.95982909e-04  2.53967546e-04  3.93141344e-04  2.13904786e-01  2.16612118e-01  2.70733176e-03  2.39279923e+00  2.39589971e+00  3.10047715e-03  2.60941167e+00  2.61251182e+00  3.10015340e-03
1.69750714e-01  1.95991504e-04  2.53978801e-04  3.93159239e-04  2.13904786e-01  2.16612118e-01  2.70733176e-03  2.39289086e+00  2.39599135e+00  3.10049505e-03  2.60950330e+00  2.61260347e+00  3.10017129e-03
1.69890888e-01  1.96000099e-04  2.53990056e-04  3.93177133e-04  2.13904786e-01  2.16612118e-01  2.70733176e-03  2.39298248e+00  2.39608299e+00  3.10051294e-03  2.60959492e+00  2.61269511e+00  3.10018919e-03
1.70031062e-01  1.96008694e-04  2.54001310e-04  3.93195026e-04  2.13904786e-01  2.16612118e-01  2.70733176e-03  2.39307410e+00  2.39617463e+00  3.10053084e-03  2.60968654e+00  2.61278675e+00  3.10020708e-03
1.70171236e-01  1.96017289e-04  2.54012565e-04  3.93212920e-04  2.13904786e-01  2.16612118e-01  2.70733176e-03  2.39316571e+00  2.39626626e+00  3.10054873e-03  2.60977815e+00  2.61287838e+00  3.10022498e-03
1.70311410e-01  1.96025883e-04  2.54023818e-04  3.93230811e-04  2.13904786e-01  2.16612118e-01  2.70733176e-03  2.39325732e+00  2.39635789e+00  3.10056662e-03  2.60986976e+00  2.61297000e+00  3.10024287e-03
1.70451584e-01  1.96034477e-04  2.54035070e-04  3.93248701e-04  2.13904786e-01  2.16612118e-01  2.70733176e-03  2.39334892e+00  2.39644951e+00  3.10058451e-03  2.60996136e+00  2.61306162e+00  3.10026076e-03
1.70591758e-01  1.96043072e-04  2.54046324e-04  3.93266594e-04  2.13904786e-01  2.16612118e-01  2.70733176e-03  2.39344052e+00  2.39654112e+00  3.10060240e-03  2.61005296e+00  2.61315324e+00  3.10027865e-03
1.70731932e-01  1.96051665e-04  2.54057576e-04  3.93284483e-04  2.13904786e-01  2.16612118e-01  2.70733176e-03  2.39353211e+00  2.39663273e+00  3.10062029e-03  2.61014455e+00  2.61324485e+00  3.10029654e-03
1.70872106e-01  1.96060259e-04  2.54068830e-04  3.93302374e-04  2.13904786e-01  2.16612118e-01  2.70733176e-03  2.39362369e+00  2.39672433e+00  3.10063818e-03  2.61023613e+00  2.61333645e+00  3.10031443e-03
1.71012280e-01  1.96068852e-04  2.54080082e-04  3.93320263e-04  2.13904786e-01  2.16612118e-01  2.70733176e-03  2.39371527e+00  2.39681593e+00  3.10065607e-03  2.61032771e+00  2.61342805e+00  3.10033232e-03
1.71152454e-01  1.96077444e-04  2.54091332e-04  3.93338151e-04  2.13904786e-01  2.16612118e-01  2.70733176e-03  2.39380685e+00  2.39690752e+00  3.10067396e-03  2.61041929e+00  2.61351964e+00  3.10035021e-03
1.71292628e-01  1.96086036e-04  2.54102581e-04  3.93356035e-04  2.13904786e-01  2.16612118e-01  2.70733176e-03  2.39389842e+00  2.39699911e+00  3.10069185e-03  2.61051086e+00  2.61361123e+00  3.10036809e-03
1.71432802e-01  1.96094629e-04  2.54113833e-04  3.93373924e-04  2.13904786e-01  2.16612118e-01  2.70733176e-03  2.39398998e+00  2.39709069e+00  3.10070973e-03  2.61060242e+00  2.61370281e+00  3.10038598e-03
1.71572976e-01  1.96103222e-04  2.54125085e-04  3.93391812e-04  2.13904786e-01  2.16612118e-01  2.70733176e-03  2.39408154e+00  2.39718227e+00  3.10072762e-03  2.61069398e+00  2.61379438e+00  3.10040387e-03
1.71713150e-01  1.96111813e-04  2.54136334e-04  3.93409697e-04  2.13904786e-01  2.16612118e-01  2.70733176e-03  2.39417309e+00  2.39727384e+00  3.10074551e-03  2.61078553e+00  2.61388595e+00  3.10042175e-03
1.71853324e-01  1.96120404e-04  2.54147583e-04  3.93427580e-04  2.13904786e-01  2.16612118e-01  2.70733176e-03  2.39426464e+00  2.39736540e+00  3.10076339e-03  2.61087708e+00  2.61397752e+00  3.10043964e-03
1.71993498e-01  1.96128996e-04  2.54158833e-04  3.93445465e-04  2.13904786e-01  2.16612118e-01  2.70733176e-03  2.39435618e+00  2.39745696e+00  3.10078128e-03  2.61096862e+00  2.61406908e+00  3.10045752e-03
1.72133672e-01  1.96137587e-04  2.54170082e-04  3.93463349e-04  2.13904786e-01  2.16612118e-01  2.70733176e-03  2.39444771e+00  2.39754851e+00  3.10079916e-03  2.61106016e+00  2.61416063e+00  3.10047540e-03
1.72273846e-01  1.96146178e-04  2.54181330e-04  3.93481232e-04  2.13904786e-01  2.16612118e-01  2.70733176e-03  2.39453925e+00  2.39764006e+00  3.10081704e-03  2.61115169e+00  2.61425218e+00  3.10049329e-03
1.72414020e-01  1.96154769e-04  2.54192580e-04  3.93499116e-04  2.13904786e-01  2.16612118e-01  2.70733176e-03  2.39463077e+00  2.39773161e+00  3.10083493e-03  2.61124321e+00  2.61434372e+00  3.10051117e-03
1.72554194e-01  1.96163359e-04  2.54203828e-04  3.93516998e-04  2.13904786e-01  2.16612118e-01  2.70733176e-03  2.39472229e+00  2.39782314e+00  3.10085281e-03  2.61133473e+00  2.61443526e+00  3.10052905e-03
1.72694368e-01  1.96171949e-04  2.54215075e-04  3.93534879e-04  2.13904786e-01  2.16612118e-01  2.70733176e-03  2.39481380e+00  2.39791468e+00  3.10087069e-03  2.61142625e+00  2.61452679e+00  3.10054693e-03
1.72834542e-01  1.96180538e-04  2.54226321e-04  3.93552757e-04  2.13904786e-01  2.16612118e-01  2.70733176e-03  2.39490531e+00  2.39800620e+00  3.10088857e-03  2.61151775e+00  2.61461832e+00  3.10056481e-03
1.72974716e-01  1.96189129e-04  2.54237569e-04  3.93570639e-04  2.13904786e-01  2.16612118e-01  2.70733176e-03  2.39499682e+00  2.39809772e+00  3.10090645e-03  2.61160926e+00  2.61470984e+00  3.10058270e-03
1.73114890e-01  1.96197719e-04  2.54248817e-04  3.93588520e-04  2.13904786e-01  2.16612118e-01  2.70733176e-03  2.39508831e+00  2.39818924e+00  3.10092433e-03  2.61170076e+00  2.61480136e+00  3.10060058e-03
1.73255064e-01  1.96206307e-04  2.54260062e-04  3.93606397e-04  2.13904786e-01  2.16612118e-01  2.70733176e-03  2.39517981e+00  2.39828075e+00  3.10094221e-03  2.61179225e+00  2.61489287e+00  3.10061845e-03
1.73395238e-01  1.96214896e-04  2.54271308e-04  3.93624275e-04  2.13904786e-01  2.16612118e-01  2.70733176e-03  2.39527129e+00  2.39837225e+00  3.10096009e-03  2.61188373e+00  2.61498437e+00  3.10063633e-03
1.73535412e-01  1.96223485e-04  2.54282554e-04  3.93642154e-04  2.13904786e-01  2.16612118e-01  2.70733176e-03  2.39536277e+00  2.39846375e+00  3.10097796e-03  2.61197522e+00  2.61507587e+00  3.10065421e-03
1.73675586e-01  1.96232072e-04  2.54293798e-04  3.93660029e-04  2.13904786e-01  2.16612118e-01  2.70733176e-03  2.39545425e+00  2.39855525e+00  3.10099584e-03  2.61206669e+00  2.61516736e+00  3.10067209e-03
1.73815760e-01  1.96240661e-04  2.54305043e-04  3.93677906e-04  2.13904786e-01  2.16612118e-01  2.70733176e-03  2.39554572e+00  2.39864673e+00  3.10101372e-03  2.61215816e+00  2.61525885e+00  3.10068996e-03
1.73955934e-01  1.96249248e-04  2.54316288e-04  3.93695781e-04  2.13904786e-01  2.16612118e-01  2.70733176e-03  2.39563719e+00  2.39873822e+00  3.10103159e-03  2.61224963e+00  2.61535033e+00  3.10070784e-03
1.74096108e-01  1.96257836e-04  2.54327532e-04  3.93713657e-04  2.13904786e-01  2.16612118e-01  2.70733176e-03  2.39572865e+00  2.39882969e+00  3.10104947e-03  2.61234109e+00  2.61544181e+00  3.10072571e-03
1.74236282e-01  1.96266423e-04  2.54338775e-04  3.93731529e-04  2.13904786e-01  2.16612118e-01  2.70733176e-03  2.39582010e+00  2.39892117e+00  3.10106734e-03  2.61243254e+00  2.61553328e+00  3.10074358e-03
1.74376456e-01  1.96275010e-04  2.54350018e-04  3.93749402e-04  2.13904786e-01  2.16612118e-01  2.70733176e-03  2.39591155e+00  2.39901263e+00  3.10108521e-03  2.61252399e+00  2.61562475e+00  3.10076146e-03
1.74516630e-01  1.96283597e-04  2.54361261e-04  3.93767276e-04  2.13904786e-01  2.16612118e-01  2.70733176e-03  2.39600299e+00  2.39910409e+00  3.10110309e-03  2.61261543e+00  2.61571621e+00  3.10077933e-03
1.74656804e-01  1.96292183e-04  2.54372504e-04  3.93785149e-04  2.13904786e-01  2.16612118e-01  2.70733176e-03  2.39609443e+00  2.39919555e+00  3.10112096e-03  2.61270687e+00  2.61580767e+00  3.10079720e-03
1.74796978e-01  1.96300770e-04  2.54383747e-04  3.93803021e-04  2.13904786e-01  2.16612118e-01  2.70733176e-03  2.39618586e+00  2.39928700e+00  3.10113883e-03  2.61279830e+00  2.61589912e+00  3.10081508e-03
1.74937152e-01  1.96309356e-04  2.54394988e-04  3.93820891e-04  2.13904786e-01  2.16612118e-01  2.70733176e-03  2.39627729e+00  2.39937844e+00  3.10115670e-03  2.61288973e+00  2.61599056e+00  3.10083295e-03
1.75077326e-01  1.96317942e-04  2.54406231e-04  3.93838763e-04  2.13904786e-01  2.16612118e-01  2.70733176e-03  2.39636871e+00  2.39946988e+00  3.10117457e-03  2.61298115e+00  2.61608200e+00  3.10085082e-03
1.75217500e-01  1.96326527e-04  2.54417472e-04  3.93856632e-04  2.13904786e-01  2.16612118e-01  2.70733176e-03  2.39646012e+00  2.39956132e+00  3.10119244e-03  2.61307257e+00  2.61617343e+00  3.10086869e-03
1.75357674e-01  1.96335112e-04  2.54428712e-04  3.93874500e-04  2.13904786e-01  2.16612118e-01  2.70733176e-03  2.39655153e+00  2.39965275e+00  3.10121031e-03  2.61316398e+00  2.61626486e+00  3.10088656e-03
1.75497848e-01  1.96343698e-04  2.54439954e-04  3.93892371e-04  2.13904786e-01  2.16612118e-01  2.70733176e-03  2.39664294e+00  2.39974417e+00  3.10122818e-03  2.61325538e+00  2.61635629e+00  3.10090443e-03
1.75638022e-01  1.96352283e-04  2.54451194e-04  3.93910239e-04  2.13904786e-01  2.16612118e-01  2.70733176e-03  2.39673434e+00  2.39983559e+00  3.10124605e-03  2.61334678e+00  2.61644770e+00  3.10092229e-03
1.75778196e-01  1.96360868e-04  2.54462435e-04  3.93928106e-04  2.13904786e-01  2.16612118e-01  2.70733176e-03  2.39682573e+00  2.39992700e+00  3.10126392e-03  2.61343817e+00  2.61653911e+00  3.10094016e-03
1.75918370e-01  1.96369452e-04  2.54473674e-04  3.93945972e-04  2.13904786e-01  2.16612118e-01  2.70733176e-03  2.39691712e+00  2.40001840e+00  3.10128178e-03  2.61352956e+00  2.61663052e+00  3.10095803e-03
1.76058544e-01  1.96378036e-04  2.54484913e-04  3.93963838e-04  2.13904786e-01  2.16612118e-01  2.70733176e-03  2.39700850e+00  2.40010980e+00  3.10129965e-03  2.61362095e+00  2.61672192e+00  3.10097589e-03
1.76198718e-01  1.96386620e-04  2.54496152e-04  3.93981704e-04  2.13904786e-01  2.16612118e-01  2.70733176e-03  2.39709988e+00  2.40020120e+00  3.10131751e-03  2.61371232e+00  2.61681332e+00  3.10099376e-03
1.76338892e-01  1.96395203e-04  2.54507390e-04  3.93999568e-04  2.13904786e-01  2.16612118e-01  2.70733176e-03  2.39719125e+00  2.40029259e+00  3.10133538e-03  2.61380370e+00  2.61690471e+00  3.10101162e-03
1.76479066e-01  1.96403786e-04  2.54518628e-04  3.94017432e-04  2.13904786e-01  2.16612118e-01  2.70733176e-03  2.39728262e+00  2.40038397e+00  3.10135324e-03  2.61389506e+00  2.61699609e+00  3.10102949e-03
1.76619240e-01  1.96412369e-04  2.54529865e-04  3.94035295e-04  2.13904786e-01  2.16612118e-01  2.70733176e-03  2.39737398e+00  2.40047535e+00  3.10137110e-03  2.61398642e+00  2.61708747e+00  3.10104735e-03
1.76759414e-01  1.96420952e-04  2.54541104e-04  3.94053159e-04  2.13904786e-01  2.16612118e-01  2.70733176e-03  2.39746534e+00  2.40056673e+00  3.10138897e-03  2.61407778e+00  2.61717885e+00  3.10106521e-03
1.76899588e-01  1.96429534e-04  2.54552340e-04  3.94071019e-04  2.13904786e-01  2.16612118e-01  2.70733176e-03  2.39755669e+00  2.40065810e+00  3.10140683e-03  2.61416913e+00  2.61727021e+00  3.10108307e-03
1.77039762e-01  1.96438117e-04  2.54563577e-04  3.94088882e-04  2.13904786e-01  2.16612118e-01  2.70733176e-03  2.39764803e+00  2.40074946e+00  3.10142469e-03  2.61426048e+00  2.61736158e+00  3.10110094e-03
1.77179936e-01  1.96446698e-04  2.54574813e-04  3.94106742e-04  2.13904786e-01  2.16612118e-01  2.70733176e-03  2.39773937e+00  2.40084082e+00  3.10144255e-03  2.61435182e+00  2.61745293e+00  3.10111880e-03
1.77320110e-01  1.96455280e-04  2.54586050e-04  3.94124603e-04  2.13904786e-01  2.16612118e-01  2.70733176e-03  2.39783071e+00  2.40093217e+00  3.10146041e-03  2.61444315e+00  2.61754429e+00  3.10113666e-03
1.77460284e-01  1.96463862e-04  2.54597285e-04  3.94142463e-04  2.13904786e-01  2.16612118e-01  2.70733176e-03  2.39792204e+00  2.40102352e+00  3.10147827e-03  2.61453448e+00  2.61763563e+00  3.10115452e-03
1.77600458e-01  1.96472442e-04  2.54608519e-04  3.94160319e-04  2.13904786e-01  2.16612118e-01  2.70733176e-03  2.39801336e+00  2.40111486e+00  3.10149613e-03  2.61462580e+00  2.61772697e+00  3.10117237e-03
1.77740632e-01  1.96481024e-04  2.54619756e-04  3.94178180e-04  2.13904786e-01  2.16612118e-01  2.70733176e-03  2.39810468e+00  2.40120619e+00  3.10151399e-03  2.61471712e+00  2.61781831e+00  3.10119024e-03
1.77880806e-01  1.96489605e-04  2.54630991e-04  3.94196038e-04  2.13904786e-01  2.16612118e-01  2.70733176e-03  2.39819599e+00  2.40129752e+00  3.10153185e-03  2.61480843e+00  2.61790964e+00  3.10120809e-03
1.78020980e-01  1.96498186e-04  2.54642225e-04  3.94213895e-04  2.13904786e-01  2.16612118e-01  2.70733176e-03  2.39828730e+00  2.40138885e+00  3.10154970e-03  2.61489974e+00  2.61800096e+00  3.10122595e-03
1.78161154e-01  1.96506766e-04  2.54653459e-04  3.94231752e-04  2.13904786e-01  2.16612118e-01  2.70733176e-03  2.39837860e+00  2.40148017e+00  3.10156756e-03  2.61499104e+00  2.61809228e+00  3.10124381e-03
1.78301328e-01  1.96515346e-04  2.54664693e-04  3.94249609e-04  2.13904786e-01  2.16612118e-01  2.70733176e-03  2.39846990e+00  2.40157148e+00  3.10158542e-03  2.61508234e+00  2.61818360e+00  3.10126166e-03
1.78441502e-01  1.96523926e-04  2.54675926e-04  3.94267463e-04  2.13904786e-01  2.16612118e-01  2.70733176e-03  2.39856119e+00  2.40166279e+00  3.10160327e-03  2.61517363e+00  2.61827491e+00  3.10127952e-03
1.78581676e-01  1.96532505e-04  2.54687158e-04  3.94285317e-04  2.13904786e-01  2.16612118e-01  2.70733176e-03  2.39865247e+00  2.40175409e+00  3.10162113e-03  2.61526491e+00  2.61836621e+00  3.10129737e-03
1.78721850e-01  1.96541084e-04  2.54698390e-04  3.94303170e-04  2.13904786e-01  2.16612118e-01  2.70733176e-03  2.39874375e+00  2.40184539e+00  3.10163898e-03  2.61535619e+00  2.61845751e+00  3.10131523e-03
1.78862024e-01  1.96549663e-04  2.54709623e-04  3.94321024e-04  2.13904786e-01  2.16612118e-01  2.70733176e-03  2.39883503e+00  2.40193668e+00  3.10165683e-03  2.61544747e+00  2.61854880e+00  3.10133308e-03
1.79002198e-01  1.96558241e-04  2.54720854e-04  3.94338875e-04  2.13904786e-01  2.16612118e-01  2.70733176e-03  2.39892629e+00  2.40202797e+00  3.10167468e-03  2.61553874e+00  2.61864009e+00  3.10135093e-03
1.79142372e-01  1.96566820e-04  2.54732086e-04  3.94356729e-04  2.13904786e-01  2.16612118e-01  2.70733176e-03  2.39901756e+00  2.40211925e+00  3.10169254e-03  2.61563000e+00  2.61873137e+00  3.10136878e-03
1.79282546e-01  1.96575398e-04  2.54743317e-04  3.94374579e-04  2.13904786e-01  2.16612118e-01  2.70733176e-03  2.39910882e+00  2.40221053e+00  3.10171039e-03  2.61572126e+00  2.61882264e+00  3.10138664e-03
1.79422720e-01  1.96583976e-04  2.54754547e-04  3.94392430e-04  2.13904786e-01  2.16612118e-01  2.70733176e-03  2.39920007e+00  2.40230180e+00  3.10172824e-03  2.61581251e+00  2.61891391e+00  3.10140449e-03
1.79562894e-01  1.96592554e-04  2.54765779e-04  3.94410281e-04  2.13904786e-01  2.16612118e-01  2.70733176e-03  2.39929132e+00  2.40239306e+00  3.10174609e-03  2.61590376e+00  2.61900518e+00  3.10142234e-03
1.79703068e-01  1.96601132e-04  2.54777009e-04  3.94428130e-04  2.13904786e-01  2.16612118e-01  2.70733176e-03  2.39938256e+00  2.40248432e+00  3.10176394e-03  2.61599500e+00  2.61909644e+00  3.10144019e-03
1.79843242e-01  1.96609709e-04  2.54788239e-04  3.94445980e-04  2.13904786e-01  2.16612118e-01  2.70733176e-03  2.39947379e+00  2.40257558e+00  3.10178179e-03  2.61608624e+00  2.61918769e+00  3.10145804e-03
1.79983416e-01  1.96618286e-04  2.54799469e-04  3.94463828e-04  2.13904786e-01  2.16612118e-01  2.70733176e-03  2.39956503e+00  2.40266682e+00  3.10179964e-03  2.61617747e+00  2.61927894e+00  3.10147588e-03
1.80123590e-01  1.96626862e-04  2.54810695e-04  3.94481673e-04  2.13904786e-01  2.16612118e-01  2.70733176e-03  2.39965625e+00  2.40275807e+00  3.10181748e-03  2.61626869e+00  2.61937019e+00  3.10149373e-03
1.80263764e-01  1.96635439e-04  2.54821926e-04  3.94499523e-04  2.13904786e-01  2.16612118e-01  2.70733176e-03  2.39974747e+00  2.40284931e+00  3.10183533e-03  2.61635991e+00  2.61946142e+00  3.10151158e-03
1.80403938e-01  1.96644015e-04  2.54833154e-04  3.94517368e-04  2.13904786e-01  2.16612118e-01  2.70733176e-03  2.39983869e+00  2.40294054e+00  3.10185318e-03  2.61645113e+00  2.61955266e+00  3.10152942e-03
1.80544112e-01  1.96652591e-04  2.54844382e-04  3.94535214e-04  2.13904786e-01  2.16612118e-01  2.70733176e-03  2.39992989e+00  2.40303177e+00  3.10187102e-03  2.61654234e+00  2.61964388e+00  3.10154727e-03
1.80684286e-01  1.96661166e-04  2.54855608e-04  3.94553057e-04  2.13904786e-01  2.16612118e-01  2.70733176e-03  2.40002110e+00  2.40312299e+00  3.10188887e-03  2.61663354e+00  2.61973511e+00  3.10156511e-03
1.80824460e-01  1.96669743e-04  2.54866837e-04  3.94570904e-04  2.13904786e-01  2.16612118e-01  2.70733176e-03  2.40011230e+00  2.40321420e+00  3.10190671e-03  2.61672474e+00  2.61982632e+00  3.10158296e-03
1.80964634e-01  1.96678317e-04  2.54878063e-04  3.94588747e-04  2.13904786e-01  2.16612118e-01  2.70733176e-03  2.40020349e+00  2.40330541e+00  3.10192456e-03  2.61681593e+00  2.61991753e+00  3.10160080e-03
1.81104808e-01  1.96686892e-04  2.54889290e-04  3.94606590e-04  2.13904786e-01  2.16612118e-01  2.70733176e-03  2.40029468e+00  2.40339662e+00  3.10194240e-03  2.61690712e+00  2.62000874e+00  3.10161865e-03
1.81244982e-01  1.96695466e-04  2.54900515e-04  3.94624430e-04  2.13904786e-01  2.16612118e-01  2.70733176e-03  2.40038586e+00  2.40348782e+00  3.10196024e-03  2.61699830e+00  2.62009994e+00  3.10163649e-03
1.81385156e-01  1.96704041e-04  2.54911741e-04  3.94642273e-04  2.13904786e-01  2.16612118e-01  2.70733176e-03  2.40047704e+00  2.40357902e+00  3.10197808e-03  2.61708948e+00  2.62019113e+00  3.10165433e-03
1.81525330e-01  1.96712615e-04  2.54922967e-04  3.94660115e-04  2.13904786e-01  2.16612118e-01  2.70733176e-03  2.40056821e+00  2.40367020e+00  3.10199592e-03  2.61718065e+00  2.62028232e+00  3.10167217e-03
1.81665504e-01  1.96721190e-04  2.54934193e-04  3.94677956e-04  2.13904786e-01  2.16612118e-01  2.70733176e-03  2.40065937e+00  2.40376139e+00  3.10201377e-03  2.61727182e+00  2.62037351e+00  3.10169001e-03
1.81805678e-01  1.96729762e-04  2.54945417e-04  3.94695794e-04  2.13904786e-01  2.16612118e-01  2.70733176e-03  2.40075054e+00  2.40385257e+00  3.10203160e-03  2.61736298e+00  2.62046468e+00  3.10170785e-03
1.81945852e-01  1.96738336e-04  2.54956642e-04  3.94713635e-04  2.13904786e-01  2.16612118e-01  2.70733176e-03  2.40084169e+00  2.40394374e+00  3.10204944e-03  2.61745413e+00  2.62055586e+00  3.10172569e-03
1.82086026e-01  1.96746910e-04  2.54967866e-04  3.94731474e-04  2.13904786e-01  2.16612118e-01  2.70733176e-03  2.40093284e+00  2.40403491e+00  3.10206728e-03  2.61754528e+00  2.62064703e+00  3.10174353e-03
1.82226200e-01  1.96755483e-04  2.54979090e-04  3.94749312e-04  2.13904786e-01  2.16612118e-01  2.70733176e-03  2.40102398e+00  2.40412607e+00  3.10208512e-03  2.61763643e+00  2.62073819e+00  3.10176137e-03
1.82366374e-01  1.96764056e-04  2.54990315e-04  3.94767151e-04  2.13904786e-01  2.16612118e-01  2.70733176e-03  2.40111512e+00  2.40421723e+00  3.10210296e-03  2.61772757e+00  2.62082934e+00  3.10177921e-03
1.82506548e-01  1.96772627e-04  2.55001535e-04  3.94784985e-04  2.13904786e-01  2.16612118e-01  2.70733176e-03  2.40120626e+00  2.40430838e+00  3.10212079e-03  2.61781870e+00  2.62092050e+00  3.10179704e-03
1.82646722e-01  1.96781199e-04  2.55012757e-04  3.94802820e-04  2.13904786e-01  2.16612118e-01  2.70733176e-03  2.40129739e+00  2.40439952e+00  3.10213863e-03  2.61790983e+00  2.62101164e+00  3.10181488e-03
1.82786896e-01  1.96789771e-04  2.55023981e-04  3.94820657e-04  2.13904786e-01  2.16612118e-01  2.70733176e-03  2.40138851e+00  2.40449066e+00  3.10215647e-03  2.61800095e+00  2.62110278e+00  3.10183271e-03
1.82927070e-01  1.96798343e-04  2.55035203e-04  3.94838492e-04  2.13904786e-01  2.16612118e-01  2.70733176e-03  2.40147963e+00  2.40458180e+00  3.10217430e-03  2.61809207e+00  2.62119392e+00  3.10185055e-03
1.83067244e-01  1.96806914e-04  2.55046425e-04  3.94856326e-04  2.13904786e-01  2.16612118e-01  2.70733176e-03  2.40157074e+00  2.40467293e+00  3.10219214e-03  2.61818318e+00  2.62128505e+00  3.10186838e-03
1.83207418e-01  1.96815486e-04  2.55057646e-04  3.94874160e-04  2.13904786e-01  2.16612118e-01  2.70733176e-03  2.40166184e+00  2.40476405e+00  3.10220997e-03  2.61827429e+00  2.62137617e+00  3.10188622e-03
1.83347592e-01  1.96824056e-04  2.55068867e-04  3.94891993e-04  2.13904786e-01  2.16612118e-01  2.70733176e-03  2.40175295e+00  2.40485517e+00  3.10222780e-03  2.61836539e+00  2.62146729e+00  3.10190405e-03
1.83487766e-01  1.96832626e-04  2.55080087e-04  3.94909824e-04  2.13904786e-01  2.16612118e-01  2.70733176e-03  2.40184404e+00  2.40494629e+00  3.10224563e-03  2.61845648e+00  2.62155840e+00  3.10192188e-03
1.83627940e-01  1.96841197e-04  2.55091308e-04  3.94927656e-04  2.13904786e-01  2.16612118e-01  2.70733176e-03  2.40193513e+00  2.40503740e+00  3.10226347e-03  2.61854757e+00  2.62164951e+00  3.10193971e-03
1.83768114e-01  1.96849767e-04  2.55102528e-04  3.94945487e-04  2.13904786e-01  2.16612118e-01  2.70733176e-03  2.40202622e+00  2.40512850e+00  3.10228130e-03  2.61863866e+00  2.62174062e+00  3.10195754e-03
1.83908288e-01  1.96858337e-04  2.55113747e-04  3.94963317e-04  2.13904786e-01  2.16612118e-01  2.70733176e-03  2.40211730e+00  2.40521960e+00  3.10229913e-03  2.61872974e+00  2.62183171e+00  3.10197537e-03
1.84048462e-01  1.96866906e-04  2.55124965e-04  3.94981146e-04  2.13904786e-01  2.16612118e-01  2.70733176e-03  2.40220837e+00  2.40531069e+00  3.10231696e-03  2.61882081e+00  2.62192281e+00  3.10199320e-03
1.84188636e-01  1.96875476e-04  2.55136185e-04  3.94998976e-04  2.13904786e-01  2.16612118e-01  2.70733176e-03  2.40229944e+00  2.40540177e+00  3.10233479e-03  2.61891188e+00  2.62201389e+00  3.10201103e-03
1.84328810e-01  1.96884045e-04  2.55147403e-04  3.95016804e-04  2.13904786e-01  2.16612118e-01  2.70733176e-03  2.40239050e+00  2.40549286e+00  3.10235261e-03  2.61900294e+00  2.62210497e+00  3.10202886e-03
1.84468984e-01  1.96892614e-04  2.55158622e-04  3.95034633e-04  2.13904786e-01  2.16612118e-01  2.70733176e-03  2.40248156e+00  2.40558393e+00  3.10237044e-03  2.61909400e+00  2.62219605e+00  3.10204669e-03
1.84609158e-01  1.96901183e-04  2.55169840e-04  3.95052460e-04  2.13904786e-01  2.16612118e-01  2.70733176e-03  2.40257261e+00  2.40567500e+00  3.10238827e-03  2.61918506e+00  2.62228712e+00  3.10206452e-03
1.84749332e-01  1.96909750e-04  2.55181056e-04  3.95070286e-04  2.13904786e-01  2.16612118e-01  2.70733176e-03  2.40266366e+00  2.40576607e+00  3.10240610e-03  2.61927610e+00  2.62237818e+00  3.10208234e-03
1.84889506e-01  1.96918318e-04  2.55192272e-04  3.95088110e-04  2.13904786e-01  2.16612118e-01  2.70733176e-03  2.40275470e+00  2.40585713e+00  3.10242392e-03  2.61936714e+00  2.62246924e+00  3.10210017e-03
1.85029680e-01  1.96926886e-04  2.55203490e-04  3.95105936e-04  2.13904786e-01  2.16612118e-01  2.70733176e-03  2.40284574e+00  2.40594818e+00  3.10244175e-03  2.61945818e+00  2.62256030e+00  3.10211799e-03
1.85169854e-01  1.96935453e-04  2.55214706e-04  3.95123761e-04  2.13904786e-01  2.16612118e-01  2.70733176e-03  2.40293677e+00  2.40603923e+00  3.10245957e-03  2.61954921e+00  2.62265135e+00  3.10213582e-03
1.85310028e-01  1.96944020e-04  2.55225921e-04  3.95141584e-04  2.13904786e-01  2.16612118e-01  2.70733176e-03  2.40302780e+00  2.40613027e+00  3.10247739e-03  2.61964024e+00  2.62274239e+00  3.10215364e-03
1.85450202e-01  1.96952588e-04  2.55237137e-04  3.95159408e-04  2.13904786e-01  2.16612118e-01  2.70733176e-03  2.40311882e+00  2.40622131e+00  3.10249522e-03  2.61973126e+00  2.62283343e+00  3.10217146e-03
1.85590376e-01  1.96961155e-04  2.55248353e-04  3.95177232e-04  2.13904786e-01  2.16612118e-01  2.70733176e-03  2.40320983e+00  2.40631234e+00  3.10251304e-03  2.61982227e+00  2.62292446e+00  3.10218929e-03
1.85730550e-01  1.96969722e-04  2.55259569e-04  3.95195055e-04  2.13904786e-01  2.16612118e-01  2.70733176e-03  2.40330084e+00  2.40640337e+00  3.10253086e-03  2.61991328e+00  2.62301549e+00  3.10220711e-03
1.85870724e-01  1.96978288e-04  2.55270783e-04  3.95212875e-04  2.13904786e-01  2.16612118e-01  2.70733176e-03  2.40339185e+00  2.40649439e+00  3.10254869e-03  2.62000429e+00  2.62310651e+00  3.10222493e-03
1.86010898e-01  1.96986852e-04  2.55281995e-04  3.95230693e-04  2.13904786e-01  2.16612118e-01  2.70733176e-03  2.40348284e+00  2.40658541e+00  3.10256650e-03  2.62009529e+00  2.62319753e+00  3.10224275e-03
1.86151072e-01  1.96995419e-04  2.55293210e-04  3.95248515e-04  2.13904786e-01  2.16612118e-01  2.70733176e-03  2.40357384e+00  2.40667642e+00  3.10258432e-03  2.62018628e+00  2.62328854e+00  3.10226057e-03
1.86291246e-01  1.97003985e-04  2.55304424e-04  3.95266335e-04  2.13904786e-01  2.16612118e-01  2.70733176e-03  2.40366483e+00  2.40676743e+00  3.10260214e-03  2.62027727e+00  2.62337955e+00  3.10227839e-03
1.86431420e-01  1.97012550e-04  2.55315636e-04  3.95284153e-04  2.13904786e-01  2.16612118e-01  2.70733176e-03  2.40375581e+00  2.40685843e+00  3.10261996e-03  2.62036825e+00  2.62347055e+00  3.10229621e-03
1.86571594e-01  1.97021115e-04  2.55326850e-04  3.95301973e-04  2.13904786e-01  2.16612118e-01  2.70733176e-03  2.40384679e+00  2.40694942e+00  3.10263778e-03  2.62045923e+00  2.62356154e+00  3.10231403e-03
1.86711768e-01  1.97029680e-04  2.55338063e-04  3.95319790e-04  2.13904786e-01  2.16612118e-01  2.70733176e-03  2.40393776e+00  2.40704041e+00  3.10265560e-03  2.62055020e+00  2.62365253e+00  3.10233185e-03
1.86851942e-01  1.97038244e-04  2.55349274e-04  3.95337607e-04  2.13904786e-01  2.16612118e-01  2.70733176e-03  2.40402872e+00  2.40713140e+00  3.10267342e-03  2.62064117e+00  2.62374352e+00  3.10234966e-03
1.86992116e-01  1.97046808e-04  2.55360485e-04  3.95355422e-04  2.13904786e-01  2.16612118e-01  2.70733176e-03  2.40411969e+00  2.40722238e+00  3.10269123e-03  2.62073213e+00  2.62383449e+00  3.10236748e-03
1.87132290e-01  1.97055373e-04  2.55371698e-04  3.95373239e-04  2.13904786e-01  2.16612118e-01  2.70733176e-03  2.40421064e+00  2.40731335e+00  3.10270905e-03  2.62082308e+00  2.62392547e+00  3.10238529e-03
1.87272464e-01  1.97063937e-04  2.55382909e-04  3.95391055e-04  2.13904786e-01  2.16612118e-01  2.70733176e-03  2.40430159e+00  2.40740432e+00  3.10272686e-03  2.62091403e+00  2.62401644e+00  3.10240311e-03
1.87412638e-01  1.97072499e-04  2.55394119e-04  3.95408868e-04  2.13904786e-01  2.16612118e-01  2.70733176e-03  2.40439254e+00  2.40749528e+00  3.10274468e-03  2.62100498e+00  2.62410740e+00  3.10242092e-03
1.87552812e-01  1.97081062e-04  2.55405329e-04  3.95426681e-04  2.13904786e-01  2.16612118e-01  2.70733176e-03  2.40448348e+00  2.40758624e+00  3.10276249e-03  2.62109592e+00  2.62419836e+00  3.10243874e-03
1.87692986e-01  1.97089625e-04  2.55416538e-04  3.95444494e-04  2.13904786e-01  2.16612118e-01  2.70733176e-03  2.40457441e+00  2.40767719e+00  3.10278030e-03  2.62118685e+00  2.62428931e+00  3.10245655e-03
1.87833160e-01  1.97098188e-04  2.55427748e-04  3.95462306e-04  2.13904786e-01  2.16612118e-01  2.70733176e-03  2.40466534e+00  2.40776814e+00  3.10279812e-03  2.62127778e+00  2.62438026e+00  3.10247436e-03
1.87973334e-01  1.97106750e-04  2.55438957e-04  3.95480118e-04  2.13904786e-01  2.16612118e-01  2.70733176e-03  2.40475626e+00  2.40785908e+00  3.10281593e-03  2.62136871e+00  2.62447120e+00  3.10249217e-03
1.88113508e-01  1.97115312e-04  2.55450166e-04  3.95497929e-04  2.13904786e-01  2.16612118e-01  2.70733176e-03  2.40484718e+00  2.40795002e+00  3.10283374e-03  2.62145962e+00  2.62456213e+00  3.10250998e-03
1.88253682e-01  1.97123875e-04  2.55461375e-04  3.95515741e-04  2.13904786e-01  2.16612118e-01  2.70733176e-03  2.40493810e+00  2.40804095e+00  3.10285155e-03  2.62155054e+00  2.62465306e+00  3.10252780e-03
1.88393856e-01  1.97132436e-04  2.55472584e-04  3.95533551e-04  2.13904786e-01  2.16612118e-01  2.70733176e-03  2.40502900e+00  2.40813187e+00  3.10286936e-03  2.62164144e+00  2.62474399e+00  3.10254561e-03
1.88534030e-01  1.97140997e-04  2.55483791e-04  3.95551359e-04  2.13904786e-01  2.16612118e-01  2.70733176e-03  2.40511991e+00  2.40822279e+00  3.10288717e-03  2.62173235e+00  2.62483491e+00  3.10256341e-03
1.88674204e-01  1.97149559e-04  2.55494999e-04  3.95569168e-04  2.13904786e-01  2.16612118e-01  2.70733176e-03  2.40521080e+00  2.40831371e+00  3.10290498e-03  2.62182324e+00  2.62492582e+00  3.10258122e-03
1.88814378e-01  1.97158119e-04  2.55506205e-04  3.95586975e-04  2.13904786e-01  2.16612118e-01  2.70733176e-03  2.40530169e+00  2.40840462e+00  3.10292278e-03  2.62191413e+00  2.62501673e+00  3.10259903e-03
1.88954552e-01  1.97166680e-04  2.55517412e-04  3.95604783e-04  2.13904786e-01  2.16612118e-01  2.70733176e-03  2.40539258e+00  2.40849552e+00  3.10294059e-03  2.62200502e+00  2.62510764e+00  3.10261684e-03
1.89094726e-01  1.97175241e-04  2.55528619e-04  3.95622591e-04  2.13904786e-01  2.16612118e-01  2.70733176e-03  2.40548346e+00  2.40858642e+00  3.10295840e-03  2.62209590e+00  2.62519854e+00  3.10263465e-03
1.89234900e-01  1.97183800e-04  2.55539825e-04  3.95640396e-04  2.13904786e-01  2.16612118e-01  2.70733176e-03  2.40557434e+00  2.40867731e+00  3.10297621e-03  2.62218678e+00  2.62528943e+00  3.10265245e-03
1.89375074e-01  1.97192360e-04  2.55551029e-04  3.95658200e-04  2.13904786e-01  2.16612118e-01  2.70733176e-03  2.40566521e+00  2.40876820e+00  3.10299401e-03  2.62227765e+00  2.62538032e+00  3.10267026e-03
1.89515248e-01  1.97200920e-04  2.55562235e-04  3.95676006e-04  2.13904786e-01  2.16612118e-01  2.70733176e-03  2.40575607e+00  2.40885908e+00  3.10301182e-03  2.62236851e+00  2.62547120e+00  3.10268806e-03
1.89655422e-01  1.97209479e-04  2.55573440e-04  3.95693809e-04  2.13904786e-01  2.16612118e-01  2.70733176e-03  2.40584693e+00  2.40894996e+00  3.10302962e-03  2.62245937e+00  2.62556208e+00  3.10270586e-03
1.89795596e-01  1.97218039e-04  2.55584646e-04  3.95711614e-04  2.13904786e-01  2.16612118e-01  2.70733176e-03  2.40593778e+00  2.40904083e+00  3.10304742e-03  2.62255023e+00  2.62565295e+00  3.10272367e-03
1.89935770e-01  1.97226597e-04  2.55595850e-04  3.95729417e-04  2.13904786e-01  2.16612118e-01  2.70733176e-03  2.40602863e+00  2.40913170e+00  3.10306523e-03  2.62264107e+00  2.62574382e+00  3.10274147e-03
1.90075944e-01  1.97235155e-04  2.55607052e-04  3.95747218e-04  2.13904786e-01  2.16612118e-01  2.70733176e-03  2.40611948e+00  2.40922256e+00  3.10308303e-03  2.62273192e+00  2.62583468e+00  3.10275927e-03
1.90216118e-01  1.97243714e-04  2.55618257e-04  3.95765021e-04  2.13904786e-01  2.16612118e-01  2.70733176e-03  2.40621031e+00  2.40931341e+00  3.10310083e-03  2.62282276e+00  2.62592553e+00  3.10277708e-03
1.90356292e-01  1.97252272e-04  2.55629460e-04  3.95782822e-04  2.13904786e-01  2.16612118e-01  2.70733176e-03  2.40630115e+00  2.40940426e+00  3.10311863e-03  2.62291359e+00  2.62601638e+00  3.10279488e-03
1.90496466e-01  1.97260830e-04  2.55640663e-04  3.95800622e-04  2.13904786e-01  2.16612118e-01  2.70733176e-03  2.40639197e+00  2.40949511e+00  3.10313643e-03  2.62300441e+00  2.62610723e+00  3.10281268e-03
1.90636640e-01  1.97269388e-04  2.55651866e-04  3.95818422e-04  2.13904786e-01  2.16612118e-01  2.70733176e-03  2.40648280e+00  2.40958595e+00  3.10315423e-03  2.62309524e+00  2.62619807e+00  3.10283048e-03
1.90776814e-01  1.97277945e-04  2.55663067e-04  3.95836220e-04  2.13904786e-01  2.16612118e-01  2.70733176e-03  2.40657361e+00  2.40967678e+00  3.10317203e-03  2.62318605e+00  2.62628890e+00  3.10284828e-03
1.90916988e-01  1.97286502e-04  2.55674270e-04  3.95854019e-04  2.13904786e-01  2.16612118e-01  2.70733176e-03  2.40666442e+00  2.40976761e+00  3.10318983e-03  2.62327686e+00  2.62637973e+00  3.10286607e-03
1.91057162e-01  1.97295058e-04  2.55685470e-04  3.95871816e-04  2.13904786e-01  2.16612118e-01  2.70733176e-03  2.40675523e+00  2.40985844e+00  3.10320763e-03  2.62336767e+00  2.62647055e+00  3.10288387e-03
1.91197336e-01  1.97303615e-04  2.55696671e-04  3.95889613e-04  2.13904786e-01  2.16612118e-01  2.70733176e-03  2.40684603e+00  2.40994925e+00  3.10322542e-03  2.62345847e+00  2.62656137e+00  3.10290167e-03
1.91337510e-01  1.97312172e-04  2.55707873e-04  3.95907411e-04  2.13904786e-01  2.16612118e-01  2.70733176e-03  2.40693682e+00  2.41004007e+00  3.10324322e-03  2.62354927e+00  2.62665219e+00  3.10291947e-03
1.91477684e-01  1.97320727e-04  2.55719072e-04  3.95925205e-04  2.13904786e-01  2.16612118e-01  2.70733176e-03  2.40702761e+00  2.41013088e+00  3.10326101e-03  2.62364006e+00  2.62674299e+00  3.10293726e-03
1.91617858e-01  1.97329283e-04  2.55730272e-04  3.95943001e-04  2.13904786e-01  2.16612118e-01  2.70733176e-03  2.40711840e+00  2.41022168e+00  3.10327881e-03  2.62373084e+00  2.62683380e+00  3.10295506e-03
1.91758032e-01  1.97337838e-04  2.55741472e-04  3.95960795e-04  2.13904786e-01  2.16612118e-01  2.70733176e-03  2.40720918e+00  2.41031247e+00  3.10329660e-03  2.62382162e+00  2.62692459e+00  3.10297285e-03
1.91898206e-01  1.97346393e-04  2.55752671e-04  3.95978589e-04  2.13904786e-01  2.16612118e-01  2.70733176e-03  2.40729995e+00  2.41040327e+00  3.10331440e-03  2.62391239e+00  2.62701538e+00  3.10299064e-03
1.92038380e-01  1.97354949e-04  2.55763871e-04  3.95996383e-04  2.13904786e-01  2.16612118e-01  2.70733176e-03  2.40739072e+00  2.41049405e+00  3.10333219e-03  2.62400316e+00  2.62710617e+00  3.10300844e-03
1.92178554e-01  1.97363503e-04  2.55775068e-04  3.96014174e-04  2.13904786e-01  2.16612118e-01  2.70733176e-03  2.40748148e+00  2.41058483e+00  3.10334998e-03  2.62409392e+00  2.62719695e+00  3.10302623e-03
1.92318728e-01  1.97372057e-04  2.55786266e-04  3.96031966e-04  2.13904786e-01  2.16612118e-01  2.70733176e-03  2.40757224e+00  2.41067561e+00  3.10336778e-03  2.62418468e+00  2.62728773e+00  3.10304402e-03
1.92458902e-01  1.97380612e-04  2.55797464e-04  3.96049758e-04  2.13904786e-01  2.16612118e-01  2.70733176e-03  2.40766299e+00  2.41076638e+00  3.10338557e-03  2.62427544e+00  2.62737850e+00  3.10306181e-03
1.92599076e-01  1.97389166e-04  2.55808662e-04  3.96067548e-04  2.13904786e-01  2.16612118e-01  2.70733176e-03  2.40775374e+00  2.41085714e+00  3.10340336e-03  2.62436618e+00  2.62746926e+00  3.10307960e-03
1.92739250e-01  1.97397720e-04  2.55819860e-04  3.96085339e-04  2.13904786e-01  2.16612118e-01  2.70733176e-03  2.40784448e+00  2.41094790e+00  3.10342115e-03  2.62445692e+00  2.62756002e+00  3.10309739e-03
1.92879424e-01  1.97406273e-04  2.55831057e-04  3.96103129e-04  2.13904786e-01  2.16612118e-01  2.70733176e-03  2.40793522e+00  2.41103866e+00  3.10343894e-03  2.62454766e+00  2.62765078e+00  3.10311518e-03
1.93019598e-01  1.97414826e-04  2.55842253e-04  3.96120917e-04  2.13904786e-01  2.16612118e-01  2.70733176e-03  2.40802595e+00  2.41112941e+00  3.10345673e-03  2.62463839e+00  2.62774152e+00  3.10313297e-03
1.93159772e-01  1.97423379e-04  2.55853449e-04  3.96138706e-04  2.13904786e-01  2.16612118e-01  2.70733176e-03  2.40811668e+00  2.41122015e+00  3.10347452e-03  2.62472912e+00  2.62783227e+00  3.10315076e-03
1.93299946e-01  1.97431932e-04  2.55864645e-04  3.96156494e-04  2.13904786e-01  2.16612118e-01  2.70733176e-03  2.40820740e+00  2.41131089e+00  3.10349230e-03  2.62481984e+00  2.62792301e+00  3.10316855e-03
1.93440120e-01  1.97440484e-04  2.55875839e-04  3.96174279e-04  2.13904786e-01  2.16612118e-01  2.70733176e-03  2.40829811e+00  2.41140162e+00  3.10351009e-03  2.62491055e+00  2.62801374e+00  3.10318633e-03
1.93580294e-01  1.97449037e-04  2.55887036e-04  3.96192067e-04  2.13904786e-01  2.16612118e-01  2.70733176e-03  2.40838882e+00  2.41149235e+00  3.10352788e-03  2.62500126e+00  2.62810447e+00  3.10320412e-03
1.93720468e-01  1.97457588e-04  2.55898230e-04  3.96209852e-04  2.13904786e-01  2.16612118e-01  2.70733176e-03  2.40847953e+00  2.41158307e+00  3.10354566e-03  2.62509197e+00  2.62819519e+00  3.10322191e-03
1.93860642e-01  1.97466140e-04  2.55909424e-04  3.96227637e-04  2.13904786e-01  2.16612118e-01  2.70733176e-03  2.40857023e+00  2.41167379e+00  3.10356345e-03  2.62518267e+00  2.62828591e+00  3.10323969e-03
1.94000816e-01  1.97474691e-04  2.55920618e-04  3.96245421e-04  2.13904786e-01  2.16612118e-01  2.70733176e-03  2.40866092e+00  2.41176450e+00  3.10358123e-03  2.62527336e+00  2.62837662e+00  3.10325748e-03
1.94140990e-01  1.97483242e-04  2.55931811e-04  3.96263204e-04  2.13904786e-01  2.16612118e-01  2.70733176e-03  2.40875161e+00  2.41185521e+00  3.10359901e-03  2.62536405e+00  2.62846732e+00  3.10327526e-03
1.94281164e-01  1.97491793e-04  2.55943004e-04  3.96280987e-04  2.13904786e-01  2.16612118e-01  2.70733176e-03  2.40884229e+00  2.41194591e+00  3.10361680e-03  2.62545473e+00  2.62855803e+00  3.10329304e-03
1.94421338e-01  1.97500343e-04  2.55954196e-04  3.96298768e-04  2.13904786e-01  2.16612118e-01  2.70733176e-03  2.40893297e+00  2.41203660e+00  3.10363458e-03  2.62554541e+00  2.62864872e+00  3.10331082e-03
1.94561512e-01  1.97508893e-04  2.55965389e-04  3.96316550e-04  2.13904786e-01  2.16612118e-01  2.70733176e-03  2.40902364e+00  2.41212729e+00  3.10365236e-03  2.62563608e+00  2.62873941e+00  3.10332861e-03
1.94701686e-01  1.97517444e-04  2.55976582e-04  3.96334333e-04  2.13904786e-01  2.16612118e-01  2.70733176e-03  2.40911431e+00  2.41221798e+00  3.10367014e-03  2.62572675e+00  2.62883010e+00  3.10334639e-03
1.94841860e-01  1.97525994e-04  2.55987774e-04  3.96352113e-04  2.13904786e-01  2.16612118e-01  2.70733176e-03  2.40920497e+00  2.41230866e+00  3.10368792e-03  2.62581741e+00  2.62892078e+00  3.10336417e-03
1.94982034e-01  1.97534542e-04  2.55998964e-04  3.96369891e-04  2.13904786e-01  2.16612118e-01  2.70733176e-03  2.40929563e+00  2.41239933e+00  3.10370570e-03  2.62590807e+00  2.62901145e+00  3.10338195e-03
1.95122208e-01  1.97543092e-04  2.56010155e-04  3.96387670e-04  2.13904786e-01  2.16612118e-01  2.70733176e-03  2.40938628e+00  2.41249000e+00  3.10372348e-03  2.62599872e+00  2.62910212e+00  3.10339973e-03
1.95262382e-01  1.97551641e-04  2.56021346e-04  3.96405450e-04  2.13904786e-01  2.16612118e-01  2.70733176e-03  2.40947692e+00  2.41258067e+00  3.10374126e-03  2.62608937e+00  2.62919278e+00  3.10341751e-03
1.95402556e-01  1.97560189e-04  2.56032536e-04  3.96423226e-04  2.13904786e-01  2.16612118e-01  2.70733176e-03  2.40956756e+00  2.41267132e+00  3.10375904e-03  2.62618001e+00  2.62928344e+00  3.10343528e-03
1.95542730e-01  1.97568739e-04  2.56043727e-04  3.96441005e-04  2.13904786e-01  2.16612118e-01  2.70733176e-03  2.40965820e+00  2.41276198e+00  3.10377681e-03  2.62627064e+00  2.62937409e+00  3.10345306e-03
1.95682904e-01  1.97577287e-04  2.56054916e-04  3.96458781e-04  2.13904786e-01  2.16612118e-01  2.70733176e-03  2.40974883e+00  2.41285262e+00  3.10379459e-03  2.62636127e+00  2.62946474e+00  3.10347084e-03
1.95823078e-01  1.97585836e-04  2.56066107e-04  3.96476559e-04  2.13904786e-01  2.16612118e-01  2.70733176e-03  2.40983945e+00  2.41294327e+00  3.10381237e-03  2.62645190e+00  2.62955538e+00  3.10348861e-03
1.95963252e-01  1.97594383e-04  2.56077295e-04  3.96494333e-04  2.13904786e-01  2.16612118e-01  2.70733176e-03  2.40993007e+00  2.41303390e+00  3.10383014e-03  2.62654252e+00  2.62964602e+00  3.10350639e-03
1.96103426e-01  1.97602930e-04  2.56088483e-04  3.96512107e-04  2.13904786e-01  2.16612118e-01  2.70733176e-03  2.41002069e+00  2.41312454e+00  3.10384792e-03  2.62663313e+00  2.62973665e+00  3.10352416e-03
1.96243600e-01  1.97611477e-04  2.56099671e-04  3.96529881e-04  2.13904786e-01  2.16612118e-01  2.70733176e-03  2.41011130e+00  2.41321516e+00  3.10386569e-03  2.62672374e+00  2.62982728e+00  3.10354194e-03
1.96383774e-01  1.97620025e-04  2.56110860e-04  3.96547656e-04  2.13904786e-01  2.16612118e-01  2.70733176e-03  2.41020190e+00  2.41330578e+00  3.10388347e-03  2.62681434e+00  2.62991790e+00  3.10355971e-03
1.96523948e-01  1.97628571e-04  2.56122046e-04  3.96565427e-04  2.13904786e-01  2.16612118e-01  2.70733176e-03  2.41029250e+00  2.41339640e+00  3.10390124e-03  2.62690494e+00  2.63000852e+00  3.10357748e-03
1.96664122e-01  1.97637118e-04  2.56133234e-04  3.96583200e-04  2.13904786e-01  2.16612118e-01  2.70733176e-03  2.41038309e+00  2.41348701e+00  3.10391901e-03  2.62699553e+00  2.63009913e+00  3.10359526e-03
1.96804296e-01  1.97645663e-04  2.56144420e-04  3.96600970e-04  2.13904786e-01  2.16612118e-01  2.70733176e-03  2.41047368e+00  2.41357762e+00  3.10393678e-03  2.62708612e+00  2.63018973e+00  3.10361303e-03
1.96944470e-01  1.97654210e-04  2.56155608e-04  3.96618743e-04  2.13904786e-01  2.16612118e-01  2.70733176e-03  2.41056426e+00  2.41366822e+00  3.10395455e-03  2.62717670e+00  2.63028033e+00  3.10363080e-03
1.97084644e-01  1.97662756e-04  2.56166794e-04  3.96636513e-04  2.13904786e-01  2.16612118e-01  2.70733176e-03  2.41065484e+00  2.41375881e+00  3.10397232e-03  2.62726728e+00  2.63037093e+00  3.10364857e-03
1.97224818e-01  1.97671301e-04  2.56177980e-04  3.96654283e-04  2.13904786e-01  2.16612118e-01  2.70733176e-03  2.41074541e+00  2.41384940e+00  3.10399009e-03  2.62735785e+00  2.63046152e+00  3.10366634e-03
1.97364992e-01  1.97679845e-04  2.56189163e-04  3.96672050e-04  2.13904786e-01  2.16612118e-01  2.70733176e-03  2.41083598e+00  2.41393998e+00  3.10400786e-03  2.62744842e+00  2.63055210e+00  3.10368411e-03
1.97505166e-01  1.97688391e-04  2.56200350e-04  3.96689820e-04  2.13904786e-01  2.16612118e-01  2.70733176e-03  2.41092654e+00  2.41403056e+00  3.10402563e-03  2.62753898e+00  2.63064268e+00  3.10370188e-03
1.97645340e-01  1.97696935e-04  2.56211534e-04  3.96707587e-04  2.13904786e-01  2.16612118e-01  2.70733176e-03  2.41101709e+00  2.41412114e+00  3.10404340e-03  2.62762953e+00  2.63073325e+00  3.10371964e-03
1.97785514e-01  1.97705479e-04  2.56222718e-04  3.96725353e-04  2.13904786e-01  2.16612118e-01  2.70733176e-03  2.41110764e+00  2.41421170e+00  3.10406116e-03  2.62772008e+00  2.63082382e+00  3.10373741e-03
1.97925688e-01  1.97714023e-04  2.56233901e-04  3.96743119e-04  2.13904786e-01  2.16612118e-01  2.70733176e-03  2.41119819e+00  2.41430227e+00  3.10407893e-03  2.62781063e+00  2.63091438e+00  3.10375517e-03
1.98065862e-01  1.97722568e-04  2.56245085e-04  3.96760885e-04  2.13904786e-01  2.16612118e-01  2.70733176e-03  2.41128873e+00  2.41439282e+00  3.10409669e-03  2.62790117e+00  2.63100494e+00  3.10377294e-03
1.98206036e-01  1.97731112e-04  2.56256270e-04  3.96778651e-04  2.13904786e-01  2.16612118e-01  2.70733176e-03  2.41137926e+00  2.41448338e+00  3.10411446e-03  2.62799170e+00  2.63109549e+00  3.10379071e-03
1.98346210e-01  1.97739655e-04  2.56267452e-04  3.96796415e-04  2.13904786e-01  2.16612118e-01  2.70733176e-03  2.41146979e+00  2.41457392e+00  3.10413222e-03  2.62808223e+00  2.63118604e+00  3.10380847e-03
1.98486384e-01  1.97748197e-04  2.56278633e-04  3.96814177e-04  2.13904786e-01  2.16612118e-01  2.70733176e-03  2.41156032e+00  2.41466447e+00  3.10414999e-03  2.62817276e+00  2.63127658e+00  3.10382623e-03
1.98626558e-01  1.97756740e-04  2.56289815e-04  3.96831940e-04  2.13904786e-01  2.16612118e-01  2.70733176e-03  2.41165083e+00  2.41475500e+00  3.10416775e-03  2.62826328e+00  2.63136712e+00  3.10384400e-03
1.98766732e-01  1.97765283e-04  2.56300998e-04  3.96849704e-04  2.13904786e-01  2.16612118e-01  2.70733176e-03  2.41174135e+00  2.41484553e+00  3.10418551e-03  2.62835379e+00  2.63145765e+00  3.10386176e-03
1.98906906e-01  1.97773825e-04  2.56312179e-04  3.96867466e-04  2.13904786e-01  2.16612118e-01  2.70733176e-03  2.41183186e+00  2.41493606e+00  3.10420328e-03  2.62844430e+00  2.63154818e+00  3.10387952e-03
1.99047080e-01  1.97782368e-04  2.56323361e-04  3.96885227e-04  2.13904786e-01  2.16612118e-01  2.70733176e-03  2.41192236e+00  2.41502658e+00  3.10422104e-03  2.62853480e+00  2.63163870e+00  3.10389728e-03
1.99187254e-01  1.97790909e-04  2.56334541e-04  3.96902987e-04  2.13904786e-01  2.16612118e-01  2.70733176e-03  2.41201286e+00  2.41511709e+00  3.10423880e-03  2.62862530e+00  2.63172921e+00  3.10391504e-03
1.99327428e-01  1.97799451e-04  2.56345721e-04  3.96920747e-04  2.13904786e-01  2.16612118e-01  2.70733176e-03  2.41210335e+00  2.41520760e+00  3.10425656e-03  2.62871579e+00  2.63181972e+00  3.10393280e-03
1.99467602e-01  1.97807993e-04  2.56356902e-04  3.96938508e-04  2.13904786e-01  2.16612118e-01  2.70733176e-03  2.41219384e+00  2.41529811e+00  3.10427432e-03  2.62880628e+00  2.63191023e+00  3.10395056e-03
1.99607776e-01  1.97816533e-04  2.56368081e-04  3.96956265e-04  2.13904786e-01  2.16612118e-01  2.70733176e-03  2.41228432e+00  2.41538861e+00  3.10429207e-03  2.62889676e+00  2.63200073e+00  3.10396832e-03
1.99747950e-01  1.97825074e-04  2.56379261e-04  3.96974024e-04  2.13904786e-01  2.16612118e-01  2.70733176e-03  2.41237479e+00  2.41547910e+00  3.10430983e-03  2.62898723e+00  2.63209122e+00  3.10398608e-03
1.99888124e-01  1.97833615e-04  2.56390440e-04  3.96991782e-04  2.13904786e-01  2.16612118e-01  2.70733176e-03  2.41246526e+00  2.41556959e+00  3.10432759e-03  2.62907771e+00  2.63218171e+00  3.10400384e-03
2.00028298e-01  1.97842155e-04  2.56401618e-04  3.97009538e-04  2.13904786e-01  2.16612118e-01  2.70733176e-03  2.41255573e+00  2.41566008e+00  3.10434535e-03  2.62916817e+00  2.63227219e+00  3.10402159e-03
