solid aortic_outer_annulus_smoothed_pm0p5mm
  facet normal 0.6337730704528357 -0.770873494963791 0.06391987117551988
    outer loop
      vertex -0.025577837448415165 0.012672404167965058 0.12405856503484186
      vertex -0.02560683417751588 0.012632161057709463 0.1238607392134948
      vertex -0.024859795879626972 0.013220707270861961 0.12355163221507662
    endloop
  endfacet
  facet normal 0.6351335190467362 -0.7694580145741675 0.0673778657341519
    outer loop
      vertex -0.025577837448415165 0.012672404167965058 0.12405856503484186
      vertex -0.024859795879626972 0.013220707270861961 0.12355163221507662
      vertex -0.024834746837299117 0.013257303117749223 0.12373343496515812
    endloop
  endfacet
  facet normal 0.6332260957391609 -0.7713093121227728 0.06408320144651145
    outer loop
      vertex -0.02560683417751588 0.012632161057709463 0.1238607392134948
      vertex -0.025635729230934778 0.012591997309561174 0.12366284692959431
      vertex -0.024884946597636643 0.013184032061867393 0.12336989592754852
    endloop
  endfacet
  facet normal 0.6345385689331697 -0.7699326432675025 0.06756130081164606
    outer loop
      vertex -0.02560683417751588 0.012632161057709463 0.1238607392134948
      vertex -0.024884946597636643 0.013184032061867393 0.12336989592754852
      vertex -0.024859795879626972 0.013220707270861961 0.12355163221507662
    endloop
  endfacet
  facet normal 0.6326789484569565 -0.771744567222677 0.06424695433779423
    outer loop
      vertex -0.025635729230934778 0.012591997309561174 0.12366284692959431
      vertex -0.025664520215737386 0.012551915038521726 0.12346489474559164
      vertex -0.02491020138426261 0.013147275375763984 0.12318821954012263
    endloop
  endfacet
  facet normal 0.6339430486476981 -0.7704069974546072 0.06774414619905515
    outer loop
      vertex -0.025635729230934778 0.012591997309561174 0.12366284692959431
      vertex -0.02491020138426261 0.013147275375763984 0.12318821954012263
      vertex -0.024884946597636643 0.013184032061867393 0.12336989592754852
    endloop
  endfacet
  facet normal 0.6321316111881737 -0.7721792739322032 0.06441114069925413
    outer loop
      vertex -0.025664520215737386 0.012551915038521726 0.12346489474559164
      vertex -0.02569320499348664 0.012511916161935897 0.12326688942280924
      vertex -0.024935562377941926 0.013110435295206956 0.12300659629147646
    endloop
  endfacet
  facet normal 0.6333469813561602 -0.7708810588069598 0.0679263894204621
    outer loop
      vertex -0.025664520215737386 0.012551915038521726 0.12346489474559164
      vertex -0.024935562377941926 0.013110435295206956 0.12300659629147646
      vertex -0.02491020138426261 0.013147275375763984 0.12318821954012263
    endloop
  endfacet
  facet normal 0.6315840660028009 -0.7726134463400736 0.06457577026938108
    outer loop
      vertex -0.02569320499348664 0.012511916161935897 0.12326688942280924
      vertex -0.025721781692005924 0.012472002389235385 0.12306883789379951
      vertex -0.024961031450851212 0.013073510110764611 0.12282501924905763
    endloop
  endfacet
  facet normal 0.6327503908163915 -0.7713548085075326 0.06810801945447696
    outer loop
      vertex -0.02569320499348664 0.012511916161935897 0.12326688942280924
      vertex -0.024961031450851212 0.013073510110764611 0.12282501924905763
      vertex -0.024935562377941926 0.013110435295206956 0.12300659629147646
    endloop
  endfacet
  facet normal 0.6310362945341428 -0.7730470988962143 0.06474085162218166
    outer loop
      vertex -0.025721781692005924 0.012472002389235385 0.12306883789379951
      vertex -0.02575024871531035 0.012432175213104175 0.12287074723324007
      vertex -0.024986610198975363 0.013036498329752963 0.1226434813381885
    endloop
  endfacet
  facet normal 0.632153301279905 -0.7718282273282405 0.06828902679247544
    outer loop
      vertex -0.025721781692005924 0.012472002389235385 0.12306883789379951
      vertex -0.024986610198975363 0.013036498329752963 0.1226434813381885
      vertex -0.024961031450851212 0.013073510110764611 0.12282501924905763
    endloop
  endfacet
  facet normal 0.6321779786515108 -0.7708190707287086 0.07866996573674205
    outer loop
      vertex -0.02575024871531035 0.012432175213104175 0.12287074723324007
      vertex -0.025770342257168843 0.012395536611068387 0.12267322536638212
      vertex -0.025004066185688296 0.01300247068893161 0.12246238891933214
    endloop
  endfacet
  facet normal 0.6335518026341017 -0.7691854431975357 0.08346177180057388
    outer loop
      vertex -0.02575024871531035 0.012432175213104175 0.12287074723324007
      vertex -0.025004066185688296 0.01300247068893161 0.12246238891933214
      vertex -0.024986610198975363 0.013036498329752963 0.1226434813381885
    endloop
  endfacet
  facet normal 0.6341624600019055 -0.7657348850305103 0.10718236875364652
    outer loop
      vertex -0.025770342257168843 0.012395536611068387 0.12267322536638212
      vertex -0.025773806952750278 0.01236518114509288 0.12247685856071748
      vertex -0.025005158532964006 0.012974505340621402 0.12228217001071108
    endloop
  endfacet
  facet normal 0.6359821332053647 -0.7631521322090251 0.11456678990166581
    outer loop
      vertex -0.025770342257168843 0.012395536611068387 0.12267322536638212
      vertex -0.025005158532964006 0.012974505340621402 0.12228217001071108
      vertex -0.025004066185688296 0.01300247068893161 0.12246238891933214
    endloop
  endfacet
  facet normal 0.6330690164572942 -0.7666189499273723 0.10732663236143741
    outer loop
      vertex -0.025773806952750278 0.01236518114509288 0.12247685856071748
      vertex -0.02577717016265543 0.012334905364825653 0.12228044092954736
      vertex -0.025006352365915998 0.012946460306602917 0.1221020019275955
    endloop
  endfacet
  facet normal 0.6347927242434606 -0.764116327878727 0.11473637050515229
    outer loop
      vertex -0.025773806952750278 0.01236518114509288 0.12247685856071748
      vertex -0.025006352365915998 0.012946460306602917 0.1221020019275955
      vertex -0.025005158532964006 0.012974505340621402 0.12228217001071108
    endloop
  endfacet
  facet normal 0.6319744928047704 -0.7675012026749071 0.10747159781414131
    outer loop
      vertex -0.02577717016265543 0.012334905364825653 0.12228044092954736
      vertex -0.02578043014819373 0.012304710855751877 0.1220839788432788
      vertex -0.02500764942323484 0.012918334001390976 0.12192187829957833
    endloop
  endfacet
  facet normal 0.6336015547960188 -0.7650790852023723 0.11490458278923742
    outer loop
      vertex -0.02577717016265543 0.012334905364825653 0.12228044092954736
      vertex -0.02500764942323484 0.012918334001390976 0.12192187829957833
      vertex -0.025006352365915998 0.012946460306602917 0.1221020019275955
    endloop
  endfacet
  facet normal 0.6308788600259098 -0.7683816661461041 0.10761728068923496
    outer loop
      vertex -0.02578043014819373 0.012304710855751877 0.1220839788432788
      vertex -0.025783585413505186 0.012274599013773223 0.12188747882959994
      vertex -0.02500905120078052 0.012890125029083918 0.1217417925989715
    endloop
  endfacet
  facet normal 0.6324086758802165 -0.7660403630122513 0.11507140786263713
    outer loop
      vertex -0.02578043014819373 0.012304710855751877 0.1220839788432788
      vertex -0.02500905120078052 0.012890125029083918 0.1217417925989715
      vertex -0.02500764942323484 0.012918334001390976 0.12192187829957833
    endloop
  endfacet
  facet normal 0.6297820882823235 -0.7692603638863262 0.10776369440694053
    outer loop
      vertex -0.025783585413505186 0.012274599013773223 0.12188747882959994
      vertex -0.025786634714458582 0.012244571037307994 0.12169094754792167
      vertex -0.02501055894268427 0.012861832191263434 0.12156173816636404
    endloop
  endfacet
  facet normal 0.6312141394933357 -0.7670001194231033 0.11523682965368691
    outer loop
      vertex -0.025783585413505186 0.012274599013773223 0.12188747882959994
      vertex -0.02501055894268427 0.012861832191263434 0.12156173816636404
      vertex -0.02500905120078052 0.012890125029083918 0.1217417925989715
    endloop
  endfacet
  facet normal 0.6286841470568668 -0.7701373200017908 0.10791085014881016
    outer loop
      vertex -0.025786634714458582 0.012244571037307994 0.12169094754792167
      vertex -0.025789577065895603 0.012214627920680102 0.12149439176266438
      vertex -0.025012173634104393 0.01283345449360561 0.1213817082373356
    endloop
  endfacet
  facet normal 0.630017998429411 -0.767958311978402 0.115400834998202
    outer loop
      vertex -0.025786634714458582 0.012244571037307994 0.12169094754792167
      vertex -0.025012173634104393 0.01283345449360561 0.1213817082373356
      vertex -0.02501055894268427 0.012861832191263434 0.12156173816636404
    endloop
  endfacet
  facet normal 0.6272667009000945 -0.7740604894108601 0.08583032491451563
    outer loop
      vertex -0.025789577065895603 0.012214627920680102 0.12149439176266438
      vertex -0.02578352672179473 0.012197530048487086 0.12129597742929168
      vertex -0.02500500947820527 0.012817752694370058 0.12119987971356547
    endloop
  endfacet
  facet normal 0.6282646265527214 -0.7726036484810822 0.09147218908657302
    outer loop
      vertex -0.025789577065895603 0.012214627920680102 0.12149439176266438
      vertex -0.02500500947820527 0.012817752694370058 0.12119987971356547
      vertex -0.025012173634104393 0.01283345449360561 0.1213817082373356
    endloop
  endfacet
  facet normal 0.6263202257556596 -0.7759800175178401 0.07468592385712454
    outer loop
      vertex -0.02578352672179473 0.012197530048487086 0.12129597742929168
      vertex -0.025772926642104083 0.012186896636150102 0.12109660438779479
      vertex -0.024993509286467343 0.01280834700670704 0.12101718132649092
    endloop
  endfacet
  facet normal 0.6271155563186246 -0.7748722583832041 0.07936663159851826
    outer loop
      vertex -0.02578352672179473 0.012197530048487086 0.12129597742929168
      vertex -0.024993509286467343 0.01280834700670704 0.12101718132649092
      vertex -0.02500500947820527 0.012817752694370058 0.12119987971356547
    endloop
  endfacet
  facet normal 0.6256501393132771 -0.7765217340304522 0.07467194758151731
    outer loop
      vertex -0.025772926642104083 0.012186896636150102 0.12109660438779479
      vertex -0.025762218188205285 0.01217634884418445 0.12089719435680935
      vertex -0.02498211746893757 0.012798855698672692 0.12083451992890493
    endloop
  endfacet
  facet normal 0.6263848522678793 -0.7754638379817879 0.07935901229162612
    outer loop
      vertex -0.025772926642104083 0.012186896636150102 0.12109660438779479
      vertex -0.02498211746893757 0.012798855698672692 0.12083451992890493
      vertex -0.024993509286467343 0.01280834700670704 0.12101718132649092
    endloop
  endfacet
  facet normal 0.6249796722546287 -0.7770627492520953 0.07465850918195537
    outer loop
      vertex -0.025762218188205285 0.01217634884418445 0.12089719435680935
      vertex -0.02575140014824956 0.01216588785250649 0.12069775423695835
      vertex -0.02497083523746472 0.012789277590350652 0.12065188862018451
    endloop
  endfacet
  facet normal 0.6256534935490514 -0.7760548866489291 0.07935060754767302
    outer loop
      vertex -0.025762218188205285 0.01217634884418445 0.12089719435680935
      vertex -0.02497083523746472 0.012789277590350652 0.12065188862018451
      vertex -0.02498211746893757 0.012798855698672692 0.12083451992890493
    endloop
  endfacet
  facet normal 0.6243088027217298 -0.7776030805587023 0.07464561574383677
    outer loop
      vertex -0.02575140014824956 0.01216588785250649 0.12069775423695835
      vertex -0.025740471580938996 0.012155514628417723 0.12049829105842463
      vertex -0.02495966353334671 0.012779611714439417 0.12046928037014679
    endloop
  endfacet
  facet normal 0.6249215100986851 -0.7766453803605695 0.07934141025066976
    outer loop
      vertex -0.02575140014824956 0.01216588785250649 0.12069775423695835
      vertex -0.02495966353334671 0.012779611714439417 0.12046928037014679
      vertex -0.02497083523746472 0.012789277590350652 0.12065188862018451
    endloop
  endfacet
  facet normal 0.6236375084566036 -0.7781427456588765 0.07463327290494984
    outer loop
      vertex -0.025740471580938996 0.012155514628417723 0.12049829105842463
      vertex -0.025729431822627827 0.01214522992004372 0.1202988119521211
      vertex -0.024948603020229308 0.01276985732281342 0.12028668804787891
    endloop
  endfacet
  facet normal 0.6241889322902897 -0.7772352947301786 0.07933141516448751
    outer loop
      vertex -0.025740471580938996 0.012155514628417723 0.12049829105842463
      vertex -0.024948603020229308 0.01276985732281342 0.12028668804787891
      vertex -0.02495966353334671 0.012779611714439417 0.12046928037014679
    endloop
  endfacet
  facet normal 0.6229657668969912 -0.7786817625181148 0.0746214848158752
    outer loop
      vertex -0.025729431822627827 0.01214522992004372 0.1202988119521211
      vertex -0.025718280492516232 0.012135034251269328 0.12009932411985781
      vertex -0.02493765407891233 0.012760013891587811 0.12010410445157076
    endloop
  endfacet
  facet normal 0.6234557908109513 -0.7778246051072232 0.07932061897188987
    outer loop
      vertex -0.025729431822627827 0.01214522992004372 0.1202988119521211
      vertex -0.02493765407891233 0.012760013891587811 0.12010410445157076
      vertex -0.024948603020229308 0.01276985732281342 0.12028668804787891
    endloop
  endfacet
  facet normal 0.6242990302521463 -0.7803699208380626 0.035686236526503774
    outer loop
      vertex -0.025718280492516232 0.012135034251269328 0.12009932411985781
      vertex -0.02569522251838675 0.01214444860526116 0.11990181401805616
      vertex -0.02491501725304181 0.012769601087595981 0.11992335741051527
    endloop
  endfacet
  facet normal 0.6244256002816645 -0.7802160144161929 0.03681902444924246
    outer loop
      vertex -0.025718280492516232 0.012135034251269328 0.12009932411985781
      vertex -0.02491501725304181 0.012769601087595981 0.11992335741051527
      vertex -0.02493765407891233 0.012760013891587811 0.12010410445157076
    endloop
  endfacet
  facet normal 0.6241432288684061 -0.7804957298736082 0.03566013890584557
    outer loop
      vertex -0.02569522251838675 0.01214444860526116 0.11990181401805616
      vertex -0.025672053533610212 0.012153951017239583 0.11970427768725354
      vertex -0.024892491437818354 0.01277910022561756 0.11974263659846072
    endloop
  endfacet
  facet normal 0.6242553298466178 -0.7803535054320574 0.03679252258259499
    outer loop
      vertex -0.02569522251838675 0.01214444860526116 0.11990181401805616
      vertex -0.024892491437818354 0.01277910022561756 0.11974263659846072
      vertex -0.02491501725304181 0.012769601087595981 0.11992335741051527
    endloop
  endfacet
  facet normal 0.623987417702806 -0.780621488007829 0.03563418315363393
    outer loop
      vertex -0.025672053533610212 0.012153951017239583 0.11970427768725354
      vertex -0.025648772744693658 0.01216354233682731 0.11950672217828501
      vertex -0.024870077426734905 0.01278851045602983 0.11956193496457213
    endloop
  endfacet
  facet normal 0.6240850126010657 -0.7804909798443063 0.03676584594977391
    outer loop
      vertex -0.025672053533610212 0.012153951017239583 0.11970427768725354
      vertex -0.024870077426734905 0.01278851045602983 0.11956193496457213
      vertex -0.024892491437818354 0.01277910022561756 0.11974263659846072
    endloop
  endfacet
  facet normal 0.6238315911537998 -0.7807471996988824 0.035608370376522626
    outer loop
      vertex -0.025648772744693658 0.01216354233682731 0.11950672217828501
      vertex -0.025625379637987417 0.012173223193048593 0.11930915465360634
      vertex -0.02484777573344115 0.012797831149808548 0.11938124534639366
    endloop
  endfacet
  facet normal 0.6239146553166001 -0.7806284322492344 0.036738993525552016
    outer loop
      vertex -0.025648772744693658 0.01216354233682731 0.11950672217828501
      vertex -0.02484777573344115 0.012797831149808548 0.11938124534639366
      vertex -0.024870077426734905 0.01278851045602983 0.11956193496457213
    endloop
  endfacet
  facet normal 0.6236757435425729 -0.7808728694753305 0.03558270133059195
    outer loop
      vertex -0.025625379637987417 0.012173223193048593 0.11930915465360634
      vertex -0.025601873985620617 0.012182993988676135 0.11911158235763968
      vertex -0.024825586585807947 0.012807061904181008 0.11920056049950319
    endloop
  endfacet
  facet normal 0.6237442648446776 -0.7807658571673745 0.03671196473995654
    outer loop
      vertex -0.025625379637987417 0.012173223193048593 0.11930915465360634
      vertex -0.024825586585807947 0.012807061904181008 0.11920056049950319
      vertex -0.02484777573344115 0.012797831149808548 0.11938124534639366
    endloop
  endfacet
  facet normal 0.6235198691361269 -0.7809985019178871 0.035557176413251304
    outer loop
      vertex -0.025601873985620617 0.012182993988676135 0.11911158235763968
      vertex -0.025578255849459438 0.012192854896132128 0.11891401258617834
      vertex -0.024803509921969124 0.012816202546725016 0.11901987312810736
    endloop
  endfacet
  facet normal 0.6235738480869107 -0.7809032490671141 0.03668475948547545
    outer loop
      vertex -0.025601873985620617 0.012182993988676135 0.11911158235763968
      vertex -0.024803509921969124 0.012816202546725016 0.11901987312810736
      vertex -0.024825586585807947 0.012807061904181008 0.11920056049950319
    endloop
  endfacet
  facet normal 0.6271352359427063 -0.7789101924601775 0.0005549060600057102
    outer loop
      vertex -0.025578255849459438 0.012192854896132128 0.11891401258617834
      vertex -0.025554606186563487 0.012211755669107278 0.11871662385249554
      vertex -0.024781629227722222 0.012834201245178437 0.11883937614750445
    endloop
  endfacet
  facet normal 0.6270078520851871 -0.7790111406843822 -0.0016721582274809115
    outer loop
      vertex -0.025578255849459438 0.012192854896132128 0.11891401258617834
      vertex -0.024781629227722222 0.012834201245178437 0.11883937614750445
      vertex -0.024803509921969124 0.012816202546725016 0.11901987312810736
    endloop
  endfacet
  facet normal 0.6335257767325025 -0.770691608977191 -0.06840712000682173
    outer loop
      vertex -0.025554606186563487 0.012211755669107278 0.11871662385249554
      vertex -0.025531003394274707 0.012248647607247958 0.11851957813788604
      vertex -0.024760030548582432 0.012870004621323473 0.1186592790049711
    endloop
  endfacet
  facet normal 0.6327299610896014 -0.7705052389324388 -0.07729471597215798
    outer loop
      vertex -0.025554606186563487 0.012211755669107278 0.11871662385249554
      vertex -0.024760030548582432 0.012870004621323473 0.1186592790049711
      vertex -0.024781629227722222 0.012834201245178437 0.11883937614750445
    endloop
  endfacet
  facet normal 0.6347448142132337 -0.7697179976205561 -0.06806779685291024
    outer loop
      vertex -0.025531003394274707 0.012248647607247958 0.11851957813788604
      vertex -0.025507285006060903 0.0122856320660866 0.11832253224687338
      vertex -0.024738547465367664 0.012905715476770545 0.1184791820388409
    endloop
  endfacet
  facet normal 0.6340648700040438 -0.7694431163390449 -0.07693524124362042
    outer loop
      vertex -0.025531003394274707 0.012248647607247958 0.11851957813788604
      vertex -0.024738547465367664 0.012905715476770545 0.1184791820388409
      vertex -0.024760030548582432 0.012870004621323473 0.1186592790049711
    endloop
  endfacet
  facet normal 0.635962217475065 -0.768742335480236 -0.06772945876493022
    outer loop
      vertex -0.025507285006060903 0.0122856320660866 0.11832253224687338
      vertex -0.025483451271655768 0.012322709075400265 0.11812549372932481
      vertex -0.024717179728344228 0.012941333781742592 0.11829907769924662
    endloop
  endfacet
  facet normal 0.6353979167757562 -0.7683787414267258 -0.07657412801012102
    outer loop
      vertex -0.025507285006060903 0.0122856320660866 0.11832253224687338
      vertex -0.024717179728344228 0.012941333781742592 0.11829907769924662
      vertex -0.024738547465367664 0.012905715476770545 0.1184791820388409
    endloop
  endfacet
  facet normal 0.6371780237817842 -0.7677645928032794 -0.0673921067125428
    outer loop
      vertex -0.025483451271655768 0.012322709075400265 0.11812549372932481
      vertex -0.025459502748456785 0.012359878419389113 0.11792847015763891
      vertex -0.024695926780114633 0.01297685975203946 0.11811895841378964
    endloop
  endfacet
  facet normal 0.6367290334485819 -0.7673121678007443 -0.0762113843763322
    outer loop
      vertex -0.025483451271655768 0.012322709075400265 0.11812549372932481
      vertex -0.024695926780114633 0.01297685975203946 0.11811895841378964
      vertex -0.024717179728344228 0.012941333781742592 0.11829907769924662
    endloop
  endfacet
  facet normal 0.6383922704199797 -0.7667847396672507 -0.06705573861684215
    outer loop
      vertex -0.025459502748456785 0.012359878419389113 0.11792847015763891
      vertex -0.025435440301442697 0.012397139635721978 0.11773146909319937
      vertex -0.02467478775570015 0.013012293849992309 0.11793881662108632
    endloop
  endfacet
  facet normal 0.6380581522687037 -0.7662434492533111 -0.07584702235312996
    outer loop
      vertex -0.025459502748456785 0.012359878419389113 0.11792847015763891
      vertex -0.02467478775570015 0.013012293849992309 0.11793881662108632
      vertex -0.024695926780114633 0.01297685975203946 0.11811895841378964
    endloop
  endfacet
  facet normal 0.6396049944944515 -0.7658027461433384 -0.06672034934766323
    outer loop
      vertex -0.025435440301442697 0.012397139635721978 0.11773146909319937
      vertex -0.025411265100817003 0.012434492016398088 0.11753449805269751
      vertex -0.02465376148489727 0.013047636783601916 0.11775864480444533
    endloop
  endfacet
  facet normal 0.6393852059451229 -0.7651726395569546 -0.07548105783543065
    outer loop
      vertex -0.025435440301442697 0.012397139635721978 0.11773146909319937
      vertex -0.02465376148489727 0.013047636783601916 0.11775864480444533
      vertex -0.02467478775570015 0.013012293849992309 0.11793881662108632
    endloop
  endfacet
  facet normal 0.6286772458731736 -0.7776554760634729 0.0041086579091987735
    outer loop
      vertex -0.025411265100817003 0.012434492016398088 0.11753449805269751
      vertex -0.025363957883554385 0.012471774790815661 0.11735248792032628
      vertex -0.02460965525930275 0.013082841266327198 0.11759254065110226
    endloop
  endfacet
  facet normal 0.6287666556334832 -0.7775910569757046 0.0021542689923510746
    outer loop
      vertex -0.025411265100817003 0.012434492016398088 0.11753449805269751
      vertex -0.02460965525930275 0.013082841266327198 0.11759254065110226
      vertex -0.02465376148489727 0.013047636783601916 0.11775864480444533
    endloop
  endfacet
  facet normal 0.6205230325593075 -0.78305213021841 0.04219629632812457
    outer loop
      vertex -0.025363957883554385 0.012471774790815661 0.11735248792032628
      vertex -0.025305035760755934 0.012509061441438157 0.11717794314350986
      vertex -0.024554057953529773 0.01311793784427613 0.11743348542791869
    endloop
  endfacet
  facet normal 0.6203592639459922 -0.783079626138766 0.044053181074209934
    outer loop
      vertex -0.025363957883554385 0.012471774790815661 0.11735248792032628
      vertex -0.024554057953529773 0.01311793784427613 0.11743348542791869
      vertex -0.02460965525930275 0.013082841266327198 0.11759254065110226
    endloop
  endfacet
  facet normal 0.6203022372916166 -0.7832333409073069 0.04207930729222359
    outer loop
      vertex -0.025305035760755934 0.012509061441438157 0.11717794314350986
      vertex -0.02524601031632559 0.012546430844265684 0.11700340003703823
      vertex -0.02449856396938869 0.01315295167002003 0.11727442853439034
    endloop
  endfacet
  facet normal 0.6201169947920726 -0.7832784746026822 0.04392885150039868
    outer loop
      vertex -0.025305035760755934 0.012509061441438157 0.11717794314350986
      vertex -0.02449856396938869 0.01315295167002003 0.11727442853439034
      vertex -0.024554057953529773 0.01311793784427613 0.11743348542791869
    endloop
  endfacet
  facet normal 0.6200813723738721 -0.7834144737687769 0.04196253000625199
    outer loop
      vertex -0.02524601031632559 0.012546430844265684 0.11700340003703823
      vertex -0.025186881786789045 0.012583882998765342 0.11682886480688118
      vertex -0.024443173070353805 0.0131878827440918 0.11711536376454737
    endloop
  endfacet
  facet normal 0.6198746709937141 -0.7834772360373088 0.043804256320293444
    outer loop
      vertex -0.02524601031632559 0.012546430844265684 0.11700340003703823
      vertex -0.024443173070353805 0.0131878827440918 0.11711536376454737
      vertex -0.02449856396938869 0.01315295167002003 0.11727442853439034
    endloop
  endfacet
  facet normal 0.61986042991379 -0.783595535156501 0.041845964081237065
    outer loop
      vertex -0.025186881786789045 0.012583882998765342 0.11682886480688118
      vertex -0.025127650652459265 0.012621417710723934 0.11665434370679077
      vertex -0.024387884776112156 0.013222731260704636 0.11695628486463779
    endloop
  endfacet
  facet normal 0.6196323021571002 -0.7836759026873693 0.04367939640870741
    outer loop
      vertex -0.025186881786789045 0.012583882998765342 0.11682886480688118
      vertex -0.024387884776112156 0.013222731260704636 0.11695628486463779
      vertex -0.024443173070353805 0.0131878827440918 0.11711536376454737
    endloop
  endfacet
  facet normal 0.6196394019701514 -0.7837765314739752 0.04172960863341386
    outer loop
      vertex -0.025127650652459265 0.012621417710723934 0.11665434370679077
      vertex -0.02506831763948612 0.012659034589870154 0.11647984301406594
      vertex -0.024332698360513872 0.013257497610129844 0.1167971855573626
    endloop
  endfacet
  facet normal 0.619389897925267 -0.7838744667529471 0.04355427327955195
    outer loop
      vertex -0.025127650652459265 0.012621417710723934 0.11665434370679077
      vertex -0.024332698360513872 0.013257497610129844 0.1167971855573626
      vertex -0.024387884776112156 0.013222731260704636 0.11695628486463779
    endloop
  endfacet
  facet normal 0.6194182805831494 -0.7839574691502661 0.04161346227994628
    outer loop
      vertex -0.02506831763948612 0.012659034589870154 0.11647984301406594
      vertex -0.025008883720326544 0.012696733048745079 0.11630536900479348
      vertex -0.02427761285110202 0.013292182379826347 0.11663805956663507
    endloop
  endfacet
  facet normal 0.619147467939134 -0.7840729204207246 0.04342888908866008
    outer loop
      vertex -0.02506831763948612 0.012659034589870154 0.11647984301406594
      vertex -0.02427761285110202 0.013292182379826347 0.11663805956663507
      vertex -0.024332698360513872 0.013257497610129844 0.1167971855573626
    endloop
  endfacet
  facet normal 0.6427175456753165 -0.7650427581397686 -0.04029559155779949
    outer loop
      vertex -0.025008883720326544 0.012696733048745079 0.11630536900479348
      vertex -0.024946796939471452 0.012757222856087155 0.11614721210991039
      vertex -0.024219826917671397 0.013349669886769985 0.11649437360437531
    endloop
  endfacet
  facet normal 0.6434667800236338 -0.7640357903236 -0.04690217596879874
    outer loop
      vertex -0.025008883720326544 0.012696733048745079 0.11630536900479348
      vertex -0.024219826917671397 0.013349669886769985 0.11649437360437531
      vertex -0.02427761285110202 0.013292182379826347 0.11663805956663507
    endloop
  endfacet
  facet normal 0.6434419429004368 -0.764461010793074 -0.039772215097257764
    outer loop
      vertex -0.024946796939471452 0.012757222856087155 0.11614721210991039
      vertex -0.02488461322912156 0.012817790464376998 0.11598906231526361
      vertex -0.024162137913735577 0.013407079592765856 0.11635068054187923
    endloop
  endfacet
  facet normal 0.6442649327564512 -0.7633969337660271 -0.046344556713312564
    outer loop
      vertex -0.024946796939471452 0.012757222856087155 0.11614721210991039
      vertex -0.024162137913735577 0.013407079592765856 0.11635068054187923
      vertex -0.024219826917671397 0.013349669886769985 0.11649437360437531
    endloop
  endfacet
  facet normal 0.6441656441706066 -0.7638783271565377 -0.039249511726860475
    outer loop
      vertex -0.02488461322912156 0.012817790464376998 0.11598906231526361
      vertex -0.02482233296407421 0.012878435742057411 0.11583092515793261
      vertex -0.024104545464497213 0.01346441162937116 0.11620697484206738
    endloop
  endfacet
  facet normal 0.6450621989210212 -0.762757106483718 -0.04578598073387747
    outer loop
      vertex -0.02488461322912156 0.012817790464376998 0.11598906231526361
      vertex -0.024104545464497213 0.01346441162937116 0.11620697484206738
      vertex -0.024162137913735577 0.013407079592765856 0.11635068054187923
    endloop
  endfacet
  facet normal 0.6448886726730518 -0.7632946889002015 -0.03872748061433953
    outer loop
      vertex -0.02482233296407421 0.012878435742057411 0.11583092515793261
      vertex -0.02475995673415181 0.012939158386816078 0.11567280621959425
      vertex -0.024047048980133906 0.013521666298898206 0.11606325092326286
    endloop
  endfacet
  facet normal 0.645858544336651 -0.7621163353138933 -0.04522645415089959
    outer loop
      vertex -0.02482233296407421 0.012878435742057411 0.11583092515793261
      vertex -0.024047048980133906 0.013521666298898206 0.11606325092326286
      vertex -0.024104545464497213 0.01346441162937116 0.11620697484206738
    endloop
  endfacet
  facet normal 0.645611051740942 -0.7627100774962335 -0.03820611934813737
    outer loop
      vertex -0.02475995673415181 0.012939158386816078 0.11567280621959425
      vertex -0.024697485346300105 0.012999957923293382 0.11551471110638356
      vertex -0.023989647653699896 0.013578844076706616 0.1159195031793307
    endloop
  endfacet
  facet normal 0.6466539347231545 -0.7614746472991185 -0.04466598513125314
    outer loop
      vertex -0.02475995673415181 0.012939158386816078 0.11567280621959425
      vertex -0.023989647653699896 0.013578844076706616 0.1159195031793307
      vertex -0.024047048980133906 0.013521666298898206 0.11606325092326286
    endloop
  endfacet
  facet normal 0.64633280476126 -0.7621244742909467 -0.037685423922134705
    outer loop
      vertex -0.024697485346300105 0.012999957923293382 0.11551471110638356
      vertex -0.024634919825400378 0.01306083370180322 0.11535664542821311
      vertex -0.02393234046031391 0.013635945612482492 0.11577572600035829
    endloop
  endfacet
  facet normal 0.6474483358199764 -0.760832069594093 -0.044104583901361065
    outer loop
      vertex -0.024697485346300105 0.012999957923293382 0.11551471110638356
      vertex -0.02393234046031391 0.013635945612482492 0.11577572600035829
      vertex -0.023989647653699896 0.013578844076706616 0.1159195031793307
    endloop
  endfacet
  facet normal 0.6480298172274599 -0.7605640193123152 -0.03999660625154477
    outer loop
      vertex -0.024634919825400378 0.01306083370180322 0.11535664542821311
      vertex -0.024565671610794225 0.013128011048839127 0.11520118810829177
      vertex -0.02386858507492006 0.0136991626797323 0.1156346118917082
    endloop
  endfacet
  facet normal 0.6492708655768226 -0.7591200657442151 -0.04673402291288321
    outer loop
      vertex -0.024634919825400378 0.01306083370180322 0.11535664542821311
      vertex -0.02386858507492006 0.0136991626797323 0.1156346118917082
      vertex -0.02393234046031391 0.013635945612482492 0.11577572600035829
    endloop
  endfacet
  facet normal 0.6506820018114705 -0.7580314932192143 -0.044734637658817876
    outer loop
      vertex -0.024565671610794225 0.013128011048839127 0.11520118810829177
      vertex -0.024483139228602836 0.013207724931774408 0.11505089521658564
      vertex -0.023791852085682883 0.013774677411082733 0.11549887621198578
    endloop
  endfacet
  facet normal 0.6521073659022317 -0.756332146330262 -0.05213125514997432
    outer loop
      vertex -0.024565671610794225 0.013128011048839127 0.11520118810829177
      vertex -0.023791852085682883 0.013774677411082733 0.11549887621198578
      vertex -0.02386858507492006 0.0136991626797323 0.1156346118917082
    endloop
  endfacet
  facet normal 0.6514620238833723 -0.7574073146483209 -0.043947595554248965
    outer loop
      vertex -0.024483139228602836 0.013207724931774408 0.11505089521658564
      vertex -0.024400496305141437 0.01328752767809687 0.1149006149217808
      vertex -0.023715229637715707 0.013850103279045987 0.11536312793536202
    endloop
  endfacet
  facet normal 0.6529721907106304 -0.7556431150199979 -0.05129133339497357
    outer loop
      vertex -0.024483139228602836 0.013207724931774408 0.11505089521658564
      vertex -0.023715229637715707 0.013850103279045987 0.11536312793536202
      vertex -0.023791852085682883 0.013774677411082733 0.11549887621198578
    endloop
  endfacet
  facet normal 0.652241066431728 -0.7567817947986173 -0.04316139851054126
    outer loop
      vertex -0.024400496305141437 0.01328752767809687 0.1149006149217808
      vertex -0.02431774337791112 0.013367419055821728 0.11475035374071835
      vertex -0.02363871719351746 0.013925440515606843 0.11522736054499591
    endloop
  endfacet
  facet normal 0.6538357268713869 -0.7549527311839138 -0.050450133245754605
    outer loop
      vertex -0.024400496305141437 0.01328752767809687 0.1149006149217808
      vertex -0.02363871719351746 0.013925440515606843 0.11522736054499591
      vertex -0.023715229637715707 0.013850103279045987 0.11536312793536202
    endloop
  endfacet
  facet normal 0.6530191600414574 -0.7561549096299085 -0.04237604584354788
    outer loop
      vertex -0.02431774337791112 0.013367419055821728 0.11475035374071835
      vertex -0.024234881262656185 0.013447398612449797 0.11460011826252373
      vertex -0.02356231393734382 0.014000689573264486 0.11509156745176197
    endloop
  endfacet
  facet normal 0.6546979275594815 -0.7542610311893893 -0.04960766552095699
    outer loop
      vertex -0.02431774337791112 0.013367419055821728 0.11475035374071835
      vertex -0.02356231393734382 0.014000689573264486 0.11509156745176197
      vertex -0.02363871719351746 0.013925440515606843 0.11522736054499591
    endloop
  endfacet
  facet normal 0.6537963355910921 -0.755526634753551 -0.041591534542916746
    outer loop
      vertex -0.024234881262656185 0.013447398612449797 0.11460011826252373
      vertex -0.024151911057650226 0.013527465670731494 0.11444991512213218
      vertex -0.023486018770921203 0.014075851129268506 0.11495574202072492
    endloop
  endfacet
  facet normal 0.6555587457163004 -0.7535680517864257 -0.04876394407430573
    outer loop
      vertex -0.024234881262656185 0.013447398612449797 0.11460011826252373
      vertex -0.023486018770921203 0.014075851129268506 0.11495574202072492
      vertex -0.02356231393734382 0.014000689573264486 0.11509156745176197
    endloop
  endfacet
  facet normal 0.6545726241140443 -0.7548969455395385 -0.04080785923727433
    outer loop
      vertex -0.024151911057650226 0.013527465670731494 0.11444991512213218
      vertex -0.02406883414615395 0.013607619325861842 0.11429975097275369
      vertex -0.02340983031098891 0.01415092608842387 0.11481987759867485
    endloop
  endfacet
  facet normal 0.6564181342313534 -0.7528738299669654 -0.04791898583131582
    outer loop
      vertex -0.024151911057650226 0.013527465670731494 0.11444991512213218
      vertex -0.02340983031098891 0.01415092608842387 0.11481987759867485
      vertex -0.023486018770921203 0.014075851129268506 0.11495574202072492
    endloop
  endfacet
  facet normal 0.6321295820923257 -0.7748107923092568 0.008968141662758378
    outer loop
      vertex -0.02406883414615395 0.013607619325861842 0.11429975097275369
      vertex -0.023977401952167465 0.013680597953932607 0.11416010488057496
      vertex -0.02332520516211825 0.014218870960353106 0.11469386654799643
    endloop
  endfacet
  facet normal 0.6326599030896097 -0.7743951335441429 0.0073228522991241225
    outer loop
      vertex -0.02406883414615395 0.013607619325861842 0.11429975097275369
      vertex -0.02332520516211825 0.014218870960353106 0.11469386654799643
      vertex -0.02340983031098891 0.01415092608842387 0.11481987759867485
    endloop
  endfacet
  facet normal 0.6187600537526141 -0.7848008047539147 0.034981319838878824
    outer loop
      vertex -0.023977401952167465 0.013680597953932607 0.11416010488057496
      vertex -0.023881745284044822 0.013750026920544616 0.11402572984096307
      vertex -0.023236408501669466 0.014283212936598238 0.11457277015903689
    endloop
  endfacet
  facet normal 0.61830499811168 -0.7851023382891208 0.036238759954920936
    outer loop
      vertex -0.023977401952167465 0.013680597953932607 0.11416010488057496
      vertex -0.023236408501669466 0.014283212936598238 0.11457277015903689
      vertex -0.02332520516211825 0.014218870960353106 0.11469386654799643
    endloop
  endfacet
  facet normal 0.6186377531905999 -0.7849036244215774 0.03483720277458858
    outer loop
      vertex -0.023881745284044822 0.013750026920544616 0.11402572984096307
      vertex -0.02378599134987754 0.013819534872533078 0.11389139198149643
      vertex -0.02314770910726532 0.014347475927466921 0.11445163658993211
    endloop
  endfacet
  facet normal 0.6181693025266093 -0.7852163479761481 0.036083241051299286
    outer loop
      vertex -0.023881745284044822 0.013750026920544616 0.11402572984096307
      vertex -0.02314770910726532 0.014347475927466921 0.11445163658993211
      vertex -0.023236408501669466 0.014283212936598238 0.11457277015903689
    endloop
  endfacet
  facet normal 0.618515384138178 -0.7850064325682473 0.03469323292626085
    outer loop
      vertex -0.02378599134987754 0.013819534872533078 0.11389139198149643
      vertex -0.023690141619166386 0.013889120807667826 0.11375709702192323
      vertex -0.02305910550940504 0.014411660935189315 0.11433046012093388
    endloop
  endfacet
  facet normal 0.6180336234725149 -0.7853302822014799 0.03592753978186664
    outer loop
      vertex -0.02378599134987754 0.013819534872533078 0.11389139198149643
      vertex -0.02305910550940504 0.014411660935189315 0.11433046012093388
      vertex -0.02314770910726532 0.014347475927466921 0.11445163658993211
    endloop
  endfacet
  facet normal 0.618392941298014 -0.785109233517475 0.03454940807588435
    outer loop
      vertex -0.023690141619166386 0.013889120807667826 0.11375709702192323
      vertex -0.023594197799723854 0.01395878353223015 0.11362285065774873
      vertex -0.022970596000276143 0.014475769153484133 0.11420923505653695
    endloop
  endfacet
  facet normal 0.6178979673610431 -0.785444135722001 0.03577165904749292
    outer loop
      vertex -0.023690141619166386 0.013889120807667826 0.11375709702192323
      vertex -0.022970596000276143 0.014475769153484133 0.11420923505653695
      vertex -0.02305910550940504 0.014411660935189315 0.11433046012093388
    endloop
  endfacet
  facet normal 0.6182704194022289 -0.7852120315778326 0.03440572565147449
    outer loop
      vertex -0.023594197799723854 0.01395878353223015 0.11362285065774873
      vertex -0.02349816183566404 0.014028521661921638 0.11348865853722102
      vertex -0.022882178635764527 0.01453980196664979 0.11408795574849324
    endloop
  endfacet
  facet normal 0.6177623405470435 -0.7855579033281741 0.035615602205797035
    outer loop
      vertex -0.023594197799723854 0.01395878353223015 0.11362285065774873
      vertex -0.022882178635764527 0.01453980196664979 0.11408795574849324
      vertex -0.022970596000276143 0.014475769153484133 0.11420923505653695
    endloop
  endfacet
  facet normal 0.6181478132332793 -0.7853148310260536 0.03426218273017346
    outer loop
      vertex -0.02349816183566404 0.014028521661921638 0.11348865853722102
      vertex -0.023402035903835505 0.01409833362401513 0.11335452623817968
      vertex -0.022793851239021636 0.014603760947413438 0.11396661661896315
    endloop
  endfacet
  facet normal 0.6176267493018294 -0.7856715798657029 0.03545937306532265
    outer loop
      vertex -0.02349816183566404 0.014028521661921638 0.11348865853722102
      vertex -0.022793851239021636 0.014603760947413438 0.11396661661896315
      vertex -0.022882178635764527 0.01453980196664979 0.11408795574849324
    endloop
  endfacet
  facet normal 0.6214674937587283 -0.7829100819614547 0.0288089875620983
    outer loop
      vertex -0.023402035903835505 0.01409833362401513 0.11335452623817968
      vertex -0.023300147888938465 0.014174621455595721 0.11322978819318773
      vertex -0.02269984499677582 0.014674120830118561 0.11385439752109795
    endloop
  endfacet
  facet normal 0.6212046487722032 -0.7830969349735791 0.029393447888768222
    outer loop
      vertex -0.023402035903835505 0.01409833362401513 0.11335452623817968
      vertex -0.02269984499677582 0.014674120830118561 0.11385439752109795
      vertex -0.022793851239021636 0.014603760947413438 0.11396661661896315
    endloop
  endfacet
  facet normal 0.621412197169385 -0.7829567468192572 0.028733496468804857
    outer loop
      vertex -0.023300147888938465 0.014174621455595721 0.11322978819318773
      vertex -0.02319816718804476 0.014250985130760865 0.1131051045601792
      vertex -0.022605931440526666 0.014744404869239135 0.11374212401124935
    endloop
  endfacet
  facet normal 0.621143192886914 -0.7831487521430379 0.029311532662968716
    outer loop
      vertex -0.023300147888938465 0.014174621455595721 0.11322978819318773
      vertex -0.022605931440526666 0.014744404869239135 0.11374212401124935
      vertex -0.02269984499677582 0.014674120830118561 0.11385439752109795
    endloop
  endfacet
  facet normal 0.6213568668709135 -0.7830034219356837 0.028658074418411596
    outer loop
      vertex -0.02319816718804476 0.014250985130760865 0.1131051045601792
      vertex -0.02309609594222804 0.014327423104571474 0.1129804808891465
      vertex -0.02251210842920053 0.01481461460971424 0.1136297905394249
    endloop
  endfacet
  facet normal 0.6210817627731974 -0.7832005352003426 0.029229533223004766
    outer loop
      vertex -0.02319816718804476 0.014250985130760865 0.1131051045601792
      vertex -0.02251210842920053 0.01481461460971424 0.1136297905394249
      vertex -0.022605931440526666 0.014744404869239135 0.11374212401124935
    endloop
  endfacet
  facet normal 0.6213015003567247 -0.7830501093685001 0.02858271982269564
    outer loop
      vertex -0.02309609594222804 0.014327423104571474 0.1129804808891465
      vertex -0.022993936526075176 0.014403933642755924 0.11285592265045372
      vertex -0.022418373588210534 0.014884751785815503 0.11351739163526053
    endloop
  endfacet
  facet normal 0.6210203614329086 -0.7832522816762628 0.02914745159816954
    outer loop
      vertex -0.02309609594222804 0.014327423104571474 0.1129804808891465
      vertex -0.022418373588210534 0.014884751785815503 0.11351739163526053
      vertex -0.02251210842920053 0.01481461460971424 0.1136297905394249
    endloop
  endfacet
  facet normal 0.6212460951593418 -0.7830968111487733 0.028507430924104595
    outer loop
      vertex -0.022993936526075176 0.014403933642755924 0.11285592265045372
      vertex -0.02289169154208909 0.01448051482548889 0.11273143521178396
      vertex -0.02232472431505376 0.014954818317368253 0.11340492193107314
    endloop
  endfacet
  facet normal 0.6209589918083127 -0.7833039891431722 0.029065290034629796
    outer loop
      vertex -0.022993936526075176 0.014403933642755924 0.11285592265045372
      vertex -0.02232472431505376 0.014954818317368253 0.11340492193107314
      vertex -0.022418373588210534 0.014884751785815503 0.11351739163526053
    endloop
  endfacet
  facet normal 0.6211906488605834 -0.7831435292725901 0.028432205799749356
    outer loop
      vertex -0.02289169154208909 0.01448051482548889 0.11273143521178396
      vertex -0.022789363813522007 0.014557164552436046 0.11260702381539935
      vertex -0.02223115778647799 0.015024816304706812 0.11329237618460063
    endloop
  endfacet
  facet normal 0.6208976567691362 -0.7833556552256092 0.028983050989369187
    outer loop
      vertex -0.02289169154208909 0.01448051482548889 0.11273143521178396
      vertex -0.02223115778647799 0.015024816304706812 0.11329237618460063
      vertex -0.02232472431505376 0.014954818317368253 0.11340492193107314
    endloop
  endfacet
  facet normal 0.6265802538476002 -0.7790646796146692 0.02134034829073369
    outer loop
      vertex -0.022789363813522007 0.014557164552436046 0.11260702381539935
      vertex -0.022683426988803025 0.014638963392018233 0.11248278330459988
      vertex -0.022134345611196968 0.015099675565124626 0.11318010240968579
    endloop
  endfacet
  facet normal 0.6267338867266478 -0.77894885449707 0.021055101667103136
    outer loop
      vertex -0.022789363813522007 0.014557164552436046 0.11260702381539935
      vertex -0.022134345611196968 0.015099675565124626 0.11318010240968579
      vertex -0.02223115778647799 0.015024816304706812 0.11329237618460063
    endloop
  endfacet
  facet normal 0.6368011429122528 -0.770981334061135 0.008490401342758606
    outer loop
      vertex -0.022683426988803025 0.014638963392018233 0.11248278330459988
      vertex -0.022570340018393555 0.014731003625287167 0.11235880681282286
      vertex -0.022030974095892154 0.015184314203284264 0.11306845033003425
    endloop
  endfacet
  facet normal 0.6377890538109833 -0.7701824164908895 0.006645913567334077
    outer loop
      vertex -0.022683426988803025 0.014638963392018233 0.11248278330459988
      vertex -0.022030974095892154 0.015184314203284264 0.11306845033003425
      vertex -0.022134345611196968 0.015099675565124626 0.11318010240968579
    endloop
  endfacet
  facet normal 0.6369863217613688 -0.7708251012643457 0.008780042695412816
    outer loop
      vertex -0.022570340018393555 0.014731003625287167 0.11235880681282286
      vertex -0.022457157760849184 0.014823122861775239 0.1122349201569991
      vertex -0.02192769786772224 0.015268873838224763 0.11295670841442942
    endloop
  endfacet
  facet normal 0.6379946938472016 -0.7700092836377257 0.006962308132494163
    outer loop
      vertex -0.022570340018393555 0.014731003625287167 0.11235880681282286
      vertex -0.02192769786772224 0.015268873838224763 0.11295670841442942
      vertex -0.022030974095892154 0.015184314203284264 0.11306845033003425
    endloop
  endfacet
  facet normal 0.6371715505064374 -0.7706686450293989 0.009069442859013056
    outer loop
      vertex -0.022457157760849184 0.014823122861775239 0.1122349201569991
      vertex -0.02234388405301373 0.014915318221277353 0.11211112961274075
      vertex -0.021824513089843404 0.01535335735015122 0.11284487038725921
    endloop
  endfacet
  facet normal 0.6382000495104417 -0.7698361599067592 0.0072789906500912525
    outer loop
      vertex -0.022457157760849184 0.014823122861775239 0.1122349201569991
      vertex -0.021824513089843404 0.01535335735015122 0.11284487038725921
      vertex -0.02192769786772224 0.015268873838224763 0.11295670841442942
    endloop
  endfacet
  facet normal 0.6373568385725193 -0.770511957544977 0.009358611277924596
    outer loop
      vertex -0.02234388405301373 0.014915318221277353 0.11211112961274075
      vertex -0.02223052300786591 0.015007586595837742 0.11198744123459406
      vertex -0.02172141564927694 0.015437767847019399 0.11273293019397732
    endloop
  endfacet
  facet normal 0.638405109540837 -0.7696630546376809 0.007595948785135217
    outer loop
      vertex -0.02234388405301373 0.014915318221277353 0.11211112961274075
      vertex -0.02172141564927694 0.015437767847019399 0.11273293019397732
      vertex -0.021824513089843404 0.01535335735015122 0.11284487038725921
    endloop
  endfacet
  facet normal 0.6375421950331314 -0.7703550312522148 0.009647558071125908
    outer loop
      vertex -0.02223052300786591 0.015007586595837742 0.11198744123459406
      vertex -0.022117078998239552 0.015099924661868032 0.11186386082603614
      vertex -0.021618401173189014 0.01552210865241768 0.11262088203110668
    endloop
  endfacet
  facet normal 0.6386098631699753 -0.7694899768111085 0.007913169356520046
    outer loop
      vertex -0.02223052300786591 0.015007586595837742 0.11198744123459406
      vertex -0.021618401173189014 0.01552210865241768 0.11262088203110668
      vertex -0.02172141564927694 0.015437767847019399 0.11273293019397732
    endloop
  endfacet
  facet normal 0.6377276285660667 -0.7701978588812027 0.009936293992814668
    outer loop
      vertex -0.022117078998239552 0.015099924661868032 0.11186386082603614
      vertex -0.02200355663842889 0.015192328894008974 0.11174039391114327
      vertex -0.021515465047285385 0.015606383291705309 0.11250872037457096
    endloop
  endfacet
  facet normal 0.6388143001749031 -0.769316935003831 0.008230638393226823
    outer loop
      vertex -0.022117078998239552 0.015099924661868032 0.11186386082603614
      vertex -0.021515465047285385 0.015606383291705309 0.11250872037457096
      vertex -0.021618401173189014 0.01552210865241768 0.11262088203110668
    endloop
  endfacet
  facet normal 0.566991440781728 -0.8198645499501599 0.07964185969251333
    outer loop
      vertex -0.02200355663842889 0.015192328894008974 0.11174039391114327
      vertex -0.0218735892723634 0.015271367641254084 0.11162877776812925
      vertex -0.02139602672763659 0.015677324701603053 0.11240796508901356
    endloop
  endfacet
  facet normal 0.5617211188966148 -0.8227859100990836 0.08656056104229991
    outer loop
      vertex -0.02200355663842889 0.015192328894008974 0.11174039391114327
      vertex -0.02139602672763659 0.015677324701603053 0.11240796508901356
      vertex -0.021515465047285385 0.015606383291705309 0.11250872037457096
    endloop
  endfacet
  facet normal 0.5271393997976929 -0.8422891023185258 0.11257495856708115
    outer loop
      vertex -0.0218735892723634 0.015271367641254084 0.11162877776812925
      vertex -0.021735356194225078 0.01534375957373507 0.11152313112904634
      vertex -0.02126838052006063 0.015741563569122072 0.11231286887095361
    endloop
  endfacet
  facet normal 0.517986895775964 -0.8464241334312633 0.12351421841033412
    outer loop
      vertex -0.0218735892723634 0.015271367641254084 0.11162877776812925
      vertex -0.02126838052006063 0.015741563569122072 0.11231286887095361
      vertex -0.02139602672763659 0.015677324701603053 0.11240796508901356
    endloop
  endfacet
  facet normal 0.5260841129786603 -0.8432190590401651 0.11053110215172261
    outer loop
      vertex -0.021735356194225078 0.01534375957373507 0.11152313112904634
      vertex -0.02159704509013415 0.015416217144453568 0.11141758916228685
      vertex -0.021140812338437277 0.015805736798403573 0.11221766798057024
    endloop
  endfacet
  facet normal 0.5168222276907206 -0.8474585922711313 0.12127950919521939
    outer loop
      vertex -0.021735356194225078 0.01534375957373507 0.11152313112904634
      vertex -0.021140812338437277 0.015805736798403573 0.11221766798057024
      vertex -0.02126838052006063 0.015741563569122072 0.11231286887095361
    endloop
  endfacet
  facet normal 0.5250242870589413 -0.8441444750722541 0.10848780209423947
    outer loop
      vertex -0.02159704509013415 0.015416217144453568 0.11141758916228685
      vertex -0.021458660298338827 0.015488737034731172 0.11131215692271103
      vertex -0.02101331784451831 0.015869847708125967 0.11212235736300323
    endloop
  endfacet
  facet normal 0.5156552464373063 -0.8484860682736787 0.11904225622506928
    outer loop
      vertex -0.02159704509013415 0.015416217144453568 0.11141758916228685
      vertex -0.02101331784451831 0.015869847708125967 0.11212235736300323
      vertex -0.021140812338437277 0.015805736798403573 0.11221766798057024
    endloop
  endfacet
  facet normal 0.52395989110002 -0.8450653757069306 0.10644502477692128
    outer loop
      vertex -0.021458660298338827 0.015488737034731172 0.11131215692271103
      vertex -0.021320206367975485 0.015561315748942373 0.1112068391973798
      vertex -0.02088589248916737 0.01593389979391477 0.1120269322311916
    endloop
  endfacet
  facet normal 0.5144860346466313 -0.8495064880166545 0.11680259830669341
    outer loop
      vertex -0.021458660298338827 0.015488737034731172 0.11131215692271103
      vertex -0.02088589248916737 0.01593389979391477 0.1120269322311916
      vertex -0.02101331784451831 0.015869847708125967 0.11212235736300323
    endloop
  endfacet
  facet normal 0.5228908970422907 -0.8459817841533813 0.10440273306274302
    outer loop
      vertex -0.021320206367975485 0.015561315748942373 0.1112068391973798
      vertex -0.02118168804020275 0.015633949628933573 0.11110164048314361
      vertex -0.020758531531225814 0.015997896713923564 0.11193138808828493
    endloop
  endfacet
  facet normal 0.5133146714907539 -0.8505197816221931 0.1145606786889648
    outer loop
      vertex -0.021320206367975485 0.015561315748942373 0.1112068391973798
      vertex -0.020758531531225814 0.015997896713923564 0.11193138808828493
      vertex -0.02088589248916737 0.01593389979391477 0.1120269322311916
    endloop
  endfacet
  facet normal 0.5218172799285306 -0.8468937213493757 0.10236088660711823
    outer loop
      vertex -0.02118168804020275 0.015633949628933573 0.11110164048314361
      vertex -0.0210431102278633 0.01570663486968245 0.11099656496626471
      vertex -0.02063123005785098 0.016061842273174688 0.11183572074802096
    endloop
  endfacet
  facet normal 0.5121412324185625 -0.8515258829873809 0.11231664462294814
    outer loop
      vertex -0.02118168804020275 0.015633949628933573 0.11110164048314361
      vertex -0.02063123005785098 0.016061842273174688 0.11183572074802096
      vertex -0.020758531531225814 0.015997896713923564 0.11193138808828493
    endloop
  endfacet
  facet normal 0.617954550114008 -0.7856772466318869 0.02904200610032182
    outer loop
      vertex -0.0210431102278633 0.01570663486968245 0.11099656496626471
      vertex -0.02091209538365901 0.015805406743657754 0.11088092539552255
      vertex -0.02051246614491242 0.016151107399199387 0.11172991746162028
    endloop
  endfacet
  facet normal 0.6173581220283341 -0.7861198215685756 0.029741810681924306
    outer loop
      vertex -0.0210431102278633 0.01570663486968245 0.11099656496626471
      vertex -0.02051246614491242 0.016151107399199387 0.11172991746162028
      vertex -0.02063123005785098 0.016061842273174688 0.11183572074802096
    endloop
  endfacet
  facet normal 0.6178730672814996 -0.7857468681414149 0.028891727779928607
    outer loop
      vertex -0.02091209538365901 0.015805406743657754 0.11088092539552255
      vertex -0.02078102698676149 0.015904226155003785 0.11076543941754874
      vertex -0.020393755784667077 0.01624032498785336 0.11162396058245122
    endloop
  endfacet
  facet normal 0.6172692508528059 -0.7861958701760015 0.02957576152554087
    outer loop
      vertex -0.02091209538365901 0.015805406743657754 0.11088092539552255
      vertex -0.020393755784667077 0.01624032498785336 0.11162396058245122
      vertex -0.02051246614491242 0.016151107399199387 0.11172991746162028
    endloop
  endfacet
  facet normal 0.617791449929759 -0.7858165497656568 0.028741511931090473
    outer loop
      vertex -0.02078102698676149 0.015904226155003785 0.11076543941754874
      vertex -0.02064991170317959 0.016003087879123298 0.11065011068298251
      vertex -0.02027509231110612 0.01632950026373384 0.1115178464598746
    endloop
  endfacet
  facet normal 0.6171804917601613 -0.786271781105352 0.02940963835382489
    outer loop
      vertex -0.02078102698676149 0.015904226155003785 0.11076543941754874
      vertex -0.02027509231110612 0.01632950026373384 0.1115178464598746
      vertex -0.020393755784667077 0.01624032498785336 0.11162396058245122
    endloop
  endfacet
  facet normal 0.6177096955319051 -0.7858862937494717 0.02859135083552523
    outer loop
      vertex -0.02064991170317959 0.016003087879123298 0.11065011068298251
      vertex -0.020518756281706723 0.016101986609856435 0.11053494233952389
      vertex -0.020156468975436128 0.016418638533000705 0.11141157194619038
    endloop
  endfacet
  facet normal 0.6170918473176569 -0.786347552013705 0.029243450824678607
    outer loop
      vertex -0.02064991170317959 0.016003087879123298 0.11065011068298251
      vertex -0.020156468975436128 0.016418638533000705 0.11141157194619038
      vertex -0.02027509231110612 0.01632950026373384 0.1115178464598746
    endloop
  endfacet
  facet normal 0.6176278019156134 -0.7859561020547607 0.028441236678006993
    outer loop
      vertex -0.020518756281706723 0.016101986609856435 0.11053494233952389
      vertex -0.020387567518630433 0.016200916987489045 0.11041993702407517
      vertex -0.020037878981369564 0.016507745155368098 0.11130513440449626
    endloop
  endfacet
  facet normal 0.6170033196386364 -0.7864231809210768 0.029077208684436803
    outer loop
      vertex -0.020518756281706723 0.016101986609856435 0.11053494233952389
      vertex -0.020037878981369564 0.016507745155368098 0.11130513440449626
      vertex -0.020156468975436128 0.016418638533000705 0.11141157194619038
    endloop
  endfacet
  facet normal 0.6175457672682597 -0.7860259763552143 0.028291161586058718
    outer loop
      vertex -0.020387567518630433 0.016200916987489045 0.11041993702407517
      vertex -0.020256352222678554 0.01629987362670374 0.11030509685922406
      vertex -0.01991931552017858 0.016596825516153404 0.11119853171220452
    endloop
  endfacet
  facet normal 0.6169149103803325 -0.7864986662137265 0.028910921715769446
    outer loop
      vertex -0.020387567518630433 0.016200916987489045 0.11041993702407517
      vertex -0.01991931552017858 0.016596825516153404 0.11119853171220452
      vertex -0.020037878981369564 0.016507745155368098 0.11130513440449626
    endloop
  endfacet
  facet normal 0.6162239111710817 -0.7870409728828562 0.028889415096571124
    outer loop
      vertex -0.020256352222678554 0.01629987362670374 0.11030509685922406
      vertex -0.020125745334823034 0.01639793203839897 0.11019062242250748
      vertex -0.01980133296517696 0.016685018275886747 0.11109192043463538
    endloop
  endfacet
  facet normal 0.6154773233741896 -0.7875987855878958 0.029594211471418174
    outer loop
      vertex -0.020256352222678554 0.01629987362670374 0.11030509685922406
      vertex -0.01980133296517696 0.016685018275886747 0.11109192043463538
      vertex -0.01991931552017858 0.016596825516153404 0.11119853171220452
    endloop
  endfacet
  facet normal 0.6135739157758184 -0.7890601381312827 0.030185233008374425
    outer loop
      vertex -0.020125745334823034 0.01639793203839897 0.11019062242250748
      vertex -0.01999638303209476 0.016494166640808484 0.11007671089604854
      vertex -0.019684484453619523 0.016771463187762948 0.1109854605325229
    endloop
  endfacet
  facet normal 0.6125945105907229 -0.7897864290903062 0.031070275487922253
    outer loop
      vertex -0.020125745334823034 0.01639793203839897 0.11019062242250748
      vertex -0.019684484453619523 0.016771463187762948 0.1109854605325229
      vertex -0.01980133296517696 0.016685018275886747 0.11109192043463538
    endloop
  endfacet
  facet normal 0.613449246030298 -0.7891655566636401 0.029962421808422575
    outer loop
      vertex -0.01999638303209476 0.016494166640808484 0.11007671089604854
      vertex -0.01986701605775117 0.016590409972000956 0.10996296338730516
      vertex -0.019567640613677394 0.016857899370856185 0.11087883661269485
    endloop
  endfacet
  facet normal 0.6124615088277654 -0.7898992580982606 0.03082307999267262
    outer loop
      vertex -0.01999638303209476 0.016494166640808484 0.11007671089604854
      vertex -0.019567640613677394 0.016857899370856185 0.11087883661269485
      vertex -0.019684484453619523 0.016771463187762948 0.1109854605325229
    endloop
  endfacet
  facet normal 0.6133243466499448 -0.7892710566598942 0.029739618783579364
    outer loop
      vertex -0.01986701605775117 0.016590409972000956 0.10996296338730516
      vertex -0.0197376506307993 0.016686657053911178 0.10984937988950663
      vertex -0.01945079522634355 0.01694433180323168 0.11077204868192195
    endloop
  endfacet
  facet normal 0.6123286670568028 -0.7900118475152573 0.030575877517564583
    outer loop
      vertex -0.01986701605775117 0.016590409972000956 0.10996296338730516
      vertex -0.01945079522634355 0.01694433180323168 0.11077204868192195
      vertex -0.019567640613677394 0.016857899370856185 0.11087883661269485
    endloop
  endfacet
  facet normal 0.6131992177068164 -0.789376638337849 0.029516813008610247
    outer loop
      vertex -0.0197376506307993 0.016686657053911178 0.10984937988950663
      vertex -0.019608292824811673 0.016782903011445045 0.10973595995412215
      vertex -0.019333942218045467 0.01703076535998353 0.110665097188735
    endloop
  endfacet
  facet normal 0.6121959844022555 -0.7901241976836786 0.030328681416714985
    outer loop
      vertex -0.0197376506307993 0.016686657053911178 0.10984937988950663
      vertex -0.019333942218045467 0.01703076535998353 0.110665097188735
      vertex -0.01945079522634355 0.01694433180323168 0.11077204868192195
    endloop
  endfacet
  facet normal 0.6130738597424964 -0.789482301529002 0.02929399380261862
    outer loop
      vertex -0.019608292824811673 0.016782903011445045 0.10973595995412215
      vertex -0.019478948544131958 0.01687914309208516 0.10962270270926887
      vertex -0.019217075684439464 0.01711720479362912 0.11055798300501686
    endloop
  endfacet
  facet normal 0.6120634594311647 -0.7902363094069184 0.03008150468457518
    outer loop
      vertex -0.019608292824811673 0.016782903011445045 0.10973595995412215
      vertex -0.019217075684439464 0.01711720479362912 0.11055798300501686
      vertex -0.019333942218045467 0.01703076535998353 0.110665097188735
    endloop
  endfacet
  facet normal 0.6129482737486805 -0.7895880456930741 0.02907115077021385
    outer loop
      vertex -0.019478948544131958 0.01687914309208516 0.10962270270926887
      vertex -0.01934962350231665 0.016975372683778696 0.10950960688048601
      vertex -0.01910018991196906 0.017203654716221303 0.11045070740522829
    endloop
  endfacet
  facet normal 0.6119310901826946 -0.7903481839270449 0.029834359906670556
    outer loop
      vertex -0.019478948544131958 0.01687914309208516 0.10962270270926887
      vertex -0.01910018991196906 0.017203654716221303 0.11045070740522829
      vertex -0.019217075684439464 0.01711720479362912 0.11055798300501686
    endloop
  endfacet
  facet normal 0.543430018404602 -0.8374917440713204 0.05737066941523156
    outer loop
      vertex -0.01934962350231665 0.016975372683778696 0.10950960688048601
      vertex -0.01921629085714284 0.017055166988338 0.10941147501997621
      vertex -0.01897850157142858 0.017274286125947717 0.11035775355145237
    endloop
  endfacet
  facet normal 0.5360968686245958 -0.8418675982808832 0.06212160989285735
    outer loop
      vertex -0.01934962350231665 0.016975372683778696 0.10950960688048601
      vertex -0.01897850157142858 0.017274286125947717 0.11035775355145237
      vertex -0.01910018991196906 0.017203654716221303 0.11045070740522829
    endloop
  endfacet
  facet normal 0.5029093546054857 -0.8614461124357266 0.07065958123048462
    outer loop
      vertex -0.01921629085714284 0.017055166988338 0.10941147501997621
      vertex -0.019080957011242954 0.01712674311957588 0.109320876165748
      vertex -0.018854409345899895 0.01733700880899555 0.11027190954853773
    endloop
  endfacet
  facet normal 0.49179994290552387 -0.8672753788227147 0.07724139722998503
    outer loop
      vertex -0.01921629085714284 0.017055166988338 0.10941147501997621
      vertex -0.018854409345899895 0.01733700880899555 0.11027190954853773
      vertex -0.01897850157142858 0.017274286125947717 0.11035775355145237
    endloop
  endfacet
  facet normal 0.5018984506078745 -0.8621980759205957 0.06864709138949468
    outer loop
      vertex -0.019080957011242954 0.01712674311957588 0.109320876165748
      vertex -0.01894563922234839 0.01719831018527395 0.10923040179726431
      vertex -0.018730301063365894 0.017399740557583192 0.11018594105987856
    endloop
  endfacet
  facet normal 0.49074145357213855 -0.8680693832967686 0.07502247349076369
    outer loop
      vertex -0.019080957011242954 0.01712674311957588 0.109320876165748
      vertex -0.018730301063365894 0.017399740557583192 0.11018594105987856
      vertex -0.018854409345899895 0.01733700880899555 0.11027190954853773
    endloop
  endfacet
  facet normal 0.5008834752131391 -0.86294589098188 0.06663432670852067
    outer loop
      vertex -0.01894563922234839 0.01719831018527395 0.10923040179726431
      vertex -0.018810341333403213 0.01726986507522758 0.10914005078996665
      vertex -0.018606172880882493 0.017462484481915275 0.11009984921003337
    endloop
  endfacet
  facet normal 0.48968157329442147 -0.8688564633324938 0.07280386597736976
    outer loop
      vertex -0.01894563922234839 0.01719831018527395 0.10923040179726431
      vertex -0.018606172880882493 0.017462484481915275 0.11009984921003337
      vertex -0.018730301063365894 0.017399740557583192 0.11018594105987856
    endloop
  endfacet
  facet normal 0.4998644587313556 -0.8636895368442322 0.06462125689743616
    outer loop
      vertex -0.018810341333403213 0.01726986507522758 0.10914005078996665
      vertex -0.01867506705482941 0.017341404778637486 0.1090498218000733
      vertex -0.018482021088027725 0.01752524359279109 0.11001363534278383
    endloop
  endfacet
  facet normal 0.4886203058975118 -0.8696366231413366 0.07058569512270123
    outer loop
      vertex -0.018810341333403213 0.01726986507522758 0.10914005078996665
      vertex -0.018482021088027725 0.01752524359279109 0.11001363534278383
      vertex -0.018606172880882493 0.017462484481915275 0.11009984921003337
    endloop
  endfacet
  facet normal 0.4988414338520409 -0.8644289910141438 0.06260785387400555
    outer loop
      vertex -0.01867506705482941 0.017341404778637486 0.1090498218000733
      vertex -0.018539819955967693 0.0174129263913618 0.10895971327776431
      vertex -0.01835784211546087 0.01758802079435249 0.10992730100794997
    endloop
  endfacet
  facet normal 0.48755765279589 -0.8704098695809268 0.06836807834272152
    outer loop
      vertex -0.01867506705482941 0.017341404778637486 0.1090498218000733
      vertex -0.01835784211546087 0.01758802079435249 0.10992730100794997
      vertex -0.018482021088027725 0.01752524359279109 0.11001363534278383
    endloop
  endfacet
  facet normal 0.49781443551211696 -0.8651642293930859 0.06059409191018648
    outer loop
      vertex -0.018539819955967693 0.0174129263913618 0.10895971327776431
      vertex -0.018404603457668752 0.017484427122264702 0.10886972348093656
      vertex -0.01823363254233124 0.0176508188777353 0.10984084794763486
    endloop
  endfacet
  facet normal 0.48649361317323897 -0.871176212002667 0.06615112986435714
    outer loop
      vertex -0.018539819955967693 0.0174129263913618 0.10895971327776431
      vertex -0.01823363254233124 0.0176508188777353 0.10984084794763486
      vertex -0.01835784211546087 0.01758802079435249 0.10992730100794997
    endloop
  endfacet
  facet normal 0.5826235717335508 -0.8119605944580888 0.035633786042280784
    outer loop
      vertex -0.018404603457668752 0.017484427122264702 0.10886972348093656
      vertex -0.018261749587542255 0.017582396384330647 0.10876637067472603
      vertex -0.018103346783886306 0.017738843187097928 0.10974127218241683
    endloop
  endfacet
  facet normal 0.5790097273833804 -0.814452695101485 0.037610411289309496
    outer loop
      vertex -0.018404603457668752 0.017484427122264702 0.10886972348093656
      vertex -0.018103346783886306 0.017738843187097928 0.10974127218241683
      vertex -0.01823363254233124 0.0176508188777353 0.10984084794763486
    endloop
  endfacet
  facet normal 0.582232897320628 -0.8122751026705606 0.034842658612072454
    outer loop
      vertex -0.018261749587542255 0.017582396384330647 0.10876637067472603
      vertex -0.01811894467704069 0.01768033105182325 0.10866316888578068
      vertex -0.01797301206581645 0.01782690209103389 0.1096415453999336
    endloop
  endfacet
  facet normal 0.5786058936342146 -0.8147794002160529 0.03673892806440099
    outer loop
      vertex -0.018261749587542255 0.017582396384330647 0.10876637067472603
      vertex -0.01797301206581645 0.01782690209103389 0.1096415453999336
      vertex -0.018103346783886306 0.017738843187097928 0.10974127218241683
    endloop
  endfacet
  facet normal 0.581841157955705 -0.812589305582138 0.03405124611968389
    outer loop
      vertex -0.01811894467704069 0.01768033105182325 0.10866316888578068
      vertex -0.017976193151297903 0.017778227479193887 0.10856011471003288
      vertex -0.017842623962987806 0.01791499923509183 0.10954167100425283
    endloop
  endfacet
  facet normal 0.5782021231257053 -0.8151047822294258 0.03586779613590671
    outer loop
      vertex -0.01811894467704069 0.01768033105182325 0.10866316888578068
      vertex -0.017842623962987806 0.01791499923509183 0.10954167100425283
      vertex -0.01797301206581645 0.01782690209103389 0.1096415453999336
    endloop
  endfacet
  facet normal 0.5814483666035233 -0.8129031928830804 0.03325952456948498
    outer loop
      vertex -0.017976193151297903 0.017778227479193887 0.10856011471003288
      vertex -0.017833499144992243 0.01787608224642571 0.10845720451473508
      vertex -0.017712178340722036 0.018003138039288578 0.10944165262812207
    endloop
  endfacet
  facet normal 0.577798400782977 -0.8154288532357344 0.03499704792249555
    outer loop
      vertex -0.017976193151297903 0.017778227479193887 0.10856011471003288
      vertex -0.017712178340722036 0.018003138039288578 0.10944165262812207
      vertex -0.017842623962987806 0.01791499923509183 0.10954167100425283
    endloop
  endfacet
  facet normal 0.5810545370370138 -0.813216753562814 0.03246747162097691
    outer loop
      vertex -0.017833499144992243 0.01787608224642571 0.10845720451473508
      vertex -0.01769086649904885 0.017973892162554107 0.10835443446741605
      vertex -0.017581671358094006 0.018091321694588755 0.10934149410401253
    endloop
  endfacet
  facet normal 0.5773947107312047 -0.815751626066429 0.034126713724080875
    outer loop
      vertex -0.017833499144992243 0.01787608224642571 0.10845720451473508
      vertex -0.017581671358094006 0.018091321694588755 0.10934149410401253
      vertex -0.017712178340722036 0.018003138039288578 0.10944165262812207
    endloop
  endfacet
  facet normal 0.5806596837373272 -0.813529975991826 0.031675066610918935
    outer loop
      vertex -0.01769086649904885 0.017973892162554107 0.10835443446741605
      vertex -0.01754829875954967 0.01807165426740426 0.10825180056432071
      vertex -0.017451099469021757 0.018179553161167167 0.10924119943567928
    endloop
  endfacet
  facet normal 0.5769910364216636 -0.8160731141868839 0.033256821711875745
    outer loop
      vertex -0.01769086649904885 0.017973892162554107 0.10835443446741605
      vertex -0.017451099469021757 0.018179553161167167 0.10924119943567928
      vertex -0.017581671358094006 0.018091321694588755 0.10934149410401253
    endloop
  endfacet
  facet normal 0.5564053266968746 -0.830192983491616 0.034535815968841185
    outer loop
      vertex -0.01754829875954967 0.01807165426740426 0.10825180056432071
      vertex -0.01739916485441689 0.01816755623811838 0.10815445941505879
      vertex -0.017314041174154537 0.018265853704738766 0.1091459691563698
    endloop
  endfacet
  facet normal 0.5506776161611734 -0.8339045478877488 0.03684247645282089
    outer loop
      vertex -0.01754829875954967 0.01807165426740426 0.10825180056432071
      vertex -0.017314041174154537 0.018265853704738766 0.1091459691563698
      vertex -0.017451099469021757 0.018179553161167167 0.10924119943567928
    endloop
  endfacet
  facet normal 0.5094127817552198 -0.8596275307877416 0.03923169759492012
    outer loop
      vertex -0.01739916485441689 0.01816755623811838 0.10815445941505879
      vertex -0.017236824129309058 0.018259793641024168 0.10806757483773666
      vertex -0.017164084556405227 0.018348236701832978 0.10906099659083476
    endloop
  endfacet
  facet normal 0.49961345523555045 -0.8651864740009153 0.042880771372005126
    outer loop
      vertex -0.01739916485441689 0.01816755623811838 0.10815445941505879
      vertex -0.017164084556405227 0.018348236701832978 0.10906099659083476
      vertex -0.017314041174154537 0.018265853704738766 0.1091459691563698
    endloop
  endfacet
  facet normal 0.5085454995630352 -0.860235072762934 0.03710922341861245
    outer loop
      vertex -0.017236824129309058 0.018259793641024168 0.10806757483773666
      vertex -0.017074544219042916 0.018351986469600814 0.1079808251528895
      vertex -0.01701406712381422 0.01843066427325633 0.10897588913282479
    endloop
  endfacet
  facet normal 0.4987325965811639 -0.8658061999129772 0.04056379296441293
    outer loop
      vertex -0.017236824129309058 0.018259793641024168 0.10806757483773666
      vertex -0.01701406712381422 0.01843066427325633 0.10897588913282479
      vertex -0.017164084556405227 0.018348236701832978 0.10906099659083476
    endloop
  endfacet
  facet normal 0.5076742409156825 -0.8608384477765597 0.0349861678428608
    outer loop
      vertex -0.017074544219042916 0.018351986469600814 0.1079808251528895
      vertex -0.016912328748666185 0.01844413170551621 0.1078942065227359
      vertex -0.01686398525133381 0.018513139437340932 0.10889065062012124
    endloop
  endfacet
  facet normal 0.49785019001924624 -0.8664192182936302 0.03824822177899435
    outer loop
      vertex -0.017074544219042916 0.018351986469600814 0.1079808251528895
      vertex -0.01686398525133381 0.018513139437340932 0.10889065062012124
      vertex -0.01701406712381422 0.01843066427325633 0.10897588913282479
    endloop
  endfacet
  facet normal 0.5067990559087234 -0.8614376193814752 0.0328625142739153
    outer loop
      vertex -0.016912328748666185 0.01844413170551621 0.1078942065227359
      vertex -0.016750181062885852 0.018536226550176393 0.1078077149565036
      vertex -0.016713835594257 0.018595664992680748 0.1088052850434964
    endloop
  endfacet
  facet normal 0.4969662111093723 -0.8670255596521611 0.035934160981598955
    outer loop
      vertex -0.016912328748666185 0.01844413170551621 0.1078942065227359
      vertex -0.016713835594257 0.018595664992680748 0.1088052850434964
      vertex -0.01686398525133381 0.018513139437340932 0.10889065062012124
    endloop
  endfacet
  facet normal 0.5059199961314182 -0.8620325501341233 0.03073825017215778
    outer loop
      vertex -0.016750181062885852 0.018536226550176393 0.1078077149565036
      vertex -0.016588104226695596 0.018628268425001603 0.10772134633601295
      vertex -0.01656361508759011 0.018678243517855544 0.10871979652112991
    endloop
  endfacet
  facet normal 0.4960806343309254 -0.8676252560599917 0.033621708592224846
    outer loop
      vertex -0.016750181062885852 0.018536226550176393 0.1078077149565036
      vertex -0.01656361508759011 0.018678243517855544 0.10871979652112991
      vertex -0.016713835594257 0.018595664992680748 0.1088052850434964
    endloop
  endfacet
  facet normal 0.5050371144455212 -0.8626232017855254 0.028613367048116657
    outer loop
      vertex -0.016588104226695596 0.018628268425001603 0.10772134633601295
      vertex -0.016426101027761306 0.01872025497026927 0.10763509644041053
      vertex -0.016413320943667258 0.018760877372587876 0.10863418927387516
    endloop
  endfacet
  facet normal 0.49519343334974125 -0.8682183409180625 0.03131095751941482
    outer loop
      vertex -0.016588104226695596 0.018628268425001603 0.10772134633601295
      vertex -0.016413320943667258 0.018760877372587876 0.10863418927387516
      vertex -0.01656361508759011 0.018678243517855544 0.10871979652112991
    endloop
  endfacet
  facet normal 0.4540008621242189 -0.8905817012159472 0.02733954370093264
    outer loop
      vertex -0.016426101027761306 0.01872025497026927 0.10763509644041053
      vertex -0.01625339437574873 0.018806260882972037 0.10756875748176971
      vertex -0.01625243819567983 0.018837431917027966 0.10856827108965884
    endloop
  endfacet
  facet normal 0.43975637137344104 -0.8975864176208149 0.030869997393845508
    outer loop
      vertex -0.016426101027761306 0.01872025497026927 0.10763509644041053
      vertex -0.01625243819567983 0.018837431917027966 0.10856827108965884
      vertex -0.016413320943667258 0.018760877372587876 0.10863418927387516
    endloop
  endfacet
  facet normal 0.42871158780624724 -0.903115364825975 0.024269575519412792
    outer loop
      vertex -0.01625339437574873 0.018806260882972037 0.10756875748176971
      vertex -0.016075354908488732 0.01888926313916294 0.10751243305949491
      vertex -0.016086242234368404 0.018910960146551345 0.10851213836907649
    endloop
  endfacet
  facet normal 0.4123272782584997 -0.9106052925669305 0.028003870322375904
    outer loop
      vertex -0.01625339437574873 0.018806260882972037 0.10756875748176971
      vertex -0.016086242234368404 0.018910960146551345 0.10851213836907649
      vertex -0.01625243819567983 0.018837431917027966 0.10856827108965884
    endloop
  endfacet
  facet normal 0.4277738363524834 -0.9036463901281724 0.020802560914502374
    outer loop
      vertex -0.016075354908488732 0.01888926313916294 0.10751243305949491
      vertex -0.015897371340128693 0.018972224129281835 0.10745622293192997
      vertex -0.015919990374157023 0.018984529642146735 0.1084558913537843
    endloop
  endfacet
  facet normal 0.4113989377984485 -0.9111325959306529 0.024255032693818564
    outer loop
      vertex -0.016075354908488732 0.01888926313916294 0.10751243305949491
      vertex -0.015919990374157023 0.018984529642146735 0.1084558913537843
      vertex -0.016086242234368404 0.018910960146551345 0.10851213836907649
    endloop
  endfacet
  facet normal 0.4268291231103222 -0.9041661178081113 0.017335832044701655
    outer loop
      vertex -0.015897371340128693 0.018972224129281835 0.10745622293192997
      vertex -0.015719446799960502 0.019055141250648285 0.10740012388046469
      vertex -0.01575367948575378 0.01905814300649457 0.10839953326239243
    endloop
  endfacet
  facet normal 0.41046689892493343 -0.9116448258402389 0.020509422363119062
    outer loop
      vertex -0.015897371340128693 0.018972224129281835 0.10745622293192997
      vertex -0.01575367948575378 0.01905814300649457 0.10839953326239243
      vertex -0.015919990374157023 0.018984529642146735 0.1084558913537843
    endloop
  endfacet
  facet normal 0.4258775392931149 -0.9046745048219238 0.01386945748212298
    outer loop
      vertex -0.015719446799960502 0.019055141250648285 0.10740012388046469
      vertex -0.015541584202884528 0.019138012068290067 0.10734413255840095
      vertex -0.015587306654258328 0.01913180267456707 0.10834306744159902
    endloop
  endfacet
  facet normal 0.4095311550444534 -0.9121420346080977 0.016767282098050975
    outer loop
      vertex -0.015719446799960502 0.019055141250648285 0.10740012388046469
      vertex -0.015587306654258328 0.01913180267456707 0.10834306744159902
      vertex -0.01575367948575378 0.01905814300649457 0.10839953326239243
    endloop
  endfacet
  facet normal 0.4249191784889339 -0.9051715079043463 0.010403510487400597
    outer loop
      vertex -0.015541584202884528 0.019138012068290067 0.10734413255840095
      vertex -0.015363786247990096 0.019220834316645743 0.10728824550957038
      vertex -0.015420869180581333 0.019205510911925683 0.10828649734757247
    endloop
  endfacet
  facet normal 0.4085916984797211 -0.9126242781436731 0.01302884784606677
    outer loop
      vertex -0.015541584202884528 0.019138012068290067 0.10734413255840095
      vertex -0.015420869180581333 0.019205510911925683 0.10828649734757247
      vertex -0.015587306654258328 0.01913180267456707 0.10834306744159902
    endloop
  endfacet
  facet normal 0.4239541363960987 -0.9056570837965299 0.006938069025549315
    outer loop
      vertex -0.015363786247990096 0.019220834316645743 0.10728824550957038
      vertex -0.015186055418442188 0.019303605900210363 0.10723245918657952
      vertex -0.015254364581557812 0.019279269814075347 0.10822982652770617
    endloop
  endfacet
  facet normal 0.40764852077141567 -0.9130916156637188 0.009294348685971026
    outer loop
      vertex -0.015363786247990096 0.019220834316645743 0.10728824550957038
      vertex -0.015254364581557812 0.019279269814075347 0.10822982652770617
      vertex -0.015420869180581333 0.019205510911925683 0.10828649734757247
    endloop
  endfacet
  facet normal 0.49394249183706807 -0.8694346982576966 0.010203931758697693
    outer loop
      vertex -0.015186055418442188 0.019303605900210363 0.10723245918657952
      vertex -0.015008667260840132 0.019403931322179352 0.10719393035078774
      vertex -0.015088791196302723 0.019370103192106358 0.10819014107778367
    endloop
  endfacet
  facet normal 0.4831010608425562 -0.875486084907102 0.011725192827056306
    outer loop
      vertex -0.015186055418442188 0.019303605900210363 0.10723245918657952
      vertex -0.015088791196302723 0.019370103192106358 0.10819014107778367
      vertex -0.015254364581557812 0.019279269814075347 0.10822982652770617
    endloop
  endfacet
  facet normal 0.49350617125855306 -0.8697077140403644 0.007755711985845417
    outer loop
      vertex -0.015008667260840132 0.019403931322179352 0.10719393035078774
      vertex -0.014831340736376705 0.019504210709097154 0.10715550992086129
      vertex -0.014923156177909007 0.019460982605188557 0.10815034722199585
    endloop
  endfacet
  facet normal 0.482681796071375 -0.875748689687453 0.009083845662531438
    outer loop
      vertex -0.015008667260840132 0.019403931322179352 0.10719393035078774
      vertex -0.014923156177909007 0.019460982605188557 0.10815034722199585
      vertex -0.015088791196302723 0.019370103192106358 0.10819014107778367
    endloop
  endfacet
  facet normal 0.4930657330544747 -0.8699758719043181 0.005307088822984765
    outer loop
      vertex -0.014831340736376705 0.019504210709097154 0.10715550992086129
      vertex -0.01465407882544841 0.019604441569641536 0.10711719442107223
      vertex -0.01475745654598016 0.019551910544644176 0.1081104484360706
    endloop
  endfacet
  facet normal 0.4822604174774432 -0.8760042018941954 0.00644422207840746
    outer loop
      vertex -0.014831340736376705 0.019504210709097154 0.10715550992086129
      vertex -0.01475745654598016 0.019551910544644176 0.1081104484360706
      vertex -0.014923156177909007 0.019460982605188557 0.10815034722199585
    endloop
  endfacet
  facet normal 0.4926212196052279 -0.8702391426899616 0.0028580631375903238
    outer loop
      vertex -0.01465407882544841 0.019604441569641536 0.10711719442107223
      vertex -0.014476884290298298 0.019704621583686698 0.10707898026328738
      vertex -0.014591689538273129 0.019642889330599014 0.10807044830814116
    endloop
  endfacet
  facet normal 0.4818368958259413 -0.8762526558747235 0.003806427894307136
    outer loop
      vertex -0.01465407882544841 0.019604441569641536 0.10711719442107223
      vertex -0.014591689538273129 0.019642889330599014 0.10807044830814116
      vertex -0.01475745654598016 0.019551910544644176 0.1081104484360706
    endloop
  endfacet
  facet normal 0.4921726744814483 -0.8704974965546073 0.0004086391313889167
    outer loop
      vertex -0.014476884290298298 0.019704621583686698 0.10707898026328738
      vertex -0.014299759674083333 0.01980474860361667 0.107040863765604
      vertex -0.01442585261163095 0.01973392111066904 0.10803035052011027
    endloop
  endfacet
  facet normal 0.48141120114558944 -0.8764940873673048 0.0011705646996762924
    outer loop
      vertex -0.014476884290298298 0.019704621583686698 0.10707898026328738
      vertex -0.01442585261163095 0.01973392111066904 0.10803035052011027
      vertex -0.014591689538273129 0.019642889330599014 0.10807044830814116
    endloop
  endfacet
  facet normal 0.49172014227450483 -0.8707509031195612 -0.002041175643910824
    outer loop
      vertex -0.014299759674083333 0.01980474860361667 0.107040863765604
      vertex -0.014122707301237986 0.019904820654588193 0.10700284117055778
      vertex -0.014259943441619153 0.01982500785969752 0.10799015882944221
    endloop
  endfacet
  facet normal 0.4809833029346587 -0.876728533320624 -0.0014632701506833716
    outer loop
      vertex -0.014299759674083333 0.01980474860361667 0.107040863765604
      vertex -0.014259943441619153 0.01982500785969752 0.10799015882944221
      vertex -0.01442585261163095 0.01973392111066904 0.10803035052011027
    endloop
  endfacet
  facet normal 0.48261108422911786 -0.8758125826859143 -0.006233890296101668
    outer loop
      vertex -0.014122707301237986 0.019904820654588193 0.10700284117055778
      vertex -0.013945757494734366 0.02000251489849526 0.10697654778213324
      vertex -0.014094018648122776 0.019913805715790458 0.10796150936072389
    endloop
  endfacet
  facet normal 0.4710573795765029 -0.882083308775543 -0.005829367556481803
    outer loop
      vertex -0.014122707301237986 0.019904820654588193 0.10700284117055778
      vertex -0.014094018648122776 0.019913805715790458 0.10796150936072389
      vertex -0.014259943441619153 0.01982500785969752 0.10799015882944221
    endloop
  endfacet
  facet normal 0.4653037641221983 -0.8850630434868102 -0.01248263383979271
    outer loop
      vertex -0.013945757494734366 0.02000251489849526 0.10697654778213324
      vertex -0.013768921193369518 0.02009552418804089 0.10697362466352243
      vertex -0.013928154235201908 0.01999795512624483 0.1079560324793347
    endloop
  endfacet
  facet normal 0.4520849848648059 -0.8918903774700623 -0.012276849599870658
    outer loop
      vertex -0.013945757494734366 0.02000251489849526 0.10697654778213324
      vertex -0.013928154235201908 0.01999795512624483 0.1079560324793347
      vertex -0.014094018648122776 0.019913805715790458 0.10796150936072389
    endloop
  endfacet
  facet normal 0.46521221750371383 -0.8850668250294955 -0.015307119829851381
    outer loop
      vertex -0.013768921193369518 0.02009552418804089 0.10697362466352243
      vertex -0.013592134941581749 0.02018849621780944 0.10697079362895003
      vertex -0.013762239772703962 0.020082141796476275 0.1079504635139071
    endloop
  endfacet
  facet normal 0.4520304872047227 -0.8918710877544036 -0.01531017521904335
    outer loop
      vertex -0.013768921193369518 0.02009552418804089 0.10697362466352243
      vertex -0.013762239772703962 0.020082141796476275 0.1079504635139071
      vertex -0.013928154235201908 0.01999795512624483 0.1079560324793347
    endloop
  endfacet
  facet normal 0.46511582135999735 -0.8850641305179878 -0.018131673696966655
    outer loop
      vertex -0.013592134941581749 0.02018849621780944 0.10697079362895003
      vertex -0.013415401395231875 0.020281428781242398 0.10696805202439426
      vertex -0.01359627260476812 0.020166367933043317 0.10794480511846287
    endloop
  endfacet
  facet normal 0.451973147680986 -0.89184295857242 -0.018341510846550405
    outer loop
      vertex -0.013592134941581749 0.02018849621780944 0.10697079362895003
      vertex -0.01359627260476812 0.020166367933043317 0.10794480511846287
      vertex -0.013762239772703962 0.020082141796476275 0.1079504635139071
    endloop
  endfacet
  facet normal 0.46501460980477277 -0.8850549402250735 -0.020956274747823595
    outer loop
      vertex -0.013415401395231875 0.020281428781242398 0.10696805202439426
      vertex -0.01323872306144126 0.02037431978754631 0.10696539708768314
      vertex -0.013430250224273022 0.020250635626739403 0.107939060055174
    endloop
  endfacet
  facet normal 0.4519129340366396 -0.8918060283947804 -0.02137072224151065
    outer loop
      vertex -0.013415401395231875 0.020281428781242398 0.10696805202439426
      vertex -0.013430250224273022 0.020250635626739403 0.107939060055174
      vertex -0.01359627260476812 0.020166367933043317 0.10794480511846287
    endloop
  endfacet
  facet normal 0.46490861836932174 -0.8850392338076315 -0.023780899628255595
    outer loop
      vertex -0.01323872306144126 0.02037431978754631 0.10696539708768314
      vertex -0.013062102295210914 0.020467167264778006 0.10696282596095598
      vertex -0.013264170276217652 0.020334946849507707 0.10793323118190114
    endloop
  endfacet
  facet normal 0.4518498131553633 -0.8917603375487808 -0.024397678708182834
    outer loop
      vertex -0.01323872306144126 0.02037431978754631 0.10696539708768314
      vertex -0.013264170276217652 0.020334946849507707 0.10793323118190114
      vertex -0.013430250224273022 0.020250635626739403 0.107939060055174
    endloop
  endfacet
  facet normal 0.4647978838676601 -0.885016990422886 -0.026605522264423614
    outer loop
      vertex -0.013062102295210914 0.020467167264778006 0.10696282596095598
      vertex -0.012885541296921627 0.020559969362225473 0.10696033570315133
      vertex -0.013098030560221224 0.02041930345206024 0.10792732143970579
    endloop
  endfacet
  facet normal 0.45178375123077913 -0.8917059280698801 -0.027422253169263933
    outer loop
      vertex -0.013062102295210914 0.020467167264778006 0.10696282596095598
      vertex -0.013098030560221224 0.02041930345206024 0.10792732143970579
      vertex -0.013264170276217652 0.020334946849507707 0.10793323118190114
    endloop
  endfacet
  facet normal 0.46907319920980345 -0.8827085392444376 -0.02821291420664353
    outer loop
      vertex -0.012885541296921627 0.020559969362225473 0.10696033570315133
      vertex -0.0127051181292505 0.020655217795727446 0.10698000991564667
      vertex -0.012928469899320921 0.020505742347129693 0.1079432186557819
    endloop
  endfacet
  facet normal 0.4561463967997474 -0.8894272582765186 -0.029148188988724337
    outer loop
      vertex -0.012885541296921627 0.020559969362225473 0.10696033570315133
      vertex -0.012928469899320921 0.020505742347129693 0.1079432186557819
      vertex -0.013098030560221224 0.02041930345206024 0.10792732143970579
    endloop
  endfacet
  facet normal 0.4714067341778782 -0.8813920331342084 -0.030393665446826167
    outer loop
      vertex -0.0127051181292505 0.020655217795727446 0.10698000991564667
      vertex -0.01252278203294071 0.020751676550593155 0.10701082178403083
      vertex -0.012757180609916425 0.02059323523512113 0.10796996393025486
    endloop
  endfacet
  facet normal 0.458553979411915 -0.8881084504910197 -0.031490127531292066
    outer loop
      vertex -0.0127051181292505 0.020655217795727446 0.10698000991564667
      vertex -0.012757180609916425 0.02059323523512113 0.10796996393025486
      vertex -0.012928469899320921 0.020505742347129693 0.1079432186557819
    endloop
  endfacet
  facet normal 0.47171098917816384 -0.8811276632614654 -0.03320818760408001
    outer loop
      vertex -0.01252278203294071 0.020751676550593155 0.10701082178403083
      vertex -0.012340495094573273 0.020848098866962934 0.10704172927331143
      vertex -0.01258584216256958 0.020680764561608493 0.10799661358383139
    endloop
  endfacet
  facet normal 0.4589114452701949 -0.8878116351017404 -0.03450776692275307
    outer loop
      vertex -0.01252278203294071 0.020751676550593155 0.10701082178403083
      vertex -0.01258584216256958 0.020680764561608493 0.10799661358383139
      vertex -0.012757180609916425 0.02059323523512113 0.10796996393025486
    endloop
  endfacet
  facet normal 0.472010217771684 -0.8808568056681975 -0.03602280148943037
    outer loop
      vertex -0.012340495094573273 0.020848098866962934 0.10704172927331143
      vertex -0.012158260359799295 0.020944482224129965 0.10707272965879867
      vertex -0.01241445151162927 0.020768332847298607 0.1080231703412013
    endloop
  endfacet
  facet normal 0.4592658871238873 -0.8875059592545522 -0.037523555428100444
    outer loop
      vertex -0.012340495094573273 0.020848098866962934 0.10704172927331143
      vertex -0.01241445151162927 0.020768332847298607 0.1080231703412013
      vertex -0.01258584216256958 0.020680764561608493 0.10799661358383139
    endloop
  endfacet
  facet normal 0.47230444352524104 -0.8805794466800755 -0.03883749104826911
    outer loop
      vertex -0.012158260359799295 0.020944482224129965 0.10707272965879867
      vertex -0.011976080729907362 0.02104082421265981 0.1071038200751331
      vertex -0.012243005755806917 0.020855942501625906 0.10804963706772401
    endloop
  endfacet
  facet normal 0.45961726064058167 -0.8871914657060079 -0.04053735190750445
    outer loop
      vertex -0.012158260359799295 0.020944482224129965 0.10707272965879867
      vertex -0.012243005755806917 0.020855942501625906 0.10804963706772401
      vertex -0.01241445151162927 0.020768332847298607 0.1080231703412013
    endloop
  endfacet
  facet normal 0.4725936917212342 -0.8802955717472829 -0.04165223772403156
    outer loop
      vertex -0.011976080729907362 0.02104082421265981 0.1071038200751331
      vertex -0.011793958955541998 0.021137122539812824 0.10713499752925412
      vertex -0.012071502144457994 0.020943595817330036 0.10807601675646014
    endloop
  endfacet
  facet normal 0.459965520286942 -0.8868681994133324 -0.04354901854825838
    outer loop
      vertex -0.011976080729907362 0.02104082421265981 0.1071038200751331
      vertex -0.012071502144457994 0.020943595817330036 0.10807601675646014
      vertex -0.012243005755806917 0.020855942501625906 0.10804963706772401
    endloop
  endfacet
  facet normal 0.4728779892219989 -0.880005165559009 -0.0444670203501454
    outer loop
      vertex -0.011793958955541998 0.021137122539812824 0.10713499752925412
      vertex -0.011611897631385941 0.0212333750342054 0.10716625891370618
      vertex -0.011899938082899767 0.021031294965794603 0.10810231251486521
    endloop
  endfacet
  facet normal 0.4603106195065032 -0.8865362073844973 -0.046558420998255516
    outer loop
      vertex -0.011793958955541998 0.021137122539812824 0.10713499752925412
      vertex -0.011899938082899767 0.021031294965794603 0.10810231251486521
      vertex -0.012071502144457994 0.020943595817330036 0.10807601675646014
    endloop
  endfacet
  facet normal 0.5246286394901328 -0.8509807854348943 -0.024423215335881827
    outer loop
      vertex -0.011611897631385941 0.0212333750342054 0.10716625891370618
      vertex -0.011439454055268397 0.021337543046596463 0.10724093629342624
      vertex -0.011738570373303033 0.021126430753403536 0.10817150656371657
    endloop
  endfacet
  facet normal 0.5159666722046554 -0.8562118219525535 -0.026071231707429445
    outer loop
      vertex -0.011611897631385941 0.0212333750342054 0.10716625891370618
      vertex -0.011738570373303033 0.021126430753403536 0.10817150656371657
      vertex -0.011899938082899767 0.021031294965794603 0.10810231251486521
    endloop
  endfacet
  facet normal 0.5251967607207353 -0.8505740928177948 -0.026307321331372566
    outer loop
      vertex -0.011439454055268397 0.021337543046596463 0.10724093629342624
      vertex -0.011267048810410803 0.021441683641327067 0.10731572095953508
      vertex -0.011577164332446339 0.021221593958672933 0.10824059332617918
    endloop
  endfacet
  facet normal 0.5165826582014568 -0.8557761946585639 -0.02809736466689903
    outer loop
      vertex -0.011439454055268397 0.021337543046596463 0.10724093629342624
      vertex -0.011577164332446339 0.021221593958672933 0.10824059332617918
      vertex -0.011738570373303033 0.021126430753403536 0.10817150656371657
    endloop
  endfacet
  facet normal 0.5257618952030095 -0.8501644871784338 -0.028191741577459965
    outer loop
      vertex -0.011267048810410803 0.021441683641327067 0.10731572095953508
      vertex -0.011094685662091309 0.021545793735577537 0.10739061064413526
      vertex -0.011415716195051547 0.021316787664422458 0.10830957507015042
    endloop
  endfacet
  facet normal 0.5171972098397551 -0.8553359942662032 -0.03012279944855303
    outer loop
      vertex -0.011267048810410803 0.021441683641327067 0.10731572095953508
      vertex -0.011415716195051547 0.021316787664422458 0.10830957507015042
      vertex -0.011577164332446339 0.021221593958672933 0.10824059332617918
    endloop
  endfacet
  facet normal 0.526324053112508 -0.8497519610841408 -0.030076498281528696
    outer loop
      vertex -0.011094685662091309 0.021545793735577537 0.10739061064413526
      vertex -0.01092236827517335 0.021649870320416122 0.10746560286609462
      vertex -0.011254222296255218 0.021412014879583875 0.10837845427676247
    endloop
  endfacet
  facet normal 0.5178102968278715 -0.8548912430909549 -0.0321474569046078
    outer loop
      vertex -0.011094685662091309 0.021545793735577537 0.10739061064413526
      vertex -0.011254222296255218 0.021412014879583875 0.10837845427676247
      vertex -0.011415716195051547 0.021316787664422458 0.10830957507015042
    endloop
  endfacet
  facet normal 0.52688324617481 -0.8493365058852413 -0.031961612458444644
    outer loop
      vertex -0.01092236827517335 0.021649870320416122 0.10746560286609462
      vertex -0.010750100201927213 0.021753910470853056 0.10754069494110945
      vertex -0.011092679083787069 0.021507278529146943 0.10844723363031909
    endloop
  endfacet
  facet normal 0.5184218872382317 -0.8544419651794429 -0.0341712594535501
    outer loop
      vertex -0.01092236827517335 0.021649870320416122 0.10746560286609462
      vertex -0.011092679083787069 0.021507278529146943 0.10844723363031909
      vertex -0.011254222296255218 0.021412014879583875 0.10837845427676247
    endloop
  endfacet
  facet normal 0.5274394875918054 -0.8489181117718734 -0.033847103784088464
    outer loop
      vertex -0.010750100201927213 0.021753910470853056 0.10754069494110945
      vertex -0.010577884870597508 0.021857911355331067 0.10761588399286845
      vertex -0.010931083129402488 0.021602581444668933 0.10851591600713151
    endloop
  endfacet
  facet normal 0.5190319476105898 -0.8539881862312078 -0.03619413125203909
    outer loop
      vertex -0.010750100201927213 0.021753910470853056 0.10754069494110945
      vertex -0.010931083129402488 0.021602581444668933 0.10851591600713151
      vertex -0.011092679083787069 0.021507278529146943 0.10844723363031909
    endloop
  endfacet
  facet normal 0.5444677487049872 -0.8383775063549123 -0.02603896039096032
    outer loop
      vertex -0.010577884870597508 0.021857911355331067 0.10761588399286845
      vertex -0.010413147002434384 0.021962191135954386 0.1077030085834419
      vertex -0.010776870747565611 0.02169823233547418 0.10859633427370091
    endloop
  endfacet
  facet normal 0.5374594119799939 -0.8428184910439348 -0.028184599137544106
    outer loop
      vertex -0.010577884870597508 0.021857911355331067 0.10761588399286845
      vertex -0.010776870747565611 0.02169823233547418 0.10859633427370091
      vertex -0.010931083129402488 0.021602581444668933 0.10851591600713151
    endloop
  endfacet
  facet normal 0.5771264218298628 -0.8166207267491181 -0.007462028517858366
    outer loop
      vertex -0.010413147002434384 0.021962191135954386 0.1077030085834419
      vertex -0.01026329116117077 0.022067084542639927 0.1078139215152345
      vertex -0.010637498410257793 0.021794523343074357 0.10870030705619402
    endloop
  endfacet
  facet normal 0.5728910851438661 -0.8195830439327068 -0.008912836848186605
    outer loop
      vertex -0.010413147002434384 0.021962191135954386 0.1077030085834419
      vertex -0.010637498410257793 0.021794523343074357 0.10870030705619402
      vertex -0.010776870747565611 0.02169823233547418 0.10859633427370091
    endloop
  endfacet
  facet normal 0.5775622411845686 -0.8163040512974234 -0.008339867701092355
    outer loop
      vertex -0.01026329116117077 0.022067084542639927 0.1078139215152345
      vertex -0.010113468198622376 0.02217195498568465 0.10792494468068332
      vertex -0.01049809319423476 0.02189083731431535 0.10880416960503093
    endloop
  endfacet
  facet normal 0.5733572572432485 -0.8192461319590585 -0.009860569791871892
    outer loop
      vertex -0.01026329116117077 0.022067084542639927 0.1078139215152345
      vertex -0.01049809319423476 0.02189083731431535 0.10880416960503093
      vertex -0.010637498410257793 0.021794523343074357 0.10870030705619402
    endloop
  endfacet
  facet normal 0.5779970204439228 -0.8159868103057529 -0.009217904587855414
    outer loop
      vertex -0.010113468198622376 0.02217195498568465 0.10792494468068332
      vertex -0.009963681968363418 0.02227679932191718 0.10803607615122902
      vertex -0.010358651245922291 0.02198717739236853 0.10890792384877095
    endloop
  endfacet
  facet normal 0.5738232301943926 -0.818907861957206 -0.01080805782509951
    outer loop
      vertex -0.010113468198622376 0.02217195498568465 0.10792494468068332
      vertex -0.010358651245922291 0.02198717739236853 0.10890792384877095
      vertex -0.01049809319423476 0.02189083731431535 0.10880416960503093
    endloop
  endfacet
  facet normal 0.5784307659202464 -0.8156689994014216 -0.010096160280061281
    outer loop
      vertex -0.009963681968363418 0.02227679932191718 0.10803607615122902
      vertex -0.00981393626489366 0.022381614448241098 0.10814731376130664
      vertex -0.010219168770820618 0.02208354668033033 0.10901157195297904
    endloop
  endfacet
  facet normal 0.5742889924743113 -0.8185682419602839 -0.011755270175154445
    outer loop
      vertex -0.009963681968363418 0.02227679932191718 0.10803607615122902
      vertex -0.010219168770820618 0.02208354668033033 0.10901157195297904
      vertex -0.010358651245922291 0.02198717739236853 0.10890792384877095
    endloop
  endfacet
  facet normal 0.5788634847773383 -0.815350613495489 -0.010974655528353847
    outer loop
      vertex -0.00981393626489366 0.022381614448241098 0.10814731376130664
      vertex -0.009664234809859397 0.022486397312848107 0.10825865511439739
      vertex -0.010079642047283453 0.022179948230009038 0.109115116314174
    endloop
  endfacet
  facet normal 0.5747545315436281 -0.8182272808826672 -0.012702176562366758
    outer loop
      vertex -0.00981393626489366 0.022381614448241098 0.10814731376130664
      vertex -0.010079642047283453 0.022179948230009038 0.109115116314174
      vertex -0.010219168770820618 0.02208354668033033 0.10901157195297904
    endloop
  endfacet
  facet normal 0.5792951850065148 -0.815031646799238 -0.011853410647993345
    outer loop
      vertex -0.009664234809859397 0.022486397312848107 0.10825865511439739
      vertex -0.009514581238624828 0.02259114492619295 0.10837009759046672
      vertex -0.009940067439946592 0.022276385030949905 0.10921855955239039
    endloop
  endfacet
  facet normal 0.5752198338815342 -0.8178849884955947 -0.013648747300069396
    outer loop
      vertex -0.009664234809859397 0.022486397312848107 0.10825865511439739
      vertex -0.009940067439946592 0.022276385030949905 0.10921855955239039
      vertex -0.010079642047283453 0.022179948230009038 0.109115116314174
    endloop
  endfacet
  facet normal 0.6422269950428046 -0.7655441444767855 0.03855709656595096
    outer loop
      vertex -0.009514581238624828 0.02259114492619295 0.10837009759046672
      vertex -0.009385158009320216 0.022706002256310337 0.10849482858177309
      vertex -0.009820596944965492 0.022383027200832517 0.10933511427536974
    endloop
  endfacet
  facet normal 0.6437721170805893 -0.7642055745607307 0.03933574811643264
    outer loop
      vertex -0.009514581238624828 0.02259114492619295 0.10837009759046672
      vertex -0.009820596944965492 0.022383027200832517 0.10933511427536974
      vertex -0.009940067439946592 0.022276385030949905 0.10921855955239039
    endloop
  endfacet
  facet normal 0.670843655942674 -0.7387406175287703 0.06504682386310796
    outer loop
      vertex -0.009385158009320216 0.022706002256310337 0.10849482858177309
      vertex -0.009265863633689024 0.02282590527609165 0.10862626245182609
      vertex -0.009711164823453827 0.02249478122390835 0.10945816611960245
    endloop
  endfacet
  facet normal 0.6748535784090128 -0.7348809917922268 0.06725009747965822
    outer loop
      vertex -0.009385158009320216 0.022706002256310337 0.10849482858177309
      vertex -0.009711164823453827 0.02249478122390835 0.10945816611960245
      vertex -0.009820596944965492 0.022383027200832517 0.10933511427536974
    endloop
  endfacet
  facet normal 0.6702776483157257 -0.7391746499895988 0.06594475704022684
    outer loop
      vertex -0.009265863633689024 0.02282590527609165 0.10862626245182609
      vertex -0.009146609331381818 0.022945779506661636 0.10875780435919931
      vertex -0.009601692628618177 0.022606564036195508 0.10958110992651494
    endloop
  endfacet
  facet normal 0.6742497551339668 -0.7353455729527527 0.06822137524686674
    outer loop
      vertex -0.009265863633689024 0.02282590527609165 0.10862626245182609
      vertex -0.009601692628618177 0.022606564036195508 0.10958110992651494
      vertex -0.009711164823453827 0.02249478122390835 0.10945816611960245
    endloop
  endfacet
  facet normal 0.6697111656600072 -0.7396073171648541 0.06684288284119301
    outer loop
      vertex -0.009146609331381818 0.022945779506661636 0.10875780435919931
      vertex -0.009027398869132652 0.023065621861669685 0.10888945195823196
      vertex -0.009492176593724486 0.022718378724044603 0.109703948041768
    endloop
  endfacet
  facet normal 0.6736444204469954 -0.7358095057365862 0.06919223994287647
    outer loop
      vertex -0.009146609331381818 0.022945779506661636 0.10875780435919931
      vertex -0.009492176593724486 0.022718378724044603 0.109703948041768
      vertex -0.009601692628618177 0.022606564036195508 0.10958110992651494
    endloop
  endfacet
  facet normal 0.6691441999769927 -0.740038624833558 0.0677412237238651
    outer loop
      vertex -0.009027398869132652 0.023065621861669685 0.10888945195823196
      vertex -0.008908235943273259 0.023185429303852815 0.10902120266446823
      vertex -0.009382613022441026 0.02283022832471861 0.10982668304981748
    endloop
  endfacet
  facet normal 0.6730375896728968 -0.7362727785146411 0.07016265748692443
    outer loop
      vertex -0.009027398869132652 0.023065621861669685 0.10888945195823196
      vertex -0.009382613022441026 0.02283022832471861 0.10982668304981748
      vertex -0.009492176593724486 0.022718378724044603 0.109703948041768
    endloop
  endfacet
  facet normal 0.6685767422897632 -0.7404685795458844 0.06863980167882137
    outer loop
      vertex -0.008908235943273259 0.023185429303852815 0.10902120266446823
      vertex -0.008789124165894252 0.023305198856329375 0.10915305366178189
      vertex -0.009272998302677176 0.022942115815099196 0.10994931776678953
    endloop
  endfacet
  facet normal 0.6724292793362874 -0.7367353787479046 0.07113259444490062
    outer loop
      vertex -0.008908235943273259 0.023185429303852815 0.10902120266446823
      vertex -0.009272998302677176 0.022942115815099196 0.10994931776678953
      vertex -0.009382613022441026 0.02283022832471861 0.10982668304981748
    endloop
  endfacet
  facet normal 0.6680087826739918 -0.740897188600898 0.06953863813519001
    outer loop
      vertex -0.008789124165894252 0.023305198856329375 0.10915305366178189
      vertex -0.008670067051398559 0.023424927613622165 0.10928500191092827
      vertex -0.009163328920030012 0.02305404410066355 0.11007185523192886
    endloop
  endfacet
  facet normal 0.6718195071179828 -0.7371972930198086 0.07210201814108562
    outer loop
      vertex -0.008789124165894252 0.023305198856329375 0.10915305366178189
      vertex -0.009163328920030012 0.02305404410066355 0.11007185523192886
      vertex -0.009272998302677176 0.022942115815099196 0.10994931776678953
    endloop
  endfacet
  facet normal 0.6933591841441862 -0.7135482929767681 0.10050808600729022
    outer loop
      vertex -0.008670067051398559 0.023424927613622165 0.10928500191092827
      vertex -0.008588036970524073 0.02352599703491864 0.10943664745203159
      vertex -0.009089747183761642 0.023148085550795647 0.11021476683368268
    endloop
  endfacet
  facet normal 0.6993472281896135 -0.7070041927827801 0.10515952553655951
    outer loop
      vertex -0.008670067051398559 0.023424927613622165 0.10928500191092827
      vertex -0.009089747183761642 0.023148085550795647 0.11021476683368268
      vertex -0.009163328920030012 0.02305404410066355 0.11007185523192886
    endloop
  endfacet
  facet normal 0.6923026585015201 -0.7144156194884729 0.10162357828097314
    outer loop
      vertex -0.008588036970524073 0.02352599703491864 0.10943664745203159
      vertex -0.008506032148483483 0.023627049364716282 0.10958839576423778
      vertex -0.009016140188659375 0.02324214409242658 0.11035757566433364
    endloop
  endfacet
  facet normal 0.6982296258245887 -0.7079257519784006 0.10637913003343648
    outer loop
      vertex -0.008588036970524073 0.02352599703491864 0.10943664745203159
      vertex -0.009016140188659375 0.02324214409242658 0.11035757566433364
      vertex -0.009089747183761642 0.023148085550795647 0.11021476683368268
    endloop
  endfacet
  facet normal 0.6912445174989342 -0.7152801486721899 0.10273911593524375
    outer loop
      vertex -0.008506032148483483 0.023627049364716282 0.10958839576423778
      vertex -0.008424055746567495 0.02372808203728384 0.10974024568550816
      vertex -0.008942504773432506 0.023336222291287588 0.1105002828859204
    endloop
  endfacet
  facet normal 0.6971086869990273 -0.7088456237414701 0.10759814223795204
    outer loop
      vertex -0.008506032148483483 0.023627049364716282 0.10958839576423778
      vertex -0.008942504773432506 0.023336222291287588 0.1105002828859204
      vertex -0.009016140188659375 0.02324214409242658 0.11035757566433364
    endloop
  endfacet
  facet normal 0.6901847623781778 -0.7161418784167712 0.10385472429637749
    outer loop
      vertex -0.008424055746567495 0.02372808203728384 0.10974024568550816
      vertex -0.008342110927256839 0.023829092479706042 0.10989219584895824
      vertex -0.008868837775600302 0.02343032272029396 0.11064288986532747
    endloop
  endfacet
  facet normal 0.6959844327273695 -0.7097637896898651 0.10881650723232457
    outer loop
      vertex -0.008424055746567495 0.02372808203728384 0.10974024568550816
      vertex -0.008868837775600302 0.02343032272029396 0.11064288986532747
      vertex -0.008942504773432506 0.023336222291287588 0.1105002828859204
    endloop
  endfacet
  facet normal 0.6891233930036054 -0.7170008077464154 0.104970428722505
    outer loop
      vertex -0.008342110927256839 0.023829092479706042 0.10989219584895824
      vertex -0.008260200843965497 0.023930078120067172 0.11004424468199649
      vertex -0.008795136041748787 0.023524447951361403 0.11078539817514636
    endloop
  endfacet
  facet normal 0.6948568858694668 -0.710680230170863 0.11003417016579913
    outer loop
      vertex -0.008342110927256839 0.023829092479706042 0.10989219584895824
      vertex -0.008795136041748787 0.023524447951361403 0.11078539817514636
      vertex -0.008868837775600302 0.02343032272029396 0.11064288986532747
    endloop
  endfacet
  facet normal 0.6880604078583921 -0.7178569368239992 0.10608625448854384
    outer loop
      vertex -0.008260200843965497 0.023930078120067172 0.11004424468199649
      vertex -0.008178328630560016 0.024031036395845484 0.11019639040650173
      vertex -0.008721396438011411 0.023618600547011665 0.11092780959349827
    endloop
  endfacet
  facet normal 0.6937260711309765 -0.7115949242604245 0.11125107639919736
    outer loop
      vertex -0.008260200843965497 0.023930078120067172 0.11004424468199649
      vertex -0.008721396438011411 0.023618600547011665 0.11092780959349827
      vertex -0.008795136041748787 0.023524447951361403 0.11078539817514636
    endloop
  endfacet
  facet normal 0.6969735371654169 -0.7066868053706746 0.12174418920883728
    outer loop
      vertex -0.008178328630560016 0.024031036395845484 0.11019639040650173
      vertex -0.008105929829095347 0.02412916685690475 0.11035153089751734
      vertex -0.008656865299476084 0.023710138585952396 0.11107325481676836
    endloop
  endfacet
  facet normal 0.7033769108400239 -0.6992013448606829 0.12797812563933592
    outer loop
      vertex -0.008178328630560016 0.024031036395845484 0.11019639040650173
      vertex -0.008656865299476084 0.023710138585952396 0.11107325481676836
      vertex -0.008721396438011411 0.023618600547011665 0.11092780959349827
    endloop
  endfacet
  facet normal 0.7153868081273556 -0.6815757518787129 0.15387075488318488
    outer loop
      vertex -0.008105929829095347 0.02412916685690475 0.11035153089751734
      vertex -0.008052425813337672 0.02422168053698782 0.11051256873752546
      vertex -0.008610803129519473 0.023796408663012174 0.1112248598339031
    endloop
  endfacet
  facet normal 0.7231832335613252 -0.6713190692297746 0.16228591431253298
    outer loop
      vertex -0.008105929829095347 0.02412916685690475 0.11035153089751734
      vertex -0.008610803129519473 0.023796408663012174 0.1112248598339031
      vertex -0.008656865299476084 0.023710138585952396 0.11107325481676836
    endloop
  endfacet
  facet normal 0.7136950505056349 -0.6830419848069261 0.15521927030744043
    outer loop
      vertex -0.008052425813337672 0.02422168053698782 0.11051256873752546
      vertex -0.007998947538772005 0.024314176622223713 0.11067370549412635
      vertex -0.008564715218370853 0.02388269633491914 0.11137636593444507
    endloop
  endfacet
  facet normal 0.7213977827516836 -0.672876184373371 0.16377692005923114
    outer loop
      vertex -0.008052425813337672 0.02422168053698782 0.11051256873752546
      vertex -0.008564715218370853 0.02388269633491914 0.11137636593444507
      vertex -0.008610803129519473 0.023796408663012174 0.1112248598339031
    endloop
  endfacet
  facet normal 0.7119988967430055 -0.6845028896101482 0.1565674460164068
    outer loop
      vertex -0.007998947538772005 0.024314176622223713 0.11067370549412635
      vertex -0.007945497873935694 0.024406652785697376 0.11083494015283311
      vertex -0.008518598697492878 0.023969003928588334 0.11152777413288116
    endloop
  endfacet
  facet normal 0.7196051937615155 -0.674429634490928 0.1652665520663062
    outer loop
      vertex -0.007998947538772005 0.024314176622223713 0.11067370549412635
      vertex -0.008518598697492878 0.023969003928588334 0.11152777413288116
      vertex -0.008564715218370853 0.02388269633491914 0.11137636593444507
    endloop
  endfacet
  facet normal 0.7102983687343544 -0.68595844205443 0.15791530371555015
    outer loop
      vertex -0.007945497873935694 0.024406652785697376 0.11083494015283311
      vertex -0.007892079697750028 0.02449910668643579 0.11099627151026016
      vertex -0.008472450687964261 0.02405533378499277 0.11167908563259697
    endloop
  endfacet
  facet normal 0.717805514924476 -0.6759793691462762 0.16675471577322887
    outer loop
      vertex -0.007945497873935694 0.024406652785697376 0.11083494015283311
      vertex -0.008472450687964261 0.02405533378499277 0.11167908563259697
      vertex -0.008518598697492878 0.023969003928588334 0.11152777413288116
    endloop
  endfacet
  facet normal 0.7085934866080909 -0.68740861971613 0.1592628653407758
    outer loop
      vertex -0.007892079697750028 0.02449910668643579 0.11099627151026016
      vertex -0.007838695890777618 0.024591535976339694 0.11115769817195045
      vertex -0.008426268309222384 0.024141688252231723 0.11183030182804954
    endloop
  endfacet
  facet normal 0.7159987975950822 -0.67752533624625 0.16824131652718982
    outer loop
      vertex -0.007892079697750028 0.02449910668643579 0.11099627151026016
      vertex -0.008426268309222384 0.024141688252231723 0.11183030182804954
      vertex -0.008472450687964261 0.02405533378499277 0.11167908563259697
    endloop
  endfacet
  facet normal 0.7068842687021948 -0.6888534019982779 0.16061015290685063
    outer loop
      vertex -0.007838695890777618 0.024591535976339694 0.11115769817195045
      vertex -0.00778534932617913 0.024683938307382206 0.11131921855106543
      vertex -0.008380048688106585 0.02422806967833207 0.11198142430607742
    endloop
  endfacet
  facet normal 0.7141850961683288 -0.6790674820305532 0.16972625978238937
    outer loop
      vertex -0.007838695890777618 0.024591535976339694 0.11115769817195045
      vertex -0.008380048688106585 0.02422806967833207 0.11198142430607742
      vertex -0.008426268309222384 0.024141688252231723 0.11183030182804954
    endloop
  endfacet
  facet normal 0.7173580629288828 -0.6712751386567353 0.18651299625576187
    outer loop
      vertex -0.00778534932617913 0.024683938307382206 0.11131921855106543
      vertex -0.007748271748551649 0.02476980978393003 0.1114856706948012
      vertex -0.008349751194305494 0.02430820464464139 0.11213770073377022
    endloop
  endfacet
  facet normal 0.7253834039566616 -0.659404321260535 0.197496476847512
    outer loop
      vertex -0.00778534932617913 0.024683938307382206 0.11131921855106543
      vertex -0.008349751194305494 0.02430820464464139 0.11213770073377022
      vertex -0.008380048688106585 0.02422806967833207 0.11198142430607742
    endloop
  endfacet
  facet normal 0.7211985622658054 -0.6630398150587681 0.2006261135360252
    outer loop
      vertex -0.007748271748551649 0.02476980978393003 0.1114856706948012
      vertex -0.007719336571055537 0.02485241111072666 0.11165464152036453
      vertex -0.008327406857515892 0.024385221103559045 0.11229650133677832
    endloop
  endfacet
  facet normal 0.7294660505016114 -0.6501193855946947 0.21265950634654754
    outer loop
      vertex -0.007748271748551649 0.02476980978393003 0.1114856706948012
      vertex -0.008327406857515892 0.024385221103559045 0.11229650133677832
      vertex -0.008349751194305494 0.02430820464464139 0.11213770073377022
    endloop
  endfacet
  facet normal 0.7189897127958123 -0.6650463441477457 0.20190877402805935
    outer loop
      vertex -0.007719336571055537 0.02485241111072666 0.11165464152036453
      vertex -0.007690429127026899 0.024934993269646752 0.11182371197392035
      vertex -0.008305034787258816 0.024462256730353238 0.11245520231179393
    endloop
  endfacet
  facet normal 0.7271375284023046 -0.6522495664943228 0.21410632358002815
    outer loop
      vertex -0.007719336571055537 0.02485241111072666 0.11165464152036453
      vertex -0.008305034787258816 0.024462256730353238 0.11245520231179393
      vertex -0.008327406857515892 0.024385221103559045 0.11229650133677832
    endloop
  endfacet
  facet normal 0.71677339806032 -0.6670453966127303 0.20319039025216493
    outer loop
      vertex -0.007690429127026899 0.024934993269646752 0.11182371197392035
      vertex -0.007661552205860386 0.025017553999707762 0.11199288112594316
      vertex -0.008282632194139612 0.024539313786006513 0.11261380458834255
    endloop
  endfacet
  facet normal 0.7247978674519767 -0.6543744942163713 0.21555062666606942
    outer loop
      vertex -0.007690429127026899 0.024934993269646752 0.11182371197392035
      vertex -0.008282632194139612 0.024539313786006513 0.11261380458834255
      vertex -0.008305034787258816 0.024462256730353238 0.11245520231179393
    endloop
  endfacet
  facet normal 0.7145496692147579 -0.669036910827106 0.20447098125651714
    outer loop
      vertex -0.007661552205860386 0.025017553999707762 0.11199288112594316
      vertex -0.0076327086151047946 0.025100091019619603 0.11216214785701978
      vertex -0.008260196270609487 0.024616394551808966 0.11277230928583737
    endloop
  endfacet
  facet normal 0.722447148632768 -0.6564940708052235 0.2169922865679084
    outer loop
      vertex -0.007661552205860386 0.025017553999707762 0.11199288112594316
      vertex -0.008260196270609487 0.024616394551808966 0.11277230928583737
      vertex -0.008282632194139612 0.024539313786006513 0.11261380458834255
    endloop
  endfacet
  facet normal 0.7123185755524646 -0.6710208277371256 0.20575056662349808
    outer loop
      vertex -0.0076327086151047946 0.025100091019619603 0.11216214785701978
      vertex -0.007603901172174616 0.02518260203431209 0.11233151085433689
      vertex -0.008237724199253954 0.024693501322830765 0.11293071771709169
    endloop
  endfacet
  facet normal 0.7200854574159555 -0.6586081963176167 0.2184311739686202
    outer loop
      vertex -0.0076327086151047946 0.025100091019619603 0.11216214785701978
      vertex -0.008237724199253954 0.024693501322830765 0.11293071771709169
      vertex -0.008260196270609487 0.024616394551808966 0.11277230928583737
    endloop
  endfacet
  facet normal 0.7100801644487509 -0.6729970909021267 0.20702916628752907
    outer loop
      vertex -0.007603901172174616 0.02518260203431209 0.11233151085433689
      vertex -0.007575132695673124 0.025265084741797682 0.11250096860896887
      vertex -0.008215213161469729 0.02477063640105946 0.11308903139103114
    endloop
  endfacet
  facet normal 0.717712883809655 -0.6607167688021883 0.21986715952416425
    outer loop
      vertex -0.007603901172174616 0.02518260203431209 0.11233151085433689
      vertex -0.008215213161469729 0.02477063640105946 0.11308903139103114
      vertex -0.008237724199253954 0.024693501322830765 0.11293071771709169
    endloop
  endfacet
  facet normal 0.7206866623643532 -0.6483370167522238 0.2454991800372366
    outer loop
      vertex -0.007575132695673124 0.025265084741797682 0.11250096860896887
      vertex -0.007566659644980854 0.025340454962312395 0.11267513981919663
      vertex -0.008212652040733431 0.02484094472340189 0.11325236018080337
    endloop
  endfacet
  facet normal 0.7288141528854452 -0.6329924150867675 0.2610565704909426
    outer loop
      vertex -0.007575132695673124 0.025265084741797682 0.11250096860896887
      vertex -0.008212652040733431 0.02484094472340189 0.11325236018080337
      vertex -0.008215213161469729 0.02477063640105946 0.11308903139103114
    endloop
  endfacet
  facet normal 0.7180024768683074 -0.6508801515319808 0.24663225975666964
    outer loop
      vertex -0.007566659644980854 0.025340454962312395 0.11267513981919663
      vertex -0.0075582176234550704 0.025415803455379762 0.11284941323445266
      vertex -0.008210059890830642 0.02491127477319166 0.11341558676554733
    endloop
  endfacet
  facet normal 0.7259865361528489 -0.6356914685499733 0.2623736003060649
    outer loop
      vertex -0.007566659644980854 0.025340454962312395 0.11267513981919663
      vertex -0.008210059890830642 0.02491127477319166 0.11341558676554733
      vertex -0.008212652040733431 0.02484094472340189 0.11325236018080337
    endloop
  endfacet
  facet normal 0.7153070084442193 -0.6534135949618605 0.24776310780582186
    outer loop
      vertex -0.0075582176234550704 0.025415803455379762 0.11284941323445266
      vertex -0.007549809460071988 0.025491127928490113 0.11302378793030705
      vertex -0.008207433882785156 0.024981628842938454 0.11357871206969296
    endloop
  endfacet
  facet normal 0.7231429415847981 -0.6383837391877426 0.26368634317454065
    outer loop
      vertex -0.0075582176234550704 0.025415803455379762 0.11284941323445266
      vertex -0.008207433882785156 0.024981628842938454 0.11357871206969296
      vertex -0.008210059890830642 0.02491127477319166 0.11341558676554733
    endloop
  endfacet
  facet normal 0.7126003470977282 -0.6559372268120376 0.24889174313008203
    outer loop
      vertex -0.007549809460071988 0.025491127928490113 0.11302378793030705
      vertex -0.007541438006667485 0.025566426064756134 0.11319826278245991
      vertex -0.008204771164761085 0.025052009249529578 0.11374173721754009
    endloop
  endfacet
  facet normal 0.7202834926841432 -0.6410690565905902 0.2649946317357818
    outer loop
      vertex -0.007549809460071988 0.025491127928490113 0.11302378793030705
      vertex -0.008204771164761085 0.025052009249529578 0.11374173721754009
      vertex -0.008207433882785156 0.024981628842938454 0.11357871206969296
    endloop
  endfacet
  facet normal 0.7098825811929984 -0.6584509304244003 0.2500181856225814
    outer loop
      vertex -0.007541438006667485 0.025566426064756134 0.11319826278245991
      vertex -0.007533106129471981 0.025641695529546565 0.11337283646207202
      vertex -0.00820206887052802 0.02512241832759629 0.11390466353792797
    endloop
  endfacet
  facet normal 0.7174083196581293 -0.6437472479189237 0.2662982983087033
    outer loop
      vertex -0.007541438006667485 0.025566426064756134 0.11319826278245991
      vertex -0.00820206887052802 0.02512241832759629 0.11390466353792797
      vertex -0.008204771164761085 0.025052009249529578 0.11374173721754009
    endloop
  endfacet
  facet normal 0.7071537973543727 -0.6609545927907409 0.2511424559012605
    outer loop
      vertex -0.007533106129471981 0.025641695529546565 0.11337283646207202
      vertex -0.007524816700172086 0.025716933977523084 0.11354750743189981
      vertex -0.00819932412839934 0.02519285842247691 0.11406749256810017
    endloop
  endfacet
  facet normal 0.7145175594975174 -0.6464181378831158 0.26759717521946463
    outer loop
      vertex -0.007533106129471981 0.025641695529546565 0.11337283646207202
      vertex -0.00819932412839934 0.02519285842247691 0.11406749256810017
      vertex -0.00820206887052802 0.02512241832759629 0.11390466353792797
    endloop
  endfacet
  facet normal 0.7091255396474052 -0.6506874907395788 0.2715635439723216
    outer loop
      vertex -0.007524816700172086 0.025716933977523084 0.11354750743189981
      vertex -0.007524079228122663 0.025789361684852144 0.11371912414523043
      vertex -0.008203843329020195 0.025260725958004993 0.1142275187119124
    endloop
  endfacet
  facet normal 0.7163893351718298 -0.6348218254814229 0.28946082696022574
    outer loop
      vertex -0.007524816700172086 0.025716933977523084 0.11354750743189981
      vertex -0.008203843329020195 0.025260725958004993 0.1142275187119124
      vertex -0.00819932412839934 0.02519285842247691 0.11406749256810017
    endloop
  endfacet
  facet normal 0.7147277399636079 -0.6247859409704171 0.31433546680612423
    outer loop
      vertex -0.007524079228122663 0.025789361684852144 0.11371912414523043
      vertex -0.007538391274071373 0.025856208455191123 0.11388453385572396
      vertex -0.008222944811642914 0.02532340783052316 0.11438203757284747
    endloop
  endfacet
  facet normal 0.7216512811357632 -0.6058196198905976 0.3349656946475616
    outer loop
      vertex -0.007524079228122663 0.025789361684852144 0.11371912414523043
      vertex -0.008222944811642914 0.02532340783052316 0.11438203757284747
      vertex -0.008203843329020195 0.025260725958004993 0.1142275187119124
    endloop
  endfacet
  facet normal 0.7115797730860403 -0.6279296729504455 0.3152119165944809
    outer loop
      vertex -0.007538391274071373 0.025856208455191123 0.11388453385572396
      vertex -0.007552736056572307 0.02592303179223351 0.1140500346204637
      vertex -0.008242013557713406 0.02538611313633791 0.1145364653795363
    endloop
  endfacet
  facet normal 0.7183370117446761 -0.6091512331993469 0.336045700239482
    outer loop
      vertex -0.007538391274071373 0.025856208455191123 0.11388453385572396
      vertex -0.008242013557713406 0.02538611313633791 0.1145364653795363
      vertex -0.008222944811642914 0.02532340783052316 0.11438203757284747
    endloop
  endfacet
  facet normal 0.7084151929916422 -0.6310618229475453 0.3160836755619235
    outer loop
      vertex -0.007552736056572307 0.02592303179223351 0.1140500346204637
      vertex -0.007567115954617604 0.02598982976459862 0.1142156255462394
      vertex -0.008261047188239537 0.02544884380682995 0.11469080302518916
    endloop
  endfacet
  facet normal 0.7150006025925617 -0.6124749012305866 0.33711813011889025
    outer loop
      vertex -0.007552736056572307 0.02592303179223351 0.1140500346204637
      vertex -0.008261047188239537 0.02544884380682995 0.11469080302518916
      vertex -0.008242013557713406 0.02538611313633791 0.1145364653795363
    endloop
  endfacet
  facet normal 0.7052341383969114 -0.6341821737210409 0.31695075417802926
    outer loop
      vertex -0.007567115954617604 0.02598982976459862 0.1142156255462394
      vertex -0.007581533362851572 0.026056600423354795 0.11438130557473708
      vertex -0.008280043308577 0.025511601790930913 0.11484505156812005
    endloop
  endfacet
  facet normal 0.7116422287604952 -0.6157903397013808 0.33818278456369266
    outer loop
      vertex -0.007567115954617604 0.02598982976459862 0.1142156255462394
      vertex -0.008280043308577 0.025511601790930913 0.11484505156812005
      vertex -0.008261047188239537 0.02544884380682995 0.11469080302518916
    endloop
  endfacet
  facet normal 0.7020367480508883 -0.6372905122131527 0.3178131643422451
    outer loop
      vertex -0.007581533362851572 0.026056600423354795 0.11438130557473708
      vertex -0.007595990685032943 0.026123341807135686 0.11454707347870137
      vertex -0.008298999514967055 0.02557438905000716 0.11499921223558433
    endloop
  endfacet
  facet normal 0.7082620746544365 -0.619097261766351 0.3392394642131124
    outer loop
      vertex -0.007581533362851572 0.026056600423354795 0.11438130557473708
      vertex -0.008298999514967055 0.02557438905000716 0.11499921223558433
      vertex -0.008280043308577 0.025511601790930913 0.11484505156812005
    endloop
  endfacet
  facet normal 0.6988231606128533 -0.6403866296749223 0.3186709191700053
    outer loop
      vertex -0.007595990685032943 0.026123341807135686 0.11454707347870137
      vertex -0.00761049032713589 0.026190051947563287 0.11471292785867858
      vertex -0.008317913401435536 0.025637207552436706 0.11515328642703572
    endloop
  endfacet
  facet normal 0.7048603340864569 -0.6223953780502747 0.340287970420913
    outer loop
      vertex -0.007595990685032943 0.026123341807135686 0.11454707347870137
      vertex -0.008317913401435536 0.025637207552436706 0.11515328642703572
      vertex -0.008298999514967055 0.02557438905000716 0.11499921223558433
    endloop
  endfacet
  facet normal 0.6921767799957278 -0.6595701364108896 0.29301628007615227
    outer loop
      vertex -0.00761049032713589 0.026190051947563287 0.11471292785867858
      vertex -0.0076340491221585285 0.02624314114163499 0.11488808160044961
      vertex -0.008345837749270042 0.025686435429793573 0.11531637554240753
    endloop
  endfacet
  facet normal 0.6981951377723675 -0.6434802176929446 0.3137782003722777
    outer loop
      vertex -0.00761049032713589 0.026190051947563287 0.11471292785867858
      vertex -0.008345837749270042 0.025686435429793573 0.11531637554240753
      vertex -0.008317913401435536 0.025637207552436706 0.11515328642703572
    endloop
  endfacet
  facet normal 0.6872614192573174 -0.6703521019026567 0.2798210161426548
    outer loop
      vertex -0.0076340491221585285 0.02624314114163499 0.11488808160044961
      vertex -0.007662155528749378 0.02628940742405357 0.1150679506797782
      vertex -0.00837824929267919 0.025728880433089275 0.11548390646307895
    endloop
  endfacet
  facet normal 0.6931480659771677 -0.655336017030467 0.3001340757307566
    outer loop
      vertex -0.0076340491221585285 0.02624314114163499 0.11488808160044961
      vertex -0.00837824929267919 0.025728880433089275 0.11548390646307895
      vertex -0.008345837749270042 0.025686435429793573 0.11531637554240753
    endloop
  endfacet
  facet normal 0.6842787550206343 -0.6733254548234447 0.27999181651293314
    outer loop
      vertex -0.007662155528749378 0.02628940742405357 0.1150679506797782
      vertex -0.007690304015233212 0.026335643439060346 0.11524793200119016
      vertex -0.008410618756195358 0.02577135570379679 0.11565132514166698
    endloop
  endfacet
  facet normal 0.689987101227731 -0.658508612261515 0.30047330616340395
    outer loop
      vertex -0.007662155528749378 0.02628940742405357 0.1150679506797782
      vertex -0.008410618756195358 0.02577135570379679 0.11565132514166698
      vertex -0.00837824929267919 0.025728880433089275 0.11548390646307895
    endloop
  endfacet
  facet normal 0.6812826936157604 -0.6762875918732867 0.28015885575488164
    outer loop
      vertex -0.007690304015233212 0.026335643439060346 0.11524793200119016
      vertex -0.007718497729433388 0.02638184663806945 0.11542802461190592
      vertex -0.00844294299199518 0.025813863790501972 0.11581863253095125
    endloop
  endfacet
  facet normal 0.6868070621425579 -0.6616736841288414 0.3008055769470954
    outer loop
      vertex -0.007690304015233212 0.026335643439060346 0.11524793200119016
      vertex -0.00844294299199518 0.025813863790501972 0.11581863253095125
      vertex -0.008410618756195358 0.02577135570379679 0.11565132514166698
    endloop
  endfacet
  facet normal 0.6782733510304688 -0.6792383390991523 0.28032220743231046
    outer loop
      vertex -0.007718497729433388 0.02638184663806945 0.11542802461190592
      vertex -0.007746739854459249 0.026428014436848855 0.11560822731581227
      vertex -0.008475218816969322 0.02585640727743685 0.11598582982704489
    endloop
  endfacet
  facet normal 0.6836080991968807 -0.6648309931306892 0.3011307312203276
    outer loop
      vertex -0.007718497729433388 0.02638184663806945 0.11542802461190592
      vertex -0.008475218816969322 0.02585640727743685 0.11598582982704489
      vertex -0.00844294299199518 0.025813863790501972 0.11581863253095125
    endloop
  endfacet
  facet normal 0.6752508412772531 -0.6821775273515853 0.2804819468893478
    outer loop
      vertex -0.007746739854459249 0.026428014436848855 0.11560822731581227
      vertex -0.007775033598745658 0.02647414422323327 0.11578853866492456
      vertex -0.008507443022682911 0.025898988776766725 0.1161529184779326
    endloop
  endfacet
  facet normal 0.6803903721400659 -0.6679802960995829 0.30144861174305687
    outer loop
      vertex -0.007746739854459249 0.026428014436848855 0.11560822731581227
      vertex -0.008507443022682911 0.025898988776766725 0.1161529184779326
      vertex -0.008475218816969322 0.02585640727743685 0.11598582982704489
    endloop
  endfacet
  facet normal 0.672215276205255 -0.6851049924405341 0.28063815095127115
    outer loop
      vertex -0.007775033598745658 0.02647414422323327 0.11578853866492456
      vertex -0.007803382185316829 0.026520233365484577 0.1159689569517256
      vertex -0.008539612386111742 0.025941610920229702 0.11631990019113156
    endloop
  endfacet
  facet normal 0.6771540501780159 -0.6711213461330918 0.30175906132544883
    outer loop
      vertex -0.007775033598745658 0.02647414422323327 0.11578853866492456
      vertex -0.008539612386111742 0.025941610920229702 0.11631990019113156
      vertex -0.008507443022682911 0.025898988776766725 0.1161529184779326
    endloop
  endfacet
  facet normal 0.6631193357611653 -0.7154252617969041 0.22008962111490454
    outer loop
      vertex -0.007803382185316829 0.026520233365484577 0.1159689569517256
      vertex -0.007841708307702084 0.026541943666113395 0.11615500339099906
      vertex -0.00858158347515506 0.025959995405315173 0.11649252518042953
    endloop
  endfacet
  facet normal 0.6676997057570124 -0.7055354918905782 0.23748004677176382
    outer loop
      vertex -0.007803382185316829 0.026520233365484577 0.1159689569517256
      vertex -0.00858158347515506 0.025959995405315173 0.11649252518042953
      vertex -0.008539612386111742 0.025941610920229702 0.11631990019113156
    endloop
  endfacet
  facet normal 0.6607190522476196 -0.7177457768678592 0.21975289255288646
    outer loop
      vertex -0.007841708307702084 0.026541943666113395 0.11615500339099906
      vertex -0.007880086244492228 0.026563616412493222 0.11634117867058318
      vertex -0.008623502749793488 0.02597841744464963 0.11666502132941685
    endloop
  endfacet
  facet normal 0.6651334870372605 -0.7080312713664215 0.23725337339836333
    outer loop
      vertex -0.007841708307702084 0.026541943666113395 0.11615500339099906
      vertex -0.008623502749793488 0.02597841744464963 0.11666502132941685
      vertex -0.00858158347515506 0.025959995405315173 0.11649252518042953
    endloop
  endfacet
  facet normal 0.6583113704906552 -0.7200579071917467 0.2194145614433035
    outer loop
      vertex -0.007880086244492228 0.026563616412493222 0.11634117867058318
      vertex -0.007918519815668514 0.026585248517692894 0.11652748182677868
      vertex -0.008665366390045774 0.02599688012516424 0.11683738960179278
    endloop
  endfacet
  facet normal 0.6625551944247137 -0.710521702708736 0.2370222021682953
    outer loop
      vertex -0.007880086244492228 0.026563616412493222 0.11634117867058318
      vertex -0.008665366390045774 0.02599688012516424 0.11683738960179278
      vertex -0.008623502749793488 0.02597841744464963 0.11666502132941685
    endloop
  endfacet
  facet normal 0.6558963494328391 -0.7223615747944313 0.219074722551882
    outer loop
      vertex -0.007918519815668514 0.026585248517692894 0.11652748182677868
      vertex -0.007957012897065203 0.026606836840456245 0.1167139115796925
      vertex -0.008707170520077655 0.02601538658811518 0.11700963127745036
    endloop
  endfacet
  facet normal 0.6599649162481256 -0.7130066609039432 0.23678642450152
    outer loop
      vertex -0.007918519815668514 0.026585248517692894 0.11652748182677868
      vertex -0.008707170520077655 0.02601538658811518 0.11700963127745036
      vertex -0.008665366390045774 0.02599688012516424 0.11683738960179278
    endloop
  endfacet
  facet normal 0.6534740444680661 -0.7246567058781467 0.21873347213533922
    outer loop
      vertex -0.007957012897065203 0.026606836840456245 0.1167139115796925
      vertex -0.007995569407168179 0.026628378195334586 0.11690046631896263
      vertex -0.008748911221403248 0.02603394001895112 0.11718174796675167
    endloop
  endfacet
  facet normal 0.6573627478473484 -0.7154860169416838 0.23654593064246096
    outer loop
      vertex -0.007957012897065203 0.026606836840456245 0.1167139115796925
      vertex -0.008748911221403248 0.02603394001895112 0.11718174796675167
      vertex -0.008707170520077655 0.02601538658811518 0.11700963127745036
    endloop
  endfacet
  facet normal 0.6510445072355301 -0.726943230973734 0.2183909076402087
    outer loop
      vertex -0.007995569407168179 0.026628378195334586 0.11690046631896263
      vertex -0.008034193292624295 0.026649869363884165 0.11708714409056792
      vertex -0.008790584547375704 0.02605254363611583 0.11735374162371781
    endloop
  endfacet
  facet normal 0.654748791817352 -0.717959637648421 0.2363006100742566
    outer loop
      vertex -0.007995569407168179 0.026628378195334586 0.11690046631896263
      vertex -0.008790584547375704 0.02605254363611583 0.11735374162371781
      vertex -0.008748911221403248 0.02603394001895112 0.11718174796675167
    endloop
  endfacet
  facet normal 0.6491352998009238 -0.7257709869219957 0.2277714580333477
    outer loop
      vertex -0.008034193292624295 0.026649869363884165 0.11708714409056792
      vertex -0.008074889655616323 0.02667177206405091 0.11727291710389129
      vertex -0.008834167321526532 0.02607168522166337 0.11752469718182301
    endloop
  endfacet
  facet normal 0.652658816250043 -0.7163971363573889 0.2466001066301991
    outer loop
      vertex -0.008034193292624295 0.026649869363884165 0.11708714409056792
      vertex -0.008834167321526532 0.02607168522166337 0.11752469718182301
      vertex -0.008790584547375704 0.02605254363611583 0.11735374162371781
    endloop
  endfacet
  facet normal 0.6472276220712777 -0.7211790282360799 0.24697614148014965
    outer loop
      vertex -0.008074889655616323 0.02667177206405091 0.11727291710389129
      vertex -0.008119660705264996 0.026694550337408855 0.11745675782945617
      vertex -0.00888163926044929 0.026091850234019713 0.11769369931340098
    endloop
  endfacet
  facet normal 0.6505059317676052 -0.7108202983995491 0.26753791529115184
    outer loop
      vertex -0.008074889655616323 0.02667177206405091 0.11727291710389129
      vertex -0.00888163926044929 0.026091850234019713 0.11769369931340098
      vertex -0.008834167321526532 0.02607168522166337 0.11752469718182301
    endloop
  endfacet
  facet normal 0.6444876993193988 -0.7237854043161991 0.24651631573756877
    outer loop
      vertex -0.008119660705264996 0.026694550337408855 0.11745675782945617
      vertex -0.008164506592679944 0.02671727224662851 0.11764071485850594
      vertex -0.00892903636160577 0.02611207161051434 0.11786258514149406
    endloop
  endfacet
  facet normal 0.6475520632738462 -0.713646206497492 0.267180495735605
    outer loop
      vertex -0.008119660705264996 0.026694550337408855 0.11745675782945617
      vertex -0.00892903636160577 0.02611207161051434 0.11786258514149406
      vertex -0.00888163926044929 0.026091850234019713 0.11769369931340098
    endloop
  endfacet
  facet normal 0.6417381530092244 -0.7263810065632166 0.2460544173074677
    outer loop
      vertex -0.008164506592679944 0.02671727224662851 0.11764071485850594
      vertex -0.008209431161633309 0.02673993462539662 0.11782478524383444
      vertex -0.008976354781223833 0.02613235251746052 0.11803135761330844
    endloop
  endfacet
  facet normal 0.6445835139657858 -0.7164643997232886 0.2668161491601796
    outer loop
      vertex -0.008164506592679944 0.02671727224662851 0.11764071485850594
      vertex -0.008976354781223833 0.02613235251746052 0.11803135761330844
      vertex -0.00892903636160577 0.02611207161051434 0.11786258514149406
    endloop
  endfacet
  facet normal 0.6389790453123517 -0.7289657435488609 0.24559056248962796
    outer loop
      vertex -0.008209431161633309 0.02673993462539662 0.11782478524383444
      vertex -0.008254438217441158 0.026762534326892025 0.11800896566713108
      vertex -0.009023590713987409 0.026152696101679397 0.11820002004715464
    endloop
  endfacet
  facet normal 0.6416004552668323 -0.7192746684420741 0.26644475438435244
    outer loop
      vertex -0.008209431161633309 0.02673993462539662 0.11782478524383444
      vertex -0.009023590713987409 0.026152696101679397 0.11820002004715464
      vertex -0.008976354781223833 0.02613235251746052 0.11803135761330844
    endloop
  endfacet
  facet normal 0.6362104338726778 -0.7315395296186075 0.245124867030919
    outer loop
      vertex -0.008254438217441158 0.026762534326892025 0.11800896566713108
      vertex -0.008299531507644462 0.026785068239102525 0.11819325243416165
      vertex -0.009070740412355534 0.026173105475183187 0.11836857613726692
    endloop
  endfacet
  facet normal 0.6386030684476208 -0.7220767979699223 0.2660661925213107
    outer loop
      vertex -0.008254438217441158 0.026762534326892025 0.11800896566713108
      vertex -0.009070740412355534 0.026173105475183187 0.11836857613726692
      vertex -0.009023590713987409 0.026152696101679397 0.11820002004715464
    endloop
  endfacet
  facet normal 0.6334323717137262 -0.734102284949886 0.24465744561831723
    outer loop
      vertex -0.008299531507644462 0.026785068239102525 0.11819325243416165
      vertex -0.008344714701893234 0.026807533300848965 0.11837764147223157
      vertex -0.00911780020667819 0.026193583699151028 0.11853702995633986
    endloop
  endfacet
  facet normal 0.6355915446888204 -0.7248705685730177 0.2656803476674726
    outer loop
      vertex -0.008299531507644462 0.026785068239102525 0.11819325243416165
      vertex -0.00911780020667819 0.026193583699151028 0.11853702995633986
      vertex -0.009070740412355534 0.026173105475183187 0.11836857613726692
    endloop
  endfacet
  facet normal 0.6313115791600822 -0.7415819501031709 0.22694030338302917
    outer loop
      vertex -0.008344714701893234 0.026807533300848965 0.11837764147223157
      vertex -0.008392550601095934 0.026824312004210538 0.1185655417261292
      vertex -0.009167348013189776 0.0262084945386466 0.1187085725595851
    endloop
  endfacet
  facet normal 0.6333602372251885 -0.7334828539549776 0.24669356062960776
    outer loop
      vertex -0.008344714701893234 0.026807533300848965 0.11837764147223157
      vertex -0.009167348013189776 0.0262084945386466 0.1187085725595851
      vertex -0.00911780020667819 0.026193583699151028 0.11853702995633986
    endloop
  endfacet
  facet normal 0.6290512000752765 -0.7462169310407955 0.2178414090844792
    outer loop
      vertex -0.008392550601095934 0.026824312004210538 0.1185655417261292
      vertex -0.008441765635619086 0.026838207037029462 0.11875525535977245
      vertex -0.00921808704295234 0.026220662177256247 0.1188816017830847
    endloop
  endfacet
  facet normal 0.6309264039021892 -0.7387692514930642 0.2369638493682723
    outer loop
      vertex -0.008392550601095934 0.026824312004210538 0.1185655417261292
      vertex -0.00921808704295234 0.026220662177256247 0.1188816017830847
      vertex -0.009167348013189776 0.0262084945386466 0.1187085725595851
    endloop
  endfacet
  facet normal 0.6265104349957544 -0.748520646577768 0.21725909989740497
    outer loop
      vertex -0.008441765635619086 0.026838207037029462 0.11875525535977245
      vertex -0.008491084628384903 0.02685202203159298 0.11894507328819935
      vertex -0.009268722114472237 0.0262329098541213 0.11905452671180065
    endloop
  endfacet
  facet normal 0.6281595299913149 -0.7412912700978831 0.23643785178722493
    outer loop
      vertex -0.008441765635619086 0.026838207037029462 0.11875525535977245
      vertex -0.009268722114472237 0.0262329098541213 0.11905452671180065
      vertex -0.00921808704295234 0.026220662177256247 0.1188816017830847
    endloop
  endfacet
  facet normal 0.6239621852611358 -0.7508146371046563 0.21667619175523517
    outer loop
      vertex -0.008491084628384903 0.02685202203159298 0.11894507328819935
      vertex -0.008540511426747433 0.026865753739375522 0.11913498995591892
      vertex -0.009319249380395422 0.026245240817767333 0.11922735290122391
    endloop
  endfacet
  facet normal 0.6253811864394591 -0.743805742031343 0.2359054678653671
    outer loop
      vertex -0.008491084628384903 0.02685202203159298 0.11894507328819935
      vertex -0.009319249380395422 0.026245240817767333 0.11922735290122391
      vertex -0.009268722114472237 0.0262329098541213 0.11905452671180065
    endloop
  endfacet
  facet normal 0.621406461973275 -0.7530988737919029 0.2160927932884953
    outer loop
      vertex -0.008540511426747433 0.026865753739375522 0.11913498995591892
      vertex -0.00859004970519915 0.026879399036830037 0.11932499936745752
      vertex -0.00936966516622942 0.02625765819174139 0.11940008634682817
    endloop
  endfacet
  facet normal 0.6225915678592143 -0.7463124695369323 0.23536660222786648
    outer loop
      vertex -0.008540511426747433 0.026865753739375522 0.11913498995591892
      vertex -0.00936966516622942 0.02625765819174139 0.11940008634682817
      vertex -0.009319249380395422 0.026245240817767333 0.11922735290122391
    endloop
  endfacet
  facet normal 0.6188432709375108 -0.7553733334347349 0.21550900944289886
    outer loop
      vertex -0.00859004970519915 0.026879399036830037 0.11932499936745752
      vertex -0.008639702938566272 0.02689295494715742 0.11951509509768789
      vertex -0.009419965997148009 0.02627016495284258 0.11957273347374066
    endloop
  endfacet
  facet normal 0.6197908781160776 -0.748811249650711 0.23482116557210458
    outer loop
      vertex -0.00859004970519915 0.026879399036830037 0.11932499936745752
      vertex -0.009419965997148009 0.02627016495284258 0.11957273347374066
      vertex -0.00936966516622942 0.02625765819174139 0.11940008634682817
    endloop
  endfacet
  facet normal 0.6162726128025161 -0.7576379983222246 0.21492494086972086
    outer loop
      vertex -0.008639702938566272 0.02689295494715742 0.11951509509768789
      vertex -0.008689474375425315 0.02690641866201724 0.11970527030605149
      vertex -0.009470148624574685 0.02628276390941133 0.11974530112251991
    endloop
  endfacet
  facet normal 0.6169793300856012 -0.751301874428647 0.23426907548185769
    outer loop
      vertex -0.008639702938566272 0.02689295494715742 0.11951509509768789
      vertex -0.009470148624574685 0.02628276390941133 0.11974530112251991
      vertex -0.009419965997148009 0.02627016495284258 0.11957273347374066
    endloop
  endfacet
  facet normal 0.6173259656908938 -0.7657592920448381 0.18033679250445167
    outer loop
      vertex -0.008689474375425315 0.02690641866201724 0.11970527030605149
      vertex -0.008740353493868725 0.026911382644064875 0.1199005172981717
      vertex -0.009521197591845559 0.02628703847022084 0.1199223541303997
    endloop
  endfacet
  facet normal 0.6181087022676435 -0.7611130997552034 0.19659217065294274
    outer loop
      vertex -0.008689474375425315 0.02690641866201724 0.11970527030605149
      vertex -0.009521197591845559 0.02628703847022084 0.1199223541303997
      vertex -0.009470148624574685 0.02628276390941133 0.11974530112251991
    endloop
  endfacet
  facet normal 0.6151452588392026 -0.7676486039334504 0.17975519855257352
    outer loop
      vertex -0.008740353493868725 0.026911382644064875 0.1199005172981717
      vertex -0.00879136293412427 0.026916244660991136 0.12009584147303674
      vertex -0.009572116237304302 0.026291414996151723 0.12009932995553467
    endloop
  endfacet
  facet normal 0.6157155258701883 -0.763196496661354 0.1960242298447657
    outer loop
      vertex -0.008740353493868725 0.026911382644064875 0.1199005172981717
      vertex -0.009572116237304302 0.026291414996151723 0.12009932995553467
      vertex -0.009521197591845559 0.02628703847022084 0.1199223541303997
    endloop
  endfacet
  facet normal 0.6129593926431514 -0.7695306050119716 0.1791743031811421
    outer loop
      vertex -0.00879136293412427 0.026916244660991136 0.12009584147303674
      vertex -0.008842505702092539 0.0269210020513348 0.12029123443307502
      vertex -0.009622901555050316 0.0262958961486652 0.12027623699549636
    endloop
  endfacet
  facet normal 0.6133147690512489 -0.7652736907945404 0.1954512016880817
    outer loop
      vertex -0.00879136293412427 0.026916244660991136 0.12009584147303674
      vertex -0.009622901555050316 0.0262958961486652 0.12027623699549636
      vertex -0.009572116237304302 0.026291414996151723 0.12009932995553467
    endloop
  endfacet
  facet normal 0.610768327372492 -0.7714053212105131 0.1785941787593139
    outer loop
      vertex -0.008842505702092539 0.0269210020513348 0.12029123443307502
      vertex -0.008893784459591344 0.02692565241668423 0.12048668737429574
      vertex -0.009673550883265799 0.026300484326172907 0.12045308405427566
    endloop
  endfacet
  facet normal 0.6109066169106626 -0.7673445162985386 0.19487303230906652
    outer loop
      vertex -0.008842505702092539 0.0269210020513348 0.12029123443307502
      vertex -0.009673550883265799 0.026300484326172907 0.12045308405427566
      vertex -0.009622901555050316 0.0262958961486652 0.12027623699549636
    endloop
  endfacet
  facet normal 0.6085720190805525 -0.7732727824234311 0.1780148913864926
    outer loop
      vertex -0.008893784459591344 0.02692565241668423 0.12048668737429574
      vertex -0.008945201497452891 0.026930193644267006 0.12068219112099934
      vertex -0.009724061931118536 0.026305181641447274 0.12062988030757205
    endloop
  endfacet
  facet normal 0.6084912608686431 -0.7694088035090914 0.19428967684670534
    outer loop
      vertex -0.008893784459591344 0.02692565241668423 0.12048668737429574
      vertex -0.009724061931118536 0.026305181641447274 0.12062988030757205
      vertex -0.009673550883265799 0.026300484326172907 0.12045308405427566
    endloop
  endfacet
  facet normal 0.6063704200018302 -0.775133022179966 0.1774365003964972
    outer loop
      vertex -0.008945201497452891 0.026930193644267006 0.12068219112099934
      vertex -0.008996758710931065 0.026934623927827587 0.12087773616499412
      vertex -0.009774432803354653 0.026309989900743836 0.1208066352635773
    endloop
  endfacet
  facet normal 0.606068898099795 -0.771466379424774 0.19370110008291322
    outer loop
      vertex -0.008945201497452891 0.026930193644267006 0.12068219112099934
      vertex -0.009774432803354653 0.026309989900743836 0.1208066352635773
      vertex -0.009724061931118536 0.026305181641447274 0.12062988030757205
    endloop
  endfacet
  facet normal 0.6072262062129491 -0.7783494065923301 0.15952597200956511
    outer loop
      vertex -0.008996758710931065 0.026934623927827587 0.12087773616499412
      vertex -0.00904816055692881 0.026935098594323813 0.12107571022480004
      vertex -0.009824344664499761 0.02631107643424761 0.12098551834662849
    endloop
  endfacet
  facet normal 0.6069379008070751 -0.7754549249268962 0.17405758808659516
    outer loop
      vertex -0.008996758710931065 0.026934623927827587 0.12087773616499412
      vertex -0.009824344664499761 0.02631107643424761 0.12098551834662849
      vertex -0.009774432803354653 0.026309989900743836 0.1208066352635773
    endloop
  endfacet
  facet normal 0.6111551667807916 -0.7815275409831588 0.12531586013733437
    outer loop
      vertex -0.00904816055692881 0.026935098594323813 0.12107571022480004
      vertex -0.009099119080286142 0.02692776711845018 0.12127850829443147
      vertex -0.009873471091142432 0.026304614424406958 0.1211686917055685
    endloop
  endfacet
  facet normal 0.6110487407647517 -0.7797576108354648 0.13637266864727432
    outer loop
      vertex -0.00904816055692881 0.026935098594323813 0.12107571022480004
      vertex -0.009873471091142432 0.026304614424406958 0.1211686917055685
      vertex -0.009824344664499761 0.02631107643424761 0.12098551834662849
    endloop
  endfacet
  facet normal 0.6096252927620573 -0.782794042056062 0.12486188428142607
    outer loop
      vertex -0.009099119080286142 0.02692776711845018 0.12127850829443147
      vertex -0.009150233327022847 0.026920311654134988 0.12148132795176905
      vertex -0.009922441794405722 0.026298276403007862 0.12135184347680233
    endloop
  endfacet
  facet normal 0.6093597392040015 -0.7811611481565233 0.13589690521867553
    outer loop
      vertex -0.009099119080286142 0.02692776711845018 0.12127850829443147
      vertex -0.009922441794405722 0.026298276403007862 0.12135184347680233
      vertex -0.009873471091142432 0.026304614424406958 0.1211686917055685
    endloop
  endfacet
  facet normal 0.6080928172804253 -0.7840570481687372 0.12440928738997684
    outer loop
      vertex -0.009150233327022847 0.026920311654134988 0.12148132795176905
      vertex -0.009201503879213476 0.026912731381864802 0.12168415757288525
      vertex -0.009971256192215096 0.02629206318956376 0.12153498528425757
    endloop
  endfacet
  facet normal 0.6076676394539958 -0.7825611707612217 0.13541807108814793
    outer loop
      vertex -0.009150233327022847 0.026920311654134988 0.12148132795176905
      vertex -0.009971256192215096 0.02629206318956376 0.12153498528425757
      vertex -0.009922441794405722 0.026298276403007862 0.12135184347680233
    endloop
  endfacet
  facet normal 0.6065576712337598 -0.7853166144599345 0.12395808372455953
    outer loop
      vertex -0.009201503879213476 0.026912731381864802 0.12168415757288525
      vertex -0.009252930768364974 0.026905025917872673 0.12188698537137925
      vertex -0.010019914253063597 0.026285975167841612 0.12171812891433499
    endloop
  endfacet
  facet normal 0.6059725738098475 -0.7839575692109682 0.1349361681207051
    outer loop
      vertex -0.009201503879213476 0.026912731381864802 0.12168415757288525
      vertex -0.010019914253063597 0.026285975167841612 0.12171812891433499
      vertex -0.009971256192215096 0.02629206318956376 0.12153498528425757
    endloop
  endfacet
  facet normal 0.6050197844452538 -0.7865727970061245 0.12350828085509337
    outer loop
      vertex -0.009252930768364974 0.026905025917872673 0.12188698537137925
      vertex -0.009304513466361216 0.026897195323474232 0.12208979946701044
      vertex -0.010068416505067351 0.026280012276525766 0.12190128624727521
    endloop
  endfacet
  facet normal 0.6042746757708627 -0.7853502334059533 0.13445120717655634
    outer loop
      vertex -0.009252930768364974 0.026905025917872673 0.12188698537137925
      vertex -0.010068416505067351 0.026280012276525766 0.12190128624727521
      vertex -0.010019914253063597 0.026285975167841612 0.12171812891433499
    endloop
  endfacet
  facet normal 0.6034790861784471 -0.7878256524076765 0.12305987954506283
    outer loop
      vertex -0.009304513466361216 0.026897195323474232 0.12208979946701044
      vertex -0.00935625088185198 0.02688924011010413 0.12229258795624441
      vertex -0.010116764039576589 0.026274174004181583 0.12208446918661268
    endloop
  endfacet
  facet normal 0.6025740793584762 -0.7867390531399594 0.13396320819435836
    outer loop
      vertex -0.009304513466361216 0.026897195323474232 0.12208979946701044
      vertex -0.010116764039576589 0.026274174004181583 0.12208446918661268
      vertex -0.010068416505067351 0.026280012276525766 0.12190128624727521
    endloop
  endfacet
  facet normal 0.6164969465567652 -0.784842158271856 0.06288323691859213
    outer loop
      vertex -0.00935625088185198 0.02688924011010413 0.12229258795624441
      vertex -0.009406185832804389 0.026865782371576916 0.1224893673089162
      vertex -0.010163081995767036 0.026253029456994512 0.12226211840536945
    endloop
  endfacet
  facet normal 0.6162177222213467 -0.7846979807810467 0.06726661711787787
    outer loop
      vertex -0.00935625088185198 0.02688924011010413 0.12229258795624441
      vertex -0.010163081995767036 0.026253029456994512 0.12226211840536945
      vertex -0.010116764039576589 0.026274174004181583 0.12208446918661268
    endloop
  endfacet
  facet normal 0.6229903502046958 -0.7815843631845107 0.0317632929227008
    outer loop
      vertex -0.009406185832804389 0.026865782371576916 0.1224893673089162
      vertex -0.009455290999522702 0.026834516008477454 0.12268313640374813
      vertex -0.01020831371476301 0.02622428913437969 0.12243700645339468
    endloop
  endfacet
  facet normal 0.6229360472256922 -0.7815903388693006 0.03266838307908923
    outer loop
      vertex -0.009406185832804389 0.026865782371576916 0.1224893673089162
      vertex -0.01020831371476301 0.02622428913437969 0.12243700645339468
      vertex -0.010163081995767036 0.026253029456994512 0.12226211840536945
    endloop
  endfacet
  facet normal 0.622870634543337 -0.7816816766220507 0.031716384676070505
    outer loop
      vertex -0.009455290999522702 0.026834516008477454 0.12268313640374813
      vertex -0.009504542122140585 0.026803131891627523 0.12287687503383392
      vertex -0.01025339947785941 0.026195666565515335 0.12261192496616603
    endloop
  endfacet
  facet normal 0.6228034387906626 -0.781698146490698 0.03261724089393329
    outer loop
      vertex -0.009455290999522702 0.026834516008477454 0.12268313640374813
      vertex -0.01025339947785941 0.026195666565515335 0.12261192496616603
      vertex -0.01020831371476301 0.02622428913437969 0.12243700645339468
    endloop
  endfacet
  facet normal 0.6227508785494973 -0.7817789829441915 0.031669624130621604
    outer loop
      vertex -0.009504542122140585 0.026803131891627523 0.12287687503383392
      vertex -0.009553937406832769 0.026771631126289726 0.12307057233270972
      vertex -0.010298341078881517 0.02616716064513884 0.12278688481014739
    endloop
  endfacet
  facet normal 0.6226708430666608 -0.7818059109020558 0.03256591582100592
    outer loop
      vertex -0.009504542122140585 0.026803131891627523 0.12287687503383392
      vertex -0.010298341078881517 0.02616716064513884 0.12278688481014739
      vertex -0.01025339947785941 0.026195666565515335 0.12261192496616603
    endloop
  endfacet
  facet normal 0.6226310754889923 -0.7818762875927432 0.0316230095912859
    outer loop
      vertex -0.009553937406832769 0.026771631126289726 0.12307057233270972
      vertex -0.009603474562004787 0.02674001521950523 0.12326421754406132
      vertex -0.010343140809423782 0.02613876986620905 0.1229618967416529
    endloop
  endfacet
  facet normal 0.6225382682146514 -0.7819136254840102 0.03251441050909041
    outer loop
      vertex -0.009553937406832769 0.026771631126289726 0.12307057233270972
      vertex -0.010343140809423782 0.02613876986620905 0.1229618967416529
      vertex -0.010298341078881517 0.02616716064513884 0.12278688481014739
    endloop
  endfacet
  facet normal 0.6225112187075065 -0.7819735959584156 0.031576538872390265
    outer loop
      vertex -0.009603474562004787 0.02674001521950523 0.12326421754406132
      vertex -0.009653150809923603 0.02670828607265831 0.12345780008332835
      vertex -0.010387801447219253 0.026110492327341684 0.12313697134524304
    endloop
  endfacet
  facet normal 0.6224057222612189 -0.7820212837074925 0.03246272824295523
    outer loop
      vertex -0.009603474562004787 0.02674001521950523 0.12326421754406132
      vertex -0.010387801447219253 0.026110492327341684 0.12313697134524304
      vertex -0.010343140809423782 0.02613876986620905 0.1229618967416529
    endloop
  endfacet
  facet normal 0.6223913016675557 -0.7820709133509114 0.03153020930848332
    outer loop
      vertex -0.009653150809923603 0.02670828607265831 0.12345780008332835
      vertex -0.00970296290296677 0.026676445970296433 0.12365130959773998
      vertex -0.01043232623989037 0.026082325743989276 0.12331211897368854
    endloop
  endfacet
  facet normal 0.622273213051493 -0.7821288791720417 0.032410872923404714
    outer loop
      vertex -0.009653150809923603 0.02670828607265831 0.12345780008332835
      vertex -0.01043232623989037 0.026082325743989276 0.12331211897368854
      vertex -0.010387801447219253 0.026110492327341684 0.12313697134524304
    endloop
  endfacet
  facet normal 0.6413553460513404 -0.7665265109401237 -0.03317270138722349
    outer loop
      vertex -0.00970296290296677 0.026676445970296433 0.12365130959773998
      vertex -0.00974793971894777 0.026630994804958025 0.12383198230622007
      vertex -0.010472049195337944 0.026040555295041967 0.12347554626520847
    endloop
  endfacet
  facet normal 0.6420762219825495 -0.7656163455092989 -0.039619902241193654
    outer loop
      vertex -0.00970296290296677 0.026676445970296433 0.12365130959773998
      vertex -0.010472049195337944 0.026040555295041967 0.12347554626520847
      vertex -0.01043232623989037 0.026082325743989276 0.12331211897368854
    endloop
  endfacet
  facet normal 0.6421737992038838 -0.7658569092776882 -0.032802532336342144
    outer loop
      vertex -0.00974793971894777 0.026630994804958025 0.12383198230622007
      vertex -0.009793036324218712 0.0265854456643172 0.12401258622035245
      vertex -0.01051165236149557 0.02599888282139708 0.12363904235107608
    endloop
  endfacet
  facet normal 0.6429813370315841 -0.7648776274661597 -0.03920733644121753
    outer loop
      vertex -0.00974793971894777 0.026630994804958025 0.12383198230622007
      vertex -0.01051165236149557 0.02599888282139708 0.12363904235107608
      vertex -0.010472049195337944 0.026040555295041967 0.12347554626520847
    endloop
  endfacet
  facet normal 0.6429917435869839 -0.7651860582595865 -0.03243322253688762
    outer loop
      vertex -0.009793036324218712 0.0265854456643172 0.12401258622035245
      vertex -0.00983824945756366 0.026539800903269347 0.12419311294221153
      vertex -0.010551138999579197 0.025957305968159223 0.12380261562921702
    endloop
  endfacet
  facet normal 0.6438850818959149 -0.7641381129755039 -0.03879362847333107
    outer loop
      vertex -0.009793036324218712 0.0265854456643172 0.12401258622035245
      vertex -0.010551138999579197 0.025957305968159223 0.12380261562921702
      vertex -0.01051165236149557 0.02599888282139708 0.12363904235107608
    endloop
  endfacet
  facet normal 0.6438092138659045 -0.7645139292004415 -0.032064750113920744
    outer loop
      vertex -0.00983824945756366 0.026539800903269347 0.12419311294221153
      vertex -0.009883575521464839 0.026494063154274165 0.12437355434932308
      vertex -0.010590512707106588 0.025915822102868694 0.12396627422210545
    endloop
  endfacet
  facet normal 0.6447874076880576 -0.7633978423078197 -0.03837881247094236
    outer loop
      vertex -0.00983824945756366 0.026539800903269347 0.12419311294221153
      vertex -0.010590512707106588 0.025915822102868694 0.12396627422210545
      vertex -0.010551138999579197 0.025957305968159223 0.12380261562921702
    endloop
  endfacet
  facet normal 0.6446262433728798 -0.7638404943404502 -0.03169709072936426
    outer loop
      vertex -0.009883575521464839 0.026494063154274165 0.12437355434932308
      vertex -0.00992901060359926 0.026448235311313163 0.12455390263292572
      vertex -0.010629777396400742 0.025874428331543978 0.12413002593850282
    endloop
  endfacet
  facet normal 0.6456882673954836 -0.7626568544406089 -0.03796292563244097
    outer loop
      vertex -0.009883575521464839 0.026494063154274165 0.12437355434932308
      vertex -0.010629777396400742 0.025874428331543978 0.12413002593850282
      vertex -0.010590512707106588 0.025915822102868694 0.12396627422210545
    endloop
  endfacet
  facet normal 0.6454428639406027 -0.7631657269852824 -0.03133021773269644
    outer loop
      vertex -0.00992901060359926 0.026448235311313163 0.12455390263292572
      vertex -0.00997455050070744 0.026402320511855332 0.12473415033317267
      vertex -0.01066893727072113 0.025833121516716098 0.12429387823825586
    endloop
  endfacet
  facet normal 0.6465876160820871 -0.7619151868895472 -0.03754600799485544
    outer loop
      vertex -0.00992901060359926 0.026448235311313163 0.12455390263292572
      vertex -0.01066893727072113 0.025833121516716098 0.12429387823825586
      vertex -0.010629777396400742 0.025874428331543978 0.12413002593850282
    endloop
  endfacet
  facet normal 0.6476290222527896 -0.7611673551660676 -0.03465410459655457
    outer loop
      vertex -0.00997455050070744 0.026402320511855332 0.12473415033317267
      vertex -0.010019403704919522 0.02635591251837263 0.124915254792286
      vertex -0.01070718589508048 0.02579150605305594 0.12445874520771398
    endloop
  endfacet
  facet normal 0.6489136142127375 -0.7597443068321795 -0.04122753358440961
    outer loop
      vertex -0.00997455050070744 0.026402320511855332 0.12473415033317267
      vertex -0.01070718589508048 0.02579150605305594 0.12445874520771398
      vertex -0.01066893727072113 0.025833121516716098 0.12429387823825586
    endloop
  endfacet
  facet normal 0.651292022358095 -0.7576904256957934 -0.04152012068419471
    outer loop
      vertex -0.010019403704919522 0.02635591251837263 0.124915254792286
      vertex -0.010062778890516271 0.026308604844098502 0.1250981699521369
      vertex -0.010743716652340871 0.025749186584472925 0.12462554433357735
    endloop
  endfacet
  facet normal 0.6527792134927813 -0.7559724370381978 -0.04883618402653873
    outer loop
      vertex -0.010019403704919522 0.02635591251837263 0.124915254792286
      vertex -0.010743716652340871 0.025749186584472925 0.12462554433357735
      vertex -0.01070718589508048 0.02579150605305594 0.12445874520771398
    endloop
  endfacet
  facet normal 0.6522846777946649 -0.7568594548463863 -0.04109093238101784
    outer loop
      vertex -0.010062778890516271 0.026308604844098502 0.1250981699521369
      vertex -0.010106245222874058 0.02626122037088807 0.12528095879459178
      vertex -0.01078015626284023 0.025706943914826214 0.12479246977683679
    endloop
  endfacet
  facet normal 0.6538674406417598 -0.7550633032656919 -0.04834023303725674
    outer loop
      vertex -0.010062778890516271 0.026308604844098502 0.1250981699521369
      vertex -0.01078015626284023 0.025706943914826214 0.12479246977683679
      vertex -0.010743716652340871 0.025749186584472925 0.12462554433357735
    endloop
  endfacet
  facet normal 0.6532767472004571 -0.756026488572627 -0.04066251521651715
    outer loop
      vertex -0.010106245222874058 0.02626122037088807 0.12528095879459178
      vertex -0.010149797344814089 0.026213763210348896 0.12546361552022345
      vertex -0.01081651008375734 0.02566477393250825 0.12495952733691938
    endloop
  endfacet
  facet normal 0.6549533442054926 -0.7541532618349083 -0.04784322917414541
    outer loop
      vertex -0.010106245222874058 0.02626122037088807 0.12528095879459178
      vertex -0.01081651008375734 0.02566477393250825 0.12495952733691938
      vertex -0.01078015626284023 0.025706943914826214 0.12479246977683679
    endloop
  endfacet
  facet normal 0.6542682554555127 -0.7551915046887366 -0.0402348250792993
    outer loop
      vertex -0.010149797344814089 0.026213763210348896 0.12546361552022345
      vertex -0.010193429758752929 0.02616623760172306 0.12564613483094103
      vertex -0.010852783612675644 0.025622672398276935 0.1251267223119161
    endloop
  endfacet
  facet normal 0.6560368835225207 -0.7532423487960661 -0.04734523670068522
    outer loop
      vertex -0.010149797344814089 0.026213763210348896 0.12546361552022345
      vertex -0.010852783612675644 0.025622672398276935 0.1251267223119161
      vertex -0.01081651008375734 0.02566477393250825 0.12495952733691938
    endloop
  endfacet
  facet normal 0.655259224665428 -0.7543544831391473 -0.03980781655318471
    outer loop
      vertex -0.010193429758752929 0.02616623760172306 0.12564613483094103
      vertex -0.01023713685941596 0.026118647886010832 0.12582851194012773
      vertex -0.010888982454869755 0.025580634971132023 0.1252940594884437
    endloop
  endfacet
  facet normal 0.6571180215440788 -0.7523305975127222 -0.046846321180493776
    outer loop
      vertex -0.010193429758752929 0.02616623760172306 0.12564613483094103
      vertex -0.010888982454869755 0.025580634971132023 0.1252940594884437
      vertex -0.010852783612675644 0.025622672398276935 0.1251267223119161
    endloop
  endfacet
  facet normal 0.6562496741137783 -0.753515406051672 -0.03938144319782593
    outer loop
      vertex -0.01023713685941596 0.026118647886010832 0.12582851194012773
      vertex -0.01028091296618083 0.02607099848025537 0.12601074257833672
      vertex -0.01092511229096203 0.02553865723403034 0.12546154313594898
    endloop
  endfacet
  facet normal 0.6581967248645817 -0.7514180386202495 -0.0463465491016909
    outer loop
      vertex -0.01023713685941596 0.026118647886010832 0.12582851194012773
      vertex -0.01092511229096203 0.02553865723403034 0.12546154313594898
      vertex -0.010888982454869755 0.025580634971132023 0.1252940594884437
    endloop
  endfacet
  facet normal 0.6785989297474582 -0.7296298462383164 -0.08452088513411951
    outer loop
      vertex -0.01028091296618083 0.02607099848025537 0.12601074257833672
      vertex -0.010325207398547455 0.026008898387176387 0.12619119415480376
      vertex -0.010961477572881118 0.025482455698537892 0.12562726298805335
    endloop
  endfacet
  facet normal 0.6815991816833962 -0.7253450535951894 -0.0964215160299639
    outer loop
      vertex -0.01028091296618083 0.02607099848025537 0.12601074257833672
      vertex -0.010961477572881118 0.025482455698537892 0.12562726298805335
      vertex -0.01092511229096203 0.02553865723403034 0.12546154313594898
    endloop
  endfacet
  facet normal 0.690104209118216 -0.7160182367286206 -0.10523338457618227
    outer loop
      vertex -0.010325207398547455 0.026008898387176387 0.12619119415480376
      vertex -0.010369799435176628 0.025939540081518813 0.12637068718949562
      vertex -0.010997922136251946 0.025419175132766893 0.1257921699533615
    endloop
  endfacet
  facet normal 0.6935735120414659 -0.7104325032318118 -0.11933751189901631
    outer loop
      vertex -0.010325207398547455 0.026008898387176387 0.12619119415480376
      vertex -0.010997922136251946 0.025419175132766893 0.1257921699533615
      vertex -0.010961477572881118 0.025482455698537892 0.12562726298805335
    endloop
  endfacet
  facet normal 0.6920830218220942 -0.714268434905448 -0.10412345462632544
    outer loop
      vertex -0.010369799435176628 0.025939540081518813 0.12637068718949562
      vertex -0.010414458311772222 0.025870123822228974 0.12655003383796692
      vertex -0.011034299859656349 0.025355952520628167 0.12595722330489018
    endloop
  endfacet
  facet normal 0.6957250873940538 -0.708539050708604 -0.11806361163155411
    outer loop
      vertex -0.010369799435176628 0.025939540081518813 0.12637068718949562
      vertex -0.011034299859656349 0.025355952520628167 0.12595722330489018
      vertex -0.010997922136251946 0.025419175132766893 0.1257921699533615
    endloop
  endfacet
  facet normal 0.6940571894367408 -0.712511544336602 -0.10301415911534977
    outer loop
      vertex -0.010414458311772222 0.025870123822228974 0.12655003383796692
      vertex -0.010459178230711325 0.025800654134407654 0.1267292303043747
      vertex -0.011070616540717244 0.025292783337020914 0.12612242683848243
    endloop
  endfacet
  facet normal 0.6978676157891611 -0.706640986312655 -0.11678744494092641
    outer loop
      vertex -0.010414458311772222 0.025870123822228974 0.12655003383796692
      vertex -0.011070616540717244 0.025292783337020914 0.12612242683848243
      vertex -0.011034299859656349 0.025355952520628167 0.12595722330489018
    endloop
  endfacet
  facet normal 0.6960267032227713 -0.7107475737802876 -0.10190542069131972
    outer loop
      vertex -0.010459178230711325 0.025800654134407654 0.1267292303043747
      vertex -0.010503953372999059 0.02573113557580698 0.12690827330386867
      vertex -0.011106877998429514 0.025229663024193015 0.12628778383898848
    endloop
  endfacet
  facet normal 0.7000010028682916 -0.7047384086310398 -0.11550918311361989
    outer loop
      vertex -0.010459178230711325 0.025800654134407654 0.1267292303043747
      vertex -0.011106877998429514 0.025229663024193015 0.12628778383898848
      vertex -0.011070616540717244 0.025292783337020914 0.12612242683848243
    endloop
  endfacet
  facet normal 0.6979915488804044 -0.7089765369413197 -0.10079716145917786
    outer loop
      vertex -0.010503953372999059 0.02573113557580698 0.12690827330386867
      vertex -0.010548777928072389 0.025661572712841692 0.12708716005822085
      vertex -0.011143090043356181 0.02516658701572973 0.12645329708463626
    endloop
  endfacet
  facet normal 0.7021251624266815 -0.7028314111057479 -0.11422899741488204
    outer loop
      vertex -0.010503953372999059 0.02573113557580698 0.12690827330386867
      vertex -0.011143090043356181 0.02516658701572973 0.12645329708463626
      vertex -0.011106877998429514 0.025229663024193015 0.12628778383898848
    endloop
  endfacet
  facet normal 0.6999517066232881 -0.7071984524573062 -0.09968930352418856
    outer loop
      vertex -0.010548777928072389 0.025661572712841692 0.12708716005822085
      vertex -0.010593646122167665 0.025591970097639243 0.12726588828781207
      vertex -0.011179258449260905 0.025103550759503608 0.12661896885504506
    endloop
  endfacet
  facet normal 0.7042400162761278 -0.7009200820898684 -0.11294705838812831
    outer loop
      vertex -0.010548777928072389 0.025661572712841692 0.12708716005822085
      vertex -0.011179258449260905 0.025103550759503608 0.12661896885504506
      vertex -0.011143090043356181 0.02516658701572973 0.12645329708463626
    endloop
  endfacet
  facet normal 0.7199909912491905 -0.6813150712882251 -0.13199525050367863
    outer loop
      vertex -0.010593646122167665 0.025591970097639243 0.12726588828781207
      vertex -0.010640555572194496 0.02550940098960467 0.12743620650924217
      vertex -0.011217391820662646 0.02502761881039533 0.12677655063361495
    endloop
  endfacet
  facet normal 0.7250322461283276 -0.672493733456408 -0.1485948200173008
    outer loop
      vertex -0.010593646122167665 0.025591970097639243 0.12726588828781207
      vertex -0.011217391820662646 0.02502761881039533 0.12677655063361495
      vertex -0.011179258449260905 0.025103550759503608 0.12661896885504506
    endloop
  endfacet
  facet normal 0.7223343361131487 -0.6791419815491283 -0.13038127077728728
    outer loop
      vertex -0.010640555572194496 0.02550940098960467 0.12743620650924217
      vertex -0.010687508114143549 0.02542679292513308 0.1276063779705825
      vertex -0.011255482100142164 0.024951725817724053 0.12693427917227462
    endloop
  endfacet
  facet normal 0.7275591623288044 -0.670164110394483 -0.14675738635782506
    outer loop
      vertex -0.010640555572194496 0.02550940098960467 0.12743620650924217
      vertex -0.011255482100142164 0.024951725817724053 0.12693427917227462
      vertex -0.011217391820662646 0.02502761881039533 0.12677655063361495
    endloop
  endfacet
  facet normal 0.7246692535766274 -0.6769589791105043 -0.12876728436352625
    outer loop
      vertex -0.010687508114143549 0.02542679292513308 0.1276063779705825
      vertex -0.010734498452006512 0.02534415008241511 0.12777640067068755
      vertex -0.011293534583707772 0.024875867603299174 0.12709215647216957
    endloop
  endfacet
  facet normal 0.7300719054921688 -0.6678277836369241 -0.14491743930123627
    outer loop
      vertex -0.010687508114143549 0.02542679292513308 0.1276063779705825
      vertex -0.011293534583707772 0.024875867603299174 0.12709215647216957
      vertex -0.011255482100142164 0.024951725817724053 0.12693427917227462
    endloop
  endfacet
  facet normal 0.7269956832954965 -0.6747661313000787 -0.12715323244038762
    outer loop
      vertex -0.010734498452006512 0.02534415008241511 0.12777640067068755
      vertex -0.010781521344988684 0.02526147660837604 0.12794627303342518
      vertex -0.011331554512154172 0.024800040020195386 0.12725018410943192
    endloop
  endfacet
  facet normal 0.7325703639506765 -0.6654848942567972 -0.14307521580341043
    outer loop
      vertex -0.010734498452006512 0.02534415008241511 0.12777640067068755
      vertex -0.011331554512154172 0.024800040020195386 0.12725018410943192
      vertex -0.011293534583707772 0.024875867603299174 0.12709215647216957
    endloop
  endfacet
  facet normal 0.7293135597348595 -0.6725635112487862 -0.12553905736292392
    outer loop
      vertex -0.010781521344988684 0.02526147660837604 0.12794627303342518
      vertex -0.010828571628984006 0.025178776601140405 0.12811599389629527
      vertex -0.011369547049587422 0.02472423897028816 0.12740836324656182
    endloop
  endfacet
  facet normal 0.7350544356002379 -0.6631355783565087 -0.14123095065244926
    outer loop
      vertex -0.010781521344988684 0.02526147660837604 0.12794627303342518
      vertex -0.011369547049587422 0.02472423897028816 0.12740836324656182
      vertex -0.011331554512154172 0.024800040020195386 0.12725018410943192
    endloop
  endfacet
  facet normal 0.7316228123731847 -0.670351197776302 -0.12392470316699962
    outer loop
      vertex -0.010828571628984006 0.025178776601140405 0.12811599389629527
      vertex -0.010875644236440659 0.025096054093715903 0.1282855624967831
      vertex -0.01140751726355934 0.024648460420569805 0.12756669464607398
    endloop
  endfacet
  facet normal 0.7375240276268751 -0.6607799672093994 -0.1393848758215092
    outer loop
      vertex -0.010828571628984006 0.025178776601140405 0.12811599389629527
      vertex -0.01140751726355934 0.024648460420569805 0.12756669464607398
      vertex -0.011369547049587422 0.02472423897028816 0.12740836324656182
    endloop
  endfacet
  facet normal 0.7404311050205484 -0.658973661764749 -0.13234610617017598
    outer loop
      vertex -0.010875644236440659 0.025096054093715903 0.1282855624967831
      vertex -0.010926808274274391 0.025004714962747032 0.12845411023250372
      vertex -0.011449259640011322 0.024564319894395822 0.12772397548178197
    endloop
  endfacet
  facet normal 0.746642200528553 -0.6483907726717044 -0.14871055881836395
    outer loop
      vertex -0.010875644236440659 0.025096054093715903 0.1282855624967831
      vertex -0.011449259640011322 0.024564319894395822 0.12772397548178197
      vertex -0.01140751726355934 0.024648460420569805 0.12756669464607398
    endloop
  endfacet
  facet normal 0.7543572342576155 -0.6395592893111318 -0.14801715636722998
    outer loop
      vertex -0.010926808274274391 0.025004714962747032 0.12845411023250372
      vertex -0.01098614997284066 0.024896151329045185 0.12862076686484428
      vertex -0.011498551541445055 0.024463446670954805 0.1278790045637271
    endloop
  endfacet
  facet normal 0.7609209238608047 -0.6272058589551079 -0.16616906488033445
    outer loop
      vertex -0.010926808274274391 0.025004714962747032 0.12845411023250372
      vertex -0.011498551541445055 0.024463446670954805 0.1278790045637271
      vertex -0.011449259640011322 0.024564319894395822 0.12772397548178197
    endloop
  endfacet
  facet normal 0.7570319812084485 -0.6369739899179231 -0.1454878537736155
    outer loop
      vertex -0.01098614997284066 0.024896151329045185 0.12862076686484428
      vertex -0.011045524130384994 0.024787556936833727 0.1287872664491255
      vertex -0.011547810983900718 0.024362604206023413 0.1280341906937316
    endloop
  endfacet
  facet normal 0.7637875700761744 -0.6244585008485742 -0.16334052930942874
    outer loop
      vertex -0.01098614997284066 0.024896151329045185 0.12862076686484428
      vertex -0.011547810983900718 0.024362604206023413 0.1280341906937316
      vertex -0.011498551541445055 0.024463446670954805 0.1278790045637271
    endloop
  endfacet
  facet normal 0.7596919217505255 -0.6343746449061877 -0.14295801456071644
    outer loop
      vertex -0.011045524130384994 0.024787556936833727 0.1287872664491255
      vertex -0.011104924993215392 0.024678936347558002 0.12895360754015908
      vertex -0.011597043721070325 0.024261787938156275 0.12818953531698377
    endloop
  endfacet
  facet normal 0.7666318584269395 -0.621701250230994 -0.16050903122901225
    outer loop
      vertex -0.011045524130384994 0.024787556936833727 0.1287872664491255
      vertex -0.011597043721070325 0.024261787938156275 0.12818953531698377
      vertex -0.011547810983900718 0.024362604206023413 0.1280341906937316
    endloop
  endfacet
  facet normal 0.7623369309310094 -0.6317614121677347 -0.1404276391403017
    outer loop
      vertex -0.011104924993215392 0.024678936347558002 0.12895360754015908
      vertex -0.011164346897822256 0.024570294064142663 0.1291197891419178
      vertex -0.011646255416463459 0.024160993364428764 0.12834503942951075
    endloop
  endfacet
  facet normal 0.7694536263027483 -0.6189343435868708 -0.15767496725301697
    outer loop
      vertex -0.011104924993215392 0.024678936347558002 0.12895360754015908
      vertex -0.011646255416463459 0.024160993364428764 0.12834503942951075
      vertex -0.011597043721070325 0.024261787938156275 0.12818953531698377
    endloop
  endfacet
  facet normal 0.7649668788603355 -0.6291344578169377 -0.13789673032405267
    outer loop
      vertex -0.011164346897822256 0.024570294064142663 0.1291197891419178
      vertex -0.011223784293724882 0.024461634512256702 0.12928581069280873
      vertex -0.011695451620560834 0.02406021605917186 0.12850070359290552
    endloop
  endfacet
  facet normal 0.772252725465892 -0.616158011967704 -0.15483872996930806
    outer loop
      vertex -0.011164346897822256 0.024570294064142663 0.1291197891419178
      vertex -0.011695451620560834 0.02406021605917186 0.12850070359290552
      vertex -0.011646255416463459 0.024160993364428764 0.12834503942951075
    endloop
  endfacet
  facet normal 0.7675816310466528 -0.6264939559761389 -0.13536529394615043
    outer loop
      vertex -0.011223784293724882 0.024461634512256702 0.12928581069280873
      vertex -0.011283231764375012 0.024352962023061742 0.1294516720485801
      vertex -0.011744637749910702 0.02395945169122397 0.12865652795141985
    endloop
  endfacet
  facet normal 0.7750290216507891 -0.6133724811647991 -0.15200070706664087
    outer loop
      vertex -0.011223784293724882 0.024461634512256702 0.12928581069280873
      vertex -0.011744637749910702 0.02395945169122397 0.12865652795141985
      vertex -0.011695451620560834 0.02406021605917186 0.12850070359290552
    endloop
  endfacet
  facet normal 0.7759332829688066 -0.6150371034008695 -0.14020307350952768
    outer loop
      vertex -0.011283231764375012 0.024352962023061742 0.1294516720485801
      vertex -0.011348507096872459 0.02423506038674608 0.12960762139617196
      vertex -0.011799508345984686 0.023849578898968198 0.12880263574668513
    endloop
  endfacet
  facet normal 0.7837427342940196 -0.6007936455866694 -0.1574621283484164
    outer loop
      vertex -0.011283231764375012 0.024352962023061742 0.1294516720485801
      vertex -0.011799508345984686 0.023849578898968198 0.12880263574668513
      vertex -0.011744637749910702 0.02395945169122397 0.12865652795141985
    endloop
  endfacet
  facet normal 0.7812299973618031 -0.6081771741342182 -0.14071324061435714
    outer loop
      vertex -0.011348507096872459 0.02423506038674608 0.12960762139617196
      vertex -0.011416710911385691 0.02411253043136213 0.1297585457589913
      vertex -0.011857206624328593 0.023735165640066436 0.12894395424100866
    endloop
  endfacet
  facet normal 0.789296287731009 -0.5933107989108545 -0.15809385209365914
    outer loop
      vertex -0.011348507096872459 0.02423506038674608 0.12960762139617196
      vertex -0.011857206624328593 0.023735165640066436 0.12894395424100866
      vertex -0.011799508345984686 0.023849578898968198 0.12880263574668513
    endloop
  endfacet
  facet normal 0.7837630011818996 -0.6056215072334221 -0.13761594367899285
    outer loop
      vertex -0.011416710911385691 0.02411253043136213 0.1297585457589913
      vertex -0.011484929988909471 0.023989983772685238 0.12990932264313504
      vertex -0.011914889639661959 0.02362076908445761 0.12908542021400782
    endloop
  endfacet
  facet normal 0.7919908991055818 -0.5906170510211517 -0.15466710955148225
    outer loop
      vertex -0.011416710911385691 0.02411253043136213 0.1297585457589913
      vertex -0.011914889639661959 0.02362076908445761 0.12908542021400782
      vertex -0.011857206624328593 0.023735165640066436 0.12894395424100866
    endloop
  endfacet
  facet normal 0.7862785825752134 -0.6030512800479771 -0.13451819288114722
    outer loop
      vertex -0.011484929988909471 0.023989983772685238 0.12990932264313504
      vertex -0.011553159262275535 0.023867424453604912 0.1300599516210213
      vertex -0.011972562459153038 0.023506385189252226 0.12922703409326441
    endloop
  endfacet
  facet normal 0.7946604193901416 -0.5879130249668071 -0.15123852990909029
    outer loop
      vertex -0.011484929988909471 0.023989983772685238 0.12990932264313504
      vertex -0.011972562459153038 0.023506385189252226 0.12922703409326441
      vertex -0.011914889639661959 0.02362076908445761 0.12908542021400782
    endloop
  endfacet
  facet normal 0.7887766013104015 -0.600466687011806 -0.13142005560141057
    outer loop
      vertex -0.011553159262275535 0.023867424453604912 0.1300599516210213
      vertex -0.01162139377687921 0.023744856437844047 0.1302104326244411
      vertex -0.01203023003740651 0.023392009990727373 0.12936879594698747
    endloop
  endfacet
  facet normal 0.7973047114861193 -0.5851989628444737 -0.1478085617540089
    outer loop
      vertex -0.011553159262275535 0.023867424453604912 0.1300599516210213
      vertex -0.01203023003740651 0.023392009990727373 0.12936879594698747
      vertex -0.011972562459153038 0.023506385189252226 0.12922703409326441
    endloop
  endfacet
  facet normal 0.7912569142911449 -0.5978679301984731 -0.1283216023382256
    outer loop
      vertex -0.01162139377687921 0.023744856437844047 0.1302104326244411
      vertex -0.011689628707340678 0.02362228359617294 0.13036076592977025
      vertex -0.01208789719980218 0.023277639618112772 0.12951070549880117
    endloop
  endfacet
  facet normal 0.7999236522970878 -0.5824751026133388 -0.14437764830910713
    outer loop
      vertex -0.01162139377687921 0.023744856437844047 0.1302104326244411
      vertex -0.01208789719980218 0.023277639618112772 0.12951070549880117
      vertex -0.01203023003740651 0.023392009990727373 0.12936879594698747
    endloop
  endfacet
  facet normal 0.7937193759104989 -0.5952552190652773 -0.125222907168763
    outer loop
      vertex -0.011689628707340678 0.02362228359617294 0.13036076592977025
      vertex -0.01175785937251971 0.023499709693894717 0.13051095214165162
      vertex -0.012145568627480294 0.02316327030610527 0.12965276214406266
    endloop
  endfacet
  facet normal 0.8025171323162397 -0.5797416782636617 -0.14094622670703918
    outer loop
      vertex -0.011689628707340678 0.02362228359617294 0.13036076592977025
      vertex -0.012145568627480294 0.02316327030610527 0.12965276214406266
      vertex -0.01208789719980218 0.023277639618112772 0.12951070549880117
    endloop
  endfacet
  facet normal 0.7981028290713272 -0.5896028339913392 -0.1240982368034496
    outer loop
      vertex -0.01175785937251971 0.023499709693894717 0.13051095214165162
      vertex -0.011835731034493388 0.023367421883391016 0.13063865479608106
      vertex -0.012212864072649468 0.023039208802323265 0.12977260234677607
    endloop
  endfacet
  facet normal 0.8073585510563469 -0.5732050253763452 -0.14002917167326098
    outer loop
      vertex -0.01175785937251971 0.023499709693894717 0.13051095214165162
      vertex -0.012212864072649468 0.023039208802323265 0.12977260234677607
      vertex -0.012145568627480294 0.02316327030610527 0.12965276214406266
    endloop
  endfacet
  facet normal 0.8002573533191898 -0.5874010795268058 -0.12061567157425566
    outer loop
      vertex -0.011835731034493388 0.023367421883391016 0.13063865479608106
      vertex -0.011913613465529238 0.02323512152901452 0.1307662284575372
      vertex -0.012280148748756473 0.02291515984241405 0.12989257154246278
    endloop
  endfacet
  facet normal 0.8096465986519933 -0.5708918964433113 -0.13621610722164076
    outer loop
      vertex -0.011835731034493388 0.023367421883391016 0.13063865479608106
      vertex -0.012280148748756473 0.02291515984241405 0.12989257154246278
      vertex -0.012212864072649468 0.023039208802323265 0.12977260234677607
    endloop
  endfacet
  facet normal 0.8023950173424333 -0.5851855325443093 -0.1171329528564422
    outer loop
      vertex -0.011913613465529238 0.02323512152901452 0.1307662284575372
      vertex -0.011991502345677571 0.02310281207745054 0.13089367276055075
      vertex -0.012347426975750999 0.022791119979692312 0.13001267009659212
    endloop
  endfacet
  facet normal 0.8119108973025496 -0.5685687756994329 -0.13240182076171284
    outer loop
      vertex -0.011913613465529238 0.02323512152901452 0.1307662284575372
      vertex -0.012347426975750999 0.022791119979692312 0.13001267009659212
      vertex -0.012280148748756473 0.02291515984241405 0.12989257154246278
    endloop
  endfacet
  facet normal 0.8045157086391622 -0.5829563535535898 -0.11365018435677376
    outer loop
      vertex -0.011991502345677571 0.02310281207745054 0.13089367276055075
      vertex -0.012069393433278014 0.02297049692129286 0.13102098762148037
      vertex -0.012414702995293412 0.02266708582156428 0.13013289809280534
    endloop
  endfacet
  facet normal 0.8141513351870818 -0.5662358617763673 -0.128586749906304
    outer loop
      vertex -0.011991502345677571 0.02310281207745054 0.13089367276055075
      vertex -0.012414702995293412 0.02266708582156428 0.13013289809280534
      vertex -0.012347426975750999 0.022791119979692312 0.13001267009659212
    endloop
  endfacet
  facet normal 0.8066193128209942 -0.580713709436415 -0.11016747186346006
    outer loop
      vertex -0.012069393433278014 0.02297049692129286 0.13102098762148037
      vertex -0.012147282578411953 0.02283817938799327 0.1311481732292167
      vertex -0.012481980957302331 0.022543054040578152 0.13025325534221185
    endloop
  endfacet
  facet normal 0.8163678123138506 -0.5638933504265394 -0.12477132828751084
    outer loop
      vertex -0.012069393433278014 0.02297049692129286 0.13102098762148037
      vertex -0.012481980957302331 0.022543054040578152 0.13025325534221185
      vertex -0.012414702995293412 0.02266708582156428 0.13013289809280534
    endloop
  endfacet
  facet normal 0.8087057138482441 -0.5784577732760391 -0.1066849236102668
    outer loop
      vertex -0.012147282578411953 0.02283817938799327 0.1311481732292167
      vertex -0.012225165735302853 0.02270586272961571 0.1312752300346536
      vertex -0.012549264907554286 0.02241902138467 0.1303737413939178
    endloop
  endfacet
  facet normal 0.8185602402498467 -0.5615414346164198 -0.12095598493272842
    outer loop
      vertex -0.012147282578411953 0.02283817938799327 0.1311481732292167
      vertex -0.012549264907554286 0.02241902138467 0.1303737413939178
      vertex -0.012481980957302331 0.022543054040578152 0.13025325534221185
    endloop
  endfacet
  facet normal 0.7996594718371483 -0.5930297208153616 -0.09413011914784368
    outer loop
      vertex -0.012225165735302853 0.02270586272961571 0.1312752300346536
      vertex -0.012308411841670048 0.02257385148104197 0.1313997178876614
      vertex -0.012621778358329953 0.022295406018958026 0.13049182496948145
    endloop
  endfacet
  facet normal 0.8094335031171809 -0.5773235772844426 -0.1073074607981335
    outer loop
      vertex -0.012225165735302853 0.02270586272961571 0.1312752300346536
      vertex -0.012621778358329953 0.022295406018958026 0.13049182496948145
      vertex -0.012549264907554286 0.02241902138467 0.1303737413939178
    endloop
  endfacet
  facet normal 0.7783904792269669 -0.623472829362957 -0.07341588993509564
    outer loop
      vertex -0.012308411841670048 0.02257385148104197 0.1313997178876614
      vertex -0.012402397558095468 0.02244244392020278 0.131519194160645
      vertex -0.012704737099047386 0.0221726323655115 0.13060497726792641
    endloop
  endfacet
  facet normal 0.7876485344054978 -0.6102757669296567 -0.0846951860927822
    outer loop
      vertex -0.012308411841670048 0.02257385148104197 0.1313997178876614
      vertex -0.012704737099047386 0.0221726323655115 0.13060497726792641
      vertex -0.012621778358329953 0.022295406018958026 0.13049182496948145
    endloop
  endfacet
  facet normal 0.7799920721507074 -0.6218120618807751 -0.07044236709271542
    outer loop
      vertex -0.012402397558095468 0.02244244392020278 0.131519194160645
      vertex -0.012496376814910257 0.022311037555104583 0.1316385397748086
      vertex -0.01278770229937546 0.02204985751632398 0.1307182602251914
    endloop
  endfacet
  facet normal 0.7893336876110763 -0.6085387998503367 -0.08144236415411574
    outer loop
      vertex -0.012402397558095468 0.02244244392020278 0.131519194160645
      vertex -0.01278770229937546 0.02204985751632398 0.1307182602251914
      vertex -0.012704737099047386 0.0221726323655115 0.13060497726792641
    endloop
  endfacet
  facet normal 0.7815834072713457 -0.6201413534361981 -0.06746909838166108
    outer loop
      vertex -0.012496376814910257 0.022311037555104583 0.1316385397748086
      vertex -0.012590345466386233 0.022179635724316735 0.13175775539476522
      vertex -0.012870678105042338 0.021927078132826114 0.1308316731766633
    endloop
  endfacet
  facet normal 0.7910033274838735 -0.6067948999583909 -0.07819005879219235
    outer loop
      vertex -0.012496376814910257 0.022311037555104583 0.1316385397748086
      vertex -0.012870678105042338 0.021927078132826114 0.1308316731766633
      vertex -0.01278770229937546 0.02204985751632398 0.1307182602251914
    endloop
  endfacet
  facet normal 0.7831644141183787 -0.6184607923994508 -0.06449611401673694
    outer loop
      vertex -0.012590345466386233 0.022179635724316735 0.13175775539476522
      vertex -0.012684299491453423 0.022048241674325186 0.13187684193812726
      vertex -0.012953668537118011 0.021804290968531943 0.13094521520472985
    endloop
  endfacet
  facet normal 0.7926574205773369 -0.6050441540941461 -0.07493854282131503
    outer loop
      vertex -0.012590345466386233 0.022179635724316735 0.13175775539476522
      vertex -0.012953668537118011 0.021804290968531943 0.13094521520472985
      vertex -0.012870678105042338 0.021927078132826114 0.1308316731766633
    endloop
  endfacet
  facet normal 0.7847350198138431 -0.6167704711976337 -0.061523447045952806
    outer loop
      vertex -0.012684299491453423 0.022048241674325186 0.13187684193812726
      vertex -0.012778235004142284 0.0219168585507706 0.13199580056223678
      vertex -0.013036677481572003 0.021681492877800822 0.13105888515204892
    endloop
  endfacet
  facet normal 0.7942959401028133 -0.6032866466764462 -0.07168808463110521
    outer loop
      vertex -0.012684299491453423 0.022048241674325186 0.13187684193812726
      vertex -0.013036677481572003 0.021681492877800822 0.13105888515204892
      vertex -0.012953668537118011 0.021804290968531943 0.13094521520472985
    endloop
  endfacet
  facet normal 0.7862951492999782 -0.6150704861580459 -0.0585511335896226
    outer loop
      vertex -0.012778235004142284 0.0219168585507706 0.13199580056223678
      vertex -0.012872148262787177 0.02178548939065398 0.1321146326501078
      vertex -0.01311970868006997 0.021558680823631722 0.13117268163560647
    endloop
  endfacet
  facet normal 0.7959188656456747 -0.601522459868774 -0.06843894784931699
    outer loop
      vertex -0.012778235004142284 0.0219168585507706 0.13199580056223678
      vertex -0.01311970868006997 0.021558680823631722 0.13117268163560647
      vertex -0.013036677481572003 0.021681492877800822 0.13105888515204892
    endloop
  endfacet
  facet normal 0.7756744889427168 -0.6292477642193836 -0.04874770177518112
    outer loop
      vertex -0.012872148262787177 0.02178548939065398 0.1321146326501078
      vertex -0.012976972535297228 0.021648247121510623 0.1322182247544108
      vertex -0.013213308521845631 0.021430272135632228 0.13127131810273202
    endloop
  endfacet
  facet normal 0.7850778833816406 -0.6166904559060389 -0.05784114987969107
    outer loop
      vertex -0.012872148262787177 0.02178548939065398 0.1321146326501078
      vertex -0.013213308521845631 0.021430272135632228 0.13127131810273202
      vertex -0.01311970868006997 0.021558680823631722 0.13117268163560647
    endloop
  endfacet
  facet normal 0.7708501751558434 -0.6355895659652016 -0.042613508402525924
    outer loop
      vertex -0.012976972535297228 0.021648247121510623 0.1322182247544108
      vertex -0.013087256772585607 0.021508062831001172 0.1323141344525929
      vertex -0.0133121882274144 0.02129907059757024 0.13136243697597852
    endloop
  endfacet
  facet normal 0.7801442699619334 -0.623502140207343 -0.05118592777731726
    outer loop
      vertex -0.012976972535297228 0.021648247121510623 0.1322182247544108
      vertex -0.0133121882274144 0.02129907059757024 0.13136243697597852
      vertex -0.013213308521845631 0.021430272135632228 0.13127131810273202
    endloop
  endfacet
  facet normal 0.7719760748315162 -0.6344108912226649 -0.039695856027918835
    outer loop
      vertex -0.013087256772585607 0.021508062831001172 0.1323141344525929
      vertex -0.013197532626025372 0.02136788145873279 0.13240991948425468
      vertex -0.013411076316831774 0.021167866141267203 0.1314536805157453
    endloop
  endfacet
  facet normal 0.7813269280680403 -0.6222723487157799 -0.04801411771037884
    outer loop
      vertex -0.013087256772585607 0.021508062831001172 0.1323141344525929
      vertex -0.013411076316831774 0.021167866141267203 0.1314536805157453
      vertex -0.0133121882274144 0.02129907059757024 0.13136243697597852
    endloop
  endfacet
  facet normal 0.7730943237987626 -0.6332239011056248 -0.036778493426292344
    outer loop
      vertex -0.013197532626025372 0.02136788145873279 0.13240991948425468
      vertex -0.013307796012786583 0.021227706292031703 0.13250558048449995
      vertex -0.013509976872927707 0.021036655479396857 0.13154504808692863
    endloop
  endfacet
  facet normal 0.782497605327411 -0.6210367204022895 -0.044842943356072994
    outer loop
      vertex -0.013197532626025372 0.02136788145873279 0.13240991948425468
      vertex -0.013509976872927707 0.021036655479396857 0.13154504808692863
      vertex -0.013411076316831774 0.021167866141267203 0.1314536805157453
    endloop
  endfacet
  facet normal 0.7742048786090133 -0.632028645863994 -0.03386143448422239
    outer loop
      vertex -0.013307796012786583 0.021227706292031703 0.13250558048449995
      vertex -0.013418042956603054 0.02108754054029226 0.13260111833052507
      vertex -0.013608893871968375 0.02090543540256488 0.13163653881233206
    endloop
  endfacet
  facet normal 0.7836562879000613 -0.6197953006871044 -0.04167262507783623
    outer loop
      vertex -0.013307796012786583 0.021227706292031703 0.13250558048449995
      vertex -0.013608893871968375 0.02090543540256488 0.13163653881233206
      vertex -0.013509976872927707 0.021036655479396857 0.13154504808692863
    endloop
  endfacet
  facet normal 0.7753076933972656 -0.630825178948269 -0.03094469524645974
    outer loop
      vertex -0.013418042956603054 0.02108754054029226 0.13260111833052507
      vertex -0.013528269598920119 0.020947387325720376 0.1326965341306549
      vertex -0.013707831172508457 0.020774202788565326 0.13172815158363083
    endloop
  endfacet
  facet normal 0.7848029670365332 -0.6185481328565505 -0.03850337998578036
    outer loop
      vertex -0.013418042956603054 0.02108754054029226 0.13260111833052507
      vertex -0.013707831172508457 0.020774202788565326 0.13172815158363083
      vertex -0.013608893871968375 0.02090543540256488 0.13163653881233206
    endloop
  endfacet
  facet normal 0.7764027200433359 -0.6296135569034491 -0.028028294145323207
    outer loop
      vertex -0.013528269598920119 0.020947387325720376 0.1326965341306549
      vertex -0.01363847220897756 0.02080724967490165 0.13279182921246588
      vertex -0.013806792505308155 0.020642954610812635 0.1318198850732484
    endloop
  endfacet
  facet normal 0.7859376388686478 -0.6172952581931289 -0.03533542163118177
    outer loop
      vertex -0.013528269598920119 0.020947387325720376 0.1326965341306549
      vertex -0.013806792505308155 0.020642954610812635 0.1318198850732484
      vertex -0.013707831172508457 0.020774202788565326 0.13172815158363083
    endloop
  endfacet
  facet normal 0.7694093490151261 -0.6383699877405975 -0.02220388254763506
    outer loop
      vertex -0.01363847220897756 0.02080724967490165 0.13279182921246588
      vertex -0.01375625518359014 0.02066312477858326 0.13285405645903822
      vertex -0.013913330330695582 0.020507729021416732 0.13187877211239032
    endloop
  endfacet
  facet normal 0.778987774610497 -0.6263669932007001 -0.029024762464137606
    outer loop
      vertex -0.01363847220897756 0.02080724967490165 0.13279182921246588
      vertex -0.013913330330695582 0.020507729021416732 0.13187877211239032
      vertex -0.013806792505308155 0.020642954610812635 0.1318198850732484
    endloop
  endfacet
  facet normal 0.7700884101835324 -0.6376448263059951 -0.01931103275842267
    outer loop
      vertex -0.01375625518359014 0.02066312477858326 0.13285405645903822
      vertex -0.013874037370486512 0.0205189971515272 0.13291617321271443
      vertex -0.014019868943799203 0.02037250616275851 0.13193776964442844
    endloop
  endfacet
  facet normal 0.7797067718560614 -0.6256091182903271 -0.025895579425832402
    outer loop
      vertex -0.01375625518359014 0.02066312477858326 0.13285405645903822
      vertex -0.014019868943799203 0.02037250616275851 0.13193776964442844
      vertex -0.013913330330695582 0.020507729021416732 0.13187877211239032
    endloop
  endfacet
  facet normal 0.7707612638619873 -0.6369124811450857 -0.01641844972836605
    outer loop
      vertex -0.013874037370486512 0.0205189971515272 0.13291617321271443
      vertex -0.01399181506815257 0.020374869759047527 0.13297817955644348
      vertex -0.014126412046133153 0.020237283069523892 0.13199687758641365
    endloop
  endfacet
  facet normal 0.7804159297238626 -0.6248461065512728 -0.022766637014598377
    outer loop
      vertex -0.013874037370486512 0.0205189971515272 0.13291617321271443
      vertex -0.014126412046133153 0.020237283069523892 0.13199687758641365
      vertex -0.014019868943799203 0.02037250616275851 0.13193776964442844
    endloop
  endfacet
  facet normal 0.7714278903102595 -0.6361729745259513 -0.01352614262328974
    outer loop
      vertex -0.01399181506815257 0.020374869759047527 0.13297817955644348
      vertex -0.014109584623647121 0.020230745534006247 0.13304007578444701
      vertex -0.014232963290638598 0.020102056808850886 0.13205609564412443
    endloop
  endfacet
  facet normal 0.7811152378376035 -0.6240779834489336 -0.01963812089322043
    outer loop
      vertex -0.01399181506815257 0.020374869759047527 0.13297817955644348
      vertex -0.014232963290638598 0.020102056808850886 0.13205609564412443
      vertex -0.014126412046133153 0.020237283069523892 0.13199687758641365
    endloop
  endfacet
  facet normal 0.7720882676381997 -0.6354263312412475 -0.01063412153082261
    outer loop
      vertex -0.014109584623647121 0.020230745534006247 0.13304007578444701
      vertex -0.014227342443675918 0.020086627367800626 0.13310186239732946
      vertex -0.014339526270609809 0.019966824489342214 0.13211542331695625
    endloop
  endfacet
  facet normal 0.7818046899364202 -0.6233047726319811 -0.01651021525033238
    outer loop
      vertex -0.014109584623647121 0.020230745534006247 0.13304007578444701
      vertex -0.014339526270609809 0.019966824489342214 0.13211542331695625
      vertex -0.014232963290638598 0.020102056808850886 0.13205609564412443
    endloop
  endfacet
  facet normal 0.7727423718759926 -0.6346725785676136 -0.007742397677806965
    outer loop
      vertex -0.014227342443675918 0.020086627367800626 0.13310186239732946
      vertex -0.014345085005126598 0.019942518101751874 0.13316354009619832
      vertex -0.014446104509159122 0.019831583269676687 0.13217485990380165
    endloop
  endfacet
  facet normal 0.7824842837756927 -0.6225264959913188 -0.013383102510697463
    outer loop
      vertex -0.014227342443675918 0.020086627367800626 0.13310186239732946
      vertex -0.014446104509159122 0.019831583269676687 0.13217485990380165
      vertex -0.014339526270609809 0.019966824489342214 0.13211542331695625
    endloop
  endfacet
  facet normal 0.752085189222251 -0.6590658459619413 -0.0002807828365083347
    outer loop
      vertex -0.014345085005126598 0.019942518101751874 0.13316354009619832
      vertex -0.014469712386552838 0.019800277657166916 0.13321842663538977
      vertex -0.014559409513447176 0.01969834292854735 0.13222768765032453
    endloop
  endfacet
  facet normal 0.7608227713497341 -0.6489410371309887 -0.0049235071917214344
    outer loop
      vertex -0.014345085005126598 0.019942518101751874 0.13316354009619832
      vertex -0.014559409513447176 0.01969834292854735 0.13222768765032453
      vertex -0.014446104509159122 0.019831583269676687 0.13217485990380165
    endloop
  endfacet
  facet normal 0.708829044055123 -0.7053077441170269 0.0101179243153537
    outer loop
      vertex -0.014469712386552838 0.019800277657166916 0.13321842663538977
      vertex -0.014608137192412335 0.01966175576708376 0.13325983443727363
      vertex -0.014686140264730531 0.01956912343291623 0.13226719413415494
    endloop
  endfacet
  facet normal 0.7150280317025531 -0.699058818932839 0.007188988231780179
    outer loop
      vertex -0.014469712386552838 0.019800277657166916 0.13321842663538977
      vertex -0.014686140264730531 0.01956912343291623 0.13226719413415494
      vertex -0.014559409513447176 0.01969834292854735 0.13222768765032453
    endloop
  endfacet
  facet normal 0.7090735614989221 -0.7050358976454971 0.011792684785168369
    outer loop
      vertex -0.014608137192412335 0.01966175576708376 0.13325983443727363
      vertex -0.01474655475921902 0.019523236180222392 0.13330112747734157
      vertex -0.014812878255066695 0.019439901634063318 0.13230681537980127
    endloop
  endfacet
  facet normal 0.715284227334979 -0.698775682400414 0.00900110057924405
    outer loop
      vertex -0.014608137192412335 0.01966175576708376 0.13325983443727363
      vertex -0.014812878255066695 0.019439901634063318 0.13230681537980127
      vertex -0.014686140264730531 0.01956912343291623 0.13226719413415494
    endloop
  endfacet
  facet normal 0.7093166796035829 -0.7047612906658033 0.013467413085642031
    outer loop
      vertex -0.01474655475921902 0.019523236180222392 0.13330112747734157
      vertex -0.014884961139715791 0.01938472206959902 0.13334230620023668
      vertex -0.014939627431712786 0.0193106743589724 0.1323465509426205
    endloop
  endfacet
  facet normal 0.7155371647200687 -0.6984909769009138 0.01081300570482187
    outer loop
      vertex -0.01474655475921902 0.019523236180222392 0.13330112747734157
      vertex -0.014939627431712786 0.0193106743589724 0.1323465509426205
      vertex -0.014812878255066695 0.019439901634063318 0.13230681537980127
    endloop
  endfacet
  facet normal 0.7095583924863264 -0.7044839269491205 0.01514213731831413
    outer loop
      vertex -0.014884961139715791 0.01938472206959902 0.13334230620023668
      vertex -0.01502335244709464 0.019246216566719314 0.13338337127658528
      vertex -0.015066391681476787 0.019181438476137826 0.13238640015198616
    endloop
  endfacet
  facet normal 0.7157868483918327 -0.6982047022578826 0.012624635213311359
    outer loop
      vertex -0.014884961139715791 0.01938472206959902 0.13334230620023668
      vertex -0.015066391681476787 0.019181438476137826 0.13238640015198616
      vertex -0.014939627431712786 0.0193106743589724 0.1323465509426205
    endloop
  endfacet
  facet normal 0.7097986927761304 -0.7042038114880255 0.01681688493847447
    outer loop
      vertex -0.01502335244709464 0.019246216566719314 0.13338337127658528
      vertex -0.015161724867258131 0.019107722751578904 0.1334243235969134
      vertex -0.015193174818456157 0.01905219090556394 0.13242636211737233
    endloop
  endfacet
  facet normal 0.7160332847836638 -0.6979168569743482 0.01443592161808697
    outer loop
      vertex -0.01502335244709464 0.019246216566719314 0.13338337127658528
      vertex -0.015193174818456157 0.01905219090556394 0.13242636211737233
      vertex -0.015066391681476787 0.019181438476137826 0.13238640015198616
    endloop
  endfacet
  facet normal 0.710037571656782 -0.703920950469258 0.01849168262210211
    outer loop
      vertex -0.015161724867258131 0.019107722751578904 0.1334243235969134
      vertex -0.015300074670453702 0.018969243643132287 0.1334651642644574
      vertex -0.015319980572403436 0.01892292862829628 0.1324664357355426
    endloop
  endfacet
  facet normal 0.7162764821648527 -0.6976274382763434 0.016246798500933704
    outer loop
      vertex -0.015161724867258131 0.019107722751578904 0.1334243235969134
      vertex -0.015319980572403436 0.01892292862829628 0.1324664357355426
      vertex -0.015193174818456157 0.01905219090556394 0.13242636211737233
    endloop
  endfacet
  facet normal 0.7031318735248734 -0.7107638113516329 0.020502997495532825
    outer loop
      vertex -0.015300074670453702 0.018969243643132287 0.1334651642644574
      vertex -0.01544092143165785 0.018830256736583856 0.1334772104864355
      vertex -0.015449250968342149 0.018793191034844708 0.13247793237070735
    endloop
  endfacet
  facet normal 0.709080797700022 -0.7048830545683843 0.018555368911573843
    outer loop
      vertex -0.015300074670453702 0.018969243643132287 0.1334651642644574
      vertex -0.015449250968342149 0.018793191034844708 0.13247793237070735
      vertex -0.015319980572403436 0.01892292862829628 0.1324664357355426
    endloop
  endfacet
  facet normal 0.6995305914955763 -0.7142593087050595 0.022149299989385664
    outer loop
      vertex -0.01544092143165785 0.018830256736583856 0.1334772104864355
      vertex -0.015583032146224664 0.01869100187001236 0.1334748044278957
      vertex -0.015579738210918185 0.018663229844273356 0.13247519557210433
    endloop
  endfacet
  facet normal 0.7053153383227446 -0.7085999777531264 0.020404535156210567
    outer loop
      vertex -0.01544092143165785 0.018830256736583856 0.1334772104864355
      vertex -0.015579738210918185 0.018663229844273356 0.13247519557210433
      vertex -0.015449250968342149 0.018793191034844708 0.13247793237070735
    endloop
  endfacet
  facet normal 0.6994908875508186 -0.7142505466517561 0.023635880373608618
    outer loop
      vertex -0.015583032146224664 0.01869100187001236 0.1334748044278957
      vertex -0.01572514782285922 0.018551739662575246 0.13347228761849583
      vertex -0.015710220491426494 0.018533275994567607 0.13247256952436132
    endloop
  endfacet
  facet normal 0.7052772092007122 -0.7085898575843103 0.02201072263015447
    outer loop
      vertex -0.015583032146224664 0.01869100187001236 0.1334748044278957
      vertex -0.015710220491426494 0.018533275994567607 0.13247256952436132
      vertex -0.015579738210918185 0.018663229844273356 0.13247519557210433
    endloop
  endfacet
  facet normal 0.6994502286556786 -0.7142396268177477 0.02512236288177704
    outer loop
      vertex -0.01572514782285922 0.018551739662575246 0.13347228761849583
      vertex -0.015867264591144407 0.018412473204122946 0.1334696597908257
      vertex -0.015840701680284158 0.018403326395877058 0.13247005449488858
    endloop
  endfacet
  facet normal 0.7052365715127585 -0.7085785908434934 0.023616917647714786
    outer loop
      vertex -0.01572514782285922 0.018551739662575246 0.13347228761849583
      vertex -0.015840701680284158 0.018403326395877058 0.13247005449488858
      vertex -0.015710220491426494 0.018533275994567607 0.13247256952436132
    endloop
  endfacet
  facet normal 0.6994086160340511 -0.7142265473480031 0.02660877450548869
    outer loop
      vertex -0.015867264591144407 0.018412473204122946 0.1334696597908257
      vertex -0.016009378572991794 0.018273205597386155 0.13346692089903445
      vertex -0.015971185655579628 0.018273377945470987 0.13246765052953696
    endloop
  endfacet
  facet normal 0.7051934256955493 -0.7085661785338573 0.02522306471667763
    outer loop
      vertex -0.015867264591144407 0.018412473204122946 0.1334696597908257
      vertex -0.015971185655579628 0.018273377945470987 0.13246765052953696
      vertex -0.015840701680284158 0.018403326395877058 0.13247005449488858
    endloop
  endfacet
  facet normal 0.6993660496228574 -0.71421130739666 0.028095142314510282
    outer loop
      vertex -0.016009378572991794 0.018273205597386155 0.13346692089903445
      vertex -0.016151485895552924 0.018133939947654405 0.13346407111926098
      vertex -0.01610167629016135 0.01814342753805989 0.13246535745216761
    endloop
  endfacet
  facet normal 0.7051477738423578 -0.7085526204813118 0.026829108338390906
    outer loop
      vertex -0.016009378572991794 0.018273205597386155 0.13346692089903445
      vertex -0.01610167629016135 0.01814342753805989 0.13246535745216761
      vertex -0.015971185655579628 0.018273377945470987 0.13246765052953696
    endloop
  endfacet
  facet normal 0.6993225280717421 -0.7141939071312734 0.029581493334745728
    outer loop
      vertex -0.016151485895552924 0.018133939947654405 0.13346407111926098
      vertex -0.01629358270410345 0.017994679352438845 0.13346111084883258
      vertex -0.016232177438753687 0.018013472076132585 0.13246317486545314
    endloop
  endfacet
  facet normal 0.70509961969542 -0.7085379153365318 0.028434993158710033
    outer loop
      vertex -0.016151485895552924 0.018133939947654405 0.13346407111926098
      vertex -0.016232177438753687 0.018013472076132585 0.13246317486545314
      vertex -0.01610167629016135 0.01814342753805989 0.13246535745216761
    endloop
  endfacet
  facet normal 0.6535127654524938 -0.7564501715637011 0.02653682972551144
    outer loop
      vertex -0.01629358270410345 0.017994679352438845 0.13346111084883258
      vertex -0.01644402108059226 0.017863647573927287 0.13343075259223935
      vertex -0.016370850047979158 0.017891888854644145 0.13243383312204637
    endloop
  endfacet
  facet normal 0.6558959563650923 -0.754398140468813 0.026152248108293936
    outer loop
      vertex -0.01629358270410345 0.017994679352438845 0.13346111084883258
      vertex -0.016370850047979158 0.017891888854644145 0.13243383312204637
      vertex -0.016232177438753687 0.018013472076132585 0.13246317486545314
    endloop
  endfacet
  facet normal 0.653434978482097 -0.7564973671397162 0.02710096689749398
    outer loop
      vertex -0.01644402108059226 0.017863647573927287 0.13343075259223935
      vertex -0.016594465450009248 0.017732607479451143 0.13340027865485823
      vertex -0.016509516664276462 0.017770313949120285 0.1324046070594275
    endloop
  endfacet
  facet normal 0.6558151048448697 -0.7544470250336904 0.026762561071889318
    outer loop
      vertex -0.01644402108059226 0.017863647573927287 0.13343075259223935
      vertex -0.016509516664276462 0.017770313949120285 0.1324046070594275
      vertex -0.016370850047979158 0.017891888854644145 0.13243383312204637
    endloop
  endfacet
  facet normal 0.6533572257208923 -0.7565441026876986 0.02766507340970043
    outer loop
      vertex -0.016594465450009248 0.017732607479451143 0.13340027865485823
      vertex -0.01674491173580483 0.017601562321796462 0.13336968870161717
      vertex -0.01664818136419516 0.01764874410677497 0.13237549701266857
    endloop
  endfacet
  facet normal 0.6557337120634297 -0.7544958739979025 0.027372887747847303
    outer loop
      vertex -0.016594465450009248 0.017732607479451143 0.13340027865485823
      vertex -0.01664818136419516 0.01764874410677497 0.13237549701266857
      vertex -0.016509516664276462 0.017770313949120285 0.1324046070594275
    endloop
  endfacet
  facet normal 0.6532795077178575 -0.7565903773667274 0.028229163501361097
    outer loop
      vertex -0.01674491173580483 0.017601562321796462 0.13336968870161717
      vertex -0.016895355833029705 0.01747051538375362 0.1333389826365075
      vertex -0.016786848252684578 0.017527176044817797 0.13234650307777823
    endloop
  endfacet
  facet normal 0.6556517780083151 -0.7545446878395212 0.02798321010346443
    outer loop
      vertex -0.01674491173580483 0.017601562321796462 0.13336968870161717
      vertex -0.016786848252684578 0.017527176044817797 0.13234650307777823
      vertex -0.01664818136419516 0.01764874410677497 0.13237549701266857
    endloop
  endfacet
  facet normal 0.653201824499689 -0.7566361907399585 0.028793251514941467
    outer loop
      vertex -0.016895355833029705 0.01747051538375362 0.1333389826365075
      vertex -0.01704579362243509 0.01733946996690527 0.13330816060502182
      vertex -0.016925521448993477 0.017405606461666157 0.13231762510926393
    endloop
  endfacet
  facet normal 0.6555693033185316 -0.7545934665310955 0.028593510016074367
    outer loop
      vertex -0.016895355833029705 0.01747051538375362 0.1333389826365075
      vertex -0.016925521448993477 0.017405606461666157 0.13231762510926393
      vertex -0.016786848252684578 0.017527176044817797 0.13234650307777823
    endloop
  endfacet
  facet normal 0.6531241755666266 -0.7566815427793881 0.02935735184616231
    outer loop
      vertex -0.01704579362243509 0.01733946996690527 0.13330816060502182
      vertex -0.017196220984764053 0.017208429380219332 0.13327722299521202
      vertex -0.017064205072378803 0.017284032048352084 0.13228886271907367
    endloop
  endfacet
  facet normal 0.6554862892870302 -0.7546422095359748 0.029203769335167398
    outer loop
      vertex -0.01704579362243509 0.01733946996690527 0.13330816060502182
      vertex -0.017064205072378803 0.017284032048352084 0.13228886271907367
      vertex -0.016925521448993477 0.017405606461666157 0.13231762510926393
    endloop
  endfacet
  facet normal 0.6203140811708266 -0.7840221509635085 0.022797094107507358
    outer loop
      vertex -0.017196220984764053 0.017208429380219332 0.13327722299521202
      vertex -0.017347854365977237 0.017087403510543057 0.1332409621840822
      vertex -0.0172043790268799 0.01717225010374265 0.13225495210163207
    endloop
  endfacet
  facet normal 0.619938170204498 -0.784319030504048 0.022810600883998094
    outer loop
      vertex -0.017196220984764053 0.017208429380219332 0.13327722299521202
      vertex -0.0172043790268799 0.01717225010374265 0.13225495210163207
      vertex -0.017064205072378803 0.017284032048352084 0.13228886271907367
    endloop
  endfacet
  facet normal 0.5469749592478717 -0.8371264308288521 0.006142700020059398
    outer loop
      vertex -0.017347854365977237 0.017087403510543057 0.1332409621840822
      vertex -0.017501921856372785 0.0169863931530155 0.13319417806759826
      vertex -0.017347511572198642 0.01708006701841306 0.13221062193240174
    endloop
  endfacet
  facet normal 0.5400989020445288 -0.8415789214285766 0.006172116120773464
    outer loop
      vertex -0.017347854365977237 0.017087403510543057 0.1332409621840822
      vertex -0.017347511572198642 0.01708006701841306 0.13221062193240174
      vertex -0.0172043790268799 0.01717225010374265 0.13225495210163207
    endloop
  endfacet
  facet normal 0.5472737433776572 -0.8369399698937336 0.004789217439474766
    outer loop
      vertex -0.017501921856372785 0.0169863931530155 0.13319417806759826
      vertex -0.0176559846145573 0.01688538345415497 0.13314729108879295
      vertex -0.01749064884972841 0.016987883274416454 0.13216639462549276
    endloop
  endfacet
  facet normal 0.5404166100069703 -0.8413844106476387 0.004707562819548347
    outer loop
      vertex -0.017501921856372785 0.0169863931530155 0.13319417806759826
      vertex -0.01749064884972841 0.016987883274416454 0.13216639462549276
      vertex -0.017347511572198642 0.01708006701841306 0.13221062193240174
    endloop
  endfacet
  facet normal 0.5475708306408199 -0.8367522821320269 0.0034356626970067214
    outer loop
      vertex -0.0176559846145573 0.01688538345415497 0.13314729108879295
      vertex -0.017810039230960893 0.016784377151079485 0.13310030151088573
      vertex -0.017633794269039108 0.01689569613463479 0.1321222699176857
    endloop
  endfacet
  facet normal 0.5407338349797699 -0.841187495434207 0.003243028399066302
    outer loop
      vertex -0.0176559846145573 0.01688538345415497 0.13314729108879295
      vertex -0.017633794269039108 0.01689569613463479 0.1321222699176857
      vertex -0.01749064884972841 0.016987883274416454 0.13216639462549276
    endloop
  endfacet
  facet normal 0.5478662213791181 -0.8365633680117667 0.002082011665812434
    outer loop
      vertex -0.017810039230960893 0.016784377151079485 0.13310030151088573
      vertex -0.017964082294526774 0.016683376987896015 0.13305320978771745
      vertex -0.017776951241187503 0.016803502854961128 0.13207824735513968
    endloop
  endfacet
  facet normal 0.5410505711844863 -0.8409881783618387 0.0017785602540812328
    outer loop
      vertex -0.017810039230960893 0.016784377151079485 0.13310030151088573
      vertex -0.017776951241187503 0.016803502854961128 0.13207824735513968
      vertex -0.017633794269039108 0.01689569613463479 0.1321222699176857
    endloop
  endfacet
  facet normal 0.5481599170037035 -0.8363732271281208 0.0007282401978350999
    outer loop
      vertex -0.017964082294526774 0.016683376987896015 0.13305320978771745
      vertex -0.01811811040326562 0.016582385707250454 0.133006016563684
      vertex -0.017920123168162955 0.01671130069274954 0.13203432629345885
    endloop
  endfacet
  facet normal 0.5413668115580786 -0.8407864631511359 0.0003142057344055558
    outer loop
      vertex -0.017964082294526774 0.016683376987896015 0.13305320978771745
      vertex -0.017920123168162955 0.01671130069274954 0.13203432629345885
      vertex -0.017776951241187503 0.016803502854961128 0.13207824735513968
    endloop
  endfacet
  facet normal 0.548451919992375 -0.8361818582022086 -0.0006256757778459819
    outer loop
      vertex -0.01811811040326562 0.016582385707250454 0.133006016563684
      vertex -0.018272120174826705 0.016481406041834405 0.13295872267269015
      vertex -0.018063313432316146 0.016619086915308456 0.1319905058987384
    endloop
  endfacet
  facet normal 0.5416825477621392 -0.8405823546670315 -0.0011499879767620665
    outer loop
      vertex -0.01811811040326562 0.016582385707250454 0.133006016563684
      vertex -0.018063313432316146 0.016619086915308456 0.1319905058987384
      vertex -0.017920123168162955 0.01671130069274954 0.13203432629345885
    endloop
  endfacet
  facet normal 0.5338452035276153 -0.8455547333629383 -0.006818471829478624
    outer loop
      vertex -0.018272120174826705 0.016481406041834405 0.13295872267269015
      vertex -0.01842401594185179 0.016386024421247054 0.1328944200092793
      vertex -0.018204462486719624 0.016532418664467235 0.13192986570500637
    endloop
  endfacet
  facet normal 0.5256117628788665 -0.8506904804078693 -0.007614543111617883
    outer loop
      vertex -0.018272120174826705 0.016481406041834405 0.13295872267269015
      vertex -0.018204462486719624 0.016532418664467235 0.13192986570500637
      vertex -0.018063313432316146 0.016619086915308456 0.1319905058987384
    endloop
  endfacet
  facet normal 0.5269070962807657 -0.8498529688192359 -0.010901526411601145
    outer loop
      vertex -0.01842401594185179 0.016386024421247054 0.1328944200092793
      vertex -0.01857485925187634 0.016293436517426676 0.13282155814480948
      vertex -0.0183445863909808 0.016448528482573322 0.13186087042661906
    endloop
  endfacet
  facet normal 0.5179445729584036 -0.8553311024618205 -0.011921598231089433
    outer loop
      vertex -0.01842401594185179 0.016386024421247054 0.1328944200092793
      vertex -0.0183445863909808 0.016448528482573322 0.13186087042661906
      vertex -0.018204462486719624 0.016532418664467235 0.13192986570500637
    endloop
  endfacet
  facet normal 0.5274924757977509 -0.849466838922609 -0.012560953291428603
    outer loop
      vertex -0.01857485925187634 0.016293436517426676 0.13282155814480948
      vertex -0.01872569656957116 0.016200850196966442 0.13274859065870878
      vertex -0.018484716287571687 0.01636463671731928 0.13179198076986268
    endloop
  endfacet
  facet normal 0.5185657680289504 -0.8549276586249772 -0.01372015840139791
    outer loop
      vertex -0.01857485925187634 0.016293436517426676 0.13282155814480948
      vertex -0.018484716287571687 0.01636463671731928 0.13179198076986268
      vertex -0.0183445863909808 0.016448528482573322 0.13186087042661906
    endloop
  endfacet
  facet normal 0.5280753299408625 -0.8490784556149109 -0.014220482356336928
    outer loop
      vertex -0.01872569656957116 0.016200850196966442 0.13274859065870878
      vertex -0.018876524423679316 0.016108268247812724 0.13267551786194
      vertex -0.018624855647749256 0.016280740580758707 0.1317231964237743
    endloop
  endfacet
  facet normal 0.5191860316677681 -0.8545203538906357 -0.015518676093597273
    outer loop
      vertex -0.01872569656957116 0.016200850196966442 0.13274859065870878
      vertex -0.018624855647749256 0.016280740580758707 0.1317231964237743
      vertex -0.018484716287571687 0.01636463671731928 0.13179198076986268
    endloop
  endfacet
  facet normal 0.528655656053563 -0.8486878215829412 -0.015880139148594586
    outer loop
      vertex -0.018876524423679316 0.016108268247812724 0.13267551786194
      vertex -0.019027339330126097 0.016015693474261464 0.1326023402656574
      vertex -0.018765007955588178 0.016196837268595683 0.13165451687719978
    endloop
  endfacet
  facet normal 0.5198053517050637 -0.8541091938396164 -0.017317082243143298
    outer loop
      vertex -0.018876524423679316 0.016108268247812724 0.13267551786194
      vertex -0.018765007955588178 0.016196837268595683 0.13165451687719978
      vertex -0.018624855647749256 0.016280740580758707 0.1317231964237743
    endloop
  endfacet
  facet normal 0.5292334529457285 -0.8482949383670001 -0.017539949374749834
    outer loop
      vertex -0.019027339330126097 0.016015693474261464 0.1326023402656574
      vertex -0.019178137802970084 0.015923128688225242 0.13252905858227554
      vertex -0.018905176697029916 0.016112923968917614 0.1315859414177245
    endloop
  endfacet
  facet normal 0.5204237142509205 -0.8536941856764204 -0.019115307676040052
    outer loop
      vertex -0.019027339330126097 0.016015693474261464 0.1326023402656574
      vertex -0.018905176697029916 0.016112923968917614 0.1315859414177245
      vertex -0.018765007955588178 0.016196837268595683 0.13165451687719978
    endloop
  endfacet
  facet normal 0.5298087208977525 -0.8478998063519939 -0.0191999387743415
    outer loop
      vertex -0.019178137802970084 0.015923128688225242 0.13252905858227554
      vertex -0.01932891636550219 0.015830576700350093 0.13245567372549735
      vertex -0.01904536534878352 0.01602899787107848 0.13151746913164555
    endloop
  endfacet
  facet normal 0.5210411036977798 -0.8532753382350344 -0.02091328327372154
    outer loop
      vertex -0.019178137802970084 0.015923128688225242 0.13252905858227554
      vertex -0.01904536534878352 0.01602899787107848 0.13151746913164555
      vertex -0.018905176697029916 0.016112923968917614 0.1315859414177245
    endloop
  endfacet
  facet normal 0.517134779472717 -0.8554840352260538 -0.02680830716498968
    outer loop
      vertex -0.01932891636550219 0.015830576700350093 0.13245567372549735
      vertex -0.01947424353369603 0.015745789077210644 0.13235796986532317
      vertex -0.01918013862344683 0.01595281367993221 0.13142488727753404
    endloop
  endfacet
  facet normal 0.5069118476382367 -0.8615099943113184 -0.028998421089797822
    outer loop
      vertex -0.01932891636550219 0.015830576700350093 0.13245567372549735
      vertex -0.01918013862344683 0.01595281367993221 0.13142488727753404
      vertex -0.01904536534878352 0.01602899787107848 0.13151746913164555
    endloop
  endfacet
  facet normal 0.5180211162937796 -0.854889945339045 -0.028588536722803405
    outer loop
      vertex -0.01947424353369603 0.015745789077210644 0.13235796986532317
      vertex -0.019619565429049662 0.015661002263586386 0.1322601538765086
      vertex -0.01931491717095033 0.015876628679270758 0.13133241755206285
    endloop
  endfacet
  facet normal 0.5078504356371254 -0.8608896670528692 -0.030934061886248063
    outer loop
      vertex -0.01947424353369603 0.015745789077210644 0.13235796986532317
      vertex -0.01931491717095033 0.015876628679270758 0.13133241755206285
      vertex -0.01918013862344683 0.01595281367993221 0.13142488727753404
    endloop
  endfacet
  facet normal 0.5189042852218612 -0.8542927336171404 -0.03036886674446461
    outer loop
      vertex -0.019619565429049662 0.015661002263586386 0.1322601538765086
      vertex -0.019764878395515363 0.015576219192446977 0.1321622259750747
      vertex -0.019449704647341783 0.015800439936124448 0.13124005973921105
    endloop
  endfacet
  facet normal 0.5087877882589577 -0.8602642452370594 -0.032869665122580924
    outer loop
      vertex -0.019619565429049662 0.015661002263586386 0.1322601538765086
      vertex -0.019449704647341783 0.015800439936124448 0.13124005973921105
      vertex -0.01931491717095033 0.015876628679270758 0.13133241755206285
    endloop
  endfacet
  facet normal 0.5197842774378837 -0.8536924070755222 -0.03214932394278342
    outer loop
      vertex -0.019764878395515363 0.015576219192446977 0.1321622259750747
      vertex -0.019910178743860234 0.015491442830044964 0.13206418659796557
      vertex -0.01958450474185405 0.015724244484240747 0.1311478134020345
    endloop
  endfacet
  facet normal 0.5097238862171046 -0.8596337370151639 -0.0348051433710052
    outer loop
      vertex -0.019764878395515363 0.015576219192446977 0.1321622259750747
      vertex -0.01958450474185405 0.015724244484240747 0.1311478134020345
      vertex -0.019449704647341783 0.015800439936124448 0.13124005973921105
    endloop
  endfacet
  facet normal 0.5206610859925408 -0.8530889713331421 -0.03392993549698253
    outer loop
      vertex -0.019910178743860234 0.015491442830044964 0.13206418659796557
      vertex -0.020055462763500145 0.0154066761665424 0.13196603640629695
      vertex -0.019719321165071284 0.015648039333457594 0.13105567787941735
    endloop
  endfacet
  facet normal 0.5106587080579092 -0.8589981526466844 -0.036740408737658097
    outer loop
      vertex -0.019910178743860234 0.015491442830044964 0.13206418659796557
      vertex -0.019719321165071284 0.015648039333457594 0.13105567787941735
      vertex -0.01958450474185405 0.015724244484240747 0.1311478134020345
    endloop
  endfacet
  facet normal 0.5215347058269144 -0.8524824305873149 -0.035710728891716594
    outer loop
      vertex -0.020055462763500145 0.0154066761665424 0.13196603640629695
      vertex -0.020200726734700532 0.01532192220630854 0.13186777628744525
      vertex -0.019854157636728036 0.015571821479405742 0.13096365228398335
    endloop
  endfacet
  facet normal 0.5115922301432551 -0.8583575045253764 -0.038675373068905984
    outer loop
      vertex -0.020055462763500145 0.0154066761665424 0.13196603640629695
      vertex -0.019854157636728036 0.015571821479405742 0.13096365228398335
      vertex -0.019719321165071284 0.015648039333457594 0.13105567787941735
    endloop
  endfacet
  facet normal 0.49874345642972523 -0.865264844284246 -0.050712068724221994
    outer loop
      vertex -0.020200726734700532 0.01532192220630854 0.13186777628744525
      vertex -0.020345645769934674 0.015244328605475541 0.1317664511843251
      vertex -0.019988857644351044 0.015502600637381595 0.13086867738710353
    endloop
  endfacet
  facet normal 0.48652846431177554 -0.8719623411903299 -0.05451356675456209
    outer loop
      vertex -0.020200726734700532 0.01532192220630854 0.13186777628744525
      vertex -0.019988857644351044 0.015502600637381595 0.13086867738710353
      vertex -0.019854157636728036 0.015571821479405742 0.13096365228398335
    endloop
  endfacet
  facet normal 0.4501441226370727 -0.8893126512372115 -0.08058087369060853
    outer loop
      vertex -0.020345645769934674 0.015244328605475541 0.1317664511843251
      vertex -0.020489904449187645 0.01518103549295039 0.1316591077105682
      vertex -0.020123255207955205 0.01544739404990675 0.1307676922894318
    endloop
  endfacet
  facet normal 0.4331475138549531 -0.8972135052068708 -0.08597184024826912
    outer loop
      vertex -0.020345645769934674 0.015244328605475541 0.1317664511843251
      vertex -0.020123255207955205 0.01544739404990675 0.1307676922894318
      vertex -0.019988857644351044 0.015502600637381595 0.13086867738710353
    endloop
  endfacet
  facet normal 0.45173828174803443 -0.8882550217014643 -0.08327989688673208
    outer loop
      vertex -0.020489904449187645 0.01518103549295039 0.1316591077105682
      vertex -0.020634146416777223 0.015117752579220982 0.13155165977869823
      vertex -0.02025766948322278 0.015392177263636155 0.13066681164987323
    endloop
  endfacet
  facet normal 0.43484197878805736 -0.8961073248432547 -0.0889050946006602
    outer loop
      vertex -0.020489904449187645 0.01518103549295039 0.1316591077105682
      vertex -0.02025766948322278 0.015392177263636155 0.13066681164987323
      vertex -0.020123255207955205 0.01544739404990675 0.1307676922894318
    endloop
  endfacet
  facet normal 0.4533262026393507 -0.8871882453107044 -0.08597890080188066
    outer loop
      vertex -0.020634146416777223 0.015117752579220982 0.13155165977869823
      vertex -0.020778368316455575 0.015054482576493456 0.13144410823603206
      vertex -0.020392103826401567 0.015336947566363683 0.1305660346211108
    endloop
  endfacet
  facet normal 0.4365332579583386 -0.8949885943959814 -0.09183752281820319
    outer loop
      vertex -0.020634146416777223 0.015117752579220982 0.13155165977869823
      vertex -0.020392103826401567 0.015336947566363683 0.1305660346211108
      vertex -0.02025766948322278 0.015392177263636155 0.13066681164987323
    endloop
  endfacet
  facet normal 0.45490784264585427 -0.8861123461663032 -0.08867787024362166
    outer loop
      vertex -0.020778368316455575 0.015054482576493456 0.13144410823603206
      vertex -0.020922566790448748 0.014991228204360262 0.13133645413253803
      vertex -0.02052656159526554 0.015281702238496874 0.13046536015317628
    endloop
  endfacet
  facet normal 0.43822126774259645 -0.893857354950224 -0.09476892686667286
    outer loop
      vertex -0.020778368316455575 0.015054482576493456 0.13144410823603206
      vertex -0.02052656159526554 0.015281702238496874 0.13046536015317628
      vertex -0.020392103826401567 0.015336947566363683 0.1305660346211108
    endloop
  endfacet
  facet normal 0.4564831622913486 -0.8850273469106247 -0.09137679007730118
    outer loop
      vertex -0.020922566790448748 0.014991228204360262 0.13133645413253803
      vertex -0.021066738490221643 0.014927992181191492 0.1312286987210962
      vertex -0.020661046138349785 0.015226438561665648 0.13036478699318957
    endloop
  endfacet
  facet normal 0.43990592156823577 -0.892713651911107 -0.09769910880215883
    outer loop
      vertex -0.020922566790448748 0.014991228204360262 0.13133645413253803
      vertex -0.020661046138349785 0.015226438561665648 0.13036478699318957
      vertex -0.02052656159526554 0.015281702238496874 0.13046536015317628
    endloop
  endfacet
  facet normal 0.458052125289159 -0.8839332687132123 -0.09407564498881034
    outer loop
      vertex -0.021066738490221643 0.014927992181191492 0.1312286987210962
      vertex -0.021210880087381888 0.014864777215382978 0.13112084345670424
      vertex -0.020795560784046686 0.015171153827474158 0.1302643136861529
    endloop
  endfacet
  facet normal 0.4415871299467386 -0.8915575350039187 -0.10062787110506909
    outer loop
      vertex -0.021066738490221643 0.014927992181191492 0.1312286987210962
      vertex -0.020795560784046686 0.015171153827474158 0.1302643136861529
      vertex -0.020661046138349785 0.015226438561665648 0.13036478699318957
    endloop
  endfacet
  facet normal 0.4688333881228114 -0.8786305876079572 -0.09057342160358782
    outer loop
      vertex -0.021210880087381888 0.014864777215382978 0.13112084345670424
      vertex -0.021345690078741063 0.014805224213750467 0.13100073828687694
      vertex -0.020920895035544645 0.015119413929106672 0.13015171885598023
    endloop
  endfacet
  facet normal 0.45315122302117705 -0.8861150176903988 -0.0972324251366568
    outer loop
      vertex -0.021210880087381888 0.014864777215382978 0.13112084345670424
      vertex -0.020920895035544645 0.015119413929106672 0.13015171885598023
      vertex -0.020795560784046686 0.015171153827474158 0.1302643136861529
    endloop
  endfacet
  facet normal 0.4752315638289329 -0.8752787067968273 -0.089678013853902
    outer loop
      vertex -0.021345690078741063 0.014805224213750467 0.13100073828687694
      vertex -0.02147582993520107 0.014747503914128293 0.13087445071865325
      vertex -0.021041643421941786 0.015069444728728842 0.1300331207099182
    endloop
  endfacet
  facet normal 0.4600203187839817 -0.8826520447024738 -0.09647110597700209
    outer loop
      vertex -0.021345690078741063 0.014805224213750467 0.13100073828687694
      vertex -0.021041643421941786 0.015069444728728842 0.1300331207099182
      vertex -0.020920895035544645 0.015119413929106672 0.13015171885598023
    endloop
  endfacet
  facet normal 0.47695617682082303 -0.874106469195698 -0.09192761229736118
    outer loop
      vertex -0.02147582993520107 0.014747503914128293 0.13087445071865325
      vertex -0.02160594847240247 0.014689797405319106 0.1307480555357271
      vertex -0.021162413127597528 0.015019461737538032 0.12991463017855864
    endloop
  endfacet
  facet normal 0.4618568088084728 -0.8814199221502338 -0.09893032393523088
    outer loop
      vertex -0.02147582993520107 0.014747503914128293 0.13087445071865325
      vertex -0.021162413127597528 0.015019461737538032 0.12991463017855864
      vertex -0.021041643421941786 0.015069444728728842 0.1300331207099182
    endloop
  endfacet
  facet normal 0.4786751344878077 -0.8729265521053801 -0.09417722788706645
    outer loop
      vertex -0.02160594847240247 0.014689797405319106 0.1307480555357271
      vertex -0.021736042245015203 0.01463210747700692 0.13062155378837317
      vertex -0.021283207597841938 0.014969462165850217 0.12979624621162686
    endloop
  endfacet
  facet normal 0.46369052689214346 -0.8801769440048609 -0.10138857190408848
    outer loop
      vertex -0.02160594847240247 0.014689797405319106 0.1307480555357271
      vertex -0.021283207597841938 0.014969462165850217 0.12979624621162686
      vertex -0.021162413127597528 0.015019461737538032 0.12991463017855864
    endloop
  endfacet
  facet normal 0.4803884000933835 -0.8717389771422991 -0.09642686755576739
    outer loop
      vertex -0.021736042245015203 0.01463210747700692 0.13062155378837317
      vertex -0.021866107805286437 0.014574436927470123 0.13049494674563744
      vertex -0.021404030280427845 0.014919443215387016 0.12967796754007688
    endloop
  endfacet
  facet normal 0.46552139183911034 -0.8789231520957418 -0.10384568575662216
    outer loop
      vertex -0.021736042245015203 0.01463210747700692 0.13062155378837317
      vertex -0.021404030280427845 0.014919443215387016 0.12967796754007688
      vertex -0.021283207597841938 0.014969462165850217 0.12979624621162686
    endloop
  endfacet
  facet normal 0.48209593996701233 -0.8705437642374826 -0.098676538318676
    outer loop
      vertex -0.021866107805286437 0.014574436927470123 0.13049494674563744
      vertex -0.021996141714538956 0.014516788554397378 0.13036823589597848
      vertex -0.02152488461403246 0.01486940208845976 0.12955979267545012
    endloop
  endfacet
  facet normal 0.46734931938481067 -0.8776585921982328 -0.10630150145303788
    outer loop
      vertex -0.021866107805286437 0.014574436927470123 0.13049494674563744
      vertex -0.02152488461403246 0.01486940208845976 0.12955979267545012
      vertex -0.021404030280427845 0.014919443215387016 0.12967796754007688
    endloop
  endfacet
  facet normal 0.48379772350622613 -0.8693409316196848 -0.10092624703619824
    outer loop
      vertex -0.021996141714538956 0.014516788554397378 0.13036823589597848
      vertex -0.02212614055487612 0.014459165145502696 0.13024142294674265
      vertex -0.021645774016552446 0.014819335997354442 0.12944171991040024
    endloop
  endfacet
  facet normal 0.46917422222040467 -0.8763833140402222 -0.10875585536308305
    outer loop
      vertex -0.021996141714538956 0.014516788554397378 0.13036823589597848
      vertex -0.021645774016552446 0.014819335997354442 0.12944171991040024
      vertex -0.02152488461403246 0.01486940208845976 0.12955979267545012
    endloop
  endfacet
  facet normal 0.4165542031580386 -0.8952521810052324 -0.1581332610071195
    outer loop
      vertex -0.02212614055487612 0.014459165145502696 0.13024142294674265
      vertex -0.022251853109878046 0.014424016034697668 0.1301092636847753
      vertex -0.021762973775836227 0.014791256851016612 0.12931797917236762
    endloop
  endfacet
  facet normal 0.39509403848319946 -0.9029009866865026 -0.16932368114229035
    outer loop
      vertex -0.02212614055487612 0.014459165145502696 0.13024142294674265
      vertex -0.021762973775836227 0.014791256851016612 0.12931797917236762
      vertex -0.021645774016552446 0.014819335997354442 0.12944171991040024
    endloop
  endfacet
  facet normal 0.41913363139358634 -0.8935428159997706 -0.16096035229218894
    outer loop
      vertex -0.022251853109878046 0.014424016034697668 0.1301092636847753
      vertex -0.02237753945853394 0.01438888491180614 0.12997700618814426
      vertex -0.02188019974146606 0.014763159716765282 0.12919433666899863
    endloop
  endfacet
  facet normal 0.3978355849900729 -0.9011100244999207 -0.17241685260251918
    outer loop
      vertex -0.022251853109878046 0.014424016034697668 0.1301092636847753
      vertex -0.02188019974146606 0.014763159716765282 0.12919433666899863
      vertex -0.021762973775836227 0.014791256851016612 0.12931797917236762
    endloop
  endfacet
  facet normal 0.42170471732876486 -0.8918178757852215 -0.16378647017565795
    outer loop
      vertex -0.02237753945853394 0.01438888491180614 0.12997700618814426
      vertex -0.02250319657416226 0.014353774237787163 0.1298446517166049
      vertex -0.021997454940123447 0.014735042133641402 0.12907079114053796
    endloop
  endfacet
  facet normal 0.40057283353595063 -0.8992989580005206 -0.17550723395962223
    outer loop
      vertex -0.02237753945853394 0.01438888491180614 0.12997700618814426
      vertex -0.021997454940123447 0.014735042133641402 0.12907079114053796
      vertex -0.02188019974146606 0.014763159716765282 0.12919433666899863
    endloop
  endfacet
  facet normal 0.42426733833891994 -0.8900774219176059 -0.16661155005376013
    outer loop
      vertex -0.02250319657416226 0.014353774237787163 0.1298446517166049
      vertex -0.02262882143901294 0.014318686472249783 0.12971220172053977
      vertex -0.022114742389558486 0.014706901642035924 0.1289473411366031
    endloop
  endfacet
  facet normal 0.4033055820761407 -0.8974678828300707 -0.17859453170446166
    outer loop
      vertex -0.02250319657416226 0.014353774237787163 0.1298446517166049
      vertex -0.022114742389558486 0.014706901642035924 0.1289473411366031
      vertex -0.021997454940123447 0.014735042133641402 0.12907079114053796
    endloop
  endfacet
  facet normal 0.4268213762127628 -0.8883215155186397 -0.16943552719105445
    outer loop
      vertex -0.02262882143901294 0.014318686472249783 0.12971220172053977
      vertex -0.022754411053905643 0.01428362406572844 0.1295796578406341
      vertex -0.022232065088951498 0.01467873579141441 0.12882398501650874
    endloop
  endfacet
  facet normal 0.4060336250685301 -0.8956169019395576 -0.18167845297089416
    outer loop
      vertex -0.02262882143901294 0.014318686472249783 0.12971220172053977
      vertex -0.022232065088951498 0.01467873579141441 0.12882398501650874
      vertex -0.022114742389558486 0.014706901642035924 0.1289473411366031
    endloop
  endfacet
  facet normal 0.4293667171658277 -0.8865502172534384 -0.1722583364546435
    outer loop
      vertex -0.022754411053905643 0.01428362406572844 0.1295796578406341
      vertex -0.022879962447987526 0.014248589451833465 0.12944702190658997
      vertex -0.022349426009155335 0.014650542148166527 0.1287007209505529
    endloop
  endfacet
  facet normal 0.408756753566648 -0.8937461255744128 -0.18475870597723026
    outer loop
      vertex -0.022754411053905643 0.01428362406572844 0.1295796578406341
      vertex -0.022349426009155335 0.014650542148166527 0.1287007209505529
      vertex -0.022232065088951498 0.01467873579141441 0.12882398501650874
    endloop
  endfacet
  facet normal 0.4470135643515222 -0.8798649459330415 -0.1612964668056718
    outer loop
      vertex -0.022879962447987526 0.014248589451833465 0.12944702190658997
      vertex -0.02300062578199374 0.014211988055472174 0.129312277098966
      vertex -0.022462009418006256 0.014620697687384963 0.12857549432960544
    endloop
  endfacet
  facet normal 0.42803195720733744 -0.8869668152070616 -0.17343157823965782
    outer loop
      vertex -0.022879962447987526 0.014248589451833465 0.12944702190658997
      vertex -0.022462009418006256 0.014620697687384963 0.12857549432960544
      vertex -0.022349426009155335 0.014650542148166527 0.1287007209505529
    endloop
  endfacet
  facet normal 0.4795948299016937 -0.8670737553278336 -0.13480319711807157
    outer loop
      vertex -0.02300062578199374 0.014211988055472174 0.129312277098966
      vertex -0.02311155653853496 0.014172220910431257 0.1291734022805256
      vertex -0.02256499426146504 0.01458758377528302 0.12844625486233152
    endloop
  endfacet
  facet normal 0.4638155586888282 -0.873870705016329 -0.14568842930182985
    outer loop
      vertex -0.02300062578199374 0.014211988055472174 0.129312277098966
      vertex -0.02256499426146504 0.01458758377528302 0.12844625486233152
      vertex -0.022462009418006256 0.014620697687384963 0.12857549432960544
    endloop
  endfacet
  facet normal 0.48169796310594964 -0.8655844073604753 -0.1368601697865163
    outer loop
      vertex -0.02311155653853496 0.014172220910431257 0.1291734022805256
      vertex -0.023222448227917546 0.014132482217989998 0.12903443483379082
      vertex -0.02266801817208245 0.014554441410581426 0.12831710802335203
    endloop
  endfacet
  facet normal 0.46607218333449746 -0.8722892223969705 -0.1479467215314453
    outer loop
      vertex -0.02311155653853496 0.014172220910431257 0.1291734022805256
      vertex -0.02266801817208245 0.014554441410581426 0.12831710802335203
      vertex -0.02256499426146504 0.01458758377528302 0.12844625486233152
    endloop
  endfacet
  facet normal 0.4837947567513166 -0.8640860618979359 -0.13891692112068643
    outer loop
      vertex -0.023222448227917546 0.014132482217989998 0.12903443483379082
      vertex -0.023333297918412894 0.014092774386559943 0.12889537678955537
      vertex -0.022771084081587106 0.014521268184868624 0.12818805178187315
    endloop
  endfacet
  facet normal 0.46832523517656727 -0.8706954926841508 -0.1502026401775848
    outer loop
      vertex -0.023222448227917546 0.014132482217989998 0.12903443483379082
      vertex -0.022771084081587106 0.014521268184868624 0.12818805178187315
      vertex -0.02266801817208245 0.014554441410581426 0.12831710802335203
    endloop
  endfacet
  facet normal 0.48588516882745286 -0.8625787434830383 -0.14097345141813272
    outer loop
      vertex -0.023333297918412894 0.014092774386559943 0.12889537678955537
      vertex -0.023444102722978307 0.014053099794519444 0.1287562303671238
      vertex -0.02287419487702168 0.014488061719766266 0.12805908391859044
    endloop
  endfacet
  facet normal 0.47057458926981854 -0.869089591583711 -0.15245601901663278
    outer loop
      vertex -0.023333297918412894 0.014092774386559943 0.12889537678955537
      vertex -0.02287419487702168 0.014488061719766266 0.12805908391859044
      vertex -0.022771084081587106 0.014521268184868624 0.12818805178187315
    endloop
  endfacet
  facet normal 0.4879691604074338 -0.8610624752288123 -0.14302975999453824
    outer loop
      vertex -0.023444102722978307 0.014053099794519444 0.1287562303671238
      vertex -0.023554859809138285 0.014013460782189046 0.1286169979705192
      vertex -0.022977353390861713 0.014454819674953807 0.12793020202948077
    endloop
  endfacet
  facet normal 0.4728201178990613 -0.8674715990258103 -0.15470669343477572
    outer loop
      vertex -0.023444102722978307 0.014053099794519444 0.1287562303671238
      vertex -0.022977353390861713 0.014454819674953807 0.12793020202948077
      vertex -0.02287419487702168 0.014488061719766266 0.12805908391859044
    endloop
  endfacet
  facet normal 0.49004669559151237 -0.8595372788506084 -0.14508584495370702
    outer loop
      vertex -0.023554859809138285 0.014013460782189046 0.1286169979705192
      vertex -0.023665566408747916 0.013973859643870429 0.128477682183679
      vertex -0.02308056239125207 0.014421539756129568 0.12780140353060665
    endloop
  endfacet
  facet normal 0.4750616906908005 -0.86584159910147 -0.15695450074275552
    outer loop
      vertex -0.023554859809138285 0.014013460782189046 0.1286169979705192
      vertex -0.02308056239125207 0.014421539756129568 0.12780140353060665
      vertex -0.022977353390861713 0.014454819674953807 0.12793020202948077
    endloop
  endfacet
  facet normal 0.5252248565004043 -0.8440595237663621 -0.10817749513383879
    outer loop
      vertex -0.023665566408747916 0.013973859643870429 0.128477682183679
      vertex -0.023765783619405133 0.013930048838045314 0.1283329418921205
      vertex -0.023173367494880578 0.014383987576240397 0.12766737239359374
    endloop
  endfacet
  facet normal 0.513989229476985 -0.8496640864269072 -0.11783892488471094
    outer loop
      vertex -0.023665566408747916 0.013973859643870429 0.128477682183679
      vertex -0.023173367494880578 0.014383987576240397 0.12766737239359374
      vertex -0.02308056239125207 0.014421539756129568 0.12780140353060665
    endloop
  endfacet
  facet normal 0.5428485377068675 -0.835037132743333 -0.08960162972462547
    outer loop
      vertex -0.023765783619405133 0.013930048838045314 0.1283329418921205
      vertex -0.023860732520316938 0.01388415067134354 0.12818544235961601
      vertex -0.023260994265397336 0.014344281792942172 0.1275307719260982
    endloop
  endfacet
  facet normal 0.5335321412881578 -0.8400753120915214 -0.0980659177635434
    outer loop
      vertex -0.023765783619405133 0.013930048838045314 0.1283329418921205
      vertex -0.023260994265397336 0.014344281792942172 0.1275307719260982
      vertex -0.023173367494880578 0.014383987576240397 0.12766737239359374
    endloop
  endfacet
  facet normal 0.544295529211387 -0.8339603449946799 -0.09084338091930821
    outer loop
      vertex -0.023860732520316938 0.01388415067134354 0.12818544235961601
      vertex -0.02395562948613683 0.01383829144282578 0.12803785630480435
      vertex -0.023348672971006026 0.014304537071459929 0.12739425798090986
    endloop
  endfacet
  facet normal 0.5350958847883555 -0.8389193077097953 -0.09943233495339797
    outer loop
      vertex -0.023860732520316938 0.01388415067134354 0.12818544235961601
      vertex -0.023348672971006026 0.014304537071459929 0.12739425798090986
      vertex -0.023260994265397336 0.014344281792942172 0.1275307719260982
    endloop
  endfacet
  facet normal 0.5457390975711454 -0.8328799954247621 -0.09208556131924397
    outer loop
      vertex -0.02395562948613683 0.01383829144282578 0.12803785630480435
      vertex -0.024050471703431008 0.013792473490885577 0.12789018656939058
      vertex -0.023436406425140412 0.014264751073400134 0.12725782771632368
    endloop
  endfacet
  facet normal 0.5366578065699832 -0.8377578964407045 -0.10079734916524537
    outer loop
      vertex -0.02395562948613683 0.01383829144282578 0.12803785630480435
      vertex -0.023436406425140412 0.014264751073400134 0.12725782771632368
      vertex -0.023348672971006026 0.014304537071459929 0.12739425798090986
    endloop
  endfacet
  facet normal 0.5471792491939013 -0.8317960789317983 -0.09332819683934779
    outer loop
      vertex -0.024050471703431008 0.013792473490885577 0.12789018656939058
      vertex -0.02414525644066331 0.01374669909396944 0.1277424361793639
      vertex -0.02352419735933669 0.014224921520316269 0.12712147810635036
    endloop
  endfacet
  facet normal 0.5382178457624627 -0.8365911210332503 -0.1021608864054306
    outer loop
      vertex -0.024050471703431008 0.013792473490885577 0.12789018656939058
      vertex -0.02352419735933669 0.014224921520316269 0.12712147810635036
      vertex -0.023436406425140412 0.014264751073400134 0.12725782771632368
    endloop
  endfacet
  facet normal 0.5486159922280915 -0.8307085890907243 -0.09457131215376562
    outer loop
      vertex -0.02414525644066331 0.01374669909396944 0.1277424361793639
      vertex -0.02423998105814004 0.013700970462387116 0.12759460833745037
      vertex -0.02361204841328853 0.014185046201898593 0.12698520594826387
    endloop
  endfacet
  facet normal 0.5397759396022326 -0.8354190262988482 -0.10352287440180175
    outer loop
      vertex -0.02414525644066331 0.01374669909396944 0.1277424361793639
      vertex -0.02361204841328853 0.014185046201898593 0.12698520594826387
      vertex -0.02352419735933669 0.014224921520316269 0.12712147810635036
    endloop
  endfacet
  facet normal 0.5500493364871125 -0.8296175182066672 -0.0958149305416302
    outer loop
      vertex -0.02423998105814004 0.013700970462387116 0.12759460833745037
      vertex -0.024334643017578168 0.01365528973039185 0.12744670641452846
      vertex -0.023699962125278976 0.014145122983893857 0.12684900787118578
    endloop
  endfacet
  facet normal 0.5413320235399613 -0.8342416590358968 -0.1048832427948601
    outer loop
      vertex -0.02423998105814004 0.013700970462387116 0.12759460833745037
      vertex -0.023699962125278976 0.014145122983893857 0.12684900787118578
      vertex -0.02361204841328853 0.014185046201898593 0.12698520594826387
    endloop
  endfacet
  facet normal 0.5903119526911664 -0.8063804829288715 -0.03580942978241732
    outer loop
      vertex -0.024334643017578168 0.01365528973039185 0.12744670641452846
      vertex -0.024411870655763154 0.013605586758973444 0.12729286727671463
      vertex -0.02377062407280827 0.014101032798169407 0.12670691843757104
    endloop
  endfacet
  facet normal 0.5862902641933722 -0.8090877131079559 -0.04050677239430495
    outer loop
      vertex -0.024334643017578168 0.01365528973039185 0.12744670641452846
      vertex -0.02377062407280827 0.014101032798169407 0.12670691843757104
      vertex -0.023699962125278976 0.014145122983893857 0.12684900787118578
    endloop
  endfacet
  facet normal 0.5910508348864374 -0.8058147317730022 -0.036352835345401124
    outer loop
      vertex -0.024411870655763154 0.013605586758973444 0.12729286727671463
      vertex -0.02448903885260047 0.013555928971412319 0.12713894942270945
      vertex -0.02384134546168525 0.014056897428587673 0.12656490772014764
    endloop
  endfacet
  facet normal 0.5870913466281178 -0.8084763670751361 -0.04110613817148164
    outer loop
      vertex -0.024411870655763154 0.013605586758973444 0.12729286727671463
      vertex -0.02384134546168525 0.014056897428587673 0.12656490772014764
      vertex -0.02377062407280827 0.014101032798169407 0.12670691843757104
    endloop
  endfacet
  facet normal 0.5917886550345761 -0.8052482998043432 -0.0368966588539116
    outer loop
      vertex -0.02448903885260047 0.013555928971412319 0.12713894942270945
      vertex -0.02456614504834003 0.013506318516672272 0.12698495614212268
      vertex -0.02391212885165997 0.014012714726184866 0.12642297242930584
    endloop
  endfacet
  facet normal 0.5878920916068849 -0.8078635956718444 -0.04170490875473415
    outer loop
      vertex -0.02448903885260047 0.013555928971412319 0.12713894942270945
      vertex -0.02391212885165997 0.014012714726184866 0.12642297242930584
      vertex -0.02384134546168525 0.014056897428587673 0.12656490772014764
    endloop
  endfacet
  facet normal 0.5925254264631333 -0.8046811770047225 -0.037440918377843926
    outer loop
      vertex -0.02456614504834003 0.013506318516672272 0.12698495614212268
      vertex -0.02464318678524456 0.013456757467204754 0.12683089089357583
      vertex -0.02398297670046972 0.013968482618509529 0.12628110910642412
    endloop
  endfacet
  facet normal 0.5886924763323468 -0.8072494159405185 -0.042303058676423616
    outer loop
      vertex -0.02456614504834003 0.013506318516672272 0.12698495614212268
      vertex -0.02398297670046972 0.013968482618509529 0.12628110910642412
      vertex -0.02391212885165997 0.014012714726184866 0.12642297242930584
    endloop
  endfacet
  facet normal 0.5932611632418764 -0.8041133527116681 -0.037985631226773786
    outer loop
      vertex -0.02464318678524456 0.013456757467204754 0.12683089089357583
      vertex -0.024720161716700096 0.013407247811366858 0.12667675729517885
      vertex -0.02405389135472848 0.013924199117204565 0.12613931413339252
    endloop
  endfacet
  facet normal 0.5894924771147516 -0.8066338457302633 -0.04290056348720446
    outer loop
      vertex -0.02464318678524456 0.013456757467204754 0.12683089089357583
      vertex -0.02405389135472848 0.013924199117204565 0.12613931413339252
      vertex -0.02398297670046972 0.013968482618509529 0.12628110910642412
    endloop
  endfacet
  facet normal 0.5939958801369382 -0.803544815652522 -0.03853081388056437
    outer loop
      vertex -0.024720161716700096 0.013407247811366858 0.12667675729517885
      vertex -0.02479706761581358 0.013357791446220924 0.12652255911405505
      vertex -0.024124875041329277 0.013879862325207647 0.1259975837430878
    endloop
  endfacet
  facet normal 0.5902920694336627 -0.806016903650882 -0.04349739983917043
    outer loop
      vertex -0.024720161716700096 0.013407247811366858 0.12667675729517885
      vertex -0.024124875041329277 0.013879862325207647 0.1259975837430878
      vertex -0.02405389135472848 0.013924199117204565 0.12613931413339252
    endloop
  endfacet
  facet normal 0.5993022617382915 -0.7999621765188395 -0.02995522015625384
    outer loop
      vertex -0.02479706761581358 0.013357791446220924 0.12652255911405505
      vertex -0.02487067458184721 0.013308607444259067 0.12636340555285713
      vertex -0.024192610161009938 0.013835767470026645 0.12585122301857143
    endloop
  endfacet
  facet normal 0.596204193102154 -0.8021011740146893 -0.0342675760985001
    outer loop
      vertex -0.02479706761581358 0.013357791446220924 0.12652255911405505
      vertex -0.024192610161009938 0.013835767470026645 0.12585122301857143
      vertex -0.024124875041329277 0.013879862325207647 0.1259975837430878
    endloop
  endfacet
  facet normal 0.6082957142379032 -0.7936075640954388 -0.012781167798888564
    outer loop
      vertex -0.02487067458184721 0.013308607444259067 0.12636340555285713
      vertex -0.02493775276578652 0.013259914394955342 0.12619439129713134
      vertex -0.02425377906278491 0.013792210262187512 0.1256955515600115
    endloop
  endfacet
  facet normal 0.6062610694067678 -0.7951097447836086 -0.015748316478503326
    outer loop
      vertex -0.02487067458184721 0.013308607444259067 0.12636340555285713
      vertex -0.02425377906278491 0.013792210262187512 0.1256955515600115
      vertex -0.024192610161009938 0.013835767470026645 0.12585122301857143
    endloop
  endfacet
  facet normal 0.608761088456771 -0.7932460101845245 -0.013065393498119936
    outer loop
      vertex -0.02493775276578652 0.013259914394955342 0.12619439129713134
      vertex -0.025004755237472524 0.013211279686336405 0.12602530270253795
      vertex -0.024315023676813194 0.013748594713663591 0.12553995444031915
    endloop
  endfacet
  facet normal 0.6067669054941977 -0.7947175234839771 -0.01606176405286118
    outer loop
      vertex -0.02493775276578652 0.013259914394955342 0.12619439129713134
      vertex -0.024315023676813194 0.013748594713663591 0.12553995444031915
      vertex -0.02425377906278491 0.013792210262187512 0.1256955515600115
    endloop
  endfacet
  facet normal 0.6092260004743256 -0.7928842659535458 -0.013349949414286322
    outer loop
      vertex -0.025004755237472524 0.013211279686336405 0.12602530270253795
      vertex -0.025071679461231434 0.013162705484421935 0.12585614425285582
      vertex -0.024376346538768565 0.013704918658435207 0.1253844271757156
    endloop
  endfacet
  facet normal 0.6072726740934251 -0.794324722776561 -0.01637480031512154
    outer loop
      vertex -0.025004755237472524 0.013211279686336405 0.12602530270253795
      vertex -0.024376346538768565 0.013704918658435207 0.1253844271757156
      vertex -0.024315023676813194 0.013748594713663591 0.12553995444031915
    endloop
  endfacet
  facet normal 0.6096904621118934 -0.7925223223136252 -0.013634846695295336
    outer loop
      vertex -0.025071679461231434 0.013162705484421935 0.12585614425285582
      vertex -0.025138523058404794 0.013114193834858155 0.12568692060627892
      vertex -0.024437750027309493 0.013661180050856127 0.12522896510800677
    endloop
  endfacet
  facet normal 0.6077783592775227 -0.7939313548924614 -0.01668741179881314
    outer loop
      vertex -0.025071679461231434 0.013162705484421935 0.12585614425285582
      vertex -0.024437750027309493 0.013661180050856127 0.12522896510800677
      vertex -0.024376346538768565 0.013704918658435207 0.1253844271757156
    endloop
  endfacet
  facet normal 0.6101544856250254 -0.7921601697915741 -0.013920095813075281
    outer loop
      vertex -0.025138523058404794 0.013114193834858155 0.12568692060627892
      vertex -0.02520528381714761 0.013065746654597442 0.12551763657971385
      vertex -0.02449923635428096 0.013617376973973985 0.12507356342028617
    endloop
  endfacet
  facet normal 0.6082839446023933 -0.7935374325243045 -0.016999585926934586
    outer loop
      vertex -0.025138523058404794 0.013114193834858155 0.12568692060627892
      vertex -0.02449923635428096 0.013617376973973985 0.12507356342028617
      vertex -0.024437750027309493 0.013661180050856127 0.12522896510800677
    endloop
  endfacet
  facet normal 0.6106180836609462 -0.7917977985625462 -0.014205706520246669
    outer loop
      vertex -0.02520528381714761 0.013065746654597442 0.12551763657971385
      vertex -0.025271959701277456 0.01301736572430551 0.1253482971320223
      vertex -0.0245608075558654 0.013573507647123057 0.12491821715369196
    endloop
  endfacet
  facet normal 0.6087894131631916 -0.7931429687828929 -0.017311311061733746
    outer loop
      vertex -0.02520528381714761 0.013065746654597442 0.12551763657971385
      vertex -0.0245608075558654 0.013573507647123057 0.12491821715369196
      vertex -0.02449923635428096 0.013617376973973985 0.12507356342028617
    endloop
  endfacet
  facet normal 0.6285135675041021 -0.7770124702765115 0.03496164324026778
    outer loop
      vertex -0.025271959701277456 0.01301736572430551 0.1253482971320223
      vertex -0.02532271281189277 0.012968228981289767 0.1251686475825409
      vertex -0.024606510273821516 0.013528852704424516 0.12475300956031624
    endloop
  endfacet
  facet normal 0.629008523813713 -0.7765692306454646 0.0358957794790031
    outer loop
      vertex -0.025271959701277456 0.01301736572430551 0.1253482971320223
      vertex -0.024606510273821516 0.013528852704424516 0.12475300956031624
      vertex -0.0245608075558654 0.013573507647123057 0.12491821715369196
    endloop
  endfacet
  facet normal 0.6357866658119133 -0.7696081852811151 0.05897929063730209
    outer loop
      vertex -0.02532271281189277 0.012968228981289767 0.1251686475825409
      vertex -0.025365461881646487 0.01291874704409929 0.12498379599747989
      vertex -0.024644321404067793 0.013483772241614992 0.1245829182882344
    endloop
  endfacet
  facet normal 0.6372444007425212 -0.7681690664553961 0.06193431248791075
    outer loop
      vertex -0.02532271281189277 0.012968228981289767 0.1251686475825409
      vertex -0.024644321404067793 0.013483772241614992 0.1245829182882344
      vertex -0.024606510273821516 0.013528852704424516 0.12475300956031624
    endloop
  endfacet
  facet normal 0.6353221913087456 -0.7699762364943898 0.05918030470172745
    outer loop
      vertex -0.025365461881646487 0.01291874704409929 0.12498379599747989
      vertex -0.02540812281807766 0.012869333451457297 0.12479887210206281
      vertex -0.024682220667636624 0.013438623434256987 0.12441289932650862
    endloop
  endfacet
  facet normal 0.6367397320242572 -0.7685693899052116 0.0621579163293625
    outer loop
      vertex -0.025365461881646487 0.01291874704409929 0.12498379599747989
      vertex -0.024682220667636624 0.013438623434256987 0.12441289932650862
      vertex -0.024644321404067793 0.013483772241614992 0.1245829182882344
    endloop
  endfacet
  facet normal 0.6348576263471244 -0.7703438281002696 0.0593816535364006
    outer loop
      vertex -0.02540812281807766 0.012869333451457297 0.12479887210206281
      vertex -0.02545069307931847 0.01281999040347864 0.12461388133788741
      vertex -0.02472021060639582 0.01339340408223564 0.12424294723354114
    endloop
  endfacet
  facet normal 0.6362345806958184 -0.7689695453063762 0.06238106057226952
    outer loop
      vertex -0.02540812281807766 0.012869333451457297 0.12479887210206281
      vertex -0.02472021060639582 0.01339340408223564 0.12424294723354114
      vertex -0.024682220667636624 0.013438623434256987 0.12441289932650862
    endloop
  endfacet
  facet normal 0.6343929577009151 -0.7707109704140916 0.05958334752977779
    outer loop
      vertex -0.02545069307931847 0.01281999040347864 0.12461388133788741
      vertex -0.025493170322769935 0.012770719946683207 0.12442882934066814
      vertex -0.024758293562944348 0.013348112139031074 0.12407305637361755
    endloop
  endfacet
  facet normal 0.6357289641555544 -0.7693695189858961 0.06260373302860262
    outer loop
      vertex -0.02545069307931847 0.01281999040347864 0.12461388133788741
      vertex -0.024758293562944348 0.013348112139031074 0.12407305637361755
      vertex -0.02472021060639582 0.01339340408223564 0.12424294723354114
    endloop
  endfacet
  facet normal 0.6339281716874184 -0.7710776741239387 0.0597853962825695
    outer loop
      vertex -0.025493170322769935 0.012770719946683207 0.12442882934066814
      vertex -0.025535552416346325 0.012721523964364975 0.12424372191950607
      vertex -0.02479647166936796 0.013302745721349304 0.12390322093763677
    endloop
  endfacet
  facet normal 0.6352229003408502 -0.7697692968277915 0.06282592254639649
    outer loop
      vertex -0.025493170322769935 0.012770719946683207 0.12442882934066814
      vertex -0.02479647166936796 0.013302745721349304 0.12390322093763677
      vertex -0.024758293562944348 0.013348112139031074 0.12407305637361755
    endloop
  endfacet
  facet normal 0.6334632542187671 -0.7714439502507529 0.05998780856210363
    outer loop
      vertex -0.025535552416346325 0.012721523964364975 0.12424372191950607
      vertex -0.025577837448415165 0.012672404167965058 0.12405856503484186
      vertex -0.024834746837299117 0.013257303117749223 0.12373343496515812
    endloop
  endfacet
  facet normal 0.6347164076605144 -0.7701688643260021 0.06304761906152963
    outer loop
      vertex -0.025535552416346325 0.012721523964364975 0.12424372191950607
      vertex -0.024834746837299117 0.013257303117749223 0.12373343496515812
      vertex -0.02479647166936796 0.013302745721349304 0.12390322093763677
    endloop
  endfacet
endsolid aortic_outer_annulus_smoothed_pm0p5mm
