0.0000042993
-0.0000008626
-0.0000013533
-0.0000084316
-0.0000026449
-0.0000023778
-0.0000084290
-0.0000008477
0.0000006581
-0.0000031025
0.0000015516
0.0000050926
0.0000024576
0.0000011866
0.0000037386
-0.0000013048
-0.0000005977
-0.0000011436
-0.0000093646
0.0000036336
0.0000025360
0.0000008966
0.0000028267
0.0000008924
0.0000000043
0.0000012611
-0.0000000030
0.0000005984
0.0000012199
-0.0000011870
-0.0000014549
0.0000002865
0.0000002408
-0.0000001552
0.0000003122
-0.0000008438
-0.0000000028
0.0000018945
0.0000038685
0.0000068366
0.0000068373
-0.0000043019
0.0000088868
-0.0000010048
-0.0000010406
0.0000066219
-0.0000273070
-0.0000257953
0.0000071324
0.0000156492
-0.0000361456
-0.0000225483
0.0000467961
0.0000087707
0.0000074449
-0.0000083601
-0.0000012367
-0.0000141023
0.0000024348
0.0000070502
0.0000025010
-0.0000000012
0.0000014818
0.0000035972
0.0000037686
-0.0000071944
0.0000052215
0.0000029164
-0.0000060399
-0.0000000006
0.0000086751
-0.0000051800
-0.0000060133
-0.0000041163
-0.0000098536
0.0000138395
0.0000107180
0.0000122656
-0.0000043730
0.0000000017
-0.0000235644
-0.0000535934
-0.0000247009
0.0000537649
-0.0000067235
0.0000000035
0.0000454663
-0.0000123504
0.0000573068
-0.0000749230
-0.0000088399
-0.0000466086
-0.0000161194
-0.0000091254
0.0000377069
-0.0000182316
0.0000279002
-0.0000206918
0.0000268597
-0.0000206899
0.0000186545
-0.0000206906
-0.0000351628
0.0000185398
0.0000163653
0.0000277669
0.0000185416
-0.0000085260
0.0000233949
-0.0000078342
-0.0000155107
0.0000196243
-0.0000106497
-0.0000078558
-0.0000055225
0.0000000000
-0.0000209891
-0.0000346490
0.0000049621
0.0000009632
0.0000060730
0.0000099275
0.0000024985
-0.0000092599
-0.0000070520
-0.0000005804
-0.0000108198
0.0000134626
-0.0000162557
-0.0000100257
0.0000024382
0.0000241192
-0.0000196196
0.0000151078
0.0000104099
-0.0000135607
-0.0000000045
0.0000010025
0.0000159315
0.0000223417
-0.0000010833
-0.0000019755
-0.0000051944
-0.0000011822
-0.0000037615
0.0000010867
-0.0000005621
-0.0139631731
-0.0139528454
-0.0139702006
-0.0139407884
-0.0139297738
-0.0139070643
-0.0138950014
-0.0139148518
-0.0139953666
-0.0139935842
-0.0139939116
-0.0139400941
-0.0139944254
-0.0139749354
-0.0139966693
-0.0139819335
-0.0139962541
-0.0139967303
-0.0139983863
-0.0139913990
-0.0139555187
-0.0139985486
-0.0139214361
-0.0138967308
-0.0138598984
-0.0138372071
-0.0139968220
-0.0139524926
-0.0139928443
-0.0139457073
-0.0139035643
-0.0137883718
-0.0135793949
-0.0135172956
-0.0135610993
-0.0136136434
-0.0136045378
-0.0135544675
-0.0138269027
-0.0137879690
-0.0135199610
-0.0134562770
-0.0134672895
-0.0129052791
-0.0129267491
-0.0128739286
-0.0129531082
-0.0128849787
-0.0130848719
-0.0131945833
-0.0131552517
-0.0133347255
-0.0133630837
-0.0132846702
-0.0134718548
-0.0134808772
-0.0134238501
-0.0135732703
-0.0134878052
-0.0136043360
-0.0136454603
-0.0135928997
-0.0136839160
-0.0137673553
-0.0137056997
-0.0138111392
-0.0137660010
-0.0138272454
-0.0138581468
-0.0138819551
-0.0139985676
-0.0139903149
-0.0139989475
-0.0139473287
-0.0139483896
-0.0139621471
-0.0139469129
-0.0139319489
-0.0139108531
-0.0138853251
-0.0138709882
-0.0137327501
-0.0136964907
-0.0137905468
-0.0135459341
-0.0135240598
-0.0134940678
-0.0134116979
-0.0133063314
-0.0134567379
-0.0133251803
-0.0132513110
-0.0129928093
-0.0129223216
-0.0129593984
-0.0130097492
-0.0129409952
-0.0130506540
-0.0130126350
-0.0129811897
-0.0134759294
-0.0134533213
-0.0134248670
-0.0136182436
-0.0135556040
-0.0134823750
-0.0138472574
-0.0138693730
-0.0139137957
-0.0138899669
-0.0137898778
-0.0137320052
-0.0137710418
-0.0134850563
-0.0134201054
-0.0134567794
-0.0134632677
-0.0130591621
-0.0130724641
-0.0130325518
-0.0132002568
-0.0131495544
-0.0131378937
-0.0132278228
-0.0132965089
-0.0132434081
-0.0134925612
-0.0135856148
-0.0135132453
-0.0136293619
-0.0135711726
-0.0136809604
-0.0139310129
-0.0139380849
-0.0139137961
-0.0139721273
-0.0139800342
-0.0139714045
-0.0139992206
-0.0139989224
-0.0139903719
-0.0139885368
-0.0139830654
-0.0139810090
-0.0139830360
-0.0018549822
-0.0016700935
-0.0013887853
-0.0098436742
-0.0097293131
-0.0101758615
-0.0041636177
-0.0045656682
-0.0040827526
-0.0031581828
-0.0027747394
-0.0028738704
-0.0035210283
-0.0033497792
-0.0038935015
-0.0099606798
-0.0094746777
-0.0096610293
-0.0014191900
-0.0010983573
-0.0015492687
-0.0096027509
-0.0096615869
-0.0091998572
-0.0000015597
0.0000042971
0.0000042949
-0.0000010733
-0.0000042961
0.0000084330
-0.0000084342
0.0000042155
-0.0000084329
-0.0000050951
-0.0000000054
-0.0000025482
0.0000050978
0.0000011911
-0.0000011830
0.0000000060
-0.0000011859
0.0000023326
-0.0000011026
-0.0000049381
-0.0000046803
0.0000063350
-0.0000046820
0.0000093677
-0.0000004113
0.0000046831
-0.0000017848
0.0000008924
-0.0000069556
0.0000010902
0.0000030401
0.0000060868
-0.0000039410
-0.0000060896
-0.0000060940
-0.0000064248
0.0000060599
-0.0000036271
-0.0000023533
-0.0000000045
0.0000023917
0.0000000025
-0.0000071116
0.0000071128
-0.0000064426
0.0000071136
-0.0000005964
-0.0000002931
-0.0000006032
-0.0000005749
-0.0000005743
-0.0000002931
-0.0000005857
-0.0000020632
0.0000000070
-0.0000010931
-0.0000010303
0.0000020647
0.0000010323
0.0000068351
-0.0000136709
-0.0000000049
-0.0000000058
-0.0000010016
-0.0000000008
0.0000000710
-0.0000010044
-0.0000015054
-0.0000002752
0.0000004977
-0.0000007493
0.0000010257
0.0000003504
-0.0000007519
-0.0000000022
0.0000029547
0.0000000041
0.0000066339
-0.0000132651
-0.0000106790
0.0000097168
0.0000025829
-0.0000000003
-0.0000121950
-0.0000051641
-0.0000051641
-0.0000098243
-0.0000039477
0.0000051605
-0.0000136857
0.0000136822
0.0000273313
-0.0000068389
-0.0000225560
0.0000112734
-0.0000225530
0.0000469399
0.0000000008
-0.0000000001
0.0000225521
-0.0000254203
-0.0000158006
-0.0000293028
-0.0000094556
-0.0000157969
-0.0000000005
0.0000079041
-0.0000311020
-0.0000196808
-0.0000133773
0.0000140993
-0.0000140939
0.0000000015
-0.0000140990
-0.0000035941
0.0000071860
-0.0000029186
0.0000039858
-0.0000079671
-0.0000079718
0.0000000003
-0.0000000035
-0.0000060054
0.0000120202
-0.0000000015
-0.0000060078
-0.0000105713
0.0000174799
-0.0000317638
-0.0000087367
-0.0000199507
-0.0000316108
0.0000211926
-0.0000244631
-0.0000105951
0.0000331901
0.0000123436
0.0000247009
-0.0000141269
-0.0000123412
-0.0000142864
-0.0000651653
0.0000285986
-0.0000294981
-0.0000142886
0.0000285912
-0.0000000020
-0.0000061561
-0.0000246989
0.0000246982
-0.0000182338
-0.0000091098
-0.0000182343
0.0000206886
-0.0000103379
-0.0000098012
0.0000192613
0.0000185412
0.0000000034
-0.0000092643
0.0000155120
-0.0000155122
-0.0000000051
-0.0000155112
-0.0000107989
0.0000138950
-0.0000077493
-0.0000138901
0.0000106457
0.0000000020
0.0000106500
-0.0000028373
0.0000106484
0.0000106521
-0.0000027332
0.0000000003
-0.0000004163
0.0000008358
-0.0000002426
-0.0000008349
0.0000008393
0.0000002530
0.0000004347
0.0000034230
0.0000058310
0.0000058342
-0.0000036645
0.0000029188
0.0000058316
-0.0000058373
0.0000003495
-0.0000053061
-0.0000019723
-0.0000070114
-0.0000030024
0.0000077084
0.0000035445
0.0000076268
0.0000152653
-0.0000076248
-0.0000187294
-0.0000195905
0.0000216620
0.0000196338
0.0000328692
-0.0000064493
0.0000129009
-0.0000351474
0.0000364446
-0.0000000021
-0.0000274703
-0.0000258080
-0.0000137568
-0.0000179655
0.0000066367
0.0000283011
0.0000283126
-0.0000012798
0.0000283676
-0.0000551942
0.0000141549
-0.0000434658
-0.0000288149
-0.0000429957
0.0000345327
-0.0000340390
-0.0000131311
0.0000233463
-0.0000140019
0.0000116705
0.0000222180
0.0000103504
0.0000179292
0.0000107035
-0.0000107122
-0.0000201908
-0.0000162725
-0.0000071716
0.0000000042
0.0000201887
0.0000101000
-0.0000143109
0.0000113148
-0.0000071171
0.0000058087
0.0000053941
0.0000028357
-0.0000033219
-0.0000000002
0.0000056557
0.0000073071
0.0000000046
-0.0000080933
0.0000049862
-0.0000049641
0.0000099300
-0.0000099261
0.0000037825
-0.0000037801
0.0000022513
-0.0000037822
-0.0000037860
0.0000020387
0.0000000032
-0.0000037886
-0.0000002333
0.0000092655
-0.0000089847
0.0000092614
0.0000092599
-0.0000046302
-0.0000113826
-0.0000109857
-0.0000075246
0.0000059204
-0.0000027237
-0.0000118494
-0.0000059205
-0.0000100581
0.0000000013
0.0000059197
0.0000118520
-0.0000023200
-0.0000134659
0.0000000000
-0.0000187971
-0.0000134683
-0.0000216393
0.0000339087
0.0000162483
-0.0000216401
-0.0000101644
0.0000196236
-0.0000196307
0.0000000005
0.0000196261
-0.0000196250
-0.0000271138
-0.0000410260
-0.0000271223
-0.0000271185
-0.0000128950
0.0000000005
0.0000313059
-0.0000285840
-0.0000207801
-0.0000159191
-0.0000103902
0.0000000011
-0.0000067481
0.0000134997
-0.0000153905
0.0000000001
-0.0000068823
-0.0000067548
0.0000104110
-0.0000032787
-0.0000032756
-0.0000050398
-0.0000032538
0.0000002802
0.0000065481
-0.0000032780
-0.0000039546
-0.0000019807
0.0000039567
0.0000014824
0.0000019391
0.0000019377
-0.0000037636
0.0000016502
0.0000034913
-0.0000000004
0.0000018836
-0.0139810076
-0.0139794058
-0.0139820138
-0.0139753636
-0.0139761771
-0.0139788404
-0.0139783276
-0.0139762077
-0.0139756486
-0.0139718816
-0.0139704944
-0.0139630010
-0.0139463110
-0.0139112862
-0.0138979924
-0.0138902671
-0.0139282089
-0.0139048240
-0.0138995725
-0.0139641664
-0.0139571868
-0.0139180227
-0.0139578817
-0.0139750410
-0.0138839794
-0.0139028610
-0.0138910364
-0.0138921937
-0.0139228005
-0.0139180118
-0.0139625049
-0.0139828504
-0.0139977389
-0.0139865909
-0.0139983489
-0.0139935898
-0.0139433726
-0.0139328408
-0.0139251227
-0.0139242373
-0.0139147436
-0.0139117966
-0.0139163385
-0.0139287043
-0.0139358154
-0.0139298150
-0.0139607080
-0.0139895589
-0.0139968537
-0.0139994923
-0.0139962565
-0.0139962515
-0.0139962526
-0.0139989547
-0.0139998847
-0.0139992504
-0.0139992467
-0.0139992195
-0.0139952346
-0.0139931123
-0.0139936222
-0.0139925927
-0.0139932506
-0.0139946631
-0.0139926396
-0.0139735048
-0.0139925903
-0.0139282689
-0.0138667346
-0.0138188797
-0.0138163679
-0.0138326443
-0.0139966946
-0.0138280478
-0.0138266804
-0.0138286969
-0.0138296114
-0.0138253040
-0.0139953586
-0.0139965624
-0.0138246620
-0.0139960720
-0.0139933395
-0.0139945706
-0.0139968202
-0.0139247579
-0.0139678712
-0.0139945706
-0.0139081712
-0.0138762517
-0.0138418524
-0.0138484838
-0.0138176887
-0.0138121627
-0.0138000041
-0.0138070767
-0.0137898438
-0.0137890031
-0.0137706778
-0.0137941701
-0.0137678389
-0.0139154060
-0.0138528757
-0.0138538406
-0.0138606711
-0.0138067762
-0.0138160366
-0.0137131617
-0.0137738881
-0.0137287795
-0.0135939114
-0.0136176550
-0.0136594786
-0.0136047439
-0.0135647378
-0.0136152291
-0.0135483565
-0.0135082667
-0.0135161860
-0.0134417519
-0.0134667284
-0.0133816444
-0.0134101769
-0.0134397524
-0.0133476034
-0.0133556111
-0.0134165173
-0.0133546640
-0.0132979472
-0.0135401274
-0.0135569413
-0.0135999660
-0.0134942342
-0.0135104688
-0.0135636928
-0.0135956620
-0.0139331640
-0.0138560025
-0.0138387104
-0.0134811864
-0.0131878149
-0.0132271783
-0.0128069604
-0.0132599320
-0.0129104158
-0.0127586900
-0.0129362692
-0.0128016985
-0.0128568281
-0.0128603117
-0.0129263863
-0.0129668232
-0.0129527906
-0.0128981033
-0.0129881554
-0.0129051071
-0.0130340380
-0.0130175586
-0.0131081403
-0.0131222158
-0.0130598934
-0.0132125493
-0.0130814802
-0.0132639659
-0.0133054013
-0.0131959803
-0.0132673468
-0.0131702803
-0.0132537771
-0.0132135895
-0.0132723071
-0.0133468440
-0.0133325872
-0.0134204985
-0.0134239359
-0.0133572055
-0.0134737112
-0.0134093221
-0.0133897892
-0.0133976779
-0.0135008030
-0.0135402571
-0.0135318977
-0.0136375538
-0.0136359495
-0.0135559132
-0.0137209924
-0.0137665676
-0.0137996165
-0.0138150734
-0.0137899587
-0.0138105977
-0.0138403125
-0.0138581409
-0.0139039841
-0.0139039858
-0.0139233427
-0.0139465785
-0.0139383641
-0.0139612064
-0.0139809558
-0.0139703083
-0.0139965664
-0.0139974953
-0.0139995548
-0.0139981475
-0.0139989855
-0.0139960889
-0.0139735797
-0.0139677431
-0.0139383394
-0.0139300325
-0.0139356627
-0.0139260634
-0.0139358475
-0.0139156423
-0.0139082556
-0.0138722628
-0.0138307851
-0.0136692889
-0.0136206868
-0.0136543775
-0.0135232184
-0.0135910391
-0.0134702087
-0.0135781740
-0.0134456747
-0.0135020343
-0.0133284542
-0.0132119563
-0.0133153548
-0.0131912610
-0.0131675480
-0.0132179478
-0.0132377350
-0.0131738394
-0.0131265655
-0.0130678269
-0.0131514452
-0.0130284798
-0.0129530505
-0.0130361795
-0.0130387266
-0.0130072656
-0.0129227402
-0.0130371233
-0.0129966266
-0.0128939415
-0.0129154884
-0.0129484917
-0.0130153133
-0.0129142624
-0.0128384731
-0.0128185225
-0.0129914717
-0.0129622652
-0.0130262557
-0.0128918204
-0.0128575722
-0.0130477189
-0.0129962227
-0.0132993980
-0.0129152386
-0.0132547921
-0.0134525555
-0.0132737410
-0.0134257564
-0.0135821333
-0.0134592625
-0.0135480757
-0.0138109293
-0.0138892307
-0.0138816589
-0.0138276414
-0.0138456604
-0.0138182627
-0.0137574642
-0.0137169437
-0.0137539935
-0.0133975196
-0.0133930196
-0.0133989722
-0.0134409078
-0.0130116983
-0.0134700751
-0.0131410782
-0.0129982189
-0.0130170030
-0.0130174690
-0.0130920771
-0.0130647578
-0.0131860165
-0.0132023356
-0.0131566230
-0.0131192111
-0.0131983800
-0.0132450358
-0.0133050841
-0.0133562861
-0.0133330693
-0.0134428092
-0.0134516378
-0.0135180694
-0.0136189794
-0.0137332646
-0.0137436602
-0.0137828059
-0.0138433795
-0.0138088148
-0.0138442994
-0.0138390268
-0.0138713473
-0.0138735481
-0.0138660223
-0.0138938008
-0.0139556841
-0.0139599631
-0.0139611555
-0.0139515836
-0.0139675921
-0.0139743427
-0.0139800379
-0.0139958670
-0.0139904160
-0.0139772480
-0.0082348258
-0.0085754016
-0.0087260642
-0.0047823256
-0.0048695750
-0.0043788372
-0.0086738476
-0.0086297192
-0.0082835937
-0.0110300988
-0.0105034664
-0.0107191346
-0.0063041748
-0.0066050000
-0.0060924688
-0.0101185925
-0.0096406480
-0.0099651487
-0.0049443986
-0.0046396832
-0.0044524091
-0.0079860553
-0.0079985536
-0.0076076252
-0.0077037463
-0.0075342009
-0.0073143628
-0.0071401606
-0.0075443275
-0.0076488095
-0.0093646938
-0.0095658505
-0.0092145538
-0.0089691028
-0.0085666420
-0.0086212830
-0.0073133293
-0.0068920670
-0.0069922239
-0.0096003846
-0.0091687467
-0.0093060648
-0.0094276032
-0.0092464078
-0.0096783439
-0.0050637280
-0.0049240848
-0.0046478794
-0.0085267622
-0.0086188243
-0.0082212806
-0.0065895040
-0.0069461771
-0.0070593475
-0.0082588486
-0.0077713045
-0.0077304699
-0.0110998721
-0.0107007439
-0.0105642586
-0.0068820602
-0.0065899560
-0.0063395047
-0.0065944227
-0.0065368029
-0.0061830840
-0.0079765068
-0.0083268008
-0.0083968513
-0.0111472888
-0.0106966208
-0.0109126337
-0.0053216297
-0.0054624498
-0.0050084273
-0.0032726254
-0.0034493817
-0.0030596284
-0.0042681382
-0.0046866394
-0.0047089179
-0.0070292845
-0.0073553314
-0.0075329026
-0.0076100273
-0.0076695477
-0.0079810893
-0.0089006848
-0.0088014047
-0.0093025280
-0.0041674610
-0.0041558362
-0.0037495632
-0.0035878673
-0.0031169397
-0.0034111497
-0.0049984901
-0.0052148066
-0.0055277547
-0.0097794274
-0.0101699401
-0.0097557587
-0.0104657193
-0.0109083396
-0.0108194436
-0.0025341842
-0.0029209844
-0.0029229849
-0.0050590624
-0.0050076356
-0.0054194071
-0.0056188344
-0.0057637872
-0.0053528939
-0.0052659277
-0.0018502637
-0.0014203412
-0.0014190589
-0.0069447624
-0.0064943314
-0.0066074464
-0.0008722339
-0.0008251922
-0.0011612313
-0.0074921406
-0.0071593058
-0.0075294121
-0.0042773395
-0.0039098302
-0.0038454855
-0.0042703211
-0.0038312054
-0.0041519470
-0.0056737696
-0.0057219019
-0.0053458667
-0.0056685541
-0.0055440945
-0.0052092944
-0.0086815315
-0.0089654290
-0.0091395237
-0.0099546614
-0.0099405913
-0.0095498234
-0.0048943355
-0.0043996383
-0.0033196629
-0.0038735830
-0.0037044052
-0.0040853715
-0.0036674499
-0.0038255485
-0.0102962485
-0.0106893393
-0.0106761498
-0.0087226003
-0.0087690213
-0.0083231023
-0.0057635306
-0.0053563503
-0.0053591601
-0.0043556054
-0.0043216454
-0.0039807941
-0.0029445081
-0.0027753867
-0.0032542735
-0.0055322884
-0.0053468326
-0.0051172406
-0.0043140791
-0.0047718748
-0.0047851302
-0.0037171592
-0.0035368978
-0.0039226079
-0.0083469180
-0.0078082809
-0.0078883073
-0.0049171172
-0.0051945342
-0.0053772849
-0.0055913469
-0.0042967749
-0.0038278010
-0.0038770050
-0.0047459696
-0.0051495522
-0.0050644861
-0.0081916151
-0.0083106429
-0.0086831313
-0.0072963046
-0.0069568021
-0.0073660237
-0.0087103917
-0.0081864688
-0.0082487903
-0.0050125606
-0.0048457707
-0.0056352553
-0.0051637313
-0.0051900618
-0.0088569679
-0.0088263449
-0.0085465041
-0.0053291549
-0.0048318920
-0.0048585204
-0.0076785939
-0.0073517599
-0.0071823388
-0.0100196953
-0.0104116542
-0.0099797911
-0.0000132731
0.0000094553
0.0000094541
-0.0000205117
-0.0139389609
-0.0139331552
-0.0139239808
-0.0133008968
-0.0134274759
-0.0134539421
-0.0134666266
-0.0134633523
-0.0135155154
-0.0138082348
-0.0139994131
-0.0087445577
-0.0085931306
-0.0083123673
-0.0045286570
-0.0040137936
-0.0043539167
-0.0011710006
-0.0008279318
-0.0012377448
-0.0121109203
-0.0120172138
-0.0116586534
-0.0033023453
-0.0035466238
-0.0037465714
-0.0123548861
-0.0121971059
-0.0127358982
-0.0082013306
-0.0078250466
-0.0021212056
-0.0021412319
-0.0016459633
-0.0054198347
-0.0053569959
-0.0057361750
-0.0127979918
-0.0124235564
-0.0126142738
-0.0039131642
-0.0035174955
-0.0034853960
-0.0090433167
-0.0091707415
-0.0093897973
-0.0087020925
-0.0083233802
-0.0085338772
-0.0057209638
-0.0056240836
-0.0061313264
-0.0035418613
-0.0033837452
-0.0021872155
-0.0025948055
-0.0026837191
-0.0101786712
-0.0102832875
-0.0106452296
-0.0050714273
-0.0051097226
-0.0053470903
-0.0034329338
-0.0031822257
-0.0029690578
-0.0060154322
-0.0065506125
-0.0062834089
-0.0018928019
-0.0014160480
-0.0013497489
-0.0097642750
-0.0115542120
-0.0112404789
-0.0111926352
-0.0126886897
-0.0122685456
-0.0127101903
-0.0103654527
-0.0106344884
-0.0108770661
-0.0061695591
-0.0058213330
-0.0087166406
-0.0088826451
-0.0092186110
-0.0123262420
-0.0041942293
-0.0043443798
-0.0056027443
-0.0054168391
-0.0050321813
-0.0024342046
-0.0028798845
-0.0028129753
-0.0031641204
-0.0027906083
-0.0026767448
-0.0116380890
-0.0111729428
-0.0114403319
-0.0086276150
-0.0082768444
-0.0083294222
-0.0008286868
-0.0004024740
-0.0008268148
-0.0054701838
-0.0049841827
-0.0050603956
-0.0025347972
-0.0030079775
-0.0028121032
-0.0100906953
-0.0097357829
-0.0096527253
-0.0111859553
-0.0107822286
-0.0107606532
-0.0090199632
-0.0092078464
-0.0094471905
-0.0024036148
-0.0025113439
-0.0021572890
-0.0129612511
-0.0134367608
-0.0134008182
-0.0057165917
-0.0058927052
-0.0053626874
-0.0094081798
-0.0091112271
-0.0021408231
-0.0025667092
-0.0021840808
-0.0126170968
-0.0130202705
-0.0066111564
-0.0063650092
-0.0061563898
-0.0085991476
-0.0084391989
-0.0080544599
-0.0120698479
-0.0124495416
-0.0120350021
-0.0050289434
-0.0055393346
-0.0054214132
-0.0017250332
-0.0017256145
-0.0021561113
-0.0033868187
-0.0032275355
-0.0029141717
-0.0097114952
-0.0101748588
-0.0099867991
-0.0040754662
-0.0038184858
-0.0035734242
-0.0104312889
-0.0012495445
-0.0015695275
-0.0017136202
-0.0095002717
-0.0095460038
-0.0099007666
-0.0112648371
-0.0107623831
-0.0109366708
-0.0051680081
-0.0052322381
-0.0056490806
-0.0027145588
-0.0031251645
-0.0030310386
-0.0068729947
-0.0064660002
-0.0064521004
-0.0063165658
-0.0061419829
-0.0058947649
-0.0011905906
-0.0017025886
-0.0014527438
-0.0013280366
-0.0082328797
-0.0084932440
-0.0080347587
-0.0057664785
-0.0052847113
-0.0054003189
-0.0029159586
-0.0034224093
-0.0031319442
-0.0091248597
-0.0089412182
-0.0087502265
-0.0012139054
-0.0011765751
-0.0008931986
-0.0127312809
-0.0123811254
-0.0123203225
-0.0077105598
-0.0077196827
-0.0072995034
-0.0079293771
-0.0076272789
-0.0074149737
-0.0121246222
-0.0119972879
-0.0124613223
-0.0049044421
-0.0050348782
-0.0046827856
-0.0119494999
-0.0118728607
-0.0123191372
-0.0062309446
-0.0066718705
-0.0065108992
-0.0018199447
-0.0021582538
-0.0019318310
-0.0008652024
-0.0012912652
-0.0012776603
-0.0022729850
-0.0020524910
-0.0024035692
-0.0119882462
-0.0124750366
-0.0122962059
-0.0018195798
-0.0014160069
-0.0014524207
-0.0018828359
-0.0022620794
-0.0023795940
-0.0014238098
-0.0012223975
-0.0017531966
-0.0043965626
-0.0046128986
-0.0041994909
-0.0013256838
-0.0016678274
-0.0020526163
-0.0088652977
-0.0093828315
-0.0092292525
-0.0107372450
-0.0104389956
-0.0102745546
-0.0033401312
-0.0028344432
-0.0111973753
-0.0107043439
-0.0109637624
-0.0041122731
-0.0043406237
-0.0045932576
-0.0128014717
-0.0123244767
-0.0123302898
-0.0100349548
-0.0104823276
-0.0098799068
-0.0113431736
-0.0111730029
-0.0117197248
-0.0101951610
-0.0103448871
-0.0106295671
-0.0102658071
-0.0107330806
-0.0097806823
-0.0095956095
-0.0092787911
0.0000070837
-0.0000000005
0.0000241414
0.0000000026
-0.0000201899
-0.0138246444
-0.0138536967
-0.0085168892
-0.0088586105
-0.0089771646
-0.0038969854
-0.0111764352
-0.0112236501
-0.0116297744
-0.0093415445
-0.0090406891
-0.0089056958
-0.0056216926
-0.0058096733
-0.0060814188
-0.0058788182
-0.0059069747
-0.0062826227
-0.0061882787
-0.0060358564
-0.0065228559
-0.0064129170
-0.0061596979
-0.0033091953
-0.0037235615
-0.0035995519
-0.0112321888
-0.0117107389
-0.0116497039
-0.0025924379
-0.0024537157
-0.0029454646
-0.0023793434
-0.0022288847
-0.0019460700
-0.0096050811
-0.0095661767
-0.0091475224
-0.0027634965
-0.0026044951
-0.0064631868
-0.0062616476
-0.0067035347
-0.0083930747
-0.0093040959
-0.0090954677
-0.0101006014
-0.0106308976
-0.0104123400
-0.0103012500
-0.0106381724
-0.0131237274
-0.0131566495
-0.0135545283
-0.0051882356
-0.0048243456
-0.0054118444
-0.0043010531
-0.0041038537
-0.0040077127
0.0000000043
0.0000158062
-0.0000070817
0.0000435889
0.0000060898
0.0000233392
0.0000107077
-0.0138874649
-0.0139296000
-0.0139992483
-0.0138312049
-0.0136352695
-0.0136056452
-0.0135054257
-0.0135570107
-0.0134979690
-0.0139985630
-0.0138067873
-0.0130052901
-0.0128706755
-0.0131075733
-0.0139701488
-0.0043074532
-0.0042233070
-0.0046408935
-0.0036949025
-0.0042077588
-0.0038399108
-0.0124864163
-0.0128623333
-0.0128705072
-0.0093431087
-0.0088866410
-0.0090578339
-0.0100882810
-0.0099731264
-0.0096298918
-0.0080366090
-0.0082174829
-0.0025501625
-0.0028105124
-0.0030502696
-0.0047267694
-0.0049520136
-0.0052063599
-0.0060701618
-0.0065183005
-0.0062382112
-0.0038436647
-0.0033617329
-0.0034473973
-0.0043288613
-0.0047441785
-0.0047978876
-0.0096859723
-0.0101188360
-0.0099454303
-0.0058384179
-0.0053390942
-0.0055183021
-0.0056734886
-0.0061429927
-0.0039716621
-0.0043520167
-0.0043995311
-0.0081293838
-0.0080785462
-0.0092780782
-0.0095782958
-0.0096912411
-0.0037664976
-0.0100160792
-0.0104814012
-0.0026837970
-0.0022025076
-0.0024975317
-0.0047645244
-0.0025314352
-0.0030077612
-0.0029447349
-0.0091781107
-0.0093594189
-0.0089454703
-0.0065353549
-0.0068046047
-0.0068556526
-0.0034853741
-0.0037568191
-0.0039686749
-0.0103860184
-0.0101741326
-0.0107137165
-0.0053357499
-0.0050293572
-0.0055268867
-0.0032373364
-0.0030749283
-0.0035617697
-0.0070176004
-0.0066215296
-0.0101389747
-0.0100304285
-0.0096079914
-0.0066884359
-0.0045704076
-0.0061354255
-0.0056128058
-0.0064159516
-0.0068298259
-0.0082020897
-0.0085044164
-0.0088028072
-0.0073404129
-0.0068729791
-0.0069141566
-0.0029384990
-0.0032653498
-0.0033544018
-0.0041943042
-0.0045351725
-0.0105329585
-0.0102807895
-0.0102338143
-0.0089889512
-0.0091895563
-0.0038367747
-0.0037292733
-0.0106286082
-0.0102815353
-0.0101704281
-0.0029408283
-0.0027312954
-0.0032239647
-0.0030643376
-0.0093731999
-0.0092808259
-0.0090323699
-0.0099392041
-0.0086663049
-0.0086316933
-0.0081983684
-0.0078553325
-0.0080631151
-0.0075642303
-0.0032782957
-0.0126828147
-0.0131047097
-0.0127958318
-0.0117711800
-0.0113332290
-0.0117047966
-0.0111854176
-0.0110291793
-0.0115467384
-0.0062197253
-0.0060138485
-0.0065357670
-0.0066107763
-0.0063525190
-0.0054653651
-0.0051893904
-0.0050760696
-0.0043564620
-0.0042904414
-0.0046632049
-0.0096671384
-0.0091486276
-0.0095999526
-0.0079054871
-0.0099622652
-0.0060103498
-0.0060277753
-0.0055845351
-0.0083170076
-0.0087075555
-0.0088613032
-0.0069242744
-0.0070494107
-0.0074258673
-0.0047851684
-0.0052382940
-0.0048060875
-0.0105260464
-0.0094742152
-0.0093238624
-0.0097971051
-0.0029839167
-0.0075609980
-0.0078674235
-0.0058731492
-0.0057886316
-0.0054717628
-0.0038322562
-0.0042269243
-0.0038098587
-0.0043749247
-0.0040651013
-0.0043839297
-0.0032740908
-0.0029458488
-0.0032082571
-0.0034173465
-0.0036513878
-0.0084766017
-0.0089778407
-0.0088086112
-0.0053538577
-0.0048721031
-0.0091819195
-0.0093904510
-0.0096014549
-0.0123320540
-0.0118497186
-0.0119926438
-0.0066972576
-0.0063419905
-0.0061408366
-0.0105835840
-0.0098232234
-0.0103680362
-0.0090570802
-0.0096029263
-0.0050618534
-0.0048116696
-0.0095934268
-0.0100257991
-0.0097803635
-0.0096265368
-0.0067724651
-0.0064960217
-0.0112275149
-0.0116004528
-0.0110731976
-0.0101135785
-0.0103863913
-0.0065556879
-0.0061100586
-0.0065918115
-0.0106208857
-0.0105397267
-0.0102745296
-0.0039130368
-0.0044081153
-0.0043091551
-0.0095141033
-0.0053677626
-0.0049282452
-0.0038302679
-0.0040821194
-0.0042855797
-0.0058039046
-0.0055520835
-0.0053652314
-0.0065026979
-0.0070175901
-0.0066089906
-0.0110971154
-0.0109486532
-0.0107065952
-0.0036057576
-0.0032724170
-0.0034098787
-0.0043954534
-0.0047900172
-0.0049226303
-0.0026530081
-0.0030562682
-0.0026008359
-0.0049593968
-0.0009927320
-0.0007609392
-0.0005981831
-0.0041592672
-0.0039807348
-0.0037193346
-0.0035996846
-0.0023611437
-0.0021615299
-0.0019236150
-0.0096923685
-0.0101606374
-0.0100332432
-0.0066640850
-0.0067871293
-0.0071576932
-0.0053453885
-0.0049251816
-0.0021196225
-0.0020841519
-0.0013099581
-0.0060223121
-0.0065493500
-0.0070311732
-0.0067426253
-0.0121832913
-0.0119630649
-0.0099952339
-0.0094788582
-0.0095464692
-0.0086939352
-0.0082627659
-0.0082883028
-0.0047464014
-0.0052408363
-0.0051390586
-0.0048902659
-0.0027047663
-0.0029694922
-0.0032577641
-0.0072323196
-0.0072624966
-0.0063954728
-0.0066692532
-0.0068135343
-0.0108234279
-0.0109603286
-0.0111821668
-0.0060992880
-0.0058501739
-0.0056795225
-0.0066707096
-0.0060898843
-0.0063186357
-0.0113620067
-0.0116668527
-0.0118045441
-0.0073085263
-0.0069649017
-0.0068788821
-0.0057832739
-0.0054420551
-0.0059129332
-0.0075247424
-0.0074910563
-0.0071449980
-0.0055901300
-0.0053749679
-0.0057912010
-0.0062442966
-0.0066506038
-0.0065787681
-0.0063112517
-0.0050616525
-0.0053157756
-0.0067305751
-0.0068945869
-0.0065338392
-0.0008208451
-0.0008156478
-0.0012403916
-0.0090856288
-0.0095661415
-0.0102090705
-0.0106411227
-0.0103331033
-0.0061892008
-0.0057074711
-0.0065662684
-0.0060417390
-0.0062383553
-0.0109327829
-0.0104173987
-0.0065317418
-0.0061493501
-0.0040776224
-0.0045876759
-0.0043159180
-0.0079823058
-0.0076183190
-0.0075953007
-0.0012448057
-0.0012195188
-0.0016746620
-0.0066120363
-0.0064857440
-0.0059939424
-0.0061671322
-0.0054418000
-0.0057954086
-0.0054450237
-0.0030448473
-0.0027550749
-0.0025398826
-0.0098361686
-0.0097987852
-0.0094132958
-0.0134408733
-0.0129353319
-0.0128334562
-0.0057755119
-0.0052718226
-0.0056354377
-0.0065642344
-0.0070272642
-0.0066685499
-0.0093872932
-0.0094993115
-0.0090611815
-0.0090616645
-0.0085349089
-0.0098569066
-0.0098721950
-0.0119135765
-0.0114407963
-0.0115710100
-0.0095444775
-0.0091455953
-0.0096518745
-0.0068871379
-0.0064763016
-0.0064445783
-0.0051653956
-0.0055537041
-0.0055863742
-0.0065761019
-0.0066749474
-0.0070807488
-0.0034764850
-0.0030876468
-0.0047271011
-0.0043118265
-0.0117315724
-0.0120435387
-0.0116161086
-0.0090731994
-0.0095268721
-0.0098596884
-0.0034239543
-0.0046601857
-0.0050294179
-0.0060485168
-0.0056621667
-0.0060625035
-0.0058955201
-0.0063212690
-0.0103499569
-0.0099923937
-0.0105061108
-0.0028554550
-0.0033866923
-0.0052195214
-0.0045314913
-0.0044237972
-0.0041739565
-0.0058855243
-0.0054481146
-0.0055388349
-0.0043410886
-0.0038897959
-0.0043241106
-0.0044823726
-0.0047891258
-0.0049201894
-0.0048262841
-0.0053686589
-0.0051689706
-0.0050243518
-0.0048257576
-0.0053882210
-0.0050431659
-0.0087810042
-0.0086289919
-0.0082972895
-0.0059574051
-0.0063953524
-0.0062503904
-0.0046308438
-0.0065060793
-0.0066229551
-0.0068550066
-0.0042011367
-0.0044017891
-0.0039416975
-0.0072879829
-0.0065100361
-0.0064926923
-0.0069041953
-0.0075310728
-0.0069651786
-0.0091044363
-0.0086888557
-0.0134717269
-0.0135541589
-0.0056975210
-0.0052982803
-0.0057057225
-0.0061127521
-0.0076103455
-0.0080879394
-0.0077270494
-0.0046071415
-0.0042485300
-0.0041360478
-0.0047336426
-0.0065054177
-0.0060912189
-0.0060230664
-0.0062367949
-0.0113751008
-0.0118376816
-0.0116921662
-0.0095253935
-0.0092872894
-0.0091208612
-0.0042640831
-0.0042932608
-0.0047481588
-0.0004248828
-0.0004670979
-0.0100433977
-0.0103935443
-0.0100200933
-0.0110445039
-0.0109118162
-0.0105502255
-0.0052296721
-0.0038731755
-0.0088793435
-0.0083149433
-0.0085161979
-0.0057842234
-0.0062148119
-0.0061306500
-0.0015509974
-0.0020273660
-0.0076374767
-0.0071577520
-0.0071727147
-0.0057376030
-0.0060664876
-0.0067342129
-0.0069138896
-0.0065228403
-0.0048031389
-0.0045869811
-0.0059789346
-0.0055503195
-0.0058824039
-0.0134681217
-0.0132771635
-0.0045126028
-0.0049787291
-0.0060199346
-0.0065501595
-0.0063341774
-0.0054149712
-0.0089136752
-0.0086204591
-0.0056140637
-0.0058694078
-0.0059712196
-0.0062616869
-0.0066130153
-0.0068047881
-0.0058466923
-0.0060395907
-0.0062678700
-0.0053516851
-0.0037310428
-0.0033339842
-0.0042939347
-0.0041816439
-0.0046066013
-0.0061168357
-0.0049590774
-0.0058985859
-0.0055613500
-0.0054175333
-0.0104233831
-0.0105302456
-0.0108608005
-0.0025617060
-0.0024860018
-0.0021201145
-0.0085230237
-0.0085011409
-0.0081009951
-0.0106926347
-0.0109044244
-0.0110691924
-0.0112818258
-0.0113233377
-0.0117534265
-0.0094846056
-0.0096558755
-0.0099731202
-0.0130010527
-0.0127795653
-0.0125134184
-0.0075307246
-0.0080576772
-0.0079234673
-0.0100129443
-0.0103582672
-0.0099282537
-0.0125924743
-0.0131307343
-0.0063754487
-0.0067934297
-0.0069263209
-0.0077108295
-0.0082621916
-0.0077530396
-0.0075454802
-0.0078597760
-0.0073786375
-0.0032606925
-0.0030591349
-0.0028835213
-0.0091448231
-0.0087864961
-0.0087182224
-0.0076461659
-0.0077220276
-0.0073866277
-0.0024545401
-0.0026619874
-0.0029074306
-0.0129666807
-0.0016971245
-0.0069841861
-0.0071913621
-0.0073464409
-0.0121201988
-0.0126370577
-0.0126005514
-0.0090239952
-0.0090292975
-0.0117400440
-0.0115763342
-0.0112722116
-0.0079071091
-0.0107866201
-0.0110725012
-0.0111949234
-0.0123176954
-0.0127263071
-0.0122793922
-0.0101693901
-0.0106940101
-0.0103291100
-0.0086235312
-0.0090652429
-0.0087067531
-0.0108094278
-0.0115087758
-0.0030542004
-0.0121600831
-0.0029440177
-0.0028685061
-0.0025496727
-0.0126781974
-0.0122394859
-0.0048059984
-0.0052385507
-0.0098673541
-0.0094543105
-0.0069553465
-0.0108285517
-0.0054033116
-0.0051395833
-0.0050219498
-0.0051550603
-0.0046992761
-0.0047834267
-0.0121115595
-0.0113576756
-0.0118129262
-0.0113339247
-0.0111672594
-0.0115410224
-0.0031768509
-0.0052952407
-0.0052460801
-0.0054784523
-0.0055703593
-0.0103840547
-0.0101990899
-0.0099765335
-0.0125378328
-0.0120777164
-0.0123246995
-0.0123792823
-0.0120916239
-0.0118805646
-0.0102704920
-0.0125629142
-0.0120956108
-0.0121838521
-0.0019293016
-0.0021826454
-0.0024639736
-0.0125791676
-0.0121217942
-0.0121219351
-0.0048189930
-0.0048935488
-0.0045277189
-0.0073167980
-0.0078411957
-0.0075994859
-0.0088757219
-0.0086438372
-0.0080627076
-0.0083256581
-0.0101969489
-0.0115508083
-0.0119983725
-0.0116327518
-0.0008338657
-0.0012494837
-0.0008347085
-0.0078468987
-0.0082238009
-0.0078501803
-0.0129450159
-0.0131797609
-0.0133421555
-0.0078317575
-0.0078660724
-0.0081803007
-0.0086112050
-0.0081019134
-0.0107468513
-0.0046742008
-0.0051075137
-0.0050788230
-0.0135873239
-0.0135805147
-0.0028670857
-0.0025027555
-0.0025919608
-0.0080847665
-0.0079552143
-0.0110699480
-0.0099656288
-0.0022916091
-0.0024165722
-0.0109184652
-0.0039505889
-0.0037722627
-0.0042085955
-0.0058251497
-0.0057729792
-0.0114047505
-0.0119192628
-0.0089962717
-0.0086101349
-0.0099724255
-0.0094834016
-0.0003777177
-0.0003132848
-0.0016680005
-0.0020941534
-0.0017393551
-0.0062906199
-0.0060132167
-0.0066219131
-0.0092519713
-0.0093796557
-0.0090319568
-0.0116480141
-0.0074260191
-0.0078198756
-0.0078637704
-0.0115405294
-0.0111414318
-0.0112107942
-0.0089722871
-0.0085037571
-0.0102814387
-0.0098335843
-0.0097943590
-0.0103121903
-0.0101524059
-0.0032996683
-0.0036855969
-0.0032462266
-0.0111494525
-0.0112671179
-0.0108472931
-0.0080597686
-0.0082152863
-0.0085217655
-0.0029449188
-0.0028343201
-0.0024604690
-0.0123168575
-0.0121631634
-0.0117796376
-0.0113268645
-0.0009173401
-0.0013065704
-0.0013882211
-0.0010660787
-0.0078951560
-0.0082721827
-0.0081976989
-0.0113468528
-0.0117503402
-0.0116151825
-0.0119878399
-0.0119511109
-0.0123278376
-0.0131110795
-0.0127174315
-0.0127148446
-0.0058829597
-0.0059788847
-0.0056044787
-0.0078643006
-0.0082672352
-0.0082940109
-0.0116602845
-0.0109765656
-0.0112407913
-0.0113566558
-0.0020732651
-0.0113119517
-0.0116910493
-0.0117021081
-0.0023832321
-0.0028060209
-0.0025583664
-0.0018896814
-0.0021230703
-0.0024865751
-0.0026330377
-0.0028489071
-0.0130338069
-0.0125575458
-0.0127938002
-0.0023036338
-0.0027189883
-0.0022802471
-0.0062291497
-0.0060338211
-0.0058401287
-0.0048674729
-0.0044407174
-0.0046272641
-0.0134148584
-0.0132306721
-0.0118083627
-0.0114945869
-0.0112946456
-0.0016225103
-0.0010737265
-0.0013566450
-0.0110918119
-0.0048020429
-0.0052889153
-0.0052862248
-0.0061761859
-0.0058778067
-0.0025684988
-0.0022412178
-0.0022279310
-0.0081384724
-0.0081502349
-0.0077092126
-0.0111546510
-0.0107839653
-0.0112102483
-0.0115015507
-0.0117400513
-0.0118840419
-0.0113502150
-0.0131306149
-0.0127323865
-0.0131453989
-0.0108249721
-0.0081417851
-0.0076176982
-0.0078659318
-0.0003653064
-0.0007470082
-0.0006610795
-0.0102395263
-0.0105317936
-0.0106906083
-0.0110673080
-0.0116173831
-0.0114586173
-0.0017116220
-0.0013338442
-0.0016334850
-0.0103490024
-0.0101450331
-0.0100356014
-0.0069935322
-0.0069362088
-0.0034483163
-0.0011151221
-0.0009048184
-0.0121343398
-0.0116453217
-0.0116748599
-0.0049472124
-0.0029144751
-0.0025107831
-0.0028961160
-0.0034840220
-0.0039158738
-0.0080272892
-0.0083996822
-0.0079263427
-0.0004153111
-0.0008488987
-0.0007864178
-0.0026019553
-0.0022029567
-0.0025376054
-0.0072909865
-0.0077457949
-0.0073185065
-0.0077784464
-0.0095893753
-0.0100026695
-0.0100002804
-0.0117407606
-0.0121015835
-0.0118369803
-0.0110438307
-0.0113482713
-0.0115215388
-0.0127501003
-0.0124095601
-0.0123045320
-0.0044002634
-0.0038353439
-0.0041685103
-0.0058405410
-0.0061930827
-0.0022840237
-0.0024433005
-0.0020282625
-0.0075041656
-0.0033305565
-0.0036360382
-0.0037968143
-0.0116937483
-0.0117471991
-0.0113228568
-0.0115978499
-0.0120498341
-0.0118427417
-0.0127327385
-0.0068670641
-0.0066260140
-0.0069678523
-0.0016191064
-0.0015864248
-0.0077563312
-0.0072201704
-0.0035352358
-0.0080918195
-0.0081255738
-0.0130409883
-0.0127404954
-0.0079302271
-0.0075426687
-0.0029674909
-0.0025421932
-0.0025148880
-0.0024059424
-0.0027845024
-0.0029134880
-0.0008327832
-0.0007869033
-0.0012110667
-0.0035274384
-0.0032562341
-0.0031136084
-0.0049649755
-0.0091830821
-0.0091601721
-0.0096079242
-0.0107584612
-0.0112566989
-0.0109792339
-0.0078809993
-0.0082987211
-0.0083531749
-0.0079176329
-0.0055930201
-0.0053843364
-0.0051178184
-0.0117821749
-0.0117565456
-0.0112763871
-0.0042818471
-0.0109008503
-0.0113237398
-0.0072876000
-0.0068657322
-0.0072944207
-0.0008989546
-0.0013006355
-0.0013548386
-0.0010007132
-0.0027058920
-0.0029166600
-0.0031597046
-0.0076756197
-0.0078958313
-0.0080586929
-0.0113526481
-0.0117365682
-0.0118247867
-0.0115082853
-0.0082178397
-0.0077434156
-0.0077717605
-0.0081419800
-0.0033082473
-0.0018783283
-0.0016266445
-0.0026393206
-0.0034033715
-0.0037786973
-0.0033099563
-0.0100700715
-0.0086960538
-0.0007993799
-0.0003834768
-0.0007823604
-0.0114250529
-0.0110604085
-0.0110595914
-0.0036483286
-0.0032930793
-0.0133800877
-0.0136513364
-0.0020730923
-0.0020675161
-0.0025146907
-0.0083590802
-0.0083943128
-0.0025975826
-0.0025916447
-0.0021621144
-0.0039909050
-0.0034539365
-0.0052951513
-0.0098238696
-0.0120148964
-0.0124822654
-0.0125041765
-0.0060249327
-0.0057213320
-0.0055075218
-0.0076637094
-0.0079834087
-0.0081792528
-0.0022789023
-0.0026585841
-0.0028161213
-0.0046688890
-0.0068508953
-0.0071539990
-0.0072982681
-0.0117934867
-0.0108241230
-0.0113194767
-0.0084113815
-0.0080570764
-0.0081778294
-0.0122643268
-0.0127433435
-0.0126771026
-0.0110031057
-0.0111185553
-0.0114447776
-0.0073497681
-0.0075460002
-0.0078872926
-0.0079054334
-0.0092900448
-0.0088594947
-0.0090348896
-0.0061288359
-0.0090187634
-0.0086614859
-0.0085900817
-0.0032505559
-0.0030105647
-0.0028015457
0.0000068430
-0.0000131845
0.0000141494
-0.0138116309
-0.0137062281
-0.0137956034
-0.0044254744
-0.0047824648
-0.0044065922
-0.0035104248
-0.0032374742
-0.0008135264
-0.0012418533
-0.0008040731
-0.0021390648
-0.0040017402
-0.0043019098
-0.0070349209
-0.0087770077
-0.0090822264
-0.0063248247
-0.0060960455
-0.0090887240
-0.0095404242
-0.0074988300
-0.0077164909
-0.0079032526
-0.0008295122
-0.0003993418
-0.0004356738
-0.0020105454
-0.0024590598
-0.0025103540
-0.0081143737
-0.0081139276
-0.0085331553
-0.0040127932
-0.0034615429
-0.0035647390
-0.0009190054
-0.0011682153
-0.0013973392
-0.0054212748
-0.0057930339
-0.0059215726
-0.0051667763
-0.0089811986
-0.0086170275
-0.0085197347
-0.0034505304
-0.0036481668
-0.0033075262
-0.0036305867
-0.0035930706
-0.0032272047
-0.0018740969
-0.0034787164
-0.0032968413
-0.0029876549
-0.0087257841
-0.0046597188
-0.0080325753
-0.0037428401
-0.0036411792
-0.0045053682
-0.0045876459
-0.0042828976
-0.0041363596
-0.0068863470
-0.0066920522
-0.0065345634
-0.0088078118
-0.0035264971
-0.0039810033
-0.0025708117
-0.0021698604
-0.0021290327
0.0000148321
0.0000152704
0.0000143993
0.0000106915
-0.0000250039
-0.0139457303
-0.0134905681
-0.0136601317
-0.0136682093
-0.0129122560
-0.0133062328
-0.0130158778
-0.0130578439
-0.0084879451
-0.0089512731
-0.0050482231
-0.0054283093
-0.0097706529
-0.0062004759
-0.0057552787
-0.0058001521
-0.0069188079
-0.0073142571
-0.0067651045
-0.0078841404
-0.0083131129
-0.0082601674
-0.0098363065
-0.0096135328
-0.0100233720
-0.0074729902
-0.0071018639
-0.0071179254
-0.0109769269
-0.0106129698
-0.0105682379
-0.0065916181
-0.0076805866
-0.0078346060
-0.0081640847
-0.0086424407
-0.0068683826
-0.0067475086
-0.0064213817
-0.0072145085
-0.0068015219
-0.0061840079
-0.0113374967
-0.0117773440
-0.0068415042
-0.0077419630
-0.0072385149
-0.0075711168
-0.0089844456
-0.0096779025
-0.0092554124
-0.0084622241
-0.0087170481
-0.0051213263
-0.0048788400
-0.0093100308
-0.0093106337
-0.0059315258
-0.0097611531
-0.0068233376
-0.0065644833
-0.0070324274
-0.0115065949
-0.0112774709
-0.0110853634
-0.0074230001
-0.0075043254
-0.0056921954
-0.0059234813
-0.0054673808
-0.0070708875
-0.0073310802
-0.0107201500
-0.0109673260
-0.0110584836
-0.0062680090
-0.0062642442
-0.0059168240
-0.0092554203
-0.0097375546
-0.0096475171
-0.0087581882
-0.0090355237
-0.0059637124
-0.0063973805
-0.0060021367
-0.0058174186
-0.0022790335
-0.0020221852
-0.0017754252
-0.0103620614
-0.0056458678
-0.0061448703
-0.0057406369
-0.0111591693
-0.0098314569
-0.0102584843
-0.0102445158
-0.0044242038
-0.0039863981
-0.0044795352
-0.0098015555
-0.0094703760
-0.0093305653
-0.0050687061
-0.0056447888
-0.0055558625
-0.0051368452
-0.0055052222
-0.0054640476
-0.0056555826
-0.0072030908
-0.0072222670
-0.0081017855
-0.0064645481
-0.0068889737
-0.0046956980
-0.0123402598
-0.0128745005
-0.0125586887
-0.0060372441
-0.0064471417
-0.0060494233
-0.0071559389
-0.0075196168
-0.0071244705
-0.0047941225
-0.0042974470
-0.0052719775
-0.0051436535
-0.0070360294
-0.0074342177
-0.0074537113
-0.0054653742
-0.0090836669
-0.0096273980
-0.0098179994
-0.0116236480
-0.0112130162
-0.0117071639
-0.0051940393
-0.0050089917
-0.0054003404
-0.0057161287
-0.0031291488
-0.0035904763
-0.0035381976
-0.0046674606
-0.0042367960
-0.0046388494
-0.0046001974
-0.0041586181
-0.0045643551
-0.0045811156
-0.0042418852
-0.0046581712
-0.0052245727
-0.0048468495
-0.0041404796
-0.0045185841
-0.0047579883
-0.0042618491
-0.0045528462
-0.0041408890
-0.0013057678
-0.0014103741
-0.0017829626
-0.0116950790
-0.0119219121
-0.0114127475
-0.0041028498
-0.0044883699
-0.0072389823
-0.0075117404
-0.0055371762
-0.0059030856
-0.0047683609
-0.0043216054
-0.0044694040
-0.0041196615
-0.0033575566
-0.0031541781
-0.0045711964
-0.0050801868
-0.0047777796
-0.0043427240
-0.0044362983
-0.0040470471
-0.0065670513
-0.0061458707
-0.0066611000
-0.0047861602
-0.0043486787
-0.0043512579
-0.0040269554
-0.0046808548
-0.0042350839
-0.0047655511
-0.0043755022
-0.0042379827
-0.0039319381
-0.0044745245
-0.0040098299
-0.0043902994
-0.0118285599
-0.0114555391
-0.0117898060
-0.0045471914
-0.0104876871
-0.0104397023
-0.0043907888
-0.0039419063
-0.0040186601
-0.0041204830
-0.0029403192
-0.0031473363
-0.0034303168
-0.0044092952
-0.0040092007
-0.0085853054
-0.0044727699
-0.0041088631
-0.0044930887
-0.0052496111
-0.0080778474
-0.0077799240
-0.0081986508
-0.0044252635
-0.0040272292
-0.0068010042
-0.0071616567
-0.0041881526
-0.0045887644
-0.0048599535
-0.0043738700
-0.0047755004
-0.0032159268
-0.0045413540
-0.0041388400
-0.0048271926
-0.0043374008
-0.0045714633
-0.0045749445
-0.0042345837
-0.0019110051
-0.0016646420
-0.0013608829
-0.0046024891
-0.0041839941
-0.0047318230
-0.0042508107
-0.0047046027
-0.0067052160
-0.0070590331
-0.0049066321
-0.0049697320
-0.0045582688
-0.0041397942
-0.0042963971
-0.0047621528
-0.0053073730
-0.0049448772
-0.0048243791
-0.0045814373
-0.0041243499
-0.0043573556
-0.0047980674
-0.0103837244
-0.0100052096
-0.0098690106
-0.0120014225
-0.0117221399
-0.0117205745
-0.0043774515
-0.0048293803
-0.0045882523
-0.0041625762
-0.0043575937
-0.0047695143
-0.0107016839
-0.0102811667
-0.0051611645
-0.0048343645
-0.0047500891
-0.0046318471
-0.0041768725
-0.0043184312
-0.0047321453
-0.0047099153
-0.0043061685
-0.0047742877
-0.0046550623
-0.0041835083
-0.0043327402
-0.0048088040
-0.0016319035
-0.0046668222
-0.0042304677
-0.0072711842
-0.0075121459
-0.0078113548
-0.0054812727
-0.0052087309
-0.0050944940
-0.0046767857
-0.0043295843
-0.0048393109
-0.0039668607
-0.0047032532
-0.0042415712
-0.0043549179
-0.0047849744
-0.0083770991
-0.0086081622
-0.0088797253
-0.0047434784
-0.0042773371
-0.0047638940
-0.0051912383
-0.0045750249
-0.0041965643
-0.0046408115
-0.0056188148
-0.0051843430
-0.0050427506
-0.0045536253
-0.0046194967
-0.0047524661
-0.0043185610
-0.0041649325
-0.0043867333
-0.0042707685
-0.0047056049
-0.0047142427
-0.0043992614
-0.0055262847
-0.0047471562
-0.0043176858
-0.0042521471
-0.0047138161
-0.0050325414
-0.0047411990
-0.0046207736
-0.0047288719
-0.0042970516
-0.0061902188
-0.0057212398
-0.0043561791
-0.0042564697
-0.0046279841
-0.0105657289
-0.0103237120
-0.0108346693
-0.0046954750
-0.0042697216
-0.0069733671
-0.0069678062
-0.0042527938
-0.0045864903
-0.0048028951
-0.0043450544
-0.0061649328
-0.0058607039
-0.0046098783
-0.0042644283
-0.0114293049
-0.0111502595
-0.0109315313
-0.0054667875
-0.0039518013
-0.0049136945
-0.0044134666
-0.0064981342
-0.0041939416
-0.0046399884
-0.0088026989
-0.0046389769
-0.0043694493
-0.0040719187
-0.0038473511
-0.0094721414
-0.0072606279
-0.0070054593
-0.0117063339
-0.0113086152
-0.0045626535
-0.0041563665
-0.0051427737
-0.0047451185
-0.0094584549
-0.0093090910
-0.0090670306
-0.0096113786
-0.0096127420
-0.0100569391
-0.0042293527
-0.0046299295
-0.0046244822
-0.0045528995
-0.0045629812
-0.0041314265
-0.0043589516
-0.0048219914
-0.0042268957
-0.0046748278
-0.0074011599
-0.0079674965
-0.0061211600
-0.0060589185
-0.0064586035
-0.0066893405
-0.0043052126
-0.0047826168
-0.0045834303
-0.0041651717
-0.0102600398
-0.0098012939
-0.0107955059
-0.0105516172
-0.0109754313
-0.0033783160
-0.0038101036
-0.0034166019
-0.0042986154
-0.0047448481
-0.0049170238
-0.0043679109
-0.0047762660
-0.0070151002
-0.0072955153
-0.0047780937
-0.0043397266
-0.0047543602
-0.0043549737
-0.0048736320
-0.0047515076
-0.0043404758
-0.0028006840
-0.0026266385
-0.0023602164
-0.0043452233
-0.0047592407
-0.0115357529
-0.0038734306
-0.0047604353
-0.0043485358
-0.0050145989
-0.0052943310
-0.0118721674
-0.0114602650
-0.0118449984
-0.0134786149
-0.0130673671
-0.0135381390
-0.0044353919
-0.0039708218
-0.0043583201
-0.0043059573
-0.0047231702
-0.0084572362
-0.0088121890
-0.0087890771
-0.0056053405
-0.0058014778
-0.0115659987
-0.0115451611
-0.0111442785
-0.0064411965
-0.0078199917
-0.0081592541
-0.0046566563
-0.0050043743
-0.0044575110
-0.0040734610
-0.0042735602
-0.0047308672
-0.0075592314
-0.0077652248
-0.0009939864
-0.0012373279
-0.0014077410
-0.0047357132
-0.0044853560
-0.0040641614
-0.0042628803
-0.0046733759
-0.0047474031
-0.0054596604
-0.0049672643
-0.0050332598
-0.0046332485
-0.0042171066
-0.0042145284
-0.0046389784
-0.0046773375
-0.0043162598
-0.0044877635
-0.0042559169
-0.0045602883
-0.0026738596
-0.0025414337
-0.0041844964
-0.0042339634
-0.0095142718
-0.0099081370
-0.0093651764
-0.0008327829
-0.0026634435
-0.0023489347
-0.0021956910
-0.0094672313
-0.0092989715
-0.0089960428
-0.0091939676
-0.0122075960
-0.0123784159
-0.0127477200
-0.0123103058
-0.0080144172
-0.0084665018
-0.0097597324
-0.0095921396
-0.0020589396
-0.0025101050
-0.0021150710
-0.0089052185
-0.0093326680
-0.0089902868
-0.0020557655
-0.0025124936
-0.0020843730
-0.0087767853
-0.0092260373
-0.0088435771
-0.0122084796
-0.0126656261
-0.0123183494
-0.0021397637
-0.0025575471
-0.0021165552
-0.0087343472
-0.0090287413
-0.0085887290
-0.0115715914
-0.0119344918
-0.0115642782
-0.0095464497
-0.0094848055
-0.0115089852
-0.0112982156
-0.0118440431
-0.0124149255
-0.0128576009
-0.0125704969
-0.0084127351
-0.0017069310
-0.0021936234
-0.0087450661
-0.0091803962
-0.0121178968
-0.0125426896
-0.0103781751
-0.0103089958
-0.0025819037
-0.0021277308
-0.0094440303
-0.0090679080
-0.0025382517
-0.0021120439
-0.0089724030
-0.0083197944
-0.0120240685
-0.0115937780
-0.0121801536
-0.0126132225
-0.0126481596
-0.0044664224
-0.0042851514
-0.0040808503
-0.0091565880
-0.0100067106
-0.0095933835
-0.0095510119
-0.0129923601
-0.0125611633
-0.0087408216
-0.0091712548
-0.0022568880
-0.0026152461
-0.0120715617
-0.0124977433
-0.0025525915
-0.0021478553
-0.0095076968
-0.0091029681
-0.0020377611
-0.0024234892
-0.0020769193
-0.0086723997
-0.0090714993
-0.0024885202
-0.0020569314
-0.0086924218
-0.0082623200
-0.0120191844
-0.0116043483
-0.0094906152
-0.0094681751
-0.0130151908
-0.0125851804
-0.0120275659
-0.0124554527
-0.0106567897
-0.0102896991
-0.0103501899
-0.0044268621
-0.0104013665
-0.0105838072
-0.0089066442
-0.0083455010
-0.0078950050
-0.0042483441
-0.0038243763
-0.0037244555
-0.0035166860
-0.0037509452
-0.0039223606
-0.0118435764
-0.0020384283
-0.0023637780
-0.0025851310
-0.0021652002
-0.0095402656
-0.0091324408
-0.0119378660
-0.0124082404
-0.0024752121
-0.0020525091
-0.0087544202
-0.0083350074
-0.0120364223
-0.0116293752
-0.0056041006
-0.0052018727
-0.0058234070
-0.0075571240
-0.0078600159
-0.0130490805
-0.0126362690
-0.0020310267
-0.0025357882
-0.0046612117
-0.0051554252
-0.0046699108
-0.0118293652
-0.0123063594
-0.0016305863
-0.0078306458
-0.0116086553
-0.0113825305
-0.0078059293
-0.0073310675
-0.0017961783
-0.0025994742
-0.0021640592
-0.0095675045
-0.0091520310
-0.0020827937
-0.0024125679
-0.0085708290
-0.0089271277
-0.0086209450
-0.0024656193
-0.0020359116
-0.0087321610
-0.0083698925
-0.0120151578
-0.0116635782
-0.0020909677
-0.0025887307
-0.0022422484
-0.0125993441
-0.0036339425
-0.0130752406
-0.0126502493
-0.0089154067
-0.0089027618
-0.0017293818
-0.0013581339
-0.0074487227
-0.0020305595
-0.0023860289
-0.0084854895
-0.0088795018
-0.0118311888
-0.0122556286
-0.0084450307
-0.0085741925
-0.0090784155
-0.0091356456
-0.0026088246
-0.0021895091
-0.0095829549
-0.0091386612
-0.0130438445
-0.0024509970
-0.0020298711
-0.0087718322
-0.0083658802
-0.0121521968
-0.0118071963
-0.0016766568
-0.0018482839
-0.0023491050
-0.0130336529
-0.0030583300
-0.0031993674
-0.0028635717
-0.0048948188
-0.0051958316
-0.0053194053
-0.0127319439
-0.0019943107
-0.0024080728
-0.0085165210
-0.0080865611
-0.0085119810
-0.0117999684
-0.0124957215
-0.0129911586
-0.0014602245
-0.0012002635
-0.0011118707
-0.0125988688
-0.0118703950
-0.0122362909
-0.0020276976
-0.0106278035
-0.0109347931
-0.0110259620
-0.0024486697
-0.0027303470
-0.0022847637
-0.0095823405
-0.0093663792
-0.0023871104
-0.0019574477
-0.0088212357
-0.0084696808
-0.0122623961
-0.0118502836
-0.0009932083
-0.0014298896
-0.0011140586
-0.0020392163
-0.0024577909
-0.0020598356
-0.0086445636
-0.0083157142
-0.0020827714
-0.0025848680
-0.0023295360
-0.0039997110
-0.0036403653
-0.0036578978
-0.0117284235
-0.0121999730
-0.0021710817
-0.0010813357
-0.0005471921
-0.0005260927
-0.0017458611
-0.0020904138
-0.0023113981
-0.0019474768
-0.0089426145
-0.0085600768
-0.0123082251
-0.0119401052
-0.0009253440
-0.0013579099
-0.0098583132
-0.0097164722
-0.0047679727
-0.0020793252
-0.0025148866
-0.0014953682
-0.0019927850
-0.0015797084
-0.0102860013
-0.0101729951
-0.0098519059
-0.0033667112
-0.0037529251
-0.0039270567
-0.0028568173
-0.0019347153
-0.0104173842
-0.0023654372
-0.0020124249
-0.0090357558
-0.0086531082
-0.0123208358
-0.0119077924
-0.0014372890
-0.0017854125
-0.0117564949
-0.0115335395
-0.0112620282
-0.0083565525
-0.0079367314
-0.0085155364
-0.0087287036
-0.0023830764
-0.0020235712
-0.0090100147
-0.0086578889
-0.0123646359
-0.0119830926
-0.0023218605
-0.0019851044
-0.0017372972
-0.0013349858
-0.0015193755
-0.0011493444
-0.0113641637
-0.0109374016
-0.0109406127
-0.0029672358
-0.0025259717
-0.0024891623
-0.0107128602
-0.0102848579
-0.0036072881
-0.0034682676
-0.0032046107
-0.0118303603
-0.0121857944
-0.0118160188
-0.0104458367
-0.0100059467
-0.0100400219
-0.0023920812
-0.0020729992
-0.0090792997
-0.0086794976
-0.0124355659
-0.0120488862
-0.0080664681
-0.0077772894
-0.0076727994
-0.0020718379
-0.0025020558
-0.0020781295
-0.0087265331
-0.0091589175
-0.0086913564
-0.0090750233
-0.0095379016
-0.0091247540
-0.0125845761
-0.0130518792
-0.0126582030
-0.0103936557
-0.0098641334
-0.0100472754
-0.0032619212
-0.0037177575
-0.0120149348
-0.0122435955
-0.0118775807
-0.0082327322
-0.0087807822
-0.0011865370
-0.0025014730
-0.0020971787
-0.0090949117
-0.0087267377
-0.0124933238
-0.0121028791
-0.0049433634
-0.0016681900
-0.0020074708
-0.0090090661
-0.0094834717
-0.0125244835
-0.0129792268
-0.0101121451
-0.0097091119
-0.0097119821
-0.0025221924
-0.0021055362
-0.0091784033
-0.0087670081
-0.0125286074
-0.0121077801
-0.0074836191
-0.0072957328
-0.0077312219
-0.0121469346
-0.0116012168
-0.0121762196
-0.0125610665
-0.0120641832
-0.0019386960
-0.0021178198
-0.0016362921
-0.0024859663
-0.0020582906
-0.0091813894
-0.0087725932
-0.0125629834
-0.0122336865
-0.0021285354
-0.0025894550
-0.0022100526
-0.0028564316
-0.0032639230
-0.0033262693
-0.0021577507
-0.0025912721
-0.0021511195
-0.0091350402
-0.0095251024
-0.0089995925
-0.0088898159
-0.0085694743
-0.0088333571
-0.0024775261
-0.0020539700
-0.0091881926
-0.0088209438
-0.0126640444
-0.0122540869
-0.0126090116
-0.0130500399
-0.0124625771
-0.0037407207
-0.0041862636
-0.0037903037
-0.0044104836
-0.0040070273
-0.0131228419
-0.0021657986
-0.0026023840
-0.0090661055
-0.0093364429
-0.0088901321
-0.0101834719
-0.0097726234
-0.0099262567
-0.0135406022
-0.0135430306
-0.0122726435
-0.0021734673
-0.0026023140
-0.0091438708
-0.0095658128
-0.0079502438
-0.0053064284
-0.0022313448
-0.0024604932
-0.0024768131
-0.0020989420
-0.0092785145
-0.0088800786
-0.0126771146
-0.0122766935
-0.0125656080
-0.0130298221
-0.0091153746
-0.0095606388
-0.0091154206
-0.0017945997
-0.0021395667
-0.0090816394
-0.0095051566
-0.0021309111
-0.0025668421
-0.0090332121
-0.0094969065
-0.0065536156
-0.0067302453
-0.0070516817
-0.0066051289
-0.0064920928
-0.0068567318
-0.0123261873
-0.0125316038
-0.0129953232
-0.0098787063
-0.0025227691
-0.0021030564
-0.0093032678
-0.0089018608
-0.0127290384
-0.0123315463
-0.0041779394
-0.0046794252
-0.0045855277
-0.0091019281
-0.0095530406
-0.0020395131
-0.0024621269
-0.0025505455
-0.0091051471
-0.0095213961
-0.0030072401
-0.0025915773
-0.0043275039
-0.0047736773
-0.0120647608
-0.0117493413
-0.0123519689
-0.0128403029
-0.0025259655
-0.0021073644
-0.0093530057
-0.0089514066
-0.0128099015
-0.0124396966
-0.0107242920
-0.0107952250
-0.0103680883
-0.0086368893
-0.0090993586
-0.0126709614
-0.0128849126
-0.0123415292
-0.0095554977
-0.0090903855
-0.0121957654
-0.0118142351
-0.0020739194
-0.0024989758
-0.0020841257
-0.0089309967
-0.0093725399
-0.0089765980
-0.0086314587
-0.0087190512
-0.0122314937
-0.0129844367
-0.0125981034
-0.0125467786
-0.0025352429
-0.0021150811
-0.0094299634
-0.0090295651
-0.0128951806
-0.0124747615
-0.0034131639
-0.0038364449
-0.0039072728
-0.0021168806
-0.0024887665
-0.0088644892
-0.0093276150
-0.0106994209
-0.0108502929
-0.0102686961
-0.0134973752
-0.0131518188
-0.0135378842
-0.0021652829
-0.0017648211
-0.0075082057
-0.0074066282
-0.0124989532
-0.0025414298
-0.0021448246
-0.0094621365
-0.0090577577
-0.0129267888
-0.0124908166
-0.0021406648
-0.0025762051
-0.0088154514
-0.0092466942
-0.0083887275
-0.0090981442
-0.0090088921
-0.0121871550
-0.0126990823
-0.0123206517
-0.0112860241
-0.0116380357
-0.0118217542
-0.0026651308
-0.0025334535
-0.0022071585
-0.0113179994
-0.0124258413
-0.0121955818
-0.0125881094
-0.0016667875
-0.0016642395
-0.0020805950
-0.0025730579
-0.0021582341
-0.0095095598
-0.0090968229
-0.0020831495
-0.0025576351
-0.0087625446
-0.0092044294
-0.0017433486
-0.0012606678
-0.0014574728
-0.0021005666
-0.0021750450
-0.0024173739
-0.0121917807
-0.0126542068
-0.0072342523
-0.0067384627
-0.0070024670
-0.0021459722
-0.0025490591
-0.0088449703
-0.0092234664
-0.0126172142
-0.0121683258
-0.0040898539
-0.0040455371
-0.0025870018
-0.0021632718
-0.0095743968
-0.0092075817
-0.0101522628
-0.0104784967
-0.0105799434
-0.0112277313
-0.0108524898
-0.0108617418
-0.0034750618
-0.0090277348
-0.0094154848
-0.0089938330
-0.0020253426
-0.0015625179
-0.0117873222
-0.0122296671
-0.0021328381
-0.0025826233
-0.0021428714
-0.0017265558
-0.0021797606
-0.0085722235
-0.0090261104
-0.0125422846
-0.0121449349
-0.0025943900
-0.0021958753
-0.0092089320
-0.0088505364
-0.0094214844
-0.0087900823
-0.0123077958
-0.0127707872
-0.0121806873
-0.0019048870
-0.0017845967
-0.0091193957
-0.0086609157
-0.0090802913
-0.0125740975
-0.0130351338
-0.0126350643
-0.0025859463
-0.0021381430
-0.0023187048
-0.0027862497
-0.0026253505
-0.0021175240
-0.0025095537
-0.0021103042
-0.0088702524
-0.0093384035
-0.0089443370
-0.0021886196
-0.0125662268
-0.0121263067
-0.0013075817
-0.0018009407
-0.0077776910
-0.0092046790
-0.0087335634
-0.0049635923
-0.0024539319
-0.0021491091
-0.0026526671
-0.0122972635
-0.0127425273
-0.0130215597
-0.0025544328
-0.0020859138
-0.0027443770
-0.0021030759
-0.0025285525
-0.0088508705
-0.0092785624
-0.0026194178
-0.0121796389
-0.0116934612
-0.0099376722
-0.0100156478
-0.0119063923
-0.0122219787
-0.0098454540
-0.0100933366
-0.0025027963
-0.0020280731
-0.0030290760
-0.0130716476
-0.0125842836
-0.0020265554
-0.0023746719
-0.0019863797
-0.0122497347
-0.0126876752
-0.0091521395
-0.0087329679
-0.0044422126
-0.0019883811
-0.0021330504
-0.0025154142
-0.0088370254
-0.0092689288
-0.0131418739
-0.0025520433
-0.0021362968
-0.0019923209
-0.0024747480
-0.0057666027
-0.0060813132
-0.0110094415
-0.0105620926
-0.0105565328
-0.0121415960
-0.0117214188
-0.0034641715
-0.0037487699
-0.0104359182
-0.0106935948
-0.0108911485
-0.0122469988
-0.0126364787
-0.0091548560
-0.0084606895
-0.0127211357
-0.0122243378
-0.0122238401
-0.0016457782
-0.0016336420
-0.0097004952
-0.0099424439
-0.0094880262
-0.0021372627
-0.0025560489
-0.0088732014
-0.0092989563
-0.0024967303
-0.0020743032
-0.0090356272
-0.0092116204
-0.0061665459
-0.0059564119
-0.0056646601
-0.0122598937
-0.0126429103
-0.0049705111
-0.0121780863
-0.0118273390
-0.0068792882
-0.0119399948
-0.0115824758
-0.0021551090
-0.0025865062
-0.0088894182
-0.0093077570
-0.0088727799
-0.0083753824
-0.0014255046
-0.0009294281
-0.0013537073
-0.0023368797
-0.0025161672
-0.0030778925
-0.0030670537
-0.0034531247
-0.0122795615
-0.0126969143
-0.0024735908
-0.0020624924
-0.0021329628
-0.0025745486
-0.0089120642
-0.0093292660
-0.0122402689
-0.0118687885
-0.0089211834
-0.0088504407
-0.0083555905
-0.0086938651
-0.0089025494
-0.0049078923
-0.0049325317
-0.0044759183
-0.0043681373
-0.0123383489
-0.0127740271
-0.0091088456
-0.0095533812
-0.0091453527
-0.0126350276
-0.0130017551
-0.0125223345
-0.0088810317
-0.0085021549
-0.0026718894
-0.0030230171
-0.0030194731
-0.0072242883
-0.0090515599
-0.0093599255
-0.0024735841
-0.0020684510
-0.0080604768
-0.0077410077
-0.0076310902
-0.0030318302
-0.0031308919
-0.0035045820
-0.0020856457
-0.0025530783
-0.0087055910
-0.0091971451
-0.0122800550
-0.0118771110
-0.0091378095
-0.0095885327
-0.0091644614
-0.0022217928
-0.0025126151
-0.0091138451
-0.0094624516
-0.0094884160
-0.0089587076
-0.0085766120
-0.0021775063
-0.0026353979
-0.0024765402
-0.0018152823
-0.0021381642
-0.0107198179
-0.0103046346
-0.0092293595
-0.0092454619
-0.0057052079
-0.0060300766
-0.0086058933
-0.0021866212
-0.0026074620
-0.0021702875
-0.0024803189
-0.0020732523
-0.0125946522
-0.0130259064
-0.0125431080
-0.0060966964
-0.0012598264
-0.0125697030
-0.0128916138
-0.0123231247
-0.0123436904
-0.0119626140
-0.0091040574
-0.0095492754
-0.0036316073
-0.0105816542
-0.0116528759
-0.0124916261
-0.0089535842
-0.0084915321
-0.0021251045
-0.0025663807
-0.0028879965
-0.0106929659
-0.0110060240
-0.0111415792
-0.0116274948
-0.0072733146
-0.0068303502
-0.0072952361
-0.0119687108
-0.0016089056
-0.0026032023
-0.0021625323
-0.0024161219
-0.0019975048
-0.0125535548
-0.0130370563
-0.0095225251
-0.0031134377
-0.0036600184
-0.0021839362
-0.0019054157
-0.0085598870
-0.0124173423
-0.0120580362
-0.0090395369
-0.0095034702
-0.0008219250
-0.0012461956
-0.0100020620
-0.0100521098
-0.0096737679
-0.0089552636
-0.0086400415
-0.0021352126
-0.0025728326
-0.0056968447
-0.0025387297
-0.0022017651
-0.0092468576
-0.0089257284
-0.0023862450
-0.0019779189
-0.0124635018
-0.0129427159
-0.0016814960
-0.0012874036
-0.0012507115
-0.0121178859
-0.0117346484
-0.0117396080
-0.0081829189
-0.0080303069
-0.0068714549
-0.0064683904
-0.0016735840
-0.0017931056
-0.0031300649
-0.0086849191
-0.0126721061
-0.0125535302
-0.0121517176
-0.0090016596
-0.0094497527
-0.0087315086
-0.0099153262
-0.0094720209
-0.0094751488
-0.0091581328
-0.0061755479
-0.0091003708
-0.0087632247
-0.0021108776
-0.0025519920
-0.0024999641
-0.0048743448
-0.0053052723
-0.0030048871
-0.0024183100
-0.0029724201
-0.0013253917
-0.0017522838
-0.0018401051
-0.0109344638
-0.0114609353
-0.0024313659
-0.0020347197
-0.0123905812
-0.0128448758
-0.0118049711
-0.0118679305
-0.0126144035
-0.0122082039
-0.0089384413
-0.0093533997
-0.0021514232
-0.0025903018
-0.0021521845
-0.0120393093
-0.0125540432
-0.0120940760
-0.0017747184
-0.0020787046
-0.0021932423
-0.0092211357
-0.0088533326
-0.0020840592
-0.0025095076
-0.0024409753
-0.0020272651
-0.0123382681
-0.0127620165
-0.0089679309
-0.0093690510
-0.0087972204
-0.0097734629
-0.0093206644
-0.0017343484
-0.0017341508
-0.0013808138
-0.0125888019
-0.0122907784
-0.0089092251
-0.0092807103
-0.0025786415
-0.0021560977
-0.0123755881
-0.0119343065
-0.0017049894
-0.0013520745
-0.0013315757
-0.0114312450
-0.0117338075
-0.0113856277
-0.0057354529
-0.0054592549
-0.0052660331
-0.0023985642
-0.0092847389
-0.0127302732
-0.0025246882
-0.0093225147
-0.0127583660
-0.0025826671
-0.0091766434
-0.0120131053
-0.0019965467
-0.0023976939
-0.0011673133
-0.0017080131
-0.0015051700
-0.0080838220
-0.0076387180
-0.0075933253
-0.0057627559
-0.0058820924
-0.0061991850
-0.0025664471
-0.0030013779
-0.0029073485
-0.0035677516
-0.0039339279
-0.0036328047
-0.0093605913
-0.0094684640
-0.0097984044
-0.0094458521
-0.0074510571
-0.0074617517
-0.0058714101
-0.0085937051
-0.0092654304
-0.0060126600
-0.0056078705
-0.0105157175
-0.0101132073
-0.0101206926
-0.0069949744
-0.0064718891
-0.0020476548
-0.0019741646
-0.0121681059
-0.0118112726
-0.0063552745
-0.0070320559
-0.0073907230
-0.0082031054
-0.0059210705
-0.0055310089
-0.0058870579
-0.0064288269
-0.0028617252
-0.0004398402
-0.0008544137
-0.0008304037
-0.0098158097
-0.0102815908
-0.0011362816
-0.0015172627
-0.0011174438
-0.0108904447
-0.0105319456
-0.0105047427
-0.0063277504
-0.0066324606
-0.0061361328
-0.0089102876
-0.0090708814
-0.0087148607
-0.0125989464
-0.0130762553
-0.0129586968
-0.0064069176
-0.0094400238
-0.0052382472
-0.0050828701
-0.0017546743
-0.0019512449
-0.0045021745
-0.0049207627
-0.0030486842
-0.0024551571
-0.0129982985
-0.0124665158
-0.0097426970
-0.0094398096
-0.0092875602
-0.0047014301
-0.0042533291
-0.0078785340
-0.0081081565
-0.0083948953
-0.0073574074
-0.0038567389
-0.0021682065
-0.0026238720
-0.0013497950
-0.0018073020
-0.0017129074
-0.0031422510
-0.0036227806
-0.0039496538
-0.0021957563
-0.0024206844
-0.0124317533
-0.0120672587
-0.0124798323
-0.0055687674
-0.0063999187
-0.0066593190
-0.0099955834
-0.0102503313
-0.0091564550
-0.0078303417
-0.0093839728
-0.0096492260
-0.0135722567
-0.0131494671
-0.0135851878
-0.0050072255
-0.0053245941
-0.0024630123
-0.0026078191
-0.0012442111
-0.0007920734
-0.0012718224
-0.0040265901
-0.0121747218
-0.0063394942
-0.0068729175
-0.0044859783
-0.0114493954
-0.0092041638
-0.0097335245
-0.0082513513
-0.0072555119
-0.0029314476
-0.0024927559
-0.0048307879
-0.0045054994
-0.0030267063
-0.0082950395
-0.0087023374
-0.0086232596
-0.0079184375
-0.0078795375
-0.0119936434
-0.0120684206
-0.0124690903
0.0000116689
-0.0000327058
-0.0139680776
-0.0134232464
-0.0041305835
-0.0113516712
-0.0020862500
-0.0025258345
-0.0023763253
-0.0033425474
-0.0037908294
-0.0107439938
-0.0135009887
-0.0136207857
-0.0037857974
-0.0038148778
-0.0097044901
-0.0096376943
-0.0038015317
-0.0037813745
-0.0045212291
-0.0045826911
-0.0098031817
-0.0102891702
-0.0099097919
-0.0106868851
-0.0110390803
-0.0109646111
-0.0099327729
-0.0095718922
-0.0100241177
-0.0054033192
-0.0058915883
-0.0058747146
-0.0038484501
-0.0034041909
-0.0037241698
-0.0033196447
-0.0036983542
-0.0037149032
-0.0094142479
-0.0095716367
-0.0091325790
-0.0034515801
-0.0040209395
-0.0085957277
-0.0053056322
-0.0059842036
-0.0063395520
-0.0070550856
-0.0066508035
-0.0063081087
-0.0061972621
-0.0066488102
-0.0103772273
-0.0099550526
-0.0052711910
-0.0049802730
-0.0046965233
-0.0017997045
-0.0017699246
-0.0022176736
-0.0110406898
-0.0113892665
-0.0032961471
-0.0036617606
-0.0095612654
-0.0066734302
-0.0067307843
-0.0071666759
-0.0096877148
-0.0092428810
-0.0082971527
-0.0038917600
-0.0034566625
-0.0037015233
-0.0095065767
-0.0091314300
-0.0043069926
-0.0040739474
-0.0039543660
-0.0104120302
-0.0099685280
-0.0094685544
-0.0098819716
-0.0034067177
-0.0028833335
-0.0029332717
-0.0042934519
-0.0042907003
-0.0063800482
-0.0068288947
-0.0089344524
-0.0090257424
-0.0086501949
-0.0032551033
-0.0036141904
-0.0024471406
-0.0098855854
-0.0039024907
-0.0036814743
-0.0095733902
-0.0091542280
-0.0024415732
-0.0020879479
-0.0020501328
-0.0012881444
-0.0008348231
-0.0012384448
-0.0104365519
-0.0100169063
-0.0031893548
-0.0036021090
-0.0115213925
-0.0118071043
-0.0093962248
-0.0066889913
-0.0070744085
-0.0071215585
-0.0077864999
-0.0039184423
-0.0035571511
-0.0095534360
-0.0091392521
-0.0078671608
-0.0104799974
-0.0099784429
-0.0036940415
-0.0036363520
-0.0106687680
-0.0110680721
-0.0039487823
-0.0034916476
-0.0092820272
-0.0008106373
-0.0003632949
-0.0004549108
-0.0010682279
-0.0013644062
-0.0035199924
-0.0095927407
-0.0091841376
-0.0074373306
-0.0069367859
-0.0072764793
-0.0112769420
-0.0118145146
-0.0105576052
-0.0109282558
-0.0089807747
-0.0076976879
-0.0077884425
-0.0064981858
-0.0063439674
-0.0032187206
-0.0036742647
-0.0032343067
-0.0033414941
-0.0041142372
-0.0039541927
-0.0034992143
-0.0046298419
-0.0044951088
-0.0039996394
-0.0041571853
-0.0037011111
-0.0038209941
-0.0035450175
-0.0096912559
-0.0093368458
-0.0040447865
-0.0067151607
-0.0070276557
-0.0098310391
-0.0097182038
-0.0093072500
-0.0088865601
-0.0092926456
-0.0098172527
-0.0079875223
-0.0083800471
-0.0035485151
-0.0112103093
-0.0091256768
-0.0095942869
-0.0092668483
-0.0036043681
-0.0097758061
-0.0093904288
-0.0033331586
-0.0037088492
-0.0128527697
-0.0124586477
-0.0127669001
-0.0009664943
-0.0014336925
-0.0013006132
-0.0030770385
-0.0015971675
-0.0052546520
-0.0089045147
-0.0092877335
-0.0095851791
-0.0024605702
-0.0029488571
-0.0026605602
-0.0032391204
-0.0097404579
-0.0100592364
-0.0045936828
-0.0036232139
-0.0098688529
-0.0094836789
-0.0039152770
-0.0041100378
-0.0045000288
-0.0040786639
-0.0055478317
-0.0054968793
-0.0089273343
-0.0093095057
-0.0096148482
-0.0100983382
-0.0036096392
-0.0064467762
-0.0068061672
-0.0063879025
-0.0070814694
-0.0032122820
-0.0033541081
-0.0088757487
-0.0036906851
-0.0098798529
-0.0094840597
-0.0096739157
-0.0101323722
-0.0084662900
-0.0083785192
-0.0068534074
-0.0090161949
-0.0094514629
-0.0034928914
-0.0043125763
-0.0082262547
-0.0086450007
-0.0086283960
-0.0090744437
-0.0094943760
-0.0093772985
-0.0039603187
-0.0037782284
-0.0099081057
-0.0095064001
-0.0100301223
-0.0075523170
-0.0077401469
-0.0079839168
-0.0024327905
-0.0027593042
-0.0125263544
-0.0129709661
-0.0129538600
-0.0071152638
-0.0068752234
-0.0119365318
-0.0116915831
-0.0121918412
-0.0037686304
-0.0099656360
-0.0095572187
-0.0099193517
-0.0045339470
-0.0049701461
-0.0109478997
-0.0114136417
-0.0096573676
-0.0091542625
-0.0096382477
-0.0113412746
-0.0109481837
-0.0114146580
-0.0037169678
-0.0100124647
-0.0095992703
-0.0098852312
-0.0091916205
-0.0096444056
-0.0089204302
-0.0084934933
-0.0038210714
-0.0034700027
-0.0039143961
-0.0097189147
-0.0100557597
-0.0034827552
-0.0039252843
-0.0068697480
-0.0070255827
-0.0092913393
-0.0096763173
-0.0100912846
-0.0037096341
-0.0100155171
-0.0096034430
-0.0049970736
-0.0101397738
-0.0100868780
-0.0037562273
-0.0034583162
-0.0038804875
-0.0100019746
-0.0104977237
-0.0044122800
-0.0039579876
-0.0040980478
-0.0057192291
-0.0055138234
-0.0052424544
-0.0092727508
-0.0096957943
-0.0092854984
-0.0123604965
-0.0133185727
-0.0129930042
-0.0034805626
-0.0039282838
-0.0034796432
-0.0039084803
-0.0034650778
-0.0038696270
-0.0093035527
-0.0097511007
-0.0037596215
-0.0100592169
-0.0096867559
-0.0101197310
-0.0096726921
-0.0101284309
-0.0034670268
-0.0038840195
-0.0099955736
-0.0034467344
-0.0037962791
-0.0097875212
-0.0037666237
-0.0101493969
-0.0097138425
-0.0034383032
-0.0038493990
-0.0099474558
-0.0103927137
-0.0092776618
-0.0100622473
-0.0104103723
-0.0099913773
-0.0099382484
-0.0095308572
-0.0038985086
-0.0034743680
-0.0039554429
-0.0041844787
-0.0038855247
-0.0034412477
-0.0038990797
-0.0099762291
-0.0103724267
-0.0038063855
-0.0101741503
-0.0097663002
-0.0034315289
-0.0038642801
-0.0098165046
-0.0100025185
-0.0104470076
-0.0093766120
-0.0097388809
-0.0087374751
-0.0090845689
-0.0034066401
-0.0038955453
-0.0098274885
-0.0102755771
-0.0038218143
-0.0102238769
-0.0098160148
-0.0066233641
-0.0063739585
-0.0067773471
-0.0095448895
-0.0100219154
-0.0023247948
-0.0026842792
-0.0038735776
-0.0034741430
-0.0039155862
-0.0046432592
-0.0095723217
-0.0033496716
-0.0037415025
-0.0097734742
-0.0071284183
-0.0067014748
-0.0007909261
-0.0008823300
-0.0012260318
-0.0038271035
-0.0103007988
-0.0098941394
-0.0097333050
-0.0102930171
-0.0099392379
-0.0115752960
-0.0034654215
-0.0038816009
-0.0095593592
-0.0100830614
-0.0033468565
-0.0037524101
-0.0097124696
-0.0098202896
-0.0093641470
-0.0059035665
-0.0060218968
-0.0038664436
-0.0103280713
-0.0099171679
-0.0034098710
-0.0038487286
-0.0104323721
-0.0096461298
-0.0086894568
-0.0091657685
-0.0088530620
-0.0033667786
-0.0038413927
-0.0096791765
-0.0101117335
-0.0073633985
-0.0072297333
-0.0070109995
-0.0042492746
-0.0060811819
-0.0063269878
-0.0038773779
-0.0103205190
-0.0099528955
-0.0096497272
-0.0100891526
-0.0047160961
-0.0043073349
-0.0029670995
-0.0033790032
-0.0034275167
-0.0038239515
-0.0038821160
-0.0135418138
-0.0134953204
-0.0125650746
-0.0130283974
-0.0126209849
-0.0114533609
-0.0118468978
-0.0113830038
-0.0096634697
-0.0100508614
-0.0098355512
-0.0098394813
-0.0060425703
-0.0026841389
-0.0124929336
-0.0119431101
-0.0120569596
-0.0038967671
-0.0034095769
-0.0038279142
-0.0092230721
-0.0089339699
-0.0038743364
-0.0034429614
-0.0096379441
-0.0134388667
-0.0082553133
-0.0103720878
-0.0102894052
-0.0098005230
-0.0100851195
-0.0096034450
-0.0100530404
-0.0110120649
-0.0106379311
-0.0110015186
-0.0066687246
-0.0039774422
-0.0035397708
-0.0131370719
-0.0130911558
-0.0127647127
-0.0117274603
-0.0112581775
-0.0116342359
-0.0096671846
-0.0033828962
-0.0038271498
-0.0034796166
-0.0038968513
-0.0038450484
-0.0082824892
-0.0070969001
-0.0075587277
-0.0073435916
-0.0037407487
-0.0104767798
-0.0093747761
-0.0097678615
-0.0100216418
-0.0095774933
-0.0040255966
-0.0056193234
-0.0058812378
-0.0098382831
-0.0104085473
-0.0100375744
-0.0091076186
-0.0033598524
-0.0037840783
-0.0039369987
-0.0038431629
-0.0087035609
-0.0103787801
-0.0099086109
-0.0104973259
-0.0108901623
-0.0108394262
-0.0113265836
-0.0111589624
-0.0135706527
-0.0134757403
-0.0097374320
-0.0099971116
-0.0095748918
-0.0108088925
-0.0107000580
-0.0073565090
-0.0070569781
-0.0105560653
-0.0100781390
-0.0104938735
-0.0100957695
-0.0070934239
-0.0096158963
-0.0098357987
-0.0123077176
-0.0125563870
-0.0033646056
-0.0037575183
-0.0096902975
-0.0101100870
-0.0037550105
-0.0028136944
-0.0036148928
-0.0032629095
-0.0114927829
-0.0100388592
-0.0092993873
-0.0025312751
-0.0041812229
-0.0033838751
-0.0037866099
-0.0096882787
-0.0101046266
-0.0084940523
-0.0057453560
-0.0039347739
-0.0044019360
-0.0037083451
-0.0096919651
-0.0101044603
-0.0090082078
-0.0096664985
-0.0092341361
-0.0131224503
-0.0126699059
-0.0130556622
-0.0135101900
-0.0135466366
-0.0033937815
-0.0038323121
-0.0033656687
-0.0123509670
-0.0106797460
-0.0112073002
-0.0110928306
-0.0097469981
-0.0100703288
-0.0020607206
-0.0115122835
-0.0037404533
-0.0066076756
-0.0069626727
-0.0034292522
-0.0038592800
-0.0096676610
-0.0093038020
-0.0100538999
-0.0095524158
-0.0100166701
-0.0033977478
-0.0084843954
-0.0080587957
-0.0097767099
-0.0037492716
-0.0095812585
-0.0100250413
-0.0060446146
-0.0058360440
-0.0008605122
-0.0012502705
-0.0034524913
-0.0038873161
-0.0038708155
-0.0043211444
-0.0039057172
-0.0097912294
-0.0093870852
-0.0018777290
-0.0021373332
-0.0023233546
-0.0099060402
-0.0101132979
-0.0102924366
-0.0104632224
-0.0100457342
-0.0104954233
-0.0125793107
-0.0127073870
-0.0122242203
-0.0068682284
-0.0039191294
-0.0034385573
-0.0039025763
-0.0034825301
-0.0041446720
-0.0036447592
-0.0098696756
-0.0103477150
-0.0097904655
-0.0093848155
-0.0039218966
-0.0034842602
-0.0039020389
-0.0036819503
-0.0046696941
-0.0051787834
-0.0100812620
-0.0100234816
-0.0102324419
-0.0104125354
-0.0099959535
-0.0042332105
-0.0077282544
-0.0039032021
-0.0034685203
-0.0040050827
-0.0035523147
-0.0034561453
-0.0038648101
-0.0111597663
-0.0114287150
-0.0097887233
-0.0094301070
-0.0099564608
-0.0103996875
-0.0038921188
-0.0040872262
-0.0108696843
-0.0095425313
-0.0090451487
-0.0034846159
-0.0039579783
-0.0036421655
-0.0034078746
-0.0037882180
-0.0098832376
-0.0103414394
-0.0102040972
-0.0104649210
-0.0106996514
-0.0099232287
-0.0095443988
-0.0041405529
-0.0091426985
-0.0122612104
-0.0098435447
-0.0102844362
-0.0047496931
-0.0128772398
-0.0132662052
-0.0111673093
-0.0114465358
-0.0111402777
-0.0069711989
-0.0036129132
-0.0040561996
-0.0036707867
-0.0033946272
-0.0038153743
-0.0093793870
-0.0026553647
-0.0024141628
-0.0021502494
-0.0115751793
-0.0120816212
-0.0120617883
-0.0090811908
-0.0100425195
-0.0096698044
-0.0038807099
-0.0034478334
-0.0102912776
-0.0127134280
-0.0131293916
-0.0103789411
-0.0102897978
-0.0098568977
-0.0037884175
-0.0067489023
-0.0094336806
-0.0097919600
-0.0096147331
-0.0098801152
-0.0115260678
-0.0120039268
-0.0117380578
-0.0055354599
-0.0051265380
-0.0047173165
-0.0046003663
-0.0036813652
-0.0033753934
-0.0037790849
-0.0038670905
-0.0034344389
-0.0125025541
-0.0123857571
-0.0111482051
-0.0101078232
-0.0097279390
-0.0097110791
-0.0106053566
-0.0033714424
-0.0033516704
-0.0037519048
-0.0101561468
-0.0034111677
-0.0100084736
-0.0095840373
-0.0021583537
-0.0019007086
-0.0038144809
-0.0067266333
-0.0070762434
-0.0068328385
-0.0071227244
-0.0102556306
-0.0104748081
-0.0066164751
-0.0067242467
-0.0063706222
-0.0059422092
-0.0063441509
-0.0055241639
-0.0050978531
-0.0054986385
-0.0062701238
-0.0058180527
-0.0062676576
-0.0062481744
-0.0058469877
-0.0062985589
-0.0054159911
-0.0050246575
-0.0054963289
-0.0060559517
-0.0017046466
-0.0027992248
-0.0045973557
-0.0086598147
-0.0089494665
-0.0021599217
-0.0022197905
-0.0082208473
-0.0082886210
-0.0063484866
-0.0063209025
-0.0058625229
-0.0062170037
-0.0049479742
-0.0045476417
-0.0042342174
-0.0045394699
-0.0049251544
-0.0040015452
-0.0054726926
-0.0064702863
-0.0059910812
-0.0056040724
-0.0052000098
-0.0054719363
-0.0049712520
-0.0053621252
-0.0061234784
-0.0058118657
-0.0053870746
-0.0118040359
-0.0112984509
-0.0130698295
-0.0099004943
-0.0102404038
-0.0026200942
-0.0104559889
-0.0057688852
-0.0061390005
-0.0049219089
-0.0053141942
-0.0110196979
-0.0106427952
-0.0072300595
-0.0014525437
-0.0018460123
-0.0017840293
-0.0065036434
-0.0060588041
-0.0056291921
-0.0060899241
-0.0057336680
-0.0052244355
-0.0057436021
-0.0036379131
-0.0004355335
-0.0004543619
-0.0027180260
-0.0009372066
-0.0007720590
-0.0004097905
-0.0004093142
-0.0070202955
-0.0067036346
-0.0048863137
-0.0053266347
-0.0131339754
-0.0065145206
-0.0060807312
-0.0056508316
-0.0059413963
-0.0055475895
-0.0051355467
-0.0086872822
-0.0048843647
-0.0052834023
-0.0056517033
-0.0052181469
-0.0062952809
-0.0065112248
-0.0065117030
-0.0060841767
-0.0058975940
-0.0055072939
-0.0051024303
-0.0073739453
-0.0060881254
-0.0056421014
-0.0060643496
-0.0048364456
-0.0052673257
-0.0063686416
-0.0056170605
-0.0051883225
-0.0055985937
-0.0060332443
-0.0113929430
-0.0116803001
-0.0064017986
-0.0060657169
-0.0059079882
-0.0055222048
-0.0051334698
-0.0071206199
-0.0058572353
-0.0012188840
-0.0016363525
-0.0012300366
-0.0098662461
-0.0072874336
-0.0034660703
-0.0067520488
-0.0082618168
-0.0059143558
-0.0055575541
-0.0055322001
-0.0051774819
-0.0012644737
-0.0016632297
-0.0016274200
-0.0094694576
-0.0092085957
-0.0088631730
-0.0128793295
-0.0124969588
-0.0129817828
-0.0036048325
-0.0121255122
-0.0124954414
-0.0108584499
-0.0108365280
-0.0112646697
-0.0122359570
-0.0120506720
-0.0126085432
-0.0070798064
-0.0070888910
-0.0125240775
-0.0060301141
-0.0056276811
-0.0051947729
-0.0012374069
-0.0008319749
-0.0012202752
-0.0076312937
-0.0058514257
-0.0060688749
-0.0056924476
-0.0061142055
-0.0052663470
-0.0049125748
-0.0052686762
-0.0053889631
-0.0066656893
-0.0113623906
-0.0112115359
-0.0117743162
-0.0130636100
-0.0135481949
-0.0068205055
-0.0057068222
-0.0091702028
-0.0088124930
-0.0030912092
-0.0035554322
-0.0047766009
-0.0044943307
-0.0099586711
-0.0136825474
-0.0061861150
-0.0057597945
-0.0053602839
-0.0058920928
-0.0054839781
-0.0055538841
-0.0008063698
-0.0004388998
-0.0004426220
-0.0008824867
-0.0057326605
-0.0062489946
-0.0049558082
-0.0053771904
-0.0069268933
-0.0029287157
-0.0072957261
-0.0069394758
-0.0056821334
-0.0058175580
-0.0038632594
-0.0062238507
-0.0057967396
-0.0053772614
-0.0059005138
-0.0063441529
-0.0005232725
-0.0045083404
-0.0046500825
-0.0094687317
-0.0084071897
-0.0072107024
-0.0074612145
-0.0057971347
-0.0062125895
-0.0049675562
-0.0053708052
-0.0021027669
-0.0067370421
-0.0071086116
-0.0052757893
-0.0056388376
-0.0004087214
-0.0008560326
-0.0004744504
-0.0028629578
-0.0029519352
-0.0061795617
-0.0058270796
-0.0054457098
-0.0065868723
-0.0060973367
-0.0064935161
-0.0058557825
-0.0062709017
-0.0050180178
-0.0054494441
-0.0081553080
-0.0051874243
-0.0055819050
-0.0062262866
-0.0058118439
-0.0054097951
-0.0060259290
-0.0064436162
-0.0044269486
-0.0045751866
-0.0058735903
-0.0063042444
-0.0050497569
-0.0054231089
-0.0004040022
-0.0125028538
-0.0051277446
-0.0055093741
-0.0062178934
-0.0058077600
-0.0053931121
-0.0040448900
-0.0051998320
-0.0055871338
-0.0053582733
-0.0058301687
-0.0063345002
-0.0062577993
-0.0058382875
-0.0054223190
-0.0097215533
-0.0072673366
-0.0073972021
-0.0109471201
-0.0112412846
-0.0116434052
-0.0093579172
-0.0050540452
-0.0049657638
-0.0078319604
-0.0075285980
-0.0073578415
-0.0058195500
-0.0063055943
-0.0076860047
-0.0076203804
-0.0088970604
-0.0062669522
-0.0058406862
-0.0054042262
-0.0008696110
-0.0013098765
-0.0008773568
-0.0077695505
-0.0073764451
-0.0062474529
-0.0052059126
-0.0056294619
-0.0116797921
-0.0114151537
-0.0107275190
-0.0063119245
-0.0058511461
-0.0054476548
-0.0051890271
-0.0056013769
-0.0017593792
-0.0037604642
-0.0037176208
-0.0063921024
-0.0060235208
-0.0065304254
-0.0052018051
-0.0056449701
-0.0064868792
-0.0060148506
-0.0064609985
-0.0051652072
-0.0055936048
-0.0079970251
-0.0094846919
-0.0079616608
-0.0075963164
-0.0122903660
-0.0107312695
-0.0060913857
-0.0065106134
-0.0059027480
-0.0054993486
-0.0060683326
-0.0065220425
-0.0056351534
-0.0051996918
-0.0057383188
-0.0060150467
-0.0064158660
-0.0051652527
-0.0055555432
-0.0052128120
-0.0056297438
-0.0057845480
-0.0112516983
-0.0109282981
-0.0060704491
-0.0061648534
-0.0059439574
-0.0055149835
-0.0109880907
-0.0114140555
-0.0095454967
-0.0087399108
-0.0083530417
-0.0102983930
-0.0101190404
-0.0110738981
-0.0105955289
-0.0059543771
-0.0063538003
-0.0051141047
-0.0054922897
-0.0069358755
-0.0060588661
-0.0057707945
-0.0060819264
-0.0067987747
-0.0064760389
-0.0067317751
-0.0075255983
-0.0064364661
-0.0059919939
-0.0064225330
-0.0055546673
-0.0127272013
-0.0124513669
-0.0129105754
-0.0072068539
-0.0068070429
-0.0058715728
-0.0063175647
-0.0050120344
-0.0054305322
-0.0079236116
-0.0120438242
-0.0119647619
-0.0129844304
-0.0127392968
-0.0124823524
-0.0044635401
-0.0055186810
-0.0111100090
-0.0094462089
-0.0091606244
-0.0065210608
-0.0060826556
-0.0065381427
-0.0008324002
-0.0011748508
-0.0012294893
-0.0021130550
-0.0020539886
-0.0064746635
-0.0060122548
-0.0055988137
-0.0058661554
-0.0062939463
-0.0050070794
-0.0054424060
-0.0004168322
-0.0008165884
-0.0008174316
-0.0102623940
-0.0098337359
-0.0100538676
-0.0011830424
-0.0073331518
-0.0074287130
-0.0054178760
-0.0050216616
-0.0054602645
-0.0004681244
-0.0004220600
-0.0064826933
-0.0060496322
-0.0056058961
-0.0058759077
-0.0063015796
-0.0008964021
-0.0012008729
-0.0013929751
-0.0056900659
-0.0060883182
-0.0051152471
-0.0055394143
-0.0064486867
-0.0064748689
-0.0070132587
-0.0004438607
-0.0008599461
-0.0007078895
-0.0040503645
-0.0056450506
-0.0051830075
-0.0059642478
-0.0064195278
-0.0028050335
-0.0023541756
-0.0064505992
-0.0060169530
-0.0055815560
-0.0051712059
-0.0056130128
-0.0065082760
-0.0060487192
-0.0051091686
-0.0055523756
-0.0129781907
-0.0125658519
-0.0113319639
-0.0057595327
-0.0100191119
-0.0070981560
-0.0075731400
-0.0074771828
-0.0045510097
-0.0048929019
-0.0042992210
-0.0060889740
-0.0057120116
-0.0052404146
-0.0059692020
-0.0063529950
-0.0064085097
-0.0059944772
-0.0055679808
-0.0051337116
-0.0017013797
-0.0011639775
-0.0076447941
-0.0071711199
-0.0072028052
-0.0028492300
-0.0074734483
-0.0070256605
-0.0074523891
-0.0078001014
-0.0106797761
-0.0130027746
-0.0130925474
-0.0134655282
-0.0112726815
-0.0116944964
-0.0125860683
-0.0061552843
-0.0068845568
-0.0064781227
-0.0062801915
-0.0059790183
-0.0055575316
-0.0051229417
-0.0053717726
-0.0065485837
-0.0060742109
-0.0056020138
-0.0056889436
-0.0126672847
-0.0124638497
-0.0131140839
-0.0020289098
-0.0069102561
-0.0076583106
-0.0108547704
-0.0113209674
-0.0109028512
-0.0073874680
-0.0078328842
-0.0063438162
-0.0059190492
-0.0064003174
-0.0065552575
-0.0061456450
-0.0053402819
-0.0062272973
-0.0058324849
-0.0053997675
-0.0050255183
-0.0103708399
-0.0054998463
-0.0050531673
-0.0054767386
-0.0095952313
-0.0100322330
-0.0074360693
-0.0037115034
-0.0056772512
-0.0108564156
-0.0108269628
-0.0112728937
-0.0063044587
-0.0058934032
-0.0063266318
-0.0135025527
-0.0135648955
-0.0126041188
-0.0130673690
-0.0130267521
-0.0121124898
-0.0103302292
-0.0050768918
-0.0054998625
-0.0062297759
-0.0057827611
-0.0054040809
-0.0061950067
-0.0065987825
-0.0057166071
-0.0029608433
-0.0008142180
-0.0011923883
-0.0012920733
-0.0041304721
-0.0036983164
-0.0088123864
-0.0108977198
-0.0108162173
-0.0072700742
-0.0059155844
-0.0062815479
-0.0050700303
-0.0055094115
-0.0130699509
-0.0126945184
-0.0071205981
-0.0062203943
-0.0057990738
-0.0053953983
-0.0056699545
-0.0061410941
-0.0004323903
-0.0008324729
-0.0008863332
-0.0047047944
-0.0047065032
-0.0064993510
-0.0061092454
-0.0062012292
-0.0059206576
-0.0063665023
-0.0072910762
-0.0050884480
-0.0055383569
-0.0068818216
-0.0017808948
-0.0022916762
-0.0020063377
-0.0126245695
-0.0130345083
-0.0130283630
-0.0134790555
-0.0060091769
-0.0057989422
-0.0052530241
-0.0065552468
-0.0061008100
-0.0065301436
-0.0052411131
-0.0056583738
-0.0129858525
-0.0125901317
-0.0088254339
-0.0084193364
-0.0097816061
-0.0060100492
-0.0064392954
-0.0052313653
-0.0056116463
-0.0069309663
-0.0065206689
-0.0008210166
-0.0013172090
-0.0012274457
-0.0060972272
-0.0065171340
-0.0066140404
-0.0008578740
-0.0008381354
-0.0060194973
-0.0065517653
-0.0051945311
-0.0056368321
-0.0056465957
-0.0052025332
-0.0060212452
-0.0056278590
-0.0052138210
-0.0052111742
-0.0056707716
-0.0032450304
-0.0065161317
-0.0060864465
-0.0057115811
-0.0060713380
-0.0064734975
-0.0119538775
-0.0117479774
-0.0118905293
-0.0060571876
-0.0056311735
-0.0052242050
-0.0052072795
-0.0056246886
-0.0065659184
-0.0065281565
-0.0060865988
-0.0060450250
-0.0064755583
-0.0067024447
-0.0062405382
-0.0038773278
-0.0063517487
-0.0068204592
-0.0050313138
-0.0052324134
-0.0076505338
-0.0077654655
-0.0126615885
-0.0126177096
-0.0051337572
-0.0096518342
-0.0075783945
-0.0073422330
-0.0061514274
-0.0051211925
-0.0056584681
-0.0060710627
-0.0056585373
-0.0056225931
-0.0052675805
-0.0051670740
-0.0055683039
-0.0036856330
-0.0038356682
-0.0031830107
-0.0033822227
-0.0059922111
-0.0064039346
-0.0051258788
-0.0055534153
-0.0051513756
-0.0098841484
-0.0012090925
-0.0116219388
-0.0111416875
-0.0111726033
-0.0061396037
-0.0056865777
-0.0052917928
-0.0064246643
-0.0136221483
-0.0051759982
-0.0055218934
-0.0051598006
-0.0059554246
-0.0063901534
-0.0064516457
-0.0060189367
-0.0055858095
-0.0063753668
-0.0132716530
-0.0136832133
-0.0134129231
-0.0107294704
-0.0053904684
-0.0055909630
-0.0051618327
-0.0022936009
-0.0008201051
-0.0009126283
-0.0004184782
-0.0026909216
-0.0051067940
-0.0055051400
-0.0057553069
-0.0068636132
-0.0070405638
-0.0082631442
-0.0078868228
-0.0059391304
-0.0063489025
-0.0063599110
-0.0059409004
-0.0116137424
-0.0109301234
-0.0114111977
-0.0113426388
-0.0068635428
-0.0064085393
-0.0066138991
-0.0058331521
-0.0054669568
-0.0055437757
-0.0051174457
-0.0050671765
-0.0058576888
-0.0059293742
-0.0116693689
-0.0120973051
-0.0121657996
-0.0099355006
-0.0104676156
-0.0101820352
-0.0040125073
-0.0039283258
-0.0004286515
-0.0008675711
-0.0004425597
-0.0015987179
-0.0074812375
-0.0126336109
-0.0130907874
-0.0130348074
-0.0131664659
-0.0130346791
-0.0127449842
-0.0020407832
-0.0059889549
-0.0062751319
-0.0065502220
-0.0058146808
-0.0004088429
-0.0008179766
-0.0004213469
-0.0012283808
-0.0016752215
-0.0012609030
-0.0130962837
-0.0135570870
-0.0131385110
-0.0113907660
-0.0118554407
-0.0114399901
-0.0004170282
-0.0004172184
-0.0135357683
-0.0022238978
-0.0055476896
-0.0052960535
-0.0061947736
-0.0064274086
-0.0068278961
-0.0072028612
-0.0124853401
-0.0099711729
-0.0109381655
-0.0113821816
-0.0037429169
-0.0042282512
-0.0070593585
-0.0004225412
-0.0007882081
-0.0008484073
-0.0029396164
-0.0029171378
-0.0070914178
-0.0075379865
-0.0071311357
-0.0079627481
-0.0079911799
-0.0104691459
-0.0109356234
-0.0105740569
-0.0071024043
-0.0075096787
-0.0070627912
-0.0123485363
-0.0123906856
-0.0102849210
-0.0106386789
-0.0099531032
-0.0021676903
-0.0135467498
-0.0004429091
-0.0004107354
-0.0008056218
-0.0124260742
-0.0132942158
-0.0134274951
-0.0106648161
-0.0111630012
-0.0107779280
-0.0115221494
-0.0119758766
-0.0116887461
-0.0003982805
-0.0007924141
-0.0112795374
-0.0117386358
-0.0029803588
-0.0033787584
-0.0029643286
-0.0008472782
-0.0004129282
-0.0012838581
-0.0016851418
-0.0012312307
-0.0079239034
-0.0083081517
-0.0077950389
-0.0107770721
-0.0111352122
-0.0107015345
-0.0016960499
-0.0088925876
-0.0089459811
-0.0092543184
-0.0092917657
-0.0109096036
-0.0017606636
-0.0003011456
-0.0074192800
-0.0078439966
-0.0004334882
-0.0008467646
-0.0004185836
-0.0012240303
-0.0070739204
-0.0074905954
-0.0078883249
-0.0083209687
-0.0130220937
-0.0104259175
-0.0108559776
-0.0124334475
-0.0004428339
-0.0008535507
-0.0130867649
-0.0135387644
-0.0092317324
-0.0096834584
-0.0012808965
-0.0103843236
-0.0028423271
-0.0003985393
-0.0129437072
-0.0112373214
-0.0116605422
-0.0007912360
-0.0004278184
-0.0073840360
-0.0069316866
-0.0103552374
-0.0098823051
-0.0105742029
-0.0004034822
-0.0007951337
-0.0057740312
-0.0054161684
-0.0003851150
-0.0003898978
-0.0030536667
-0.0034188395
-0.0029566129
-0.0012494293
-0.0016991613
-0.0012821709
-0.0073305857
-0.0077624185
-0.0073467128
-0.0081706234
-0.0086294759
-0.0082214718
-0.0134300203
-0.0112399331
-0.0108254463
-0.0121235235
-0.0117018596
-0.0012392419
-0.0016588530
-0.0033151523
-0.0029082092
-0.0016775171
-0.0012404169
-0.0081669512
-0.0075380887
-0.0111731660
-0.0107554440
-0.0070347651
-0.0058111096
-0.0112956393
-0.0108525298
-0.0057426453
-0.0056295672
-0.0030334794
-0.0111370882
-0.0115242808
-0.0115883629
-0.0011231360
-0.0009298952
-0.0125487253
-0.0008016304
-0.0003318848
-0.0028455875
-0.0003984246
-0.0008248007
-0.0069843453
-0.0074274157
-0.0078309545
-0.0103471431
-0.0108333927
-0.0112123798
-0.0116452325
-0.0124414006
-0.0033493549
-0.0033689876
-0.0103862213
-0.0108075299
-0.0121922016
-0.0125572733
-0.0074661743
-0.0078667592
-0.0136178688
-0.0134792082
-0.0012111741
-0.0016231000
-0.0128999522
-0.0008179280
-0.0004128672
-0.0073404970
-0.0067302554
-0.0103451277
-0.0099427451
-0.0135493085
-0.0121555570
-0.0051796336
-0.0047435858
-0.0004479085
-0.0108938896
-0.0104945122
-0.0107230413
-0.0076095169
-0.0077627648
-0.0004051718
-0.0129155167
-0.0131708476
-0.0029842526
-0.0030272687
-0.0016943537
-0.0012872599
-0.0077925885
-0.0073738946
-0.0086619736
-0.0082484592
-0.0134720186
-0.0112725364
-0.0108543991
-0.0121495895
-0.0117279387
-0.0003946963
-0.0008244288
-0.0077965804
-0.0082153232
-0.0102746006
-0.0107171968
-0.0102481499
-0.0032948300
-0.0028974112
-0.0016725324
-0.0012324705
-0.0078975464
-0.0074843698
-0.0112274665
-0.0107739822
-0.0131004470
-0.0135666893
-0.0120259082
-0.0007813084
-0.0124461947
-0.0128305761
-0.0127891194
-0.0120622902
-0.0116025737
-0.0078137004
-0.0078253125
-0.0094031039
-0.0096923369
-0.0098648826
-0.0070950191
-0.0123657268
-0.0119183438
-0.0008493415
-0.0004043113
-0.0016889980
-0.0128452169
-0.0111364514
-0.0128136953
-0.0124117151
-0.0106718084
-0.0004079399
-0.0008434014
-0.0004266293
-0.0004400125
-0.0007341221
-0.0008480225
-0.0004042951
-0.0070762423
-0.0066823263
-0.0104081551
-0.0099671258
-0.0135767024
-0.0118954745
-0.0107513893
-0.0135451409
-0.0034731229
-0.0030360925
-0.0017284706
-0.0012973917
-0.0078122009
-0.0073961722
-0.0086812028
-0.0082610476
-0.0139261998
-0.0135351480
-0.0113053129
-0.0108852914
-0.0121818049
-0.0117747265
-0.0073434023
-0.0077206544
-0.0127877224
-0.0032811586
-0.0028334449
-0.0016656719
-0.0012306182
-0.0079044865
-0.0075026845
-0.0111998171
-0.0108025331
-0.0037825597
-0.0042507939
-0.0064041610
-0.0059141696
-0.0004281745
-0.0027039692
-0.0030410898
-0.0106151458
-0.0110222588
-0.0008414675
-0.0004342492
-0.0128328012
-0.0124924621
-0.0004147410
-0.0007733847
-0.0004352332
-0.0131175220
-0.0135009075
-0.0121718897
-0.0126557625
-0.0122019854
-0.0117470457
-0.0134511472
-0.0008642108
-0.0004294809
-0.0004286306
-0.0008195000
-0.0012097554
-0.0011818644
-0.0070873354
-0.0067571994
-0.0103853378
-0.0100005867
-0.0029861434
-0.0073553156
-0.0026864012
-0.0021425935
-0.0021975048
-0.0024887971
-0.0034750001
-0.0030567815
-0.0017291710
-0.0012838794
-0.0078430524
-0.0073975657
-0.0087146050
-0.0082950111
-0.0135004220
-0.0122294011
-0.0118592084
-0.0073305508
-0.0076628462
-0.0126480627
-0.0032628556
-0.0028212413
-0.0016107769
-0.0012141842
-0.0079333083
-0.0075409789
-0.0111815089
-0.0108406368
-0.0013266712
-0.0011574324
-0.0077379575
-0.0134308980
-0.0115543452
-0.0129962798
-0.0125781468
-0.0126610887
-0.0069987783
-0.0028347084
-0.0027930999
-0.0106027523
-0.0110117546
-0.0008314148
-0.0004085688
-0.0129786296
-0.0126350257
-0.0028398730
-0.0003561491
-0.0008181258
-0.0008811019
-0.0009185717
-0.0078691741
-0.0004125469
-0.0008421241
-0.0008658631
-0.0004066752
-0.0008195057
-0.0012290078
-0.0126179355
-0.0071203081
-0.0067462249
-0.0103717060
-0.0100444629
-0.0076041159
-0.0062030844
-0.0065543747
-0.0008318245
-0.0007962768
-0.0004592260
-0.0052131232
-0.0030884520
-0.0028613341
-0.0043364185
-0.0038745275
-0.0030714159
-0.0069220249
-0.0107700162
-0.0102829785
-0.0072849567
-0.0076770931
-0.0101203446
-0.0105542562
-0.0101673179
-0.0031363020
-0.0027436935
-0.0008075599
-0.0003903151
-0.0016013211
-0.0012070649
-0.0079257979
-0.0075398621
-0.0113218034
-0.0109876297
-0.0133950061
-0.0003728447
-0.0008205369
-0.0027562703
-0.0125913870
-0.0125023288
-0.0104258544
-0.0035942815
-0.0128914739
-0.0133782547
-0.0134100897
-0.0083596483
-0.0028074900
-0.0004008940
-0.0008038632
-0.0126092942
-0.0109623155
-0.0126695803
-0.0076155750
-0.0085908261
-0.0107990237
-0.0076330082
-0.0071788783
-0.0074888508
-0.0131003482
-0.0129468332
-0.0017432812
-0.0082825984
-0.0011969825
-0.0071164733
-0.0067458545
-0.0105166352
-0.0101597305
-0.0114259029
-0.0109261517
-0.0109236564
-0.0023985129
-0.0099330683
-0.0095249829
-0.0078900628
-0.0136113711
-0.0135720802
-0.0003871353
-0.0007574989
-0.0073065109
-0.0077040666
-0.0100983528
-0.0105189995
-0.0031116120
-0.0027272764
-0.0007976358
-0.0003812404
-0.0015909041
-0.0011933331
-0.0079768804
-0.0076469690
-0.0114349403
-0.0110345326
-0.0025216928
-0.0020848766
-0.0025258679
-0.0013362015
-0.0041627256
-0.0132473982
-0.0135003298
-0.0135678196
-0.0044104729
-0.0093213523
-0.0094342293
-0.0089974188
-0.0012097238
-0.0131319681
-0.0106338194
-0.0109918417
-0.0029077528
-0.0123013019
-0.0126033414
-0.0109382720
-0.0127475650
-0.0126296495
-0.0032499890
-0.0029280492
-0.0048389350
-0.0004084321
-0.0033256754
-0.0124775263
-0.0121638711
-0.0008195842
-0.0004197700
-0.0004061413
-0.0004179263
-0.0004181528
-0.0008120613
-0.0012429189
-0.0071712385
-0.0068570633
-0.0105977330
-0.0102488715
-0.0070614427
-0.0119634382
-0.0117104054
-0.0135903963
-0.0004007702
-0.0112444477
-0.0107181824
-0.0111479606
-0.0016019183
-0.0011754608
-0.0023654512
-0.0028926329
-0.0025180189
-0.0055159363
-0.0131429795
-0.0131568550
-0.0004276475
-0.0072827907
-0.0076904269
-0.0125482672
-0.0101755665
-0.0105213853
-0.0031590878
-0.0027905784
-0.0007813626
-0.0003624280
-0.0015777642
-0.0011834443
-0.0081003970
-0.0077393215
-0.0114850968
-0.0111267171
-0.0097778602
-0.0109647178
-0.0021559101
-0.0108225616
-0.0071135774
-0.0066736815
-0.0067366824
-0.0109462184
-0.0127169303
-0.0008610358
-0.0005399302
-0.0010963315
-0.0073199175
-0.0078131368
-0.0114615791
-0.0004039782
-0.0099969236
-0.0112810991
-0.0004305220
-0.0004213313
-0.0008546099
-0.0012814041
-0.0126397990
-0.0073349686
-0.0069865907
-0.0106885445
-0.0103056292
-0.0079409967
-0.0074437961
-0.0078030406
-0.0122634936
-0.0127019603
-0.0105338952
-0.0110293413
-0.0052036447
-0.0048370405
-0.0055622620
-0.0068636572
-0.0123978495
-0.0070457824
-0.0073436947
-0.0068561133
-0.0072902881
-0.0077595892
-0.0101752590
-0.0105870697
-0.0109787296
-0.0113844502
-0.0031770680
-0.0028073233
-0.0007411606
-0.0015776364
-0.0011912651
-0.0081938751
-0.0078303508
-0.0114990397
-0.0110920740
-0.0004134673
-0.0121363504
-0.0117976993
-0.0131000309
-0.0126632915
-0.0123236365
-0.0059600939
-0.0004130096
-0.0008646974
-0.0013302606
-0.0017420686
-0.0128434986
-0.0074031474
-0.0069759679
-0.0072705984
-0.0040570028
-0.0037091589
-0.0035518673
-0.0055430479
-0.0059068419
-0.0072460796
-0.0090353874
-0.0057249311
-0.0060332081
-0.0058985277
-0.0063008830
-0.0079264915
-0.0078712831
-0.0081453583
-0.0122237453
-0.0126056174
-0.0110032687
-0.0114669338
-0.0073908845
-0.0069994085
-0.0106599841
-0.0103020504
-0.0122042432
-0.0118366066
-0.0128429429
-0.0132963561
-0.0130265583
-0.0077982321
-0.0073831826
-0.0004235872
-0.0008432585
-0.0012454303
-0.0016753035
-0.0102071557
-0.0105998762
-0.0032421994
-0.0028634341
-0.0015920729
-0.0012018905
-0.0082455842
-0.0078313325
-0.0115364428
-0.0111629241
-0.0004267572
-0.0008635278
-0.0089426551
-0.0030307200
-0.0025146053
-0.0029400289
-0.0078686377
-0.0082456395
-0.0126341802
-0.0110282693
-0.0113917248
-0.0007999478
-0.0004245197
-0.0128738559
-0.0026313676
-0.0021196733
-0.0020373049
-0.0017043060
-0.0012891397
-0.0125829417
-0.0121364300
-0.0108883394
-0.0113779468
-0.0110756179
-0.0114438964
-0.0012334544
-0.0016528552
-0.0074375691
-0.0069898823
-0.0107333593
-0.0103255832
-0.0031948228
-0.0104763648
-0.0108851451
-0.0113500979
-0.0117359745
-0.0117762702
-0.0117840889
-0.0072436470
-0.0015830686
-0.0012078020
-0.0012200611
-0.0073736798
-0.0009729995
-0.0093640431
-0.0093614848
-0.0004055948
-0.0008233941
-0.0079195206
-0.0083154506
-0.0103613907
-0.0108199528
-0.0109985040
-0.0114064248
-0.0033117248
-0.0028973251
-0.0015952965
-0.0012468974
-0.0082331394
-0.0078485928
-0.0116038058
-0.0112246547
-0.0004333971
-0.0008501296
-0.0073535917
-0.0082513376
-0.0082042997
-0.0134514181
-0.0135236194
-0.0104967093
-0.0037382253
-0.0029383761
-0.0012652328
-0.0122322766
-0.0126879264
-0.0008000179
-0.0003965159
-0.0129479147
-0.0013061347
-0.0108026587
-0.0112603370
-0.0122250923
-0.0027976341
-0.0035592120
-0.0035833661
-0.0039779242
-0.0032014646
-0.0130724419
-0.0007646538
-0.0003699553
-0.0106750992
-0.0004298480
-0.0008547274
-0.0112006359
-0.0116255469
-0.0074199315
-0.0069982953
-0.0107951788
-0.0104194629
-0.0081338428
-0.0086096414
-0.0116575860
-0.0008252515
-0.0107031165
-0.0079849348
-0.0070879898
-0.0053644774
-0.0012719292
-0.0016150750
-0.0071055377
-0.0074971186
-0.0070059172
-0.0079053000
-0.0128745049
-0.0033423475
-0.0029138293
-0.0008446186
-0.0004317884
-0.0016610112
-0.0012638595
-0.0082868198
-0.0078900760
-0.0129410771
-0.0116650464
-0.0112751310
-0.0004331457
-0.0008565621
-0.0133866684
-0.0090764683
-0.0012195584
-0.0008034476
-0.0008217670
-0.0126111812
-0.0121913503
-0.0015341351
-0.0029113626
-0.0130028511
-0.0112234908
-0.0116414736
-0.0030031158
-0.0025678015
-0.0029884778
-0.0107196817
-0.0111763603
-0.0036020868
-0.0081197608
-0.0082256275
-0.0004261365
-0.0008465640
-0.0012838825
-0.0017025947
-0.0128958897
-0.0074241352
-0.0070742689
-0.0108480757
-0.0104255885
-0.0006936087
-0.0008498395
-0.0003632999
-0.0120972857
-0.0117039255
-0.0074302053
-0.0125739717
-0.0109886164
-0.0011846735
-0.0006607947
-0.0002807263
-0.0105349272
-0.0071591615
-0.0075340068
-0.0105101865
-0.0108875170
-0.0103547568
-0.0113214560
-0.0117385642
-0.0033094481
-0.0029089480
-0.0008488354
-0.0003622479
-0.0016723909
-0.0012691578
-0.0083262348
-0.0079291527
-0.0129632540
-0.0117103859
-0.0112787636
-0.0030184458
-0.0013607091
-0.0011592192
-0.0129243475
-0.0133524287
-0.0103405313
-0.0108510747
-0.0113751569
-0.0056449224
-0.0059525658
-0.0061650440
-0.0104862078
-0.0103187575
-0.0107405044
-0.0040873835
-0.0041679690
-0.0044975703
-0.0023927289
-0.0020555504
-0.0042146638
-0.0012979523
-0.0023905552
-0.0027742866
-0.0028980503
-0.0025431699
-0.0029487717
-0.0004401377
-0.0008752646
-0.0013301007
-0.0017329926
-0.0130426642
-0.0030334357
-0.0030807422
-0.0134513187
-0.0075013686
-0.0071138573
-0.0130593457
-0.0108527045
-0.0104667019
-0.0030305193
-0.0005164593
-0.0068809201
-0.0072710975
-0.0072111762
-0.0108242319
-0.0111663499
-0.0026573804
-0.0030343538
-0.0004289049
-0.0008531243
-0.0072224316
-0.0076148657
-0.0105377082
-0.0109455751
-0.0113525391
-0.0117991466
-0.0033302186
-0.0029036266
-0.0008111275
-0.0004032541
-0.0016707275
-0.0012234878
-0.0083677359
-0.0079364637
-0.0117168039
-0.0113590361
-0.0004345455
-0.0077043320
-0.0012770489
-0.0016816279
-0.0011853102
-0.0080729150
-0.0084845726
-0.0080436682
-0.0077450163
-0.0133299900
-0.0128606254
-0.0133599769
-0.0108996892
-0.0109868510
-0.0113047467
-0.0114366765
-0.0030290177
-0.0072685613
-0.0076647419
-0.0105971431
-0.0109491430
-0.0075062764
-0.0071225346
-0.0131048660
-0.0108946862
-0.0105495799
-0.0030232590
-0.0004097034
-0.0105074325
-0.0105958876
-0.0111441895
-0.0109521606
-0.0004234762
-0.0008204329
-0.0114725931
-0.0118576972
-0.0033243645
-0.0029090389
-0.0008098009
-0.0004029551
-0.0016651588
-0.0012204902
-0.0083701873
-0.0079852825
-0.0118053953
-0.0114178675
-0.0073672785
-0.0078335003
-0.0074213159
-0.0134849772
-0.0082920478
-0.0117383156
-0.0119090824
-0.0114635418
-0.0029806787
-0.0073282292
-0.0077856357
-0.0081729866
-0.0086427896
-0.0030575860
-0.0008715744
-0.0012960142
-0.0082320196
-0.0108529105
-0.0113064271
-0.0118905239
-0.0118023048
-0.0048559071
-0.0053011760
-0.0053343911
-0.0057566465
-0.0005283355
-0.0004286489
-0.0004460976
-0.0004334009
-0.0003959826
-0.0071377640
-0.0074922365
-0.0074166421
-0.0004335439
-0.0008678175
-0.0075156197
-0.0071671975
-0.0131283831
-0.0109842183
-0.0105768614
-0.0004366139
-0.0008657820
-0.0073290507
-0.0077909878
-0.0134492976
-0.0117028811
-0.0045783606
-0.0047840901
-0.0004362848
-0.0125070344
-0.0030236386
-0.0025092176
-0.0030045332
-0.0135096413
-0.0108942949
-0.0114365334
-0.0113426295
-0.0026395185
-0.0028965069
-0.0073466634
-0.0077106687
-0.0033303190
-0.0029175001
-0.0008481620
-0.0004015157
-0.0016650827
-0.0012642654
-0.0084551644
-0.0080427338
-0.0118304049
-0.0114430567
-0.0030140135
-0.0012935717
-0.0081927156
-0.0108046071
-0.0112621783
-0.0062073453
-0.0060967555
-0.0034303272
-0.0005753604
-0.0010259146
-0.0007882957
-0.0105770679
-0.0111062572
-0.0012417978
-0.0016823702
-0.0013460918
-0.0082447458
-0.0086508127
-0.0134119360
-0.0131740861
-0.0108425279
-0.0112467289
-0.0106419985
-0.0004193316
-0.0008999231
-0.0073152654
-0.0077714828
-0.0116580632
-0.0106581126
-0.0111040198
-0.0030317570
-0.0038219781
-0.0025578407
-0.0030094470
-0.0005400852
-0.0134666816
-0.0004090479
-0.0008608864
-0.0076028225
-0.0071588318
-0.0132018153
-0.0110105809
-0.0105988635
-0.0029393353
-0.0013164821
-0.0081900020
-0.0107224862
-0.0112065480
-0.0023706773
-0.0088895963
-0.0050370888
-0.0056138509
-0.0057111575
-0.0005436586
-0.0007435213
-0.0003008260
-0.0013257745
-0.0013082237
-0.0061797511
-0.0062819395
-0.0073829724
-0.0078126928
-0.0082331519
-0.0086697862
-0.0134332851
-0.0107555459
-0.0033321915
-0.0029567163
-0.0008520328
-0.0004363593
-0.0016709634
-0.0012668815
-0.0084740891
-0.0080635587
-0.0118845579
-0.0114965876
-0.0116160408
-0.0064705490
-0.0021058472
-0.0061450462
-0.0004657604
-0.0020926323
-0.0132266200
-0.0135448527
-0.0112426807
-0.0025493762
-0.0030101665
-0.0004711291
-0.0009515798
-0.0134170046
-0.0003777466
-0.0008062396
-0.0132775286
-0.0029440883
-0.0004202481
-0.0008393854
-0.0012378111
-0.0072399718
-0.0076825792
-0.0081283810
-0.0133193937
-0.0134391353
-0.0096192900
-0.0094144060
-0.0091856108
-0.0027147001
-0.0031856074
-0.0030751855
-0.0017839676
-0.0013420055
-0.0041525427
-0.0037088336
-0.0123304093
-0.0083644174
-0.0020886867
-0.0005051588
-0.0134534471
-0.0076241571
-0.0072130091
-0.0110622220
-0.0106803126
-0.0132955030
-0.0106730663
-0.0111122619
-0.0115516198
-0.0099761233
-0.0099251356
-0.0025453000
-0.0030382336
-0.0073478496
-0.0077956624
-0.0130359801
-0.0125853375
-0.0033785290
-0.0029703730
-0.0008536044
-0.0004038390
-0.0016706873
-0.0012672415
-0.0085194442
-0.0081341490
-0.0119672863
-0.0116021111
-0.0012299517
-0.0016574497
-0.0080854411
-0.0085320205
-0.0043939837
-0.0049462459
-0.0039099507
-0.0082454755
-0.0133756036
-0.0029132616
-0.0003875154
-0.0008145830
-0.0071767745
-0.0076497906
-0.0115128394
-0.0119522439
-0.0132426818
-0.0127449967
-0.0129005860
-0.0109864875
-0.0108460462
-0.0072768971
-0.0134412427
-0.0119350705
-0.0076727546
-0.0072889409
-0.0111419143
-0.0107383732
-0.0012714716
-0.0016482044
-0.0080190104
-0.0084866895
-0.0127682232
-0.0132071714
-0.0106182202
-0.0110519617
-0.0070891433
-0.0012568732
-0.0135664251
-0.0069767945
-0.0072995825
-0.0068510980
-0.0104728933
-0.0108785337
-0.0033870970
-0.0029735385
-0.0016804909
-0.0012654479
-0.0120272727
-0.0116332685
-0.0003844686
-0.0008480600
-0.0114748781
-0.0119159381
-0.0043025501
-0.0042175380
-0.0057752752
-0.0062664466
-0.0062506846
-0.0047201134
-0.0050276093
-0.0111558368
-0.0112882236
-0.0123331949
-0.0137782530
-0.0029193808
-0.0012662387
-0.0016978886
-0.0071232338
-0.0075501998
-0.0079756066
-0.0083973122
-0.0131822653
-0.0105184669
-0.0109638173
-0.0087954113
-0.0008425684
-0.0004387759
-0.0030285099
-0.0034488598
-0.0030064784
-0.0077420066
-0.0004399258
-0.0004078285
-0.0123046028
-0.0119496794
-0.0077248711
-0.0073258577
-0.0111977731
-0.0107832415
-0.0113936248
-0.0118549228
-0.0029147595
-0.0133930303
-0.0134922827
-0.0033190414
-0.0030070713
-0.0126117681
-0.0022214443
-0.0043157157
-0.0111653876
-0.0133872472
-0.0133143697
-0.0128811727
-0.0124203945
-0.0130621349
-0.0034177843
-0.0030097252
-0.0017092897
-0.0012277541
-0.0120753636
-0.0116489705
-0.0029988219
-0.0004412482
-0.0008656353
-0.0071301996
-0.0075073442
-0.0079173410
-0.0083477507
-0.0130986109
-0.0105180056
-0.0134556972
-0.0105095805
-0.0025998996
-0.0021164412
-0.0021475314
-0.0016762657
-0.0080091030
-0.0076813562
-0.0079217872
-0.0116893655
-0.0133676623
-0.0134433316
-0.0012897277
-0.0120978113
-0.0125658874
-0.0125544532
-0.0025657022
-0.0073453876
-0.0070164795
-0.0108637527
-0.0105064278
-0.0109489493
-0.0114797143
-0.0129894207
-0.0129954899
-0.0011882483
-0.0008315255
-0.0084249334
-0.0135483234
-0.0122118723
-0.0101370225
-0.0077735282
-0.0073409905
-0.0112243671
-0.0108318636
-0.0029858677
-0.0004545021
-0.0008662880
-0.0105313786
-0.0109366206
-0.0113763331
-0.0077367526
-0.0119283806
-0.0115427197
-0.0125572029
-0.0004994909
-0.0109583768
-0.0109178425
-0.0003560306
-0.0107117476
-0.0129946569
-0.0132879537
-0.0128518485
-0.0034541413
-0.0030181814
-0.0017106657
-0.0012896915
-0.0120974798
-0.0117051500
-0.0012859691
-0.0072260721
-0.0075498624
-0.0070829847
-0.0074986375
-0.0079721346
-0.0130486757
-0.0086219651
-0.0090926164
-0.0030225326
-0.0081131544
-0.0111569000
-0.0086054237
-0.0029734694
-0.0003720280
-0.0008565940
-0.0104773036
-0.0108983059
-0.0109802813
-0.0113145887
-0.0133057816
-0.0129898977
-0.0105119147
-0.0002976206
-0.0007210037
-0.0077907992
-0.0073953912
-0.0112751187
-0.0108645048
-0.0012482045
-0.0080999243
-0.0129770348
-0.0134342474
-0.0134558113
-0.0116729588
-0.0112747906
-0.0130462107
-0.0077488052
-0.0003982787
-0.0004308872
-0.0004614630
-0.0008722293
-0.0004421318
-0.0012943535
-0.0017425486
-0.0012892686
-0.0126802861
-0.0035935637
-0.0031637540
-0.0129634208
-0.0034070637
-0.0025172926
-0.0034624054
-0.0030642735
-0.0005187994
-0.0008881421
-0.0004393009
-0.0017256886
-0.0013248084
-0.0029524179
-0.0004518307
-0.0008587770
-0.0125728884
-0.0129911497
-0.0113145629
-0.0060398115
-0.0081855393
-0.0081950505
-0.0085847958
-0.0124899306
-0.0030128434
-0.0107756008
-0.0109260632
-0.0104732931
-0.0120004409
-0.0113351923
-0.0054274433
-0.0055374521
-0.0003682567
-0.0004402168
-0.0074123914
-0.0086175402
-0.0135028026
-0.0136456833
-0.0012845141
-0.0080841183
-0.0106452902
-0.0109280481
-0.0134696452
-0.0129578954
-0.0074747311
-0.0108938159
-0.0104007237
-0.0117474746
-0.0122220716
-0.0114870367
-0.0030354147
-0.0008674665
-0.0004418068
-0.0017169435
-0.0013291993
-0.0080210324
-0.0085533002
-0.0079432910
-0.0052978966
-0.0005179835
-0.0004170687
-0.0017316591
-0.0012805760
-0.0139916059
-0.0134920942
-0.0113198398
-0.0125270956
-0.0025339149
-0.0029316192
-0.0004229779
-0.0008381654
-0.0012679536
-0.0016820359
-0.0072017942
-0.0076250200
-0.0072728317
-0.0080561837
-0.0084774935
-0.0125845596
-0.0129925286
-0.0082492275
-0.0112923530
-0.0108936217
-0.0121590965
-0.0117598748
-0.0034336576
-0.0029854022
-0.0129410882
-0.0108362156
-0.0104173619
-0.0116954694
-0.0112405997
-0.0030739432
-0.0135881822
-0.0135365489
-0.0118439639
-0.0119729617
-0.0024528422
-0.0019991695
-0.0032205255
-0.0078533859
-0.0083595949
-0.0106074642
-0.0110492320
-0.0114337728
-0.0118645121
-0.0030671994
-0.0013038478
-0.0009655665
-0.0074119949
-0.0009344937
-0.0005268528
-0.0007325826
-0.0131691074
-0.0135868720
-0.0104140059
-0.0103815226
-0.0108314435
-0.0112342367
-0.0004198376
-0.0012118393
-0.0016460429
-0.0079576311
-0.0083927129
-0.0131719588
-0.0136037973
-0.0017221833
-0.0012390649
-0.0083451896
-0.0079010793
-0.0126848299
-0.0040219739
-0.0035827966
-0.0044896359
-0.0054363696
-0.0066120527
-0.0061717542
-0.0061373831
-0.0016994011
-0.0012733202
-0.0029469569
-0.0004088563
-0.0008558851
-0.0071478368
-0.0075625152
-0.0004667149
-0.0008365878
-0.0004061019
-0.0087058415
-0.0083087322
-0.0113656837
-0.0109611401
-0.0122374630
-0.0118351224
-0.0034284174
-0.0030066078
-0.0125234080
-0.0116712873
-0.0112347803
-0.0122095633
-0.0117108217
-0.0008357451
-0.0127876771
-0.0130184263
-0.0012699963
-0.0080142654
-0.0131512781
-0.0105763271
-0.0110507374
-0.0114907054
-0.0078658484
-0.0004123153
-0.0008639219
-0.0022202715
-0.0017859032
-0.0035953107
-0.0033930492
-0.0126627522
-0.0131146420
-0.0091159429
-0.0000095803
-0.0004668186
-0.0004380421
-0.0106249196
-0.0135310937
-0.0105486159
-0.0135010896
-0.0020941663
-0.0026997836
-0.0022771288
-0.0106688946
-0.0091050765
-0.0085063595
-0.0085974339
-0.0082815337
-0.0004258495
-0.0107542921
-0.0123445661
-0.0029428935
-0.0033128757
-0.0004088466
-0.0008491979
-0.0071662357
-0.0075941613
-0.0035372340
-0.0031293183
-0.0004021518
-0.0016339059
-0.0012806863
-0.0071296185
-0.0074748879
-0.0070781731
-0.0083366277
-0.0079047323
-0.0129761548
-0.0125486953
-0.0004950356
-0.0114127294
-0.0118661620
-0.0026916595
-0.0029701081
-0.0016278330
-0.0015462334
-0.0012748310
-0.0016713606
-0.0080140217
-0.0084140303
-0.0131038619
-0.0105559510
-0.0109442494
-0.0113984468
-0.0053256119
-0.0034266599
-0.0029317534
-0.0105105107
-0.0105302301
-0.0101252646
-0.0112482242
-0.0108646104
-0.0113340515
-0.0136436767
-0.0029494011
-0.0004119855
-0.0008541586
-0.0131243157
-0.0119108252
-0.0115307913
-0.0114279204
-0.0004379813
-0.0071092700
-0.0020349434
-0.0090873791
-0.0084482687
-0.0081885302
-0.0083153835
-0.0086106259
-0.0103760555
-0.0105406469
-0.0111163276
-0.0121195374
-0.0135189141
-0.0064475203
-0.0048947589
-0.0049160481
-0.0053245944
-0.0012795156
-0.0017098919
-0.0071591354
-0.0075820756
-0.0080138605
-0.0084430509
-0.0130745758
-0.0113890945
-0.0004958772
-0.0008807699
-0.0004250900
-0.0017015122
-0.0012795904
-0.0074742067
-0.0070438404
-0.0083018945
-0.0078767697
-0.0126349461
-0.0084663738
-0.0109930799
-0.0076409026
-0.0127923681
-0.0131925581
-0.0130838257
-0.0099995144
-0.0029962526
-0.0004319932
-0.0008572259
-0.0105515237
-0.0109699602
-0.0016146780
-0.0016709070
-0.0004390354
-0.0101569329
-0.0102818837
-0.0033223106
-0.0028969591
-0.0104840165
-0.0100994065
-0.0113155017
-0.0109089704
-0.0066148069
-0.0075747528
-0.0134822779
-0.0135228113
-0.0004579917
-0.0004050626
-0.0071608551
-0.0087093717
-0.0072093881
-0.0076258738
-0.0080645729
-0.0084492401
-0.0130888209
-0.0134934842
-0.0113979254
-0.0008248536
-0.0085997850
-0.0027915544
-0.0012987295
-0.0105149560
-0.0109747038
-0.0082708497
-0.0008172192
-0.0003973599
-0.0016501549
-0.0012561453
-0.0074547946
-0.0068352761
-0.0080716750
-0.0076456481
-0.0126457289
-0.0030637069
-0.0034786532
-0.0030117492
-0.0070244257
-0.0074778093
-0.0134665914
-0.0110655361
-0.0107791370
-0.0105907582
-0.0056612075
-0.0125827545
-0.0129971631
-0.0104157045
-0.0096041813
-0.0099309609
-0.0100077460
-0.0127499107
-0.0124762472
-0.0030171114
-0.0004228956
-0.0008468652
-0.0072250537
-0.0076439342
-0.0131043083
-0.0135293694
-0.0114127553
-0.0099670098
-0.0104729686
-0.0033214068
-0.0028868917
-0.0105385255
-0.0101663499
-0.0113672400
-0.0110241418
-0.0069867869
-0.0074214529
-0.0119672971
-0.0121940957
-0.0122928487
-0.0104447672
-0.0109621047
-0.0029415427
-0.0021898834
-0.0012924956
-0.0080854909
-0.0106097644
-0.0110279607
-0.0078184193
-0.0126756208
-0.0005940858
-0.0005441510
-0.0025427689
-0.0004219842
-0.0004391034
-0.0004286392
-0.0004255284
-0.0076397385
-0.0074517162
-0.0030061829
-0.0004253879
-0.0008487516
-0.0077351858
-0.0114179475
-0.0026298335
-0.0004186236
-0.0139067537
-0.0133523859
-0.0107494456
-0.0008042539
-0.0003881751
-0.0016325833
-0.0012490061
-0.0072247979
-0.0067970420
-0.0079482515
-0.0076596273
-0.0025421870
-0.0027573175
-0.0134664177
-0.0139437810
-0.0110836509
-0.0105198514
-0.0110223614
-0.0051224081
-0.0088320950
-0.0087185154
-0.0103403908
-0.0099798148
-0.0012438466
-0.0081736971
-0.0131727160
-0.0106282262
-0.0110336377
-0.0030469535
-0.0013025625
-0.0008497645
-0.0086886646
-0.0082578868
-0.0033197402
-0.0028955055
-0.0106199788
-0.0102080824
-0.0114445290
-0.0110240577
-0.0092696431
-0.0076560446
-0.0008015622
-0.0087292423
-0.0023051624
-0.0017614229
-0.0021648402
-0.0040806121
-0.0004418755
-0.0008964381
-0.0016861781
-0.0118208010
-0.0114077574
-0.0112863841
-0.0107786345
-0.0127489119
-0.0030009871
-0.0073792836
-0.0078373533
-0.0082567829
-0.0087192654
-0.0109571388
-0.0008950345
-0.0013826743
-0.0131704641
-0.0107752969
-0.0073703611
-0.0073836493
-0.0008424149
-0.0003569043
-0.0016729913
-0.0012535200
-0.0072487411
-0.0068701719
-0.0080614415
-0.0077851572
-0.0130064788
-0.0134690513
-0.0104488322
-0.0108385434
-0.0130582495
-0.0134787227
-0.0130034867
-0.0126071377
-0.0083324438
-0.0111267044
-0.0112011669
-0.0004096467
-0.0009340626
-0.0132142087
-0.0030444489
-0.0008640036
-0.0004323510
-0.0017402662
-0.0013028346
-0.0082678064
-0.0033234264
-0.0028476216
-0.0106192240
-0.0102058515
-0.0114483161
-0.0110223335
-0.0030036851
-0.0061841668
-0.0131333922
-0.0130718920
-0.0127860452
-0.0124074198
-0.0024683141
-0.0020298682
-0.0003917002
-0.0004165752
-0.0024294694
-0.0029084281
-0.0027534731
-0.0069853171
-0.0105826337
-0.0128219641
-0.0073248731
-0.0078107899
-0.0082281375
-0.0086793386
-0.0134635319
-0.0131722890
-0.0051903939
-0.0056684600
-0.0004156201
-0.0004122794
-0.0007748246
-0.0128830922
-0.0133986398
-0.0078294229
-0.0074013288
-0.0008469477
-0.0003993334
-0.0016785579
-0.0012584992
-0.0073296368
-0.0069073072
-0.0081594610
-0.0077378630
-0.0004347022
-0.0008705299
-0.0004557547
-0.0012870695
-0.0017109925
-0.0007741576
-0.0003754534
-0.0122415580
-0.0130801769
-0.0127036211
-0.0064137048
-0.0060164640
-0.0030654944
-0.0029100085
-0.0080994043
-0.0030012258
-0.0008504318
-0.0004278675
-0.0017308801
-0.0012722630
-0.0087113648
-0.0083101366
-0.0031887603
-0.0027575337
-0.0106589713
-0.0102910988
-0.0114887589
-0.0111479090
-0.0029786901
-0.0135132271
-0.0108103554
-0.0112674464
-0.0116790548
-0.0121332488
-0.0008748672
-0.0004135434
-0.0008856339
-0.0007461764
-0.0003997498
-0.0021006244
-0.0098411308
-0.0094033120
-0.0094125794
-0.0129037880
-0.0004115806
-0.0008435762
-0.0073163945
-0.0077645774
-0.0077451533
-0.0081764079
-0.0007702106
-0.0011322833
-0.0075970374
-0.0110043627
-0.0075104106
-0.0070729865
-0.0073181245
-0.0024828247
-0.0029235140
-0.0026731237
-0.0011671302
-0.0011894686
-0.0124841943
-0.0130231984
-0.0125458169
-0.0007902099
-0.0003653312
-0.0074432343
-0.0069824785
-0.0008021577
-0.0003522478
-0.0016306334
-0.0011907115
-0.0073273586
-0.0068889504
-0.0080655420
-0.0077391836
-0.0028860148
-0.0033443397
-0.0012938808
-0.0017127596
-0.0127134758
-0.0033304497
-0.0035457169
-0.0044087644
-0.0040749508
-0.0046252493
-0.0015715049
-0.0010658715
-0.0024018403
-0.0012967734
-0.0017298824
-0.0083838693
-0.0079028309
-0.0118798888
-0.0116182724
-0.0032116571
-0.0027967081
-0.0107611764
-0.0104035434
-0.0116137430
-0.0112579079
-0.0081153712
-0.0133514020
-0.0107064135
-0.0112019845
-0.0115857239
-0.0120712535
-0.0029940077
-0.0020757455
-0.0025598516
-0.0079300471
-0.0030116021
-0.0129378513
-0.0129435842
-0.0003914394
-0.0070110268
-0.0074956229
-0.0080059541
-0.0133403836
-0.0131186339
-0.0129923922
-0.0029500153
-0.0004120602
-0.0008465439
-0.0072324310
-0.0076897839
-0.0133164157
-0.0034180879
-0.0086491650
-0.0131519825
-0.0130167845
-0.0004163126
-0.0004815249
-0.0003629858
-0.0075039482
-0.0079260298
-0.0076504582
-0.0108470904
-0.0082929703
-0.0087635443
-0.0087901424
-0.0025538438
-0.0015228914
-0.0017603436
-0.0012892103
-0.0078283959
-0.0079799410
-0.0050664659
-0.0071456151
-0.0136519964
-0.0007849409
-0.0003854640
-0.0016054664
-0.0011769482
-0.0073919634
-0.0070588291
-0.0081939890
-0.0078912302
-0.0012840358
-0.0030117046
-0.0008507938
-0.0003920596
-0.0004344752
-0.0007923130
-0.0008546644
-0.0073149055
-0.0072397038
-0.0035571630
-0.0079549004
-0.0135677223
-0.0135958532
-0.0035840089
-0.0031671963
-0.0036807049
-0.0127810845
-0.0123464782
-0.0123989635
-0.0043918603
-0.0003264684
-0.0124813757
-0.0128816782
-0.0125380658
-0.0060795104
-0.0033134238
-0.0032260861
-0.0028614471
-0.0108847158
-0.0104997129
-0.0117263613
-0.0113550627
-0.0132586676
-0.0106454760
-0.0111272019
-0.0115071515
-0.0013009155
-0.0012939703
-0.0080928817
-0.0077512735
-0.0129961823
-0.0114943739
-0.0111125461
-0.0114966048
-0.0008704870
-0.0009551332
-0.0129127368
-0.0130426799
-0.0134384483
-0.0130313432
-0.0029365263
-0.0004176893
-0.0008544921
-0.0072169908
-0.0076344695
-0.0004183702
-0.0117119613
-0.0113057077
-0.0004991500
-0.0004608758
-0.0077079459
-0.0011923155
-0.0023251108
-0.0072091505
-0.0070062201
-0.0089792326
-0.0089207694
-0.0087391971
-0.0082677694
-0.0099158802
-0.0121600866
-0.0125045931
-0.0007760392
-0.0003827450
-0.0015968826
-0.0011729118
-0.0075171234
-0.0071589725
-0.0083184971
-0.0079786729
-0.0132031889
-0.0136500807
-0.0030057679
-0.0072147360
-0.0127828432
-0.0076499771
-0.0014861601
-0.0019437592
-0.0018475166
-0.0026652183
-0.0135552938
-0.0131465073
-0.0135882043
-0.0090990093
-0.0071272419
-0.0032774544
-0.0028316424
-0.0109494922
-0.0105495980
-0.0117913671
-0.0114126909
-0.0106768670
-0.0110672584
-0.0114746987
-0.0017222634
-0.0012907852
-0.0084914305
-0.0080347139
-0.0038605150
-0.0038128256
-0.0043141833
-0.0085000879
-0.0084777637
-0.0100570520
-0.0101998074
-0.0083223879
-0.0094093706
-0.0076190985
-0.0070800098
-0.0131731981
-0.0029196110
-0.0071914848
-0.0075620100
-0.0008522265
-0.0115321117
-0.0107908762
-0.0101264332
-0.0009532244
-0.0004451748
-0.0008631466
-0.0093198064
-0.0093096780
-0.0071955116
-0.0125912619
-0.0029397361
-0.0016154867
-0.0012044156
-0.0074810995
-0.0084110680
-0.0080118458
-0.0110305756
-0.0033332216
-0.0016729486
-0.0012981225
-0.0075703764
-0.0084636240
-0.0080059100
-0.0110316852
-0.0118816856
-0.0030108812
-0.0076285091
-0.0104381614
-0.0107598265
-0.0110759294
-0.0066196161
-0.0074850083
-0.0077661245
-0.0111439912
-0.0107688813
-0.0090634346
-0.0087352687
-0.0078037187
-0.0049904341
-0.0041924494
-0.0049100855
-0.0053201191
-0.0053395834
-0.0080684966
-0.0084835264
-0.0083643129
-0.0043491174
0.0000000009
-0.0000000046
0.0000230854
0.0000288100
0.0000301716
-0.0000123977
-0.0139249869
-0.0139992257
-0.0139948819
-0.0139968214
-0.0135556403
-0.0139306539
-0.0131958930
-0.0071501191
-0.0082148969
-0.0088704320
-0.0091936707
-0.0087137748
-0.0050333755
-0.0091657128
-0.0089570662
-0.0087151793
-0.0074993797
-0.0070514236
-0.0060149788
-0.0055306401
-0.0058352825
-0.0047582139
-0.0101945102
-0.0105126045
-0.0103438384
-0.0093051279
-0.0031803232
-0.0038060530
-0.0034652441
-0.0033575893
-0.0076259910
-0.0071995280
-0.0073021827
-0.0021012889
-0.0103013875
-0.0100670699
-0.0104643458
-0.0073233593
-0.0076867475
-0.0080344739
-0.0057155050
-0.0107887932
-0.0119309000
-0.0116481541
-0.0120846246
-0.0083851435
-0.0098390109
-0.0091516354
-0.0051594892
-0.0050471166
-0.0054719614
-0.0048193917
-0.0075322906
-0.0080335704
-0.0088683753
-0.0085039077
-0.0073198341
-0.0131886165
-0.0127996251
-0.0087611440
-0.0041993005
-0.0044827113
-0.0017870358
-0.0116938020
-0.0043672574
-0.0122026003
-0.0125161053
-0.0078023126
-0.0074410510
-0.0086765804
-0.0085709600
-0.0102568565
-0.0106218915
-0.0107494745
-0.0086506526
-0.0069366534
-0.0067871272
-0.0065717878
-0.0076542138
-0.0077092338
-0.0080450173
-0.0034806769
-0.0081140054
-0.0077395301
-0.0060671179
-0.0064979940
-0.0062451814
-0.0048597862
-0.0051677535
-0.0093029435
-0.0089209864
-0.0090603549
-0.0074912047
-0.0079289484
-0.0076871136
-0.0076923872
-0.0075514652
-0.0073290653
-0.0122309082
-0.0062191768
-0.0014730306
-0.0034962669
-0.0031651107
-0.0062259507
-0.0095812246
-0.0072995792
-0.0077225875
-0.0073648272
-0.0069595671
-0.0069889256
-0.0047059518
-0.0081460479
-0.0077346533
-0.0101230457
-0.0064358963
-0.0060344967
-0.0078021400
-0.0069665104
-0.0081619307
-0.0085145847
-0.0004416056
-0.0008762034
-0.0026349431
-0.0028667895
-0.0063704538
-0.0068709591
-0.0075542034
-0.0105097467
-0.0107826900
-0.0125002186
-0.0125686478
-0.0064361544
-0.0063527831
-0.0104774302
-0.0016758675
-0.0081752663
-0.0095984382
-0.0109260065
-0.0114564427
-0.0114070348
-0.0084046398
-0.0088536033
-0.0089587791
-0.0130154343
-0.0127553920
-0.0135301495
-0.0053325742
-0.0046478239
-0.0046019542
-0.0050457869
-0.0094607332
-0.0096870308
-0.0131558708
-0.0083645870
-0.0053502915
-0.0103657432
-0.0008904516
-0.0122289964
-0.0099343339
-0.0097051005
-0.0093995470
-0.0053709800
-0.0050503143
-0.0049186926
-0.0121175555
-0.0009886410
-0.0045216111
-0.0042622055
-0.0045950648
-0.0049079347
-0.0044142667
-0.0099965666
-0.0037911054
-0.0035566797
-0.0033112175
-0.0032365791
-0.0030178498
-0.0052727938
-0.0050210003
-0.0113836187
-0.0095617130
-0.0130439962
-0.0131161033
-0.0073907187
-0.0016826266
-0.0066866240
-0.0018442220
-0.0026392520
-0.0131335077
-0.0061406360
-0.0057877075
-0.0037478469
-0.0039615368
-0.0062085423
-0.0043712214
-0.0045338330
-0.0040577207
-0.0010957694
-0.0015211688
-0.0013083854
-0.0126569948
-0.0101304256
-0.0034486032
-0.0030362899
-0.0012824380
-0.0067810018
-0.0063648042
-0.0121280841
-0.0013214626
-0.0008718909
-0.0009947789
-0.0118877291
-0.0040178655
-0.0045213337
-0.0114498898
-0.0109692413
-0.0026731168
-0.0109223587
-0.0008959355
-0.0008913000
-0.0013476435
-0.0102462312
-0.0057196970
-0.0113904756
-0.0021119430
-0.0035497067
-0.0034831536
-0.0030538289
-0.0103299677
-0.0108422216
-0.0083034689
-0.0097623212
-0.0092325666
-0.0017156871
-0.0000207751
-0.0101804842
-0.0109108414
-0.0105895866
-0.0117821408
-0.0040707705
-0.0019508575
-0.0021037384
-0.0016650697
-0.0080751683
-0.0031917011
-0.0049234629
-0.0045354539
-0.0013135627
-0.0017019346
-0.0016231377
-0.0040173929
-0.0044421446
-0.0040743321
-0.0104101996
-0.0107921940
-0.0107936949
-0.0098582019
-0.0040271348
-0.0043479379
-0.0103846211
-0.0095393564
-0.0091032887
-0.0093284644
-0.0090005286
-0.0038326602
-0.0033856733
-0.0035018874
-0.0081113408
-0.0044382464
-0.0049420918
-0.0032515363
-0.0086239999
-0.0131839334
-0.0085061983
-0.0088487349
-0.0084880953
-0.0042287945
-0.0089305015
-0.0088286584
-0.0091948233
-0.0109073393
-0.0110615276
-0.0085976653
-0.0089043650
-0.0041944045
-0.0045288050
-0.0041493629
-0.0043855782
-0.0047904234
-0.0026123012
-0.0029662128
-0.0018229434
-0.0067285206
-0.0067090141
-0.0062208838
-0.0040653512
-0.0041998476
-0.0046445935
-0.0041287996
-0.0089239579
-0.0093989019
-0.0078165285
-0.0076567495
-0.0072932522
-0.0042626946
-0.0046729959
-0.0092373268
-0.0086692101
-0.0092003054
-0.0089788902
-0.0085367151
-0.0044289201
-0.0087037030
-0.0043113318
-0.0046898325
-0.0046225612
-0.0044046966
-0.0093039858
-0.0042761897
-0.0072185716
-0.0043039598
-0.0095978370
-0.0056687570
-0.0060032637
-0.0042917457
-0.0047299016
-0.0047515149
-0.0094181927
-0.0093774438
-0.0089731680
-0.0043051034
-0.0046732282
-0.0043260658
-0.0014149459
-0.0018682697
-0.0036636936
-0.0094837144
-0.0092038021
-0.0090625519
-0.0041318118
-0.0045502805
-0.0063755337
-0.0067394324
-0.0067674178
-0.0089407545
-0.0122985497
-0.0042484818
-0.0121568238
-0.0092377255
-0.0084329157
-0.0079909495
-0.0083030307
-0.0120812896
-0.0095106298
-0.0032342913
-0.0094879779
-0.0041516709
-0.0054157080
-0.0127897766
-0.0078391962
-0.0124949051
-0.0104641822
-0.0122369921
-0.0118326082
-0.0119622318
-0.0017032463
-0.0013621706
-0.0005965871
-0.0003771613
-0.0003284668
-0.0047614701
-0.0092382493
-0.0092043293
-0.0121061434
-0.0124740149
-0.0122939311
-0.0096041893
-0.0095869733
-0.0104532836
-0.0097290000
-0.0094858882
-0.0044178706
-0.0091051517
-0.0043202677
-0.0100185585
-0.0095751202
-0.0113161366
-0.0043278539
-0.0094315021
-0.0108554919
-0.0103285366
-0.0097889210
-0.0093821510
-0.0087113058
-0.0122505834
-0.0019719316
-0.0033404099
-0.0034571267
-0.0018353223
-0.0014459138
-0.0017675898
-0.0013186338
-0.0013575441
-0.0059226341
-0.0064307918
-0.0003647414
-0.0003317161
-0.0005954257
-0.0010535713
-0.0007395205
-0.0052536415
-0.0053931248
-0.0030356602
-0.0019029378
-0.0023354440
-0.0057265147
-0.0007373375
-0.0123665351
-0.0111845375
-0.0017902253
-0.0057443801
-0.0061330987
-0.0061506654
-0.0100384321
-0.0091978673
-0.0057063611
-0.0056346972
-0.0060137426
-0.0004703312
-0.0121336258
-0.0107514963
-0.0116104936
-0.0111420477
-0.0056250516
-0.0060663948
-0.0020612675
-0.0048137783
-0.0043561298
-0.0117241972
-0.0085566846
-0.0105842976
-0.0073576372
-0.0116039878
-0.0093568544
-0.0008989560
-0.0042927577
-0.0019890283
-0.0020692747
-0.0050492032
-0.0046350048
-0.0080725526
-0.0031355436
-0.0035122425
-0.0035414238
-0.0021527233
-0.0072334436
-0.0016090156
-0.0012940622
-0.0017111440
-0.0012848491
-0.0058721846
-0.0097602268
-0.0122810319
-0.0125765041
-0.0121633350
-0.0064217386
-0.0058929985
-0.0059939759
-0.0055737062
-0.0119337695
-0.0115295551
-0.0060513290
-0.0065178012
-0.0037396072
-0.0033129388
-0.0037103906
-0.0016328387
-0.0089113227
-0.0060575045
-0.0074083402
-0.0072375835
-0.0061468246
-0.0111973736
-0.0116426317
-0.0116456421
-0.0063487558
-0.0003756819
-0.0008642590
-0.0060871828
-0.0056104883
-0.0081655422
-0.0072240162
-0.0076638025
-0.0072207178
-0.0018445633
-0.0114648630
-0.0120186824
-0.0117405343
-0.0058998474
-0.0039490437
-0.0034624615
-0.0030385799
-0.0088463776
-0.0047233511
-0.0089223656
-0.0086506886
-0.0017533514
-0.0013436958
-0.0121076643
-0.0121668421
-0.0116923013
-0.0025453247
-0.0104547394
-0.0100573176
-0.0048727683
-0.0069502419
-0.0117274753
-0.0083263177
-0.0017468709
-0.0058367195
-0.0052562533
-0.0051705287
-0.0021885998
-0.0012961385
-0.0050813830
-0.0037625712
-0.0016674963
-0.0094190777
-0.0097830415
-0.0080421037
-0.0060695733
-0.0047311166
-0.0128064612
-0.0108729579
-0.0084588877
-0.0083680508
-0.0122235907
-0.0130663594
-0.0062717340
-0.0027021385
-0.0029444080
-0.0047652031
-0.0049988757
-0.0044593998
-0.0008731536
-0.0127812945
-0.0062745358
-0.0057836607
-0.0060758005
-0.0117798111
-0.0077107663
-0.0075590422
-0.0077491358
-0.0101657398
-0.0106391272
-0.0095767522
-0.0089092394
-0.0048942356
-0.0056884148
-0.0130040766
-0.0112666008
-0.0110436947
-0.0117958834
-0.0122617081
-0.0120122908
-0.0024837429
-0.0025226695
-0.0029815180
-0.0091792413
-0.0090522509
-0.0025413575
-0.0105636022
-0.0026062776
-0.0024628401
-0.0008414199
-0.0040611470
-0.0126386689
-0.0014047753
-0.0011385560
-0.0010844933
-0.0117987368
-0.0024156484
-0.0044440531
-0.0112126189
-0.0073911022
-0.0133751901
-0.0131458060
-0.0134719655
-0.0015836496
-0.0081705912
-0.0082987956
-0.0025824186
-0.0026111658
-0.0021281818
-0.0016192868
-0.0069683153
-0.0130911409
-0.0047103540
-0.0070974109
-0.0068048900
-0.0066703601
-0.0010070030
-0.0114317808
-0.0110401602
-0.0068711132
-0.0101746883
-0.0051402846
-0.0054438551
-0.0112347245
-0.0046262574
-0.0132595354
-0.0128244093
-0.0124541999
-0.0005324683
-0.0116637139
-0.0113726284
-0.0086617678
-0.0087703458
-0.0083230534
-0.0118397160
-0.0069160809
-0.0096448457
-0.0091382944
-0.0026025565
-0.0075060599
-0.0016434528
-0.0046962653
-0.0003546916
-0.0040014166
-0.0016531835
-0.0069412838
-0.0009027607
-0.0120752031
-0.0017114188
-0.0021494784
-0.0131250687
-0.0135518954
-0.0054357041
-0.0121369243
-0.0012476078
-0.0082324124
-0.0106078042
-0.0135457174
-0.0025534127
-0.0122207398
-0.0113528947
-0.0012721844
-0.0092503653
-0.0118207540
-0.0089348398
-0.0119410926
-0.0086495603
-0.0025037452
-0.0021311110
-0.0020475214
-0.0024780676
-0.0121501500
-0.0116889607
-0.0106363545
-0.0051395472
-0.0022895661
-0.0054963136
-0.0049264278
-0.0074903011
-0.0070550401
-0.0074889914
-0.0131264176
-0.0062260826
-0.0058769691
-0.0055353290
-0.0051228703
-0.0050210402
-0.0020541446
-0.0071400049
-0.0022184579
-0.0077434771
-0.0081616616
-0.0024508548
-0.0073160949
-0.0124411658
-0.0021089974
-0.0004158719
-0.0003502071
-0.0021333219
-0.0025349084
-0.0032455332
-0.0036716111
-0.0086492010
-0.0118240523
-0.0117580371
-0.0015803801
-0.0019796184
-0.0043901164
-0.0038621294
-0.0037743651
-0.0041328207
-0.0004583144
-0.0009022002
-0.0105525243
-0.0021406026
-0.0126631344
-0.0129970556
-0.0129874494
-0.0081993352
-0.0033602071
-0.0034989011
-0.0047082026
-0.0126307733
-0.0025744900
-0.0021958657
-0.0017012436
-0.0017423947
-0.0123625601
-0.0120175252
-0.0106744362
-0.0106938693
-0.0110562434
-0.0121850071
-0.0112119055
-0.0110684755
-0.0105431418
-0.0108941639
-0.0113133424
-0.0012131009
-0.0009529692
-0.0014107233
-0.0008731497
-0.0008900144
-0.0087335131
-0.0025163964
-0.0126672081
-0.0123140901
-0.0127731571
-0.0027886888
-0.0031813328
-0.0023552551
-0.0130522202
-0.0078023572
-0.0117154195
-0.0115748258
-0.0121244747
-0.0016029577
-0.0019832110
-0.0025158545
-0.0025020956
-0.0020974903
-0.0129908153
-0.0034751401
-0.0041534354
-0.0013363994
-0.0016432567
-0.0126183864
-0.0121382203
-0.0124747228
-0.0074249967
-0.0078157592
-0.0053572595
-0.0049664626
-0.0031849755
-0.0032308788
-0.0127692427
-0.0073162377
-0.0130028212
-0.0076529168
-0.0078773252
-0.0034706382
-0.0017913067
-0.0004277592
-0.0119898471
-0.0021287413
-0.0016233088
-0.0020889209
-0.0008378002
-0.0012260148
-0.0008142368
-0.0012833489
-0.0018325367
-0.0079640262
-0.0076227363
-0.0004212063
-0.0015574198
-0.0120804188
-0.0126969422
-0.0025704912
-0.0129414429
-0.0133644994
-0.0129650389
-0.0009197270
-0.0007253058
-0.0098801736
-0.0095596890
-0.0091544835
-0.0072800975
-0.0068760280
-0.0093879771
-0.0058906005
-0.0048343685
-0.0063343212
-0.0066621592
-0.0068125794
-0.0089660231
-0.0077052462
-0.0070731931
-0.0069172727
-0.0013921066
-0.0050189497
-0.0035495978
-0.0113193541
-0.0025381385
-0.0120533470
-0.0108421902
-0.0104135511
-0.0083745553
-0.0078521904
-0.0076594495
-0.0019472599
-0.0016776431
-0.0008508677
-0.0008910790
-0.0077206169
-0.0010764620
-0.0008767989
-0.0104283212
-0.0098786256
-0.0021152330
-0.0008550000
-0.0129158382
-0.0037885518
-0.0043064251
-0.0041902572
-0.0103905297
-0.0104152861
-0.0099314626
-0.0027167207
-0.0013007442
-0.0122846850
-0.0012634078
-0.0008795155
-0.0004238099
-0.0088779604
-0.0095337828
-0.0054240922
-0.0065658388
-0.0065150071
-0.0069414549
-0.0083907826
-0.0085197640
-0.0022369565
-0.0018567515
-0.0021888294
-0.0020742360
-0.0016354180
-0.0021190553
-0.0101102853
-0.0009691515
-0.0082966253
-0.0084563171
-0.0086667540
-0.0038028255
-0.0034772606
-0.0087881987
-0.0118088610
-0.0016068378
-0.0019811687
-0.0125936085
-0.0121126430
-0.0125924893
-0.0034819131
-0.0087945497
-0.0105807114
-0.0101373394
-0.0003988435
-0.0129164843
-0.0046702075
-0.0120820428
-0.0125333518
-0.0113759093
-0.0118792266
-0.0123082136
-0.0025238699
-0.0056145861
-0.0130799360
-0.0017321622
-0.0011219788
-0.0121608034
-0.0121753096
-0.0134870485
-0.0029630155
-0.0078532217
-0.0130612609
-0.0055860473
-0.0008027695
-0.0103588768
-0.0127133527
-0.0011615087
-0.0133727767
-0.0129276081
-0.0086576349
-0.0090907848
-0.0093108111
-0.0124260031
-0.0015599209
-0.0113988766
-0.0040133547
-0.0022647871
-0.0115960378
-0.0132013115
-0.0119316887
-0.0124048785
-0.0008708716
-0.0014185016
-0.0107357697
-0.0028168161
-0.0033872569
-0.0047404228
-0.0043740128
-0.0056579887
-0.0076140033
-0.0081140957
-0.0010574406
-0.0013074384
-0.0074252751
-0.0077794535
-0.0078974320
-0.0106607173
-0.0115479554
-0.0004448816
-0.0111094918
-0.0108556062
-0.0080982056
-0.0079127002
-0.0022370024
-0.0070971374
-0.0029763911
-0.0029429422
-0.0034202987
-0.0038986045
-0.0099621699
-0.0117696611
-0.0115896647
-0.0114134870
-0.0093300300
0.0000043633
-0.0021782642
-0.0029603245
-0.0028826062
-0.0112872191
-0.0126363078
-0.0131099771
-0.0135477715
-0.0119918764
-0.0080690861
-0.0079921468
-0.0041905410
-0.0046298327
-0.0004064941
-0.0004027820
-0.0064584262
-0.0068233705
-0.0019583988
-0.0015632184
-0.0026603709
-0.0022795994
-0.0027484307
-0.0022558599
-0.0053415348
-0.0043203803
-0.0040765572
-0.0063048045
-0.0036486919
-0.0032324810
-0.0035673101
-0.0066921913
-0.0085217229
-0.0082667740
-0.0058566298
-0.0121785817
-0.0100946697
-0.0101313594
-0.0067717932
-0.0065503797
-0.0053135119
-0.0102551194
-0.0033040941
-0.0036667023
-0.0093834692
-0.0082337622
-0.0084849666
-0.0065546996
-0.0058204409
-0.0062196801
-0.0060927543
-0.0047502358
-0.0043027912
-0.0101981877
-0.0117272991
-0.0055500561
-0.0059255231
-0.0036209942
-0.0104413547
-0.0066997386
-0.0065145955
-0.0127009137
-0.0135347726
-0.0136261979
-0.0126877875
-0.0126403053
-0.0031730481
-0.0068809416
-0.0104913944
-0.0016643149
-0.0017847219
-0.0021576855
-0.0040261425
-0.0040157791
-0.0044003658
-0.0089358385
-0.0068808530
-0.0065182945
-0.0068307167
-0.0100798907
-0.0100531232
-0.0084527386
-0.0080915304
-0.0066398526
-0.0068912286
-0.0083685448
-0.0057228745
-0.0057755376
-0.0062869316
-0.0126328573
-0.0114807909
-0.0109726891
-0.0080128310
-0.0044257685
-0.0045833100
-0.0060463801
-0.0052681012
-0.0098732988
-0.0035832077
-0.0030745919
-0.0036671921
-0.0056679989
-0.0061090104
-0.0058348398
-0.0058085927
-0.0062789744
-0.0040507142
-0.0051227673
-0.0121156208
-0.0050393564
-0.0050063388
-0.0034438289
-0.0036041301
-0.0039144853
-0.0049891366
-0.0022757674
-0.0019980210
-0.0051946962
-0.0049084450
-0.0095768034
-0.0092799894
-0.0052072478
-0.0048396270
-0.0045066935
-0.0047347803
-0.0046999539
-0.0047744443
-0.0047325873
-0.0048001204
-0.0016486993
-0.0054041544
-0.0100275575
-0.0048367971
-0.0047875908
-0.0053398328
-0.0048419107
-0.0045035003
-0.0032484391
-0.0053388770
-0.0048016229
-0.0051590170
-0.0048408957
-0.0103404060
-0.0049293940
-0.0048703519
-0.0081408161
-0.0083991195
-0.0079721381
-0.0042985294
-0.0046883467
-0.0043435571
-0.0045198410
-0.0049542274
-0.0052890642
-0.0050599686
-0.0098240412
-0.0120159323
-0.0120848852
-0.0045897658
-0.0053690825
-0.0043224035
-0.0040255194
-0.0046863798
-0.0049479798
-0.0050289326
-0.0046837211
-0.0050369839
-0.0064525627
-0.0044585313
-0.0050109811
-0.0058699948
-0.0054541791
-0.0049959822
-0.0051170548
-0.0049729243
-0.0050459475
-0.0051550801
-0.0095092912
-0.0049972173
-0.0052749920
-0.0051345019
-0.0025869438
-0.0020903081
-0.0022900650
-0.0028368661
-0.0041532183
-0.0045285158
-0.0050164247
-0.0051707791
-0.0084086486
-0.0082261728
-0.0048201884
-0.0050789429
-0.0105721047
-0.0109739024
-0.0048818077
-0.0050908482
-0.0087775211
-0.0070466100
-0.0051343962
-0.0053791558
-0.0050999438
-0.0057817486
-0.0061492701
-0.0051909244
-0.0098715139
-0.0093368848
-0.0096333123
-0.0084567253
-0.0051654859
-0.0025124470
-0.0028259660
-0.0029479762
-0.0054025430
-0.0037867138
-0.0051827911
-0.0043645369
-0.0038648866
-0.0095615024
-0.0117517876
-0.0095861285
-0.0101281673
-0.0098237199
-0.0027886098
-0.0026550498
-0.0023988924
-0.0062023767
-0.0062178527
-0.0057745651
-0.0051568287
-0.0093696439
-0.0090773692
-0.0050868783
-0.0050372941
-0.0052349299
-0.0086837828
-0.0079150222
-0.0113008711
-0.0117682629
-0.0023466507
-0.0026442846
-0.0028896462
-0.0026660797
-0.0079013968
-0.0053620697
-0.0049831183
-0.0035249282
-0.0049909229
-0.0048775476
-0.0044499815
-0.0016089905
-0.0101344688
-0.0048086799
-0.0049661443
-0.0052192512
-0.0048214289
-0.0057929971
-0.0099331770
-0.0104075409
-0.0048611937
-0.0056863065
-0.0068791199
-0.0048847379
-0.0049449661
-0.0050941061
-0.0053110844
-0.0085958601
-0.0082924875
-0.0082463128
-0.0050199134
-0.0081102532
-0.0079342578
-0.0078215638
-0.0074109004
-0.0084951105
-0.0083571528
-0.0017334859
-0.0083535685
-0.0113344659
-0.0110706909
-0.0114011926
-0.0062897990
-0.0065909201
-0.0016540081
-0.0016856378
-0.0084689659
-0.0085504111
-0.0114923854
-0.0121266745
-0.0084003455
-0.0091151922
-0.0087737649
-0.0105345867
-0.0046466373
-0.0067729248
-0.0072366561
-0.0065276165
-0.0132104980
-0.0082693853
-0.0027810352
-0.0087084727
-0.0115893954
-0.0085614380
-0.0016005017
-0.0025651250
-0.0081679186
-0.0114884187
-0.0074839282
-0.0044577492
-0.0041380342
-0.0098703273
-0.0093808303
-0.0096543391
-0.0015532148
-0.0114289540
-0.0076981666
-0.0074419284
-0.0017133646
-0.0087283126
-0.0016150306
-0.0081056185
-0.0039734435
-0.0039885176
-0.0024825916
-0.0039963715
-0.0080787591
-0.0114254352
-0.0114086382
-0.0016887250
-0.0116767775
-0.0079631328
-0.0081368200
-0.0073452844
0.0000072210
-0.0016597885
-0.0016094396
-0.0113834559
-0.0016428666
-0.0020781553
-0.0017203212
-0.0081412648
-0.0017269349
-0.0004455931
-0.0094361551
-0.0113602149
-0.0085241350
-0.0086224709
-0.0016603640
-0.0117364863
-0.0118626436
-0.0081332866
-0.0115566046
-0.0118004982
-0.0134924597
-0.0130892421
-0.0053619438
-0.0050825748
-0.0046092352
-0.0071215489
-0.0070937355
-0.0071031683
-0.0067474081
-0.0135561697
-0.0131332143
-0.0099799739
-0.0039569775
-0.0021373424
-0.0105254142
-0.0101487164
-0.0086605994
-0.0062914620
-0.0018034054
-0.0121994183
-0.0121232309
-0.0084246127
-0.0017265426
-0.0017170591
-0.0021480538
-0.0020394805
-0.0075276876
-0.0016327561
-0.0045511819
-0.0083671230
-0.0087912913
-0.0019920221
-0.0124946301
-0.0088194698
-0.0085107459
-0.0080715506
-0.0117753756
-0.0121256812
-0.0079339057
-0.0083017040
-0.0014446730
-0.0009699415
-0.0014289065
-0.0080963036
-0.0082388386
-0.0133079968
-0.0017904542
-0.0008669879
-0.0013569045
-0.0008918014
-0.0090507695
-0.0071269649
-0.0070741953
-0.0088886098
-0.0018269288
-0.0014813004
-0.0084639894
-0.0122443073
-0.0071193108
-0.0035452095
-0.0048393626
-0.0015778564
-0.0011432284
-0.0016722437
-0.0078927885
-0.0082505399
-0.0078632691
-0.0016727887
-0.0017294618
-0.0086940242
-0.0063109569
-0.0061545464
-0.0058935510
-0.0123294949
-0.0121621856
-0.0044208127
-0.0084612493
-0.0084240438
-0.0088180208
-0.0043836953
-0.0039149899
-0.0086637787
-0.0017172130
-0.0086452885
-0.0119013247
-0.0116456132
-0.0121103076
-0.0072321179
-0.0075762137
-0.0118686403
-0.0125511746
-0.0016987048
-0.0085727586
-0.0086487067
-0.0120228700
-0.0016509018
-0.0085542499
-0.0119475295
-0.0112104832
-0.0119202327
-0.0114591280
-0.0084821617
-0.0082714009
-0.0065809268
-0.0080087379
-0.0084462146
-0.0072284555
-0.0075052706
-0.0086230559
-0.0123572630
-0.0057914351
-0.0045732183
-0.0042512010
-0.0123311898
-0.0085918173
-0.0074498049
-0.0011226066
-0.0067024786
-0.0090208165
-0.0071206476
-0.0086175763
-0.0029423350
-0.0098226375
-0.0095385618
-0.0099958061
-0.0017149800
-0.0122044667
-0.0120936714
-0.0117406901
-0.0066951533
-0.0065460637
-0.0062989334
-0.0086338301
-0.0016345100
-0.0117817964
-0.0083548555
-0.0088777650
-0.0096435130
-0.0092937138
-0.0016924614
-0.0083823372
-0.0082228899
-0.0120699845
-0.0124850646
-0.0124180841
-0.0085518691
-0.0004573831
-0.0004377608
-0.0038557186
-0.0039779900
-0.0049965302
-0.0029038311
-0.0087191058
-0.0011854880
-0.0117822636
-0.0017875584
-0.0127149534
-0.0131996982
-0.0017796008
-0.0117658299
-0.0021818052
-0.0038468363
-0.0045999617
-0.0039890451
-0.0067759448
-0.0066464970
-0.0076727174
-0.0071670623
-0.0118661780
-0.0094631637
-0.0012211299
-0.0016912522
-0.0015521049
-0.0118156925
-0.0032782426
-0.0011214926
-0.0081373685
-0.0126436498
-0.0118216161
-0.0123059782
-0.0117919616
-0.0121055321
-0.0017309063
-0.0085466303
-0.0118375453
-0.0115434996
-0.0027154589
-0.0026493614
-0.0091851959
-0.0017167641
-0.0084672651
-0.0088841622
-0.0116031069
-0.0070027090
-0.0074875002
-0.0070405925
-0.0118511323
-0.0122157525
-0.0014883309
-0.0010273345
-0.0013772554
-0.0059390368
-0.0070187716
-0.0073971579
-0.0037063237
-0.0039850223
-0.0096169833
-0.0085957396
-0.0017616825
-0.0121501165
-0.0096304304
-0.0100010815
-0.0071466055
-0.0122941212
-0.0017509798
-0.0082165935
-0.0020751147
-0.0120654584
-0.0114475006
-0.0118954618
-0.0117845768
-0.0111482177
-0.0107744862
-0.0109854713
-0.0120218723
-0.0123785905
-0.0119183322
-0.0121626229
-0.0086484841
-0.0087760749
-0.0085701802
-0.0120137532
-0.0119366498
-0.0017125666
-0.0038671769
-0.0103311933
-0.0098363049
-0.0085239820
-0.0119975570
-0.0017046789
-0.0017147299
-0.0017948822
-0.0021474126
-0.0078897557
-0.0016772884
-0.0074399823
-0.0030131534
-0.0031666659
-0.0034211318
-0.0085053326
-0.0119232574
-0.0009284367
-0.0100792248
-0.0012547560
-0.0008193522
-0.0118475479
-0.0070587879
-0.0031747677
-0.0073091223
-0.0127042079
-0.0126560039
-0.0122683721
-0.0019161978
-0.0024620909
-0.0063129886
-0.0116268271
-0.0008268575
-0.0003518002
-0.0023770271
-0.0043859141
-0.0061944609
-0.0004180492
-0.0004210696
-0.0113040527
-0.0004571037
-0.0004042760
-0.0018984091
-0.0057895228
-0.0079173449
-0.0081997082
-0.0120600565
-0.0122750007
-0.0123819357
-0.0041996413
-0.0124745405
-0.0026322655
-0.0035687602
-0.0041307171
-0.0061139854
-0.0030618819
-0.0069757015
-0.0057159354
-0.0129044558
-0.0124193610
-0.0007122757
-0.0035531721
-0.0035413524
-0.0009127967
-0.0010324967
-0.0063476331
-0.0059122166
-0.0062467984
-0.0109265211
-0.0105065849
-0.0050069407
-0.0123002227
-0.0118733040
-0.0012066247
-0.0100453166
-0.0103852096
-0.0096789817
-0.0077612211
-0.0077194690
-0.0072988046
-0.0009198051
-0.0004453353
-0.0038513383
-0.0047651476
-0.0051324660
-0.0068478399
-0.0064932023
-0.0033314327
-0.0120392647
-0.0007765849
-0.0003874889
-0.0007310763
-0.0020820322
-0.0024093273
-0.0011962229
-0.0011259517
-0.0037872120
-0.0029880314
-0.0033150342
-0.0100437372
-0.0012637773
-0.0040878938
-0.0004079515
-0.0040165641
-0.0039698164
-0.0116572389
-0.0003620905
-0.0092522770
-0.0017189293
-0.0012414833
-0.0038061707
-0.0012078127
-0.0012999492
-0.0097320067
-0.0033169931
-0.0037528482
-0.0098537252
-0.0101614865
-0.0100415513
-0.0051265526
-0.0042165887
-0.0036674811
-0.0028674890
-0.0092212887
-0.0099603741
-0.0103313138
-0.0103944823
-0.0107624402
-0.0037497605
-0.0062224444
-0.0058949891
-0.0012097068
-0.0013930051
-0.0098122253
-0.0089973819
-0.0013188818
-0.0017240309
-0.0057227917
-0.0093972705
-0.0087937216
-0.0080367483
-0.0098097936
-0.0092331616
-0.0094160826
-0.0097286654
-0.0100335520
-0.0108799180
-0.0102462789
-0.0033184647
-0.0093217297
0.0000180428
-0.0020460810
-0.0021828696
-0.0034631517
-0.0097195039
-0.0130739256
-0.0039266905
-0.0092621398
-0.0082286497
-0.0102243962
-0.0094703368
-0.0032539232
-0.0096843893
-0.0036639505
-0.0082827846
-0.0119966952
-0.0026665587
-0.0023451365
-0.0097172140
-0.0021648405
-0.0037739545
-0.0097517917
-0.0034675826
-0.0105741738
-0.0097461735
-0.0004064007
-0.0007800338
-0.0008428454
-0.0042039244
-0.0095151580
-0.0087891574
-0.0045439149
-0.0045383360
-0.0049350139
-0.0041999169
-0.0099539323
-0.0051980613
-0.0067498278
-0.0088966058
-0.0117377843
-0.0113388419
-0.0037455002
-0.0104818064
-0.0103619035
-0.0037443107
-0.0036744978
-0.0099963474
-0.0099244787
-0.0120416334
-0.0120980227
-0.0124581242
-0.0117003849
-0.0117971599
-0.0092480467
-0.0098834887
-0.0100653419
-0.0033012605
-0.0033292667
-0.0123090128
-0.0125005166
-0.0128274232
-0.0103690811
-0.0105315304
-0.0096516376
-0.0092407877
-0.0093588043
-0.0108858712
-0.0046833536
-0.0059823109
-0.0101664770
-0.0104452311
-0.0034840818
-0.0101943558
-0.0084390269
-0.0087857303
-0.0108697489
-0.0043772272
-0.0033651349
-0.0034139899
-0.0103680527
-0.0108076975
-0.0090820234
-0.0094766840
-0.0089811852
-0.0103370872
-0.0099060615
-0.0056328247
-0.0060751128
-0.0056067685
-0.0030978311
-0.0026075209
-0.0029742577
-0.0103276380
-0.0072384984
-0.0034717002
-0.0104923966
-0.0012585927
-0.0074618612
-0.0042410520
-0.0005443815
-0.0030680708
-0.0032823834
-0.0102233535
-0.0118585208
-0.0124035474
-0.0121860212
-0.0101835481
-0.0101777073
-0.0102973937
-0.0017847122
-0.0076456984
-0.0096105455
-0.0084929102
-0.0092554104
-0.0105149985
-0.0139038905
-0.0077873932
-0.0081782715
-0.0113014266
-0.0116505966
-0.0102040009
-0.0034811257
-0.0022283868
-0.0025395718
-0.0101676179
-0.0074602218
-0.0040255402
-0.0032651611
-0.0007941222
-0.0008311022
-0.0105326645
-0.0043905685
-0.0038765624
-0.0042283499
-0.0063786880
-0.0061895153
-0.0058070797
-0.0066259938
-0.0074207171
-0.0038476569
-0.0039004325
-0.0034399877
-0.0059088800
-0.0062617670
-0.0083012314
-0.0079839973
-0.0099055861
-0.0104363766
-0.0025787965
-0.0008385513
-0.0012924822
-0.0012749262
-0.0101581002
-0.0101881652
-0.0017845647
-0.0115236902
-0.0118670340
-0.0113432204
-0.0111193659
-0.0035411133
-0.0039893805
-0.0028134139
-0.0108645720
-0.0104882953
-0.0127710922
-0.0108958688
-0.0053502892
-0.0115483142
-0.0111392469
-0.0079478860
-0.0129295675
-0.0107056718
-0.0089896048
-0.0137621297
-0.0102133542
-0.0100886780
-0.0007941503
-0.0032415510
-0.0102055557
-0.0003929757
-0.0015840546
-0.0067240924
-0.0066814993
-0.0053552388
-0.0054331944
-0.0066827706
-0.0067902955
-0.0067007988
-0.0067155854
-0.0031790302
-0.0033483165
-0.0066677843
-0.0068814562
-0.0065593860
-0.0010689004
-0.0008018384
-0.0066215478
-0.0030720229
-0.0069258278
-0.0065202722
-0.0119130431
-0.0114839380
-0.0065542905
-0.0069465334
-0.0063185278
-0.0096272467
-0.0095592462
-0.0065819832
-0.0109544917
-0.0105168621
-0.0069575819
-0.0062752828
-0.0035205482
-0.0064594722
-0.0063577096
-0.0122471835
-0.0009723146
-0.0051927840
-0.0056814377
-0.0062973886
-0.0133856945
-0.0120426678
-0.0064967206
-0.0064771461
-0.0051416122
-0.0012192143
-0.0008925252
-0.0059615444
-0.0061251238
-0.0018518631
-0.0063528026
-0.0128855526
-0.0081747681
-0.0093647900
-0.0064619410
-0.0108642808
-0.0103067343
-0.0124241047
-0.0065169082
-0.0126239706
-0.0109774125
-0.0052111387
-0.0052662406
-0.0004554100
-0.0088331480
-0.0021944457
-0.0013333867
-0.0041611852
-0.0066059942
-0.0121174027
-0.0122622321
-0.0054526925
-0.0014953064
-0.0066482939
-0.0070433969
-0.0019957865
-0.0066527823
-0.0066678515
-0.0069578149
-0.0065898179
-0.0069090048
-0.0066840509
-0.0066294702
-0.0024611156
-0.0028043270
-0.0068434328
-0.0067491587
-0.0057787589
-0.0066638124
-0.0066703915
-0.0126334957
-0.0126695082
-0.0131393540
-0.0077072040
-0.0050763228
-0.0049031085
-0.0046046701
-0.0109749523
-0.0090779051
-0.0095687437
-0.0069124725
-0.0033468045
-0.0004303777
-0.0004185941
-0.0041463562
-0.0064223590
-0.0061800430
-0.0066212221
-0.0066800784
-0.0109397672
-0.0055938249
-0.0059355839
-0.0103801118
-0.0068832324
-0.0067592047
-0.0068449387
-0.0068656008
-0.0070500544
-0.0098357117
-0.0069506395
-0.0069785434
-0.0067201196
-0.0068533269
-0.0069593658
-0.0012037221
-0.0008466732
-0.0063156937
-0.0067780667
-0.0105617986
-0.0113840170
-0.0100333195
-0.0089744037
-0.0068180884
-0.0028000361
-0.0065331638
-0.0130612984
-0.0054263696
-0.0068262126
-0.0067130502
-0.0100411277
-0.0087014021
-0.0082292950
-0.0068943213
-0.0134061579
-0.0088360222
-0.0067038450
-0.0004565301
-0.0024193997
-0.0020436271
-0.0020598487
-0.0069131937
-0.0067002546
-0.0055141318
-0.0022269713
-0.0131002068
-0.0111311697
-0.0108550214
-0.0068827101
-0.0069320248
-0.0068177268
-0.0074569187
-0.0069553608
-0.0070957963
-0.0068306555
-0.0030770965
-0.0104347387
-0.0108836570
-0.0068406443
-0.0018688767
-0.0021850531
-0.0017888228
-0.0061952899
-0.0134800266
-0.0051669669
-0.0065251931
-0.0068041938
-0.0054772317
-0.0054924099
-0.0124446242
-0.0128803063
-0.0095706180
-0.0104254706
-0.0093612242
-0.0091334371
-0.0068565574
-0.0067553431
-0.0069481671
-0.0018611917
-0.0066861815
-0.0108935283
-0.0015069118
-0.0135157905
-0.0126633413
-0.0122149902
-0.0015580543
-0.0018582083
-0.0013871022
-0.0067459941
-0.0066323109
-0.0099646157
-0.0125850147
-0.0121895693
-0.0067399530
-0.0104637383
-0.0066507355
-0.0008369913
-0.0004202540
-0.0026053417
-0.0058543349
-0.0067876764
-0.0064505369
-0.0068616833
-0.0134729088
-0.0122064147
-0.0064124760
-0.0069437352
-0.0069693707
-0.0004226444
-0.0069609647
-0.0025426322
-0.0021716698
-0.0096459705
-0.0008189798
-0.0064812052
-0.0068356219
-0.0100710575
-0.0100340338
-0.0084077213
-0.0080183260
-0.0069599852
-0.0064742394
-0.0069301903
-0.0096720396
-0.0121993880
-0.0112158764
-0.0088494598
-0.0064543720
-0.0068423784
-0.0007517400
-0.0012914525
-0.0030698293
-0.0066028421
-0.0068036047
-0.0068752834
-0.0067883366
-0.0067409572
-0.0067949826
-0.0112586470
-0.0111439105
-0.0108325807
-0.0118137061
-0.0010911233
-0.0005670074
-0.0008147880
-0.0127411903
-0.0132364560
-0.0119464635
-0.0126157363
-0.0135903733
-0.0134983519
-0.0032772094
-0.0029395172
-0.0131809027
-0.0131730005
-0.0097022834
-0.0008056815
-0.0130271694
-0.0122569997
-0.0004377867
-0.0012171109
-0.0081760603
-0.0134205353
-0.0079584103
-0.0075700314
-0.0079986595
-0.0126037434
-0.0121985751
-0.0121046675
-0.0117593240
-0.0083860125
-0.0130019797
-0.0126444167
-0.0061509404
-0.0060696912
-0.0009667912
-0.0003600334
-0.0004127863
-0.0041497208
-0.0024233570
-0.0055086079
-0.0103222356
-0.0115630558
-0.0000105898
-0.0004178604
-0.0011520239
-0.0113833782
-0.0062377203
-0.0030177082
-0.0005675541
-0.0003777684
-0.0125956762
-0.0120420977
-0.0130678532
-0.0130889466
-0.0007952551
-0.0032480106
0.0000211949
-0.0032192815
-0.0117943232
-0.0114090982
-0.0042602143
-0.0075258978
-0.0004278156
-0.0008572057
-0.0112620752
-0.0135168803
-0.0135018689
-0.0126796101
-0.0112338797
-0.0064645213
-0.0125962713
-0.0009805489
-0.0010443355
-0.0004949974
-0.0013749148
-0.0107738674
-0.0110729447
-0.0011761011
-0.0035330276
-0.0058305510
-0.0066124120
-0.0021071641
0.0000135993
-0.0123002979
-0.0050746732
-0.0012754146
-0.0004422508
-0.0016107584
-0.0004739241
-0.0084149952
-0.0012462367
0.0000000017
-0.0032852856
-0.0004800158
-0.0044101461
-0.0032068749
-0.0087279719
-0.0114297076
-0.0121894129
-0.0028051128
-0.0012713761
-0.0110835459
-0.0122311705
-0.0004635244
-0.0124393685
-0.0004661086
-0.0009071576
-0.0090783549
-0.0094208059
-0.0086221192
-0.0019616929
-0.0023299358
-0.0027167249
-0.0027484883
-0.0030323341
-0.0036962640
-0.0041046209
-0.0090603139
-0.0076044710
-0.0083033986
-0.0028489609
-0.0024877045
-0.0082478120
-0.0117524731
-0.0067888605
-0.0115030911
-0.0126385315
-0.0127460277
-0.0129289270
-0.0123957390
-0.0119385642
-0.0121751422
-0.0122421400
-0.0126345804
-0.0106089066
-0.0135490544
-0.0123915254
-0.0022939647
-0.0003732902
-0.0019014689
-0.0110382479
-0.0009482562
-0.0103554903
-0.0066747123
-0.0000093463
-0.0134766959
-0.0011509912
-0.0077110303
-0.0076806801
-0.0114805420
-0.0118373114
-0.0008228101
-0.0003826217
-0.0135330282
-0.0081908683
-0.0012840758
-0.0017283664
-0.0030209787
-0.0024512615
-0.0018424362
-0.0034191807
-0.0029636117
-0.0030200974
-0.0124371846
-0.0130658056
-0.0125451685
-0.0123052333
-0.0120807182
-0.0098069392
-0.0060617490
-0.0135002597
0.0000054234
-0.0109993228
-0.0107000849
-0.0033060076
-0.0112197953
-0.0012189841
-0.0076243918
-0.0077467505
-0.0107830406
-0.0033577079
-0.0108564582
-0.0079422470
-0.0066896991
-0.0101573628
-0.0097579390
-0.0031907735
-0.0007602924
-0.0017619471
-0.0128784659
-0.0026371950
-0.0067574744
-0.0118402649
-0.0121132143
-0.0125323598
-0.0059187994
-0.0025599011
-0.0005010731
-0.0004576989
-0.0067815271
-0.0076304970
-0.0010664271
-0.0075025723
-0.0130947343
-0.0124995989
-0.0121752230
-0.0119663292
-0.0003941193
-0.0030264478
-0.0067209446
-0.0068946866
-0.0069389026
-0.0126503460
-0.0020925096
-0.0025663655
-0.0003150227
-0.0067678690
-0.0071276821
-0.0101047745
-0.0131286177
-0.0127671642
-0.0131886866
-0.0075888113
-0.0006529260
-0.0009182663
-0.0074832792
-0.0069868674
-0.0131978986
-0.0062843208
-0.0060418426
-0.0058365733
-0.0012130262
-0.0007934453
-0.0004334346
-0.0009345028
-0.0125870099
-0.0122268612
-0.0011922072
-0.0075145730
-0.0004476062
-0.0024691061
-0.0030572319
-0.0031075706
-0.0034335353
-0.0008307698
-0.0004749989
-0.0004689221
-0.0089692068
-0.0078256132
-0.0080381851
-0.0124831773
-0.0121097272
-0.0132010613
-0.0011899700
-0.0030324360
-0.0133938644
-0.0134740327
-0.0058886407
-0.0014739744
-0.0011390801
-0.0129881723
-0.0108393254
-0.0111192198
-0.0089151925
-0.0084931088
-0.0008629505
-0.0120558362
-0.0125166856
-0.0127547999
-0.0004264468
-0.0007939336
-0.0110470389
-0.0115205756
-0.0003714537
-0.0003398880
-0.0021322776
-0.0133858677
-0.0124937778
-0.0074169866
-0.0070733531
-0.0107300022
-0.0103439281
-0.0006505750
-0.0008503256
-0.0029382359
-0.0030094075
-0.0025557751
-0.0009940331
-0.0024969862
-0.0016789813
-0.0103670394
-0.0053808407
-0.0056315564
-0.0061752110
-0.0007007102
-0.0004004007
-0.0004877478
-0.0004042986
-0.0081798760
-0.0084896824
-0.0134282866
-0.0135957266
-0.0129909798
-0.0132230548
-0.0037696833
-0.0045540055
-0.0058510011
-0.0116511844
-0.0003917888
-0.0127566108
-0.0017791412
-0.0012819013
-0.0008233757
-0.0081933307
-0.0003660321
0.0000078918
-0.0135020707
-0.0101588757
-0.0104713976
-0.0106441230
-0.0124771573
-0.0116461111
-0.0123597079
-0.0007228327
-0.0002971177
-0.0009470110
-0.0082542134
-0.0132974119
-0.0078560026
-0.0116435898
-0.0074260469
-0.0032124437
-0.0004287682
-0.0008682007
-0.0013732201
-0.0043890063
-0.0042638712
-0.0097179604
-0.0091834854
-0.0093468275
-0.0080359406
-0.0105464761
-0.0008288197
-0.0003749642
-0.0065993222
-0.0031511618
-0.0009553775
-0.0013385719
-0.0017307881
-0.0079707593
-0.0130953236
-0.0103730477
-0.0139261699
-0.0103795281
-0.0108560969
-0.0129982986
-0.0072373519
0.0000094485
-0.0075657770
-0.0000094573
-0.0072371477
-0.0021913226
-0.0026189759
-0.0003961957
-0.0008455447
-0.0076245220
-0.0007770227
-0.0017765885
-0.0015738165
-0.0000094618
-0.0107270665
-0.0132309069
-0.0003728966
-0.0074953286
-0.0013403695
-0.0062010198
-0.0058480941
-0.0107923581
-0.0108357482
-0.0111355584
-0.0103539430
-0.0109499918
-0.0004148714
-0.0067280152
-0.0006976374
-0.0002832844
-0.0000196747
-0.0009169511
-0.0010241287
-0.0029842589
-0.0007077935
-0.0004579281
-0.0007517686
-0.0008546236
-0.0019097790
-0.0015820165
-0.0121766220
-0.0126269128
-0.0126705276
-0.0078338811
-0.0068529735
-0.0125857222
-0.0120864915
-0.0117345848
-0.0025431572
-0.0112500468
-0.0116126840
-0.0003899470
-0.0012592383
-0.0011057175
-0.0003971302
-0.0007860582
-0.0026602287
-0.0039847671
-0.0108444708
-0.0011674444
-0.0011061695
-0.0130230204
-0.0118538048
-0.0109794998
-0.0106858919
-0.0110656123
-0.0113106621
-0.0130303547
-0.0120579952
-0.0130092037
-0.0103065089
-0.0078274285
-0.0073781362
-0.0091005248
-0.0081455501
-0.0065469773
-0.0003901731
-0.0007030151
-0.0008457978
-0.0070254685
-0.0071782603
-0.0075486426
-0.0126798477
-0.0031605904
-0.0005333374
-0.0115782006
-0.0025986279
-0.0058371663
-0.0061090787
-0.0077997853
-0.0127543612
-0.0123927106
-0.0135722423
-0.0065187472
-0.0067817587
-0.0099848032
-0.0072408729
-0.0130453224
-0.0113758935
-0.0125576966
-0.0134668942
-0.0025432342
-0.0127402590
-0.0111067606
-0.0139181770
-0.0134909622
-0.0111628336
-0.0135262084
-0.0008706801
-0.0004445763
-0.0012937011
-0.0038907616
-0.0056200308
-0.0123342117
-0.0067642779
-0.0032952847
-0.0043335754
-0.0016767949
-0.0006107441
-0.0016856253
-0.0068311051
-0.0065385079
-0.0083338659
-0.0083794613
-0.0021738165
-0.0007163664
-0.0024647805
-0.0063319259
-0.0004001343
-0.0007722019
-0.0127106208
-0.0003761767
-0.0065164635
-0.0129082872
-0.0080683945
-0.0069113939
-0.0034384965
-0.0040831886
-0.0025443339
-0.0105939816
-0.0055620525
-0.0004416087
-0.0005541978
-0.0047687618
-0.0051438641
-0.0062679483
-0.0060587830
-0.0046842254
-0.0077534377
-0.0068993383
-0.0059490058
-0.0055804460
-0.0015174696
-0.0086478206
-0.0109641531
-0.0104791071
-0.0068464724
-0.0073905792
-0.0119487598
-0.0122747697
-0.0123238901
-0.0004450363
-0.0000134684
-0.0057499429
-0.0000039102
-0.0083160416
-0.0047206289
-0.0097589643
-0.0087378615
-0.0066048226
-0.0109321104
-0.0051109831
-0.0055110433
-0.0056151504
-0.0075930223
-0.0119988932
-0.0051466225
-0.0121712573
-0.0124570154
-0.0072911039
-0.0077308390
-0.0102006262
-0.0098933791
-0.0097079340
-0.0060209170
-0.0065595506
-0.0030458026
-0.0019499519
-0.0034924561
-0.0067405570
-0.0112507582
-0.0015771604
-0.0039697691
-0.0040224934
-0.0042479996
-0.0086701257
-0.0086778504
-0.0091004995
-0.0113968133
-0.0003290076
-0.0078966055
-0.0072188881
-0.0004396279
-0.0052657067
-0.0047266705
-0.0087861376
-0.0041758220
-0.0045823843
-0.0045780948
-0.0086567467
-0.0090248524
-0.0094721155
-0.0022928652
-0.0136404510
-0.0049652844
-0.0125067346
-0.0046473751
-0.0016624499
-0.0081711574
-0.0052340787
-0.0047792839
-0.0048041120
-0.0053083646
-0.0052499141
-0.0085995687
-0.0081195170
-0.0051888371
-0.0049879593
-0.0087121366
-0.0083237916
-0.0099368866
-0.0091086977
-0.0090387937
-0.0046035231
-0.0050967932
-0.0067745875
-0.0072743882
-0.0051762805
-0.0007836462
-0.0008459907
-0.0121579984
-0.0117590874
-0.0008347197
-0.0052102840
-0.0057787175
-0.0015344311
-0.0018720515
-0.0011484143
-0.0101773255
-0.0099003584
-0.0050484862
-0.0130099491
-0.0125042839
-0.0080296552
-0.0073414053
-0.0032942339
-0.0036837783
-0.0077861051
-0.0043128388
-0.0041555300
-0.0046377947
-0.0117816883
-0.0021371259
-0.0031615508
-0.0045191926
-0.0070896791
-0.0028787145
-0.0120062139
-0.0117637698
-0.0032597604
-0.0022017888
-0.0017808299
-0.0064015324
-0.0020564532
-0.0013730810
-0.0016950309
-0.0043043333
-0.0047428668
-0.0029850073
-0.0020609992
-0.0016132193
-0.0020627146
-0.0092644010
-0.0089158268
-0.0088610394
-0.0060436566
-0.0036432512
-0.0043164951
-0.0088777151
-0.0092267417
-0.0092724453
-0.0022326034
-0.0007688972
-0.0016917349
-0.0026505419
-0.0018021741
-0.0021979776
-0.0026487426
-0.0025918230
-0.0072223037
-0.0127618760
-0.0019773912
-0.0015559820
-0.0018983676
-0.0128049842
-0.0125876116
-0.0081602214
-0.0087419331
-0.0085141451
-0.0052951551
-0.0050776320
-0.0054378996
-0.0017412905
-0.0031916999
-0.0035204564
-0.0039255403
-0.0113158730
-0.0093048943
-0.0061050260
-0.0057713455
-0.0115134559
-0.0111567007
-0.0080167880
-0.0048806748
-0.0133467446
-0.0117177278
-0.0056236149
-0.0040839862
-0.0039420100
-0.0036018777
-0.0029068365
-0.0054170026
-0.0088759861
-0.0014683720
-0.0059336435
-0.0062571206
-0.0058734046
-0.0122129669
-0.0053011031
-0.0109005029
-0.0113637052
-0.0022879425
-0.0107488614
-0.0103094857
-0.0016758768
-0.0040925434
-0.0106040043
-0.0050612230
-0.0079149791
-0.0047226162
-0.0109633566
-0.0029326525
-0.0025400838
-0.0092755606
-0.0086596351
-0.0116699312
-0.0013262806
-0.0013920444
-0.0008848340
-0.0013033217
-0.0089179326
-0.0057262435
-0.0053807490
-0.0028177362
-0.0018382494
-0.0113124025
-0.0008952752
-0.0038560365
-0.0118779148
-0.0114724294
-0.0117897868
-0.0071986834
-0.0117100097
-0.0066568789
-0.0037559428
-0.0042006646
-0.0038745654
-0.0014702354
-0.0130320853
-0.0020728584
-0.0012709426
-0.0127497633
-0.0125875363
-0.0077350415
-0.0034599852
-0.0030712767
-0.0030383246
-0.0055509087
-0.0092373346
-0.0095443487
-0.0057705183
-0.0117322051
-0.0113565794
-0.0116507835
-0.0099750923
-0.0104273783
-0.0012600695
-0.0009089749
-0.0084087241
-0.0087201822
-0.0135143864
-0.0108272214
-0.0104028209
-0.0040926691
-0.0116066700
-0.0015562720
-0.0020780612
-0.0008798464
-0.0004329408
-0.0061450951
-0.0066125982
-0.0059046356
-0.0018206017
-0.0047472718
-0.0009073696
-0.0103882608
-0.0099221151
-0.0103921788
-0.0094861772
-0.0070183893
-0.0072320350
-0.0058788628
-0.0028127133
-0.0031869052
-0.0042857421
-0.0075429717
-0.0099969591
-0.0072066212
-0.0060508003
-0.0040309311
-0.0074494106
-0.0077760623
-0.0066349229
-0.0042290279
-0.0044532447
-0.0087339874
-0.0070394153
-0.0035016175
-0.0052843585
-0.0054271926
-0.0063316012
-0.0065602607
-0.0067905654
-0.0134495226
-0.0046203896
-0.0111676574
-0.0003474983
-0.0055599749
-0.0070636705
-0.0080264384
-0.0081829308
-0.0084296474
-0.0034857808
-0.0037820897
-0.0035216873
-0.0026313088
-0.0021867976
-0.0023203127
-0.0090764894
-0.0072747380
-0.0098294976
-0.0034552815
-0.0039055759
-0.0029715926
-0.0032965226
-0.0064241601
-0.0043649374
-0.0126297025
-0.0130238108
-0.0130127817
-0.0116237872
-0.0113966211
-0.0094554383
-0.0030450904
-0.0115228614
-0.0082118016
-0.0041459168
-0.0030033339
-0.0084009587
-0.0032270575
-0.0034241307
-0.0104536776
-0.0132623765
-0.0036142708
-0.0060566344
-0.0085207977
-0.0100997117
-0.0083207639
-0.0086508581
-0.0083145702
-0.0035849057
-0.0032019421
-0.0032483285
-0.0044971918
-0.0057923669
-0.0054800064
-0.0054406498
-0.0053850028
-0.0049971565
-0.0093224762
-0.0096630886
-0.0015375078
-0.0035792753
-0.0110265942
-0.0022510946
-0.0026416187
-0.0082763471
-0.0118413527
-0.0097475525
-0.0096965221
-0.0025598320
-0.0086244638
-0.0016941719
-0.0019416426
-0.0021467635
-0.0021186156
-0.0090586704
-0.0040493288
-0.0091789953
-0.0093812791
-0.0096658151
-0.0016300232
-0.0053744067
-0.0120003830
-0.0122619745
-0.0081016526
-0.0079331193
-0.0057134452
-0.0086837810
-0.0034695973
-0.0038325866
-0.0036173371
-0.0066248751
-0.0078021771
-0.0122852446
-0.0101801870
-0.0072390090
-0.0123092394
-0.0081118800
-0.0021912490
-0.0026804573
-0.0026638165
-0.0030339856
-0.0074896558
-0.0071535255
-0.0064718001
-0.0004586365
-0.0053197208
-0.0079220883
-0.0121704813
-0.0033697781
-0.0037738125
-0.0008689889
-0.0008660157
-0.0067783647
-0.0035718825
-0.0035602328
-0.0087828532
-0.0016304100
-0.0079901160
-0.0005619837
-0.0003575170
-0.0097401612
-0.0135832733
-0.0126888931
-0.0086802263
-0.0044771217
-0.0126547986
-0.0112818451
-0.0032642795
-0.0099777068
-0.0017204792
-0.0095177969
-0.0062790449
-0.0055520695
-0.0067039956
-0.0063326346
-0.0033325177
-0.0059295296
-0.0069037186
-0.0065217218
-0.0051656343
-0.0070929816
-0.0016717283
-0.0014224524
-0.0012313060
-0.0019099312
-0.0012976128
-0.0079061404
-0.0075201265
-0.0104757572
-0.0102611352
-0.0134708491
-0.0115981671
-0.0004201320
-0.0000097829
-0.0087734735
-0.0082827325
-0.0117326062
-0.0004264242
-0.0012845311
-0.0029801728
-0.0031606251
-0.0030045128
-0.0027301828
-0.0091239726
-0.0087993242
-0.0037164019
-0.0044672038
-0.0044704842
-0.0030462344
-0.0032924714
-0.0033906927
-0.0038467474
-0.0037805445
-0.0037685303
-0.0063747877
-0.0037776146
-0.0037191645
-0.0063666673
-0.0072498736
-0.0033259159
-0.0033444188
-0.0106865123
-0.0130060354
-0.0046334169
-0.0047487469
-0.0102355706
-0.0127416645
-0.0133022663
-0.0064040020
-0.0127829481
-0.0088576369
-0.0050340847
-0.0012651095
-0.0003949049
-0.0116996302
-0.0017608753
-0.0105792395
-0.0107618026
-0.0016620179
-0.0011481061
-0.0009574135
-0.0018232253
-0.0004594199
-0.0124502593
-0.0017448692
-0.0030435435
-0.0054118805
-0.0063114759
-0.0055812169
-0.0055253933
-0.0041260486
-0.0085653226
-0.0136113158
-0.0132202262
-0.0126560702
-0.0064365352
-0.0104055886
-0.0118116746
-0.0114443607
-0.0004781858
-0.0038930408
-0.0109787040
-0.0113062833
-0.0009133346
-0.0004218651
-0.0014168521
-0.0013440816
-0.0003538223
-0.0133481377
-0.0125511702
-0.0118848238
-0.0121475974
-0.0094970685
-0.0003864782
-0.0008441246
-0.0066496594
-0.0122606148
-0.0090681358
-0.0083088035
-0.0067669346
-0.0070400753
-0.0071151313
-0.0084923482
-0.0049007595
-0.0088590732
-0.0132161363
-0.0063983935
-0.0003725857
-0.0083419804
-0.0007795685
-0.0015005411
-0.0029513908
-0.0080319720
-0.0003758675
-0.0128844054
-0.0068889616
-0.0065244066
-0.0008119291
-0.0068444717
-0.0012772450
-0.0016274686
-0.0130724470
-0.0004200664
-0.0121351296
-0.0008650126
-0.0094445833
-0.0010333087
-0.0122630982
-0.0035034643
-0.0130889888
-0.0126521977
-0.0130104557
-0.0123618155
-0.0119225776
-0.0065476341
-0.0005838749
-0.0061764639
-0.0113123431
-0.0123338600
-0.0110588536
-0.0127688060
-0.0017584745
-0.0013494929
-0.0128850175
-0.0129307464
-0.0090865559
-0.0084557346
-0.0090058725
-0.0022368028
-0.0000174693
-0.0067979802
-0.0080968654
-0.0128814963
-0.0096590663
-0.0128004912
-0.0040982759
-0.0033599548
0.0000179700
-0.0091456786
-0.0117784107
-0.0121542475
-0.0063538610
-0.0066713509
-0.0085986735
-0.0044985795
-0.0016930377
-0.0023809361
-0.0015390402
-0.0008240695
-0.0119195434
-0.0131747197
-0.0122626350
-0.0011104994
-0.0056803189
-0.0075064515
-0.0007845482
-0.0048980496
-0.0033075891
-0.0090224387
-0.0014427652
-0.0038815658
-0.0116370958
-0.0121247534
-0.0127602268
-0.0093835102
0.0000064608
-0.0120367299
-0.0061132061
-0.0084792984
-0.0021694734
-0.0021146287
-0.0125541550
-0.0017384099
-0.0018801897
-0.0003876824
-0.0124288171
-0.0063515724
-0.0139597391
-0.0099086732
-0.0038773977
-0.0069293920
-0.0064671652
-0.0066200073
