0.0000000000
0.0000000000
0.0004872943
0.0000000000
0.0005165484
0.0005049126
0.0000000000
0.0004996476
0.0004946499
0.0000000000
0.0004943552
0.0000000000
0.0005173295
0.0000000000
0.0005122306
0.0005239644
0.0000000000
0.0005204541
0.0000000000
0.0004905842
0.0005258125
0.0000000000
0.0005185291
0.0000000000
0.0000000000
0.0005102117
0.0000000000
0.0005217814
0.0005231466
0.0000000000
0.0005307483
0.0000000000
0.0005184769
0.0005337909
0.0000000000
0.0004997175
0.0000000000
0.0005222932
0.0005326948
0.0000000000
0.0000000000
0.0005601427
0.0005065010
0.0000000000
0.0005042589
0.0000000000
0.0004398594
0.0004963702
0.0000000000
0.0005171036
0.0004926996
0.0000000000
0.0004892169
0.0004977622
0.0000000000
0.0004775807
0.0005083614
0.0000000000
0.0005242680
0.0000000000
0.0005020893
0.0000000000
0.0005218019
0.0000000000
0.0005449017
0.0000000000
0.0005230555
0.0000000000
0.0005109991
0.0000000000
0.0005204706
0.0005113933
0.0000000000
0.0005181211
0.0004933754
0.0000000000
0.0004970988
0.0005007984
0.0000000000
0.0000000000
0.0005042389
0.0004887553
0.0000000000
0.0004922621
0.0000000000
0.0000000000
0.0004777375
0.0000000000
0.0005096369
0.0005060708
0.0000000000
0.0004847660
0.0004893212
0.0000000000
0.0004786903
0.0000000000
0.0004713684
0.0000000000
0.0004821259
0.0000000000
0.0004949348
0.0000000000
0.0004737444
0.0000000000
0.0004487036
0.0004892316
0.0000000000
0.0005068508
0.0004938188
0.0005045118
0.0000000000
0.0004798985
0.0000000000
0.0004939824
0.0005055967
0.0000000000
0.0004995326
0.0005178212
0.0000000000
0.0005497069
0.0005222215
0.0000000000
0.0005144381
0.0000000000
0.0005112446
0.0005013070
0.0000000000
0.0000000000
0.0005428112
0.0000000000
0.0005279139
0.0005000477
0.0000000000
0.0004359996
0.0004895262
0.0000000000
0.0000000000
0.0005139774
0.0000000000
0.0004933942
0.0004481281
0.0000000000
0.0005180187
0.0005329684
0.0000000000
0.0005336355
0.0005346521
0.0147459207
0.0150356950
0.0151377538
0.0148054970
0.0149790661
0.0148302900
0.0149647413
0.0148390108
0.0147836001
0.0147485536
0.0152128348
0.0151220586
0.0151529949
0.0146698589
0.0146324381
0.0148845058
0.0146357820
0.0150813995
0.0149820178
0.0148222711
0.0151570089
0.0151688127
0.0147565242
0.0151463045
0.0146971652
0.0150481782
0.0147997653
0.0150990636
0.0151001639
0.0150000866
0.0149754871
0.0149889107
0.0149838707
0.0148409114
0.0148171576
0.0146888261
0.0149056903
0.0147934477
0.0146694080
0.0149568858
0.0144693102
0.0148639300
0.0149930681
0.0141640937
0.0140719137
0.0145500826
0.0140049161
0.0145684496
0.0148118160
0.0143012526
0.0148240421
0.0142856095
0.0142715316
0.0147506796
0.0142774763
0.0142904735
0.0147585636
0.0142908564
0.0147963910
0.0142662598
0.0142759854
0.0147822485
0.0142842130
0.0143829629
0.0148396975
0.0143953438
0.0149494200
0.0150163155
0.0144964015
0.0150473080
0.0145403674
0.0150834893
0.0150583680
0.0145222063
0.0148720308
0.0149785726
0.0145436412
0.0149833207
0.0147419368
0.0147150218
0.0150288208
0.0149923005
0.0147570473
0.0150328087
0.0147013187
0.0149285522
0.0145601335
0.0149316638
0.0146752809
0.0147047028
0.0149034294
0.0146125451
0.0147953943
0.0144455251
0.0144315780
0.0147182580
0.0144635343
0.0147862580
0.0147470413
0.0146133197
0.0149929224
0.0150250475
0.0149420460
0.0148415119
0.0151314989
0.0151166947
0.0148158079
0.0151410671
0.0146194422
0.0149660515
0.0143573502
0.0148935370
0.0148817990
0.0144432082
0.0149204034
0.0149844932
0.0143601246
0.0141248884
0.0140832236
0.0144958252
0.0141893268
0.0146678115
0.0146430209
0.0141796572
0.0141651104
0.0146733284
0.0143855783
0.0144405832
0.0149133366
0.0145154317
0.0149735335
0.0150763296
0.0146850336
0.0151248762
0.0151467364
0.0147396678
0.0147973884
0.0149933486
0.0147433877
0.0150223618
0.0150617594
0.0147453941
0.0149907077
0.0147060696
0.0150357650
0.0020902657
0.0017901234
0.0016240643
0.0102327035
0.0100115466
0.0104797966
0.0043137812
0.0048077466
0.0043262909
0.0033194120
0.0029264941
0.0029342896
0.0036309733
0.0035324017
0.0040488675
0.0106175047
0.0101301836
0.0102345855
0.0014279931
0.0011848367
0.0016424167
0.0101453919
0.0101813321
0.0096879174
0.0004175477
0.0000000000
0.0000000000
0.0000000000
0.0000000000
0.0000000000
0.0000000000
0.0000000000
0.0000000000
0.0000000000
0.0000000000
0.0000000000
0.0000000000
0.0000000000
0.0000000000
0.0000000000
0.0000000000
0.0000000000
0.0004846957
0.0003969189
0.0000000000
0.0004153558
0.0000000000
0.0000000000
0.0003592484
0.0000000000
0.0000000000
0.0000000000
0.0000000000
0.0004940765
0.0000000000
0.0000000000
0.0004977799
0.0000000000
0.0000000000
0.0000000000
0.0004969203
0.0000000000
0.0004192515
0.0000000000
0.0004239366
0.0000000000
0.0000000000
0.0000000000
0.0004933880
0.0000000000
0.0000000000
0.0000000000
0.0000000000
0.0000000000
0.0000000000
0.0000000000
0.0000000000
0.0000000000
0.0000000000
0.0005274873
0.0000000000
0.0000000000
0.0000000000
0.0000000000
0.0000000000
0.0000000000
0.0000000000
0.0000000000
0.0000000000
0.0004768057
0.0000000000
0.0000000000
0.0004117056
0.0000000000
0.0000000000
0.0002710107
0.0004937293
0.0000000000
0.0000000000
0.0004938321
0.0000000000
0.0000000000
0.0000000000
0.0000000000
0.0004296757
0.0000000000
0.0000000000
0.0004655109
0.0000000000
0.0000000000
0.0003169117
0.0000000000
0.0000000000
0.0000000000
0.0000000000
0.0005134016
0.0000000000
0.0000000000
0.0000000000
0.0000000000
0.0004489268
0.0000000000
0.0000000000
0.0000000000
0.0004657611
0.0000000000
0.0004089408
0.0004324072
0.0000000000
0.0000000000
0.0000000000
0.0004829172
0.0000000000
0.0005095433
0.0000000000
0.0000000000
0.0000000000
0.0000000000
0.0000000000
0.0000000000
0.0000000000
0.0000000000
0.0000000000
0.0000000000
0.0000000000
0.0000000000
0.0000000000
0.0000000000
0.0000000000
0.0000000000
0.0000000000
0.0000000000
0.0004895674
0.0000000000
0.0000000000
0.0004531209
0.0000000000
0.0004165472
0.0000000000
0.0004850138
0.0000000000
0.0000000000
0.0000000000
0.0000000000
0.0000000000
0.0005006122
0.0000000000
0.0005061764
0.0000000000
0.0000000000
0.0000000000
0.0000000000
0.0000000000
0.0000000000
0.0000000000
0.0000000000
0.0000000000
0.0000000000
0.0000000000
0.0000000000
0.0000000000
0.0000000000
0.0000000000
0.0000000000
0.0000000000
0.0000000000
0.0000000000
0.0000000000
0.0004911932
0.0000000000
0.0000000000
0.0000000000
0.0000000000
0.0000000000
0.0000000000
0.0005035208
0.0000000000
0.0000000000
0.0004596782
0.0000000000
0.0000000000
0.0000000000
0.0005314078
0.0000000000
0.0000000000
0.0005267189
0.0000000000
0.0005029093
0.0000000000
0.0000000000
0.0004758671
0.0000000000
0.0000000000
0.0000000000
0.0004898667
0.0000000000
0.0003850498
0.0000000000
0.0005107153
0.0000000000
0.0000000000
0.0000000000
0.0000000000
0.0000000000
0.0005044181
0.0000000000
0.0000000000
0.0004849603
0.0005138930
0.0000000000
0.0000000000
0.0004551113
0.0002780546
0.0000000000
0.0000000000
0.0000000000
0.0000000000
0.0003390163
0.0003709588
0.0000000000
0.0000000000
0.0003627632
0.0003913447
0.0004193113
0.0000000000
0.0004788575
0.0000000000
0.0004302060
0.0002937912
0.0004166252
0.0004888765
0.0000000000
0.0004709522
0.0000000000
0.0004686941
0.0000000000
0.0005446205
0.0000000000
0.0005036752
0.0000000000
0.0004980023
0.0004993777
0.0000000000
0.0000000000
0.0000000000
0.0004761693
0.0000000000
0.0004308090
0.0000000000
0.0003919435
0.0000000000
0.0004009898
0.0000000000
0.0000000000
0.0004934613
0.0000000000
0.0005252273
0.0000000000
0.0000000000
0.0000000000
0.0000000000
0.0000000000
0.0000000000
0.0005029476
0.0000000000
0.0000000000
0.0005079595
0.0000000000
0.0000000000
0.0005002285
0.0000000000
0.0000000000
0.0000000000
0.0000000000
0.0000000000
0.0003703310
0.0000000000
0.0003543004
0.0000000000
0.0005023243
0.0000000000
0.0000000000
0.0005119782
0.0000000000
0.0000000000
0.0000000000
0.0005022477
0.0000000000
0.0000000000
0.0005169714
0.0000000000
0.0000000000
0.0005215103
0.0000000000
0.0000000000
0.0000000000
0.0000000000
0.0000000000
0.0000000000
0.0000000000
0.0000000000
0.0000000000
0.0005093570
0.0000000000
0.0000000000
0.0005274156
0.0000000000
0.0005151101
0.0005197561
0.0000000000
0.0000000000
0.0000000000
0.0000000000
0.0000000000
0.0000000000
0.0004892022
0.0000000000
0.0003587606
0.0000000000
0.0003483803
0.0000000000
0.0000000000
0.0004337829
0.0000000000
0.0004995017
0.0000000000
0.0000000000
0.0000000000
0.0000000000
0.0000000000
0.0005155779
0.0000000000
0.0000000000
0.0000000000
0.0000000000
0.0004618758
0.0000000000
0.0000000000
0.0146283699
0.0146204604
0.0150980555
0.0145552779
0.0146953239
0.0151744804
0.0146451467
0.0147746937
0.0152311307
0.0147835785
0.0146747883
0.0146111417
0.0145219094
0.0144382428
0.0144138632
0.0149260067
0.0148564081
0.0149887691
0.0144445881
0.0148073587
0.0150940924
0.0145274731
0.0145852002
0.0151005437
0.0146045379
0.0151710434
0.0150376366
0.0147300825
0.0151075948
0.0150224375
0.0152819621
0.0147591627
0.0151047431
0.0147461702
0.0151643428
0.0146583025
0.0146642639
0.0146561708
0.0149276604
0.0148614896
0.0149201276
0.0145937470
0.0148737982
0.0145009923
0.0145445046
0.0148646035
0.0145119145
0.0143899043
0.0144547445
0.0149114277
0.0146120053
0.0145061589
0.0145304038
0.0147192914
0.0150773949
0.0147733483
0.0147861315
0.0151448651
0.0146688040
0.0152141099
0.0146635684
0.0148402349
0.0151627454
0.0148237660
0.0151266278
0.0146463753
0.0146309464
0.0147338645
0.0145997195
0.0146444050
0.0144544073
0.0150060912
0.0151078315
0.0150743326
0.0146470638
0.0145255817
0.0148167359
0.0148272962
0.0150440638
0.0146119836
0.0145460845
0.0145347367
0.0150330803
0.0147678942
0.0144858242
0.0147786030
0.0145804008
0.0145537013
0.0146453437
0.0150586469
0.0149267724
0.0145828501
0.0150513296
0.0150137877
0.0145904797
0.0149059713
0.0150176482
0.0148806209
0.0145081488
0.0145179585
0.0145098779
0.0150083365
0.0149590266
0.0150271361
0.0144769850
0.0149859792
0.0144894120
0.0148975220
0.0149591794
0.0144628635
0.0147753956
0.0147962522
0.0149340700
0.0143280653
0.0142778327
0.0150152982
0.0143040627
0.0149261412
0.0143247641
0.0148989040
0.0143501902
0.0143656374
0.0147829880
0.0149513475
0.0148720046
0.0149226058
0.0149557585
0.0143515145
0.0144075812
0.0149050663
0.0149481856
0.0149060585
0.0142655329
0.0143403958
0.0146863363
0.0143890134
0.0146424745
0.0145952735
0.0149724709
0.0143937979
0.0147821379
0.0148286061
0.0148140380
0.0143139913
0.0147980000
0.0149466096
0.0142641724
0.0147026429
0.0149303457
0.0149043123
0.0145433283
0.0140737866
0.0141362888
0.0145502826
0.0141885434
0.0145410210
0.0141956601
0.0145121296
0.0142735428
0.0149094920
0.0149002869
0.0148232137
0.0149327785
0.0143062435
0.0143342901
0.0148465955
0.0143575985
0.0150069654
0.0147720380
0.0150870338
0.0151821174
0.0147454667
0.0152028590
0.0142665925
0.0148242486
0.0151879333
0.0143298405
0.0148339201
0.0151851316
0.0151213912
0.0151177656
0.0147724123
0.0152159854
0.0152524613
0.0148074016
0.0152234510
0.0152132675
0.0151217151
0.0149275945
0.0144448621
0.0150675789
0.0149744501
0.0145078190
0.0149795066
0.0145274433
0.0148807386
0.0150894961
0.0146285822
0.0148323838
0.0151795914
0.0146517217
0.0148215779
0.0149702939
0.0151149041
0.0150899894
0.0145233481
0.0147444858
0.0147634487
0.0145121472
0.0146883956
0.0149025787
0.0145824064
0.0145892295
0.0144905990
0.0149877309
0.0144564978
0.0149913129
0.0145239362
0.0144991753
0.0148279172
0.0142764168
0.0143723556
0.0141573618
0.0146668668
0.0141930411
0.0148798645
0.0141823588
0.0148531455
0.0141521761
0.0141033879
0.0148407507
0.0141095213
0.0146214061
0.0145559749
0.0148795676
0.0140477526
0.0140312893
0.0144149843
0.0148433127
0.0145316621
0.0145050121
0.0147892526
0.0147877252
0.0140186381
0.0139801194
0.0147875232
0.0144618447
0.0139870799
0.0139295435
0.0144789246
0.0148412697
0.0139391170
0.0139089053
0.0140129197
0.0146545326
0.0145487816
0.0146998439
0.0140951625
0.0142426696
0.0148190247
0.0147846813
0.0148534520
0.0142514634
0.0148579336
0.0150200619
0.0144341516
0.0145676539
0.0149080327
0.0147043069
0.0146736546
0.0145765504
0.0147766988
0.0145375812
0.0144477954
0.0144358210
0.0148879518
0.0145392676
0.0146786294
0.0144753405
0.0148492249
0.0148795803
0.0148988803
0.0148700098
0.0148629851
0.0143409803
0.0143393029
0.0148586734
0.0146281597
0.0148755357
0.0146793075
0.0146049292
0.0141217076
0.0141475339
0.0146771506
0.0145184902
0.0145419808
0.0145610070
0.0147253145
0.0142133436
0.0145405662
0.0147107136
0.0142590776
0.0146257320
0.0146149686
0.0147208315
0.0145231618
0.0150630312
0.0145882574
0.0148030150
0.0151017148
0.0148338812
0.0151420019
0.0147901645
0.0146568478
0.0145905810
0.0146220665
0.0149922098
0.0144584307
0.0145905265
0.0146059194
0.0150243785
0.0145267201
0.0145347278
0.0144680848
0.0144759702
0.0086425432
0.0090111903
0.0091380499
0.0050504112
0.0050683610
0.0045834385
0.0091756863
0.0091168149
0.0087001143
0.0117372490
0.0111975170
0.0114665720
0.0067688178
0.0071884949
0.0066703170
0.0110482126
0.0105289214
0.0109557104
0.0053896063
0.0051555657
0.0048759721
0.0087917755
0.0088014189
0.0083515233
0.0078861325
0.0077722857
0.0074954359
0.0078444280
0.0082258849
0.0083708802
0.0102870804
0.0105605507
0.0101822680
0.0094279835
0.0089978343
0.0089611457
0.0079588675
0.0074891024
0.0076484736
0.0104520587
0.0099758133
0.0100465125
0.0100315531
0.0100072778
0.0104659943
0.0052352444
0.0051975611
0.0048183061
0.0088571612
0.0089761009
0.0085094287
0.0068287487
0.0072766795
0.0073100078
0.0086615107
0.0082426064
0.0081214902
0.0116141688
0.0113483076
0.0111253373
0.0072095747
0.0068891122
0.0066583194
0.0070275028
0.0069767005
0.0065717578
0.0081199902
0.0085514964
0.0085812461
0.0115142925
0.0110495286
0.0112501837
0.0055009338
0.0056645848
0.0052085770
0.0034601889
0.0037039430
0.0032863978
0.0045246003
0.0050152361
0.0049972799
0.0074736927
0.0078147475
0.0079868896
0.0080684293
0.0081414914
0.0084948676
0.0095309606
0.0094945920
0.0100121249
0.0043666677
0.0044364953
0.0040023438
0.0037254398
0.0032023031
0.0036091660
0.0052412446
0.0055446021
0.0057705160
0.0103787792
0.0108064204
0.0103898888
0.0109784044
0.0114735460
0.0113968034
0.0026951272
0.0031465083
0.0031805607
0.0053859790
0.0052767971
0.0057805065
0.0059935647
0.0061681175
0.0056901684
0.0056080051
0.0020058182
0.0016363670
0.0015091094
0.0073163033
0.0068671591
0.0069202475
0.0008945438
0.0008799096
0.0012610977
0.0078968648
0.0075014652
0.0078717674
0.0045810852
0.0041792555
0.0041121038
0.0044364114
0.0039771352
0.0042521052
0.0060650752
0.0059810390
0.0056500412
0.0060441246
0.0059408300
0.0055550398
0.0095310551
0.0099067076
0.0099964163
0.0102596698
0.0102134193
0.0097958369
0.0054765993
0.0049376167
0.0034807551
0.0040413587
0.0038858891
0.0043877770
0.0039282930
0.0040252831
0.0112407401
0.0116984316
0.0117305973
0.0094120415
0.0095442876
0.0090288979
0.0063094533
0.0058520090
0.0058820923
0.0045811544
0.0046388163
0.0041922238
0.0031261965
0.0029825670
0.0034620822
0.0058197053
0.0057054845
0.0053769866
0.0045025739
0.0050034059
0.0050072820
0.0039455313
0.0036907702
0.0040817176
0.0087900186
0.0082742980
0.0082857037
0.0052174690
0.0054530512
0.0056852962
0.0058684960
0.0045543657
0.0040274602
0.0040556846
0.0049780872
0.0054357154
0.0053989050
0.0087576368
0.0087391565
0.0092553637
0.0078056646
0.0074271085
0.0078759007
0.0092823974
0.0087209346
0.0088213432
0.0053060132
0.0050182718
0.0060163248
0.0055553140
0.0054809387
0.0093908515
0.0093726450
0.0090230768
0.0056066402
0.0050685269
0.0050954010
0.0081075286
0.0077506794
0.0076084724
0.0106004143
0.0109907743
0.0105233059
0.0000000000
0.0000000000
0.0000000000
0.0004655048
0.0147559305
0.0145365394
0.0144883849
0.0143886675
0.0142300870
0.0147045212
0.0147747616
0.0142829465
0.0148233062
0.0144152554
0.0145792621
0.0092714479
0.0090752386
0.0088279455
0.0048355564
0.0043206275
0.0045341508
0.0013289012
0.0009161554
0.0013742665
0.0133840772
0.0132118417
0.0129227435
0.0035184541
0.0037137556
0.0039734743
0.0129715146
0.0128184448
0.0133575333
0.0086480459
0.0082641054
0.0022959428
0.0023464723
0.0017943054
0.0059069393
0.0058620871
0.0062805855
0.0135031798
0.0131131811
0.0131711711
0.0042841026
0.0038421926
0.0038024413
0.0096598503
0.0097171295
0.0100508856
0.0092217345
0.0087519574
0.0090188729
0.0062400748
0.0062065298
0.0066849203
0.0038104109
0.0036367534
0.0023855901
0.0028474874
0.0029193296
0.0108963978
0.0110356356
0.0113659430
0.0054203725
0.0054765023
0.0057990707
0.0037107326
0.0033712100
0.0032354171
0.0064205337
0.0069848104
0.0067763791
0.0019939591
0.0014617616
0.0014173916
0.0106274066
0.0122492848
0.0118648093
0.0118425893
0.0131080421
0.0126569500
0.0131315434
0.0108885723
0.0109850539
0.0114216572
0.0065631169
0.0061611350
0.0090442637
0.0092348587
0.0095463659
0.0127945994
0.0043991692
0.0045355463
0.0058030181
0.0056593955
0.0052285218
0.0025828097
0.0030395547
0.0030690651
0.0033295863
0.0029296608
0.0028413216
0.0120429002
0.0115777363
0.0118169482
0.0089743466
0.0086202354
0.0085991480
0.0009264397
0.0004899091
0.0009277858
0.0057272976
0.0052035432
0.0053062175
0.0027364829
0.0032211168
0.0029770097
0.0106289863
0.0101825061
0.0101471704
0.0120744921
0.0116288821
0.0115911932
0.0096335649
0.0097431742
0.0100800971
0.0027143294
0.0028469040
0.0024236289
0.0136362270
0.0141389668
0.0141218710
0.0060436161
0.0062177114
0.0056851856
0.0100084326
0.0096645191
0.0022235698
0.0026478590
0.0022970938
0.0134152730
0.0138383643
0.0068858250
0.0065780086
0.0064233561
0.0090034152
0.0089237866
0.0084575935
0.0125817108
0.0129819415
0.0125340909
0.0052509449
0.0057829828
0.0057188862
0.0018765754
0.0018361103
0.0023497524
0.0035597472
0.0033792787
0.0030290393
0.0102014038
0.0106755582
0.0105737136
0.0044024248
0.0042048236
0.0038969617
0.0110118671
0.0013250089
0.0016557926
0.0017906005
0.0101646291
0.0101842922
0.0106104611
0.0117949440
0.0112650908
0.0113768959
0.0054728781
0.0054618661
0.0059209910
0.0028338809
0.0032583571
0.0032461652
0.0073262897
0.0070306225
0.0068515905
0.0066952630
0.0064590392
0.0062416470
0.0012725638
0.0018256350
0.0015363589
0.0014027518
0.0084820078
0.0087647274
0.0082880172
0.0058862051
0.0053644278
0.0054814618
0.0031675902
0.0036783560
0.0034859537
0.0094077801
0.0091258032
0.0090230025
0.0013074998
0.0012843695
0.0009329842
0.0134129464
0.0129963240
0.0131433799
0.0081100429
0.0080999958
0.0076495044
0.0082233935
0.0077701691
0.0077014856
0.0127275581
0.0126755943
0.0131528475
0.0052176322
0.0053946532
0.0050398520
0.0124745753
0.0124326623
0.0128658566
0.0065154633
0.0069826549
0.0068015249
0.0019193148
0.0022873547
0.0019658903
0.0009316643
0.0013813698
0.0014023939
0.0024541314
0.0022139180
0.0025942126
0.0125450185
0.0130585427
0.0129330040
0.0019202514
0.0014976353
0.0015466739
0.0019596432
0.0023043290
0.0024571655
0.0014503216
0.0012582566
0.0018187511
0.0046363974
0.0047457984
0.0043322738
0.0014358029
0.0018528467
0.0021627652
0.0093073008
0.0098393932
0.0097980500
0.0112031075
0.0109884704
0.0107278351
0.0034222360
0.0029065312
0.0120663571
0.0115932360
0.0116097411
0.0042644887
0.0045984590
0.0047788995
0.0131708092
0.0126437641
0.0126730868
0.0106589769
0.0111317337
0.0106959223
0.0117743841
0.0117177296
0.0122476578
0.0106892940
0.0108333156
0.0111282586
0.0108494825
0.0113199973
0.0101218489
0.0097742950
0.0096195674
0.0000000000
0.0000000000
0.0004794521
0.0000000000
0.0000000000
0.0149444622
0.0147847347
0.0092352838
0.0096113102
0.0097492850
0.0040680113
0.0118414240
0.0117568815
0.0121812810
0.0101319206
0.0097284084
0.0096765356
0.0061143622
0.0063370251
0.0066253126
0.0063656330
0.0064568488
0.0068267096
0.0064643500
0.0062487732
0.0067421069
0.0067394686
0.0064868079
0.0033717096
0.0038259904
0.0037620405
0.0118794728
0.0123753762
0.0122024347
0.0026977670
0.0026186553
0.0031139166
0.0025842817
0.0024351862
0.0021505585
0.0101208583
0.0101200729
0.0096285735
0.0029546029
0.0028097161
0.0068733884
0.0067665597
0.0072525317
0.0089097466
0.0098527423
0.0094730829
0.0105887874
0.0111269262
0.0108970979
0.0107368305
0.0110896078
0.0137247861
0.0137553635
0.0141885460
0.0056482038
0.0052825969
0.0058299533
0.0046704710
0.0043609782
0.0043123230
0.0000000000
0.0000000000
0.0000000000
0.0004755211
0.0000000000
0.0000000000
0.0000000000
0.0145980853
0.0146968762
0.0145870593
0.0146411650
0.0149880326
0.0149415624
0.0146430402
0.0149551976
0.0149389486
0.0147698087
0.0149511144
0.0146510913
0.0139802541
0.0146466435
0.0144623585
0.0045566131
0.0045117006
0.0049755838
0.0038730698
0.0044577085
0.0040645988
0.0134282078
0.0138556741
0.0139391430
0.0099114540
0.0094479520
0.0095775683
0.0111455427
0.0110081359
0.0106781531
0.0087537317
0.0090800342
0.0027735878
0.0030264986
0.0032829558
0.0050772586
0.0054153211
0.0055650994
0.0064652460
0.0069209465
0.0066324194
0.0040848744
0.0035855843
0.0036389338
0.0046848058
0.0051409188
0.0052410542
0.0104113956
0.0108637374
0.0106269886
0.0061711365
0.0056312028
0.0058847050
0.0061600980
0.0065837737
0.0043160009
0.0047687263
0.0048022173
0.0086275735
0.0086033447
0.0098203030
0.0101606984
0.0103010127
0.0038050746
0.0106067607
0.0110767326
0.0027380291
0.0022560542
0.0025479908
0.0052553831
0.0026238813
0.0031284556
0.0030153628
0.0094910171
0.0098672571
0.0094459901
0.0070812633
0.0074370536
0.0074652290
0.0035896901
0.0038489234
0.0041450196
0.0112620351
0.0109906472
0.0115805654
0.0056949924
0.0052829775
0.0057977372
0.0036412019
0.0033882006
0.0038612303
0.0072463548
0.0069054705
0.0111367719
0.0106343186
0.0102470755
0.0070161486
0.0048526742
0.0064491030
0.0059224349
0.0067717131
0.0072075434
0.0084900460
0.0088698569
0.0090912099
0.0076436121
0.0072291417
0.0072037024
0.0031096210
0.0034034174
0.0035309193
0.0043612605
0.0048083846
0.0109749225
0.0107864519
0.0105840864
0.0093191437
0.0095475192
0.0040584689
0.0039227093
0.0110801153
0.0106772735
0.0105902848
0.0030887544
0.0028267577
0.0033294089
0.0032142410
0.0098040812
0.0097551736
0.0094764554
0.0105296145
0.0092154110
0.0092619099
0.0087661396
0.0082100503
0.0084397055
0.0079170056
0.0035064739
0.0134134896
0.0138359018
0.0135548418
0.0126010764
0.0121541755
0.0124504604
0.0116630237
0.0116621725
0.0121182156
0.0064916762
0.0064393204
0.0069264236
0.0069985572
0.0066614450
0.0058251341
0.0054588645
0.0053661452
0.0046381013
0.0045178586
0.0049937588
0.0103255641
0.0098081364
0.0103241563
0.0080672427
0.0105717316
0.0062191890
0.0063072631
0.0058587056
0.0088557326
0.0093631017
0.0094063518
0.0073403333
0.0075983290
0.0078846212
0.0050376852
0.0055220744
0.0050248269
0.0108575125
0.0098993508
0.0098746103
0.0103169843
0.0032365220
0.0079384874
0.0083251307
0.0062548823
0.0060112523
0.0057653407
0.0041620271
0.0045934014
0.0041001729
0.0045765297
0.0042522621
0.0045274048
0.0034899140
0.0031021882
0.0033763199
0.0035582130
0.0038363840
0.0089604384
0.0094783249
0.0093301970
0.0055361645
0.0050646826
0.0096147093
0.0098007934
0.0100348557
0.0131870510
0.0127039584
0.0127540324
0.0070143387
0.0066280716
0.0064554384
0.0109923988
0.0103282901
0.0108737083
0.0094564491
0.0100028042
0.0052516073
0.0050873544
0.0102143481
0.0106260539
0.0104595032
0.0102223656
0.0071231793
0.0067244079
0.0118627399
0.0121825546
0.0116421105
0.0105137836
0.0108008140
0.0069044569
0.0064500126
0.0069996403
0.0110628557
0.0107387283
0.0106159535
0.0041657504
0.0047377018
0.0046544320
0.0099391503
0.0057118751
0.0052563538
0.0041571031
0.0043734096
0.0046139112
0.0060760283
0.0057032089
0.0056371170
0.0070179461
0.0074976016
0.0070374646
0.0117451769
0.0117092679
0.0113546506
0.0039044162
0.0035471446
0.0036734043
0.0045759152
0.0050424216
0.0051055901
0.0028014846
0.0032204198
0.0027627666
0.0052624553
0.0010212226
0.0008241489
0.0005985781
0.0044161806
0.0042004333
0.0039249499
0.0038454522
0.0025065784
0.0023189167
0.0020417784
0.0101378203
0.0106249579
0.0105237890
0.0072424105
0.0072619713
0.0077042975
0.0055973376
0.0051475940
0.0022616335
0.0022380346
0.0013440202
0.0063528329
0.0068802347
0.0074358549
0.0070818897
0.0129100639
0.0126480557
0.0106145006
0.0100841720
0.0102087313
0.0092923188
0.0088174498
0.0089011201
0.0049167829
0.0054453616
0.0054418418
0.0050408262
0.0030129530
0.0032232364
0.0035747588
0.0079004576
0.0079776509
0.0068338376
0.0071265581
0.0072582156
0.0114428417
0.0116155233
0.0118028958
0.0063175279
0.0061198397
0.0058976711
0.0068457630
0.0063279054
0.0065146745
0.0120808281
0.0124125857
0.0125394618
0.0076311586
0.0072123461
0.0071774411
0.0059538255
0.0056382149
0.0061106911
0.0079737822
0.0079937555
0.0075761470
0.0061698067
0.0058797157
0.0059867054
0.0064458980
0.0068845756
0.0068078773
0.0066659355
0.0056086119
0.0059189009
0.0072814126
0.0075690793
0.0071455286
0.0009269172
0.0008953647
0.0014039949
0.0094579276
0.0099401275
0.0105596966
0.0110071922
0.0107276531
0.0065116525
0.0059991275
0.0068659855
0.0063303290
0.0065704386
0.0118822355
0.0113758992
0.0069158975
0.0064550873
0.0043181100
0.0048424419
0.0045313549
0.0088311991
0.0084105399
0.0083706190
0.0014032580
0.0014273186
0.0019330847
0.0069332454
0.0070347795
0.0065061524
0.0067348152
0.0057890998
0.0060499162
0.0056928136
0.0032386563
0.0028877676
0.0027047819
0.0102376473
0.0100877669
0.0097968757
0.0140039044
0.0134865342
0.0135310394
0.0060750846
0.0055650334
0.0059242802
0.0069712614
0.0074471926
0.0069814095
0.0098211870
0.0099142973
0.0094697292
0.0094488711
0.0089110535
0.0103982547
0.0103199154
0.0126304143
0.0121522918
0.0122280299
0.0100960433
0.0096613736
0.0101961687
0.0073281819
0.0068592478
0.0068428040
0.0054588687
0.0058360280
0.0059614907
0.0069000173
0.0069998989
0.0074241622
0.0036251650
0.0032039181
0.0049906255
0.0045395410
0.0122782480
0.0126362832
0.0121820943
0.0094542919
0.0099109725
0.0103111661
0.0035884257
0.0049274709
0.0052147152
0.0064712872
0.0060328172
0.0063499700
0.0061225877
0.0065332879
0.0108066772
0.0104009999
0.0109173656
0.0030603126
0.0036247359
0.0056239873
0.0047953408
0.0046956082
0.0043489724
0.0062487084
0.0057826351
0.0058520846
0.0047372571
0.0042090632
0.0045865806
0.0045868233
0.0048685624
0.0050251933
0.0052633572
0.0058270143
0.0056686830
0.0053859422
0.0050748940
0.0057909647
0.0054344756
0.0093511379
0.0092633515
0.0088556965
0.0062228301
0.0066956226
0.0066331472
0.0050211267
0.0068846796
0.0070551703
0.0073678399
0.0044280012
0.0047289991
0.0042859258
0.0076193912
0.0067863496
0.0067673773
0.0072034349
0.0080330071
0.0074655814
0.0096825440
0.0092069223
0.0141899410
0.0141987759
0.0060029852
0.0056432131
0.0060941557
0.0063418052
0.0079241085
0.0084168235
0.0081636746
0.0049104897
0.0045011206
0.0044188343
0.0050172673
0.0069101455
0.0065350734
0.0064081491
0.0065427056
0.0119237564
0.0123759966
0.0122731388
0.0099577508
0.0097852903
0.0095530674
0.0044468002
0.0045503473
0.0049683047
0.0004213263
0.0004670997
0.0107343333
0.0109923260
0.0106160249
0.0117599237
0.0115158733
0.0112508027
0.0055406882
0.0041229961
0.0092739961
0.0086789279
0.0088893835
0.0060184367
0.0064694152
0.0064799415
0.0016392416
0.0021184640
0.0079640528
0.0074923658
0.0074992269
0.0060155438
0.0063916164
0.0071603218
0.0073114166
0.0069018093
0.0051562287
0.0048166737
0.0064738558
0.0059893799
0.0061626343
0.0141465439
0.0139078595
0.0047542303
0.0052219180
0.0062856291
0.0068208454
0.0066071219
0.0056541362
0.0093276933
0.0090013451
0.0059462856
0.0062391323
0.0062583227
0.0066899810
0.0070813152
0.0072395424
0.0062543511
0.0065511173
0.0066874245
0.0057186279
0.0039741505
0.0035504681
0.0045357208
0.0043249494
0.0047541666
0.0065847257
0.0052730769
0.0061863855
0.0057977459
0.0057031450
0.0109437404
0.0110148323
0.0114181463
0.0026740552
0.0025722496
0.0022319266
0.0089024014
0.0090482001
0.0085731264
0.0115680444
0.0120466394
0.0119454504
0.0118944030
0.0119662038
0.0124264113
0.0099759755
0.0101982997
0.0104699599
0.0137153979
0.0135573227
0.0132077984
0.0079836281
0.0085284442
0.0084416226
0.0105367052
0.0109044185
0.0104712099
0.0132010194
0.0137396341
0.0066348843
0.0070891445
0.0071928551
0.0080898822
0.0089066327
0.0084152969
0.0078759566
0.0081858811
0.0076916660
0.0034592687
0.0032374093
0.0030348144
0.0095661192
0.0092345290
0.0090997913
0.0080837143
0.0081242708
0.0077581704
0.0026582872
0.0028113582
0.0031501101
0.0136499776
0.0018183731
0.0075930454
0.0078429443
0.0079719558
0.0127732311
0.0133259050
0.0133215474
0.0095959588
0.0095537876
0.0124463707
0.0122068306
0.0119711709
0.0082723367
0.0113401610
0.0115781701
0.0117511292
0.0129222886
0.0133861659
0.0129454585
0.0109453128
0.0114859523
0.0110743563
0.0092214170
0.0097332352
0.0094197920
0.0115650595
0.0120544854
0.0033343234
0.0127130715
0.0031225990
0.0030394229
0.0027021155
0.0134058153
0.0129604674
0.0052363131
0.0057363608
0.0105286021
0.0101127081
0.0073549769
0.0115241289
0.0058048820
0.0054330430
0.0054082856
0.0055866907
0.0051489087
0.0051218016
0.0128278078
0.0123964567
0.0128739130
0.0123329917
0.0118917399
0.0122258790
0.0034353430
0.0057138449
0.0057284277
0.0060488839
0.0061009258
0.0111903929
0.0110487598
0.0107778764
0.0129856926
0.0125166438
0.0128532834
0.0130430461
0.0126585434
0.0125440181
0.0108806192
0.0132690905
0.0127524769
0.0128099664
0.0021589350
0.0024494957
0.0027110319
0.0137249403
0.0132577951
0.0132192218
0.0052050436
0.0051564433
0.0048734241
0.0076531787
0.0082064620
0.0079971730
0.0096919054
0.0090381214
0.0084627770
0.0087077053
0.0105182882
0.0125193697
0.0130342396
0.0125640805
0.0008952040
0.0013380240
0.0008951289
0.0081814679
0.0085450477
0.0081374490
0.0136805993
0.0137378803
0.0141478091
0.0083439864
0.0083408537
0.0087323101
0.0089826950
0.0084512031
0.0111466352
0.0048887986
0.0053520357
0.0053647607
0.0140445427
0.0140688756
0.0032405558
0.0028256054
0.0028777129
0.0083221377
0.0082107213
0.0114431615
0.0109561386
0.0023914885
0.0025751208
0.0114012175
0.0043354551
0.0042601257
0.0047152401
0.0064502417
0.0060510807
0.0118890808
0.0124040213
0.0094407469
0.0090278124
0.0104268350
0.0099292786
0.0004728942
0.0003497320
0.0018773776
0.0023602161
0.0019355832
0.0068588207
0.0066701464
0.0071829921
0.0095292204
0.0097681798
0.0093788681
0.0122574272
0.0078784845
0.0083278834
0.0083332558
0.0120954887
0.0116566297
0.0116686626
0.0093665367
0.0088376844
0.0106831852
0.0103549749
0.0101779858
0.0108392126
0.0107352378
0.0034290788
0.0038518560
0.0034173615
0.0119064227
0.0119785228
0.0115373271
0.0087572821
0.0088785151
0.0092260671
0.0032169605
0.0030456109
0.0027322551
0.0130493075
0.0128802393
0.0125119520
0.0119712140
0.0009815426
0.0014340874
0.0014785103
0.0010765114
0.0084938578
0.0089050551
0.0087770081
0.0121697872
0.0126598643
0.0126475554
0.0125971789
0.0124417333
0.0128809224
0.0138562791
0.0134457628
0.0134845966
0.0060904984
0.0061645986
0.0057878705
0.0083133495
0.0088084614
0.0087606987
0.0121146712
0.0114395591
0.0116155850
0.0118220947
0.0022331568
0.0120913843
0.0124646438
0.0125512866
0.0024956843
0.0029577587
0.0026415863
0.0019575634
0.0022308886
0.0026817064
0.0028269323
0.0030763440
0.0136991255
0.0132228563
0.0133793047
0.0023453087
0.0027623419
0.0023481374
0.0066311754
0.0063532232
0.0062058179
0.0052228236
0.0047938979
0.0048852469
0.0140801809
0.0139731945
0.0126579912
0.0123525116
0.0121419154
0.0016487558
0.0010945559
0.0013986710
0.0117820846
0.0050307908
0.0055360348
0.0054964403
0.0064747851
0.0061243534
0.0027370031
0.0023437884
0.0023512640
0.0087002544
0.0087167154
0.0082241826
0.0115351916
0.0111504808
0.0116271575
0.0122787473
0.0124140544
0.0126737801
0.0120278398
0.0139644042
0.0135362570
0.0139111623
0.0113226488
0.0085759987
0.0080803987
0.0082854972
0.0003658253
0.0007920827
0.0006762880
0.0109093374
0.0111671931
0.0113608965
0.0114829743
0.0120597863
0.0119214484
0.0018234598
0.0014267860
0.0016870830
0.0110546697
0.0109482866
0.0106696761
0.0074810553
0.0074185478
0.0037031792
0.0011407661
0.0009622722
0.0126198033
0.0122021566
0.0121083308
0.0052223686
0.0030062599
0.0025603983
0.0030546082
0.0037220286
0.0041407599
0.0085926262
0.0090146968
0.0085003452
0.0004587467
0.0008736759
0.0008414014
0.0028158795
0.0023542762
0.0027508873
0.0077692677
0.0082558765
0.0079630085
0.0084376291
0.0101880834
0.0106050603
0.0106957379
0.0124448579
0.0128234434
0.0125456479
0.0114210021
0.0116954676
0.0119079822
0.0131789083
0.0128305320
0.0126915337
0.0044269670
0.0038588098
0.0042863655
0.0059684038
0.0063270370
0.0024774310
0.0027283087
0.0022359508
0.0076629220
0.0035413510
0.0037951523
0.0040095039
0.0123435077
0.0122915862
0.0119011108
0.0123125789
0.0127645835
0.0126020768
0.0135324868
0.0069969848
0.0068738489
0.0072460412
0.0017795030
0.0017463390
0.0082695591
0.0073554243
0.0037344611
0.0085149081
0.0085664044
0.0137517267
0.0134131494
0.0084347289
0.0080917330
0.0031471435
0.0026448888
0.0026110484
0.0025740608
0.0029005483
0.0031013790
0.0008804610
0.0008529894
0.0012852835
0.0036871527
0.0033858206
0.0032510965
0.0052844632
0.0097336920
0.0096434767
0.0101546884
0.0113301114
0.0118287967
0.0114933351
0.0083713883
0.0088841686
0.0088629475
0.0083501583
0.0059907088
0.0056846352
0.0055141634
0.0123651276
0.0123594753
0.0118373784
0.0045373044
0.0115976810
0.0120213160
0.0078481094
0.0073324378
0.0077865881
0.0009814258
0.0014502919
0.0014518860
0.0010611932
0.0027562417
0.0030036956
0.0032102577
0.0079459360
0.0081924910
0.0083485030
0.0121478660
0.0126277932
0.0125718729
0.0121217802
0.0087393491
0.0082874991
0.0082102784
0.0085031007
0.0034548955
0.0020167891
0.0017579515
0.0027251829
0.0035195479
0.0039589292
0.0034813075
0.0105152240
0.0090573680
0.0009041308
0.0004287533
0.0008077900
0.0119127456
0.0115124334
0.0116293892
0.0038849316
0.0035273984
0.0139588629
0.0144281748
0.0022751406
0.0022691167
0.0027817225
0.0088434976
0.0088176790
0.0028321861
0.0027187375
0.0023489846
0.0042279903
0.0036832116
0.0055352086
0.0102352910
0.0127427204
0.0132304178
0.0132818304
0.0062264124
0.0058749564
0.0056973891
0.0081390218
0.0084432470
0.0086877446
0.0023806453
0.0028078328
0.0029545575
0.0048489082
0.0072305382
0.0076390563
0.0076761661
0.0122391486
0.0114446331
0.0119401849
0.0088901291
0.0085207483
0.0086561177
0.0126304428
0.0131508998
0.0131123840
0.0114888182
0.0116544057
0.0119628285
0.0078996488
0.0080017015
0.0084738857
0.0084066712
0.0097735315
0.0093392664
0.0095185680
0.0065800699
0.0095571943
0.0092555011
0.0091080332
0.0034257356
0.0032337329
0.0029747508
0.0000000000
0.0000000000
0.0000000000
0.0149441380
0.0149027286
0.0143617649
0.0047459758
0.0051446654
0.0047341189
0.0036901766
0.0034475625
0.0008308354
0.0013154869
0.0008583692
0.0023544587
0.0043777405
0.0046851323
0.0075285105
0.0090519126
0.0093254339
0.0069849890
0.0067009587
0.0095618729
0.0100370628
0.0081055940
0.0083770869
0.0085182813
0.0008703007
0.0004130943
0.0004420911
0.0022033433
0.0026452986
0.0027114480
0.0083899843
0.0085454554
0.0088297963
0.0041712973
0.0036200383
0.0037204586
0.0009764400
0.0012100479
0.0014634390
0.0058165009
0.0062445882
0.0063179151
0.0054242014
0.0094603138
0.0090175259
0.0089790384
0.0036762476
0.0039209335
0.0035308994
0.0038231977
0.0038183350
0.0033687113
0.0018864868
0.0035955987
0.0033129899
0.0031038098
0.0091271730
0.0049118223
0.0085518815
0.0039351579
0.0038736210
0.0048230231
0.0049207526
0.0046070708
0.0044635637
0.0072587032
0.0070512418
0.0069035102
0.0092068274
0.0037401902
0.0042071891
0.0027287647
0.0022911826
0.0022545940
0.0000000000
0.0000000000
0.0000000000
0.0000000000
0.0000000000
0.0149486196
0.0142088325
0.0147143284
0.0148954785
0.0142560365
0.0148617195
0.0147953376
0.0146908621
0.0090440805
0.0095999061
0.0053523681
0.0057630293
0.0103512661
0.0067325262
0.0062681950
0.0062260424
0.0076168172
0.0080902501
0.0075347080
0.0082960680
0.0087399519
0.0087669301
0.0103052364
0.0101181733
0.0105346744
0.0080481129
0.0076624683
0.0076124171
0.0119355883
0.0114755458
0.0115036428
0.0071395785
0.0084944437
0.0085059177
0.0089951430
0.0091818480
0.0072267123
0.0071930948
0.0067677159
0.0074016820
0.0069989644
0.0064797251
0.0120170973
0.0124778000
0.0070182062
0.0081653524
0.0076608160
0.0079195161
0.0098494480
0.0103913534
0.0099553090
0.0090758177
0.0092373051
0.0054036760
0.0051941574
0.0100896280
0.0101046146
0.0062791428
0.0101193088
0.0073152332
0.0069540763
0.0074264394
0.0119811941
0.0116814017
0.0115598675
0.0077101817
0.0078385617
0.0059957659
0.0061740595
0.0056869286
0.0073710757
0.0076843570
0.0114363269
0.0117579917
0.0117999726
0.0066740343
0.0066673334
0.0062916992
0.0095721449
0.0100580079
0.0099992184
0.0090732623
0.0093166552
0.0061593791
0.0066143001
0.0063731804
0.0061893101
0.0024660019
0.0022225531
0.0019503680
0.0106502145
0.0059101726
0.0064412656
0.0059856096
0.0117917656
0.0104135912
0.0108097252
0.0108087305
0.0047429173
0.0042631401
0.0047667382
0.0103193211
0.0100292313
0.0098240757
0.0054120539
0.0061047694
0.0059807296
0.0055529631
0.0059820994
0.0058085164
0.0059948387
0.0075855832
0.0076554920
0.0085782447
0.0067186027
0.0071432561
0.0049052730
0.0129934094
0.0135142486
0.0130532707
0.0063176795
0.0066801721
0.0062365569
0.0075543996
0.0079416476
0.0075105750
0.0049767104
0.0044786013
0.0054934129
0.0054246729
0.0074869376
0.0079250947
0.0078910807
0.0057320408
0.0095756632
0.0101183021
0.0103019147
0.0121945594
0.0117478636
0.0122998132
0.0055406868
0.0053647465
0.0057561032
0.0061740555
0.0033019724
0.0038013056
0.0037495089
0.0050594316
0.0045454886
0.0050041873
0.0052172535
0.0047317147
0.0050964321
0.0051930763
0.0047632774
0.0052456527
0.0056012477
0.0051795240
0.0046144453
0.0050272315
0.0051513971
0.0045795041
0.0051642998
0.0047355872
0.0014138666
0.0014522445
0.0019008758
0.0127435810
0.0131382100
0.0125621838
0.0045467074
0.0050420156
0.0076663198
0.0079027313
0.0058669859
0.0061426906
0.0051899742
0.0047040908
0.0050793982
0.0047153858
0.0035285131
0.0033049844
0.0048439335
0.0053947608
0.0051802758
0.0047134412
0.0050228396
0.0046386262
0.0072179829
0.0066945737
0.0072103957
0.0051346816
0.0047070584
0.0049849674
0.0045758715
0.0049621015
0.0044902510
0.0050997943
0.0046766339
0.0049666236
0.0045338143
0.0049605331
0.0045441618
0.0050524930
0.0127998093
0.0123247799
0.0127196441
0.0046830320
0.0111415381
0.0110311901
0.0050028317
0.0045535791
0.0046231577
0.0047282970
0.0033568257
0.0035259581
0.0039045496
0.0050474315
0.0045967700
0.0088265644
0.0051420681
0.0047197280
0.0051683558
0.0055384799
0.0089122531
0.0085037905
0.0089859004
0.0051119325
0.0046633072
0.0074389290
0.0078968240
0.0047157496
0.0050832736
0.0051273403
0.0046053552
0.0050612636
0.0033850217
0.0051440983
0.0047040077
0.0051122626
0.0046222193
0.0048826330
0.0051793535
0.0047448249
0.0019584470
0.0017166129
0.0014061353
0.0053069321
0.0047354823
0.0050482252
0.0045455129
0.0050697144
0.0074301565
0.0077919394
0.0053959302
0.0054540472
0.0051904691
0.0048096609
0.0045844953
0.0051303333
0.0056599654
0.0052729655
0.0051728018
0.0051864858
0.0047402943
0.0046152194
0.0051857017
0.0109515281
0.0106323325
0.0104293082
0.0126368181
0.0121578754
0.0123997030
0.0046919903
0.0051641254
0.0052221930
0.0047439946
0.0047156560
0.0051506761
0.0110645338
0.0106077216
0.0054409245
0.0050909211
0.0050432335
0.0052630643
0.0047714808
0.0046839043
0.0050942824
0.0050548628
0.0045995149
0.0050876825
0.0052757263
0.0047797273
0.0046147336
0.0051556828
0.0017386836
0.0052576846
0.0048202544
0.0077667899
0.0079108797
0.0083076900
0.0058748313
0.0055563843
0.0054148385
0.0049544483
0.0046312345
0.0051532983
0.0041387023
0.0052396457
0.0048010981
0.0046370507
0.0051053901
0.0087978182
0.0089859429
0.0093016432
0.0052149376
0.0047787007
0.0050658944
0.0055525864
0.0050596080
0.0046401519
0.0051130507
0.0060148350
0.0055362049
0.0054528145
0.0049152324
0.0049643270
0.0051604412
0.0047491868
0.0044138966
0.0045494321
0.0047140005
0.0051754741
0.0050674824
0.0046950370
0.0059111129
0.0050364487
0.0046950668
0.0046828192
0.0051933354
0.0054291882
0.0050413079
0.0050135762
0.0050692279
0.0046010842
0.0064037409
0.0058902487
0.0046084984
0.0046561790
0.0050996510
0.0113522038
0.0109384399
0.0114221942
0.0051276717
0.0046584562
0.0074207808
0.0074151858
0.0046587816
0.0050523133
0.0052647308
0.0047801363
0.0066117691
0.0061679503
0.0051711462
0.0047062925
0.0120798024
0.0118008940
0.0115462866
0.0057321708
0.0042158646
0.0052848919
0.0047771549
0.0069584609
0.0046736729
0.0051256311
0.0090574076
0.0047597026
0.0045704709
0.0042899305
0.0040437915
0.0096583020
0.0077808804
0.0074268288
0.0123771003
0.0119734275
0.0052088983
0.0047430963
0.0054121950
0.0049654726
0.0101038953
0.0099285158
0.0096606021
0.0102088730
0.0102504728
0.0107205973
0.0046362417
0.0051019834
0.0048044826
0.0047875786
0.0051774338
0.0046951569
0.0045428112
0.0050289633
0.0046566427
0.0051234854
0.0078360572
0.0084098184
0.0065594122
0.0064114468
0.0068443409
0.0069989134
0.0046893166
0.0052152615
0.0051755870
0.0046955516
0.0108191433
0.0103452632
0.0113548118
0.0110824191
0.0115210008
0.0036179858
0.0040188765
0.0035320219
0.0047140409
0.0051108920
0.0051458504
0.0046692525
0.0051670475
0.0073054043
0.0075639764
0.0051921426
0.0047183615
0.0051215634
0.0045722850
0.0051008667
0.0050185720
0.0045958522
0.0030786102
0.0027977932
0.0026203687
0.0046754553
0.0051932015
0.0122538391
0.0040474552
0.0051419924
0.0046941488
0.0053253816
0.0055700615
0.0123883253
0.0119417117
0.0123022460
0.0140778559
0.0137229113
0.0142136293
0.0050200417
0.0045441692
0.0050695732
0.0047560847
0.0052699183
0.0087648508
0.0091738483
0.0091560907
0.0059092554
0.0060822279
0.0121369217
0.0120759042
0.0116576651
0.0067738044
0.0081781185
0.0086073435
0.0049353486
0.0052332632
0.0050038464
0.0045265798
0.0047583264
0.0053119818
0.0080457075
0.0081451515
0.0010836855
0.0013891488
0.0015536250
0.0051219860
0.0050042729
0.0045356676
0.0047802014
0.0052934869
0.0051272644
0.0057827162
0.0053019845
0.0052336156
0.0049852844
0.0045589646
0.0047744324
0.0052460485
0.0051842648
0.0046592798
0.0047851227
0.0044845838
0.0048408589
0.0029186199
0.0027560116
0.0047607666
0.0047134484
0.0099914996
0.0104183449
0.0098726947
0.0009540453
0.0027964518
0.0025253183
0.0023299370
0.0097685424
0.0097176227
0.0092925775
0.0097285344
0.0128520920
0.0131283117
0.0135311631
0.0130353886
0.0085431313
0.0090379367
0.0101811130
0.0100827940
0.0022388538
0.0026935519
0.0022517311
0.0095851204
0.0100456456
0.0097509450
0.0023669518
0.0028596848
0.0023880240
0.0098545550
0.0103369847
0.0098908359
0.0135827283
0.0140433958
0.0135774280
0.0023438230
0.0028071265
0.0023597105
0.0098401311
0.0103049905
0.0098160759
0.0135618440
0.0140437628
0.0135584294
0.0100303573
0.0100813636
0.0123854996
0.0124979314
0.0127732415
0.0134011593
0.0138443706
0.0135531762
0.0089611430
0.0018894076
0.0023976412
0.0098407775
0.0103094378
0.0135463301
0.0140200525
0.0109157560
0.0111300261
0.0027516811
0.0023065604
0.0102127293
0.0098403482
0.0028278566
0.0023498028
0.0102363503
0.0097559856
0.0139561625
0.0134681701
0.0128827065
0.0133805836
0.0133529234
0.0047623776
0.0044640299
0.0043447023
0.0096087587
0.0105257882
0.0100501931
0.0100467455
0.0139056285
0.0134292905
0.0098045552
0.0102871638
0.0025032106
0.0029153148
0.0134822329
0.0139577603
0.0027686785
0.0023101021
0.0102888817
0.0097450587
0.0023140352
0.0027478387
0.0022995213
0.0097797615
0.0102257746
0.0028197570
0.0023793136
0.0101890375
0.0097153270
0.0139291360
0.0134375677
0.0100417350
0.0100690158
0.0138897585
0.0133821546
0.0134837903
0.0139575189
0.0112769417
0.0108748155
0.0110405586
0.0045864323
0.0109181473
0.0110846613
0.0093204925
0.0087581892
0.0082959600
0.0045865733
0.0041946578
0.0040298113
0.0037316672
0.0040936048
0.0041417880
0.0124494630
0.0023007624
0.0027232880
0.0027710646
0.0023378439
0.0102081244
0.0096910899
0.0134565987
0.0139399388
0.0028508296
0.0023292778
0.0101446217
0.0096777106
0.0139199870
0.0134331473
0.0061671929
0.0056603417
0.0062819309
0.0080516422
0.0084527432
0.0137758774
0.0132872419
0.0023015715
0.0028419936
0.0049853698
0.0055250424
0.0050208889
0.0134039384
0.0138998801
0.0017507298
0.0082488245
0.0121382696
0.0119076968
0.0086002089
0.0080864263
0.0019393862
0.0027964056
0.0023539663
0.0101516597
0.0096569363
0.0024216176
0.0026945959
0.0097142246
0.0101226580
0.0097898840
0.0028023235
0.0022875617
0.0101030382
0.0096409166
0.0139193794
0.0134369580
0.0022112599
0.0027552667
0.0024786269
0.0133105134
0.0039222307
0.0136694296
0.0132208642
0.0094480687
0.0095511240
0.0018546133
0.0014663114
0.0079744028
0.0023728855
0.0028202708
0.0096885624
0.0101004105
0.0134414303
0.0139065467
0.0092611881
0.0093765596
0.0097354030
0.0097359753
0.0028215856
0.0023311267
0.0101091682
0.0095561764
0.0134957969
0.0027622479
0.0022385231
0.0101002775
0.0096449504
0.0139239005
0.0134494941
0.0017008031
0.0019288947
0.0024575176
0.0137928025
0.0033850501
0.0035519920
0.0032051368
0.0053409053
0.0056329892
0.0057680060
0.0132272356
0.0022870945
0.0027750738
0.0096675887
0.0084346791
0.0090142634
0.0124260784
0.0132116440
0.0137300282
0.0016786891
0.0013823415
0.0013221010
0.0137427155
0.0135096807
0.0139065258
0.0020691381
0.0114908463
0.0117448306
0.0119905485
0.0027196841
0.0028903063
0.0024084822
0.0099998589
0.0097212642
0.0027082099
0.0021938954
0.0101222009
0.0096745038
0.0139513830
0.0134850697
0.0010318727
0.0014686515
0.0011334461
0.0023497400
0.0028260871
0.0023594516
0.0095339051
0.0090616116
0.0023430974
0.0028964650
0.0026664337
0.0043719872
0.0039404124
0.0039692862
0.0134392417
0.0139200333
0.0022085923
0.0011095076
0.0005562441
0.0005413165
0.0018691714
0.0022017987
0.0026719016
0.0022165252
0.0101590172
0.0097214599
0.0139909855
0.0135358295
0.0009739508
0.0014125039
0.0102758724
0.0100301190
0.0049831057
0.0023218462
0.0028164477
0.0015545857
0.0020686672
0.0016180767
0.0112002102
0.0110655725
0.0107111434
0.0035431117
0.0038784638
0.0041050623
0.0030173046
0.0020702572
0.0108977672
0.0026955980
0.0022884448
0.0102291483
0.0097919077
0.0140601236
0.0136428226
0.0015482253
0.0018785007
0.0123427479
0.0120004646
0.0118158981
0.0089919417
0.0086277227
0.0093267207
0.0093746669
0.0027670807
0.0023119319
0.0103373394
0.0098906287
0.0141697433
0.0137194069
0.0024860760
0.0021775250
0.0018880233
0.0014685813
0.0017054548
0.0013353546
0.0120642990
0.0115588699
0.0116271641
0.0033717220
0.0028859474
0.0028316755
0.0112750484
0.0108465260
0.0040042366
0.0038479785
0.0035986520
0.0134803792
0.0138120728
0.0133535067
0.0111932245
0.0107047527
0.0107948669
0.0027890642
0.0023368738
0.0103965957
0.0099413388
0.0142434112
0.0137769138
0.0083739784
0.0080911959
0.0079656730
0.0022969991
0.0027792144
0.0023418704
0.0098875499
0.0102730634
0.0097742932
0.0097977990
0.0102867786
0.0097560679
0.0136002510
0.0139703155
0.0134839577
0.0110406520
0.0105008863
0.0105967199
0.0033573972
0.0038632765
0.0134553770
0.0138876965
0.0134490752
0.0088848835
0.0094743242
0.0012381633
0.0028120906
0.0023466552
0.0104388009
0.0099720153
0.0142831320
0.0138076606
0.0051851421
0.0018526187
0.0022090979
0.0097934247
0.0102889120
0.0135205454
0.0140236980
0.0109680223
0.0105236588
0.0105305289
0.0028189162
0.0023793487
0.0104617367
0.0099891125
0.0142819878
0.0137899781
0.0080648133
0.0077677953
0.0082473904
0.0129318709
0.0123773445
0.0135748284
0.0140836202
0.0135894304
0.0020335391
0.0022692917
0.0017089799
0.0028502649
0.0023911331
0.0104771177
0.0100038386
0.0142491659
0.0138242234
0.0023099644
0.0028214985
0.0023621988
0.0030826808
0.0034460275
0.0035683978
0.0023558754
0.0028014020
0.0023288027
0.0098152294
0.0102649053
0.0097913903
0.0093790504
0.0090405141
0.0094739790
0.0028627197
0.0023718708
0.0104300207
0.0099554422
0.0142514185
0.0137875395
0.0136173304
0.0140446028
0.0135457288
0.0039407838
0.0044196778
0.0040406367
0.0046136555
0.0041991118
0.0138232774
0.0022946525
0.0028229040
0.0097409204
0.0102014084
0.0097010297
0.0107303594
0.0102789717
0.0103501633
0.0143323945
0.0142660198
0.0129817159
0.0023983424
0.0029056636
0.0098946124
0.0102711128
0.0083986900
0.0056076765
0.0023712440
0.0026308580
0.0028442488
0.0023701053
0.0104348652
0.0099550042
0.0142734089
0.0137983379
0.0136215007
0.0141094815
0.0097074747
0.0102192742
0.0096753002
0.0019400590
0.0023269891
0.0097555699
0.0102500147
0.0023294817
0.0028108787
0.0098573085
0.0103374440
0.0069786727
0.0071446363
0.0074994223
0.0069472934
0.0068737007
0.0072528098
0.0130731893
0.0136099738
0.0141091972
0.0103244393
0.0028425044
0.0023551515
0.0104318846
0.0099444992
0.0142750467
0.0137881523
0.0044229397
0.0049254955
0.0048115925
0.0097683671
0.0102520275
0.0021639691
0.0026035883
0.0027207661
0.0097222304
0.0102260740
0.0031617010
0.0027038648
0.0045492074
0.0050350531
0.0127252585
0.0123082585
0.0134972828
0.0140248956
0.0028272009
0.0023810095
0.0104717658
0.0099827304
0.0142822932
0.0137826762
0.0112390482
0.0111758827
0.0108413732
0.0092326078
0.0097354240
0.0135564999
0.0137679232
0.0132240624
0.0101465318
0.0096366526
0.0129892114
0.0125800881
0.0023680797
0.0027917510
0.0022827733
0.0098235778
0.0103005075
0.0097944487
0.0090755421
0.0091921601
0.0131148637
0.0137445048
0.0134067015
0.0132852556
0.0028526016
0.0023735382
0.0103979504
0.0098985604
0.0142589395
0.0137462994
0.0035786178
0.0040557387
0.0040853059
0.0023597449
0.0028419284
0.0098619629
0.0103246671
0.0112218384
0.0112291568
0.0106691502
0.0144152462
0.0140794626
0.0144657162
0.0022190749
0.0018542481
0.0078745190
0.0077871121
0.0132199310
0.0028442055
0.0023463965
0.0103948655
0.0098968863
0.0141566899
0.0136348771
0.0023303529
0.0028275737
0.0098236173
0.0103283485
0.0088085165
0.0096906596
0.0095940192
0.0134694256
0.0140098337
0.0135862533
0.0120219990
0.0122052559
0.0125963279
0.0028265378
0.0027023135
0.0023174592
0.0117688689
0.0133614961
0.0129961288
0.0134011918
0.0017545752
0.0017479958
0.0022139735
0.0028170301
0.0023133818
0.0103921516
0.0098948137
0.0022357191
0.0027705937
0.0097436833
0.0102669128
0.0018538250
0.0013582438
0.0014749803
0.0022367217
0.0023020278
0.0026108655
0.0135179856
0.0140101425
0.0075112993
0.0070152918
0.0072422223
0.0022683146
0.0027404188
0.0097220640
0.0102234186
0.0139115289
0.0134646306
0.0043976300
0.0043806023
0.0027802400
0.0023156438
0.0103338112
0.0098388601
0.0106671032
0.0109354438
0.0110957333
0.0118011693
0.0114709019
0.0113496093
0.0036581176
0.0097370712
0.0102007165
0.0098507445
0.0020500366
0.0015813194
0.0131266568
0.0135827756
0.0022982130
0.0027616864
0.0022761769
0.0018942154
0.0023503761
0.0093596345
0.0098162039
0.0139738780
0.0135296173
0.0027888217
0.0023464482
0.0097893887
0.0094080386
0.0103231277
0.0098639158
0.0135337602
0.0140090622
0.0135458723
0.0020193510
0.0019620531
0.0098100007
0.0092810243
0.0095831951
0.0132667655
0.0137529663
0.0133619718
0.0026981735
0.0022205979
0.0023329528
0.0028012045
0.0026870779
0.0022937654
0.0027810360
0.0022879167
0.0097503572
0.0102333132
0.0097291396
0.0024243659
0.0139453915
0.0134505125
0.0013391184
0.0018325767
0.0080083970
0.0103426429
0.0098312319
0.0050137264
0.0027031973
0.0023601679
0.0028650280
0.0134880802
0.0139812158
0.0137548573
0.0027386255
0.0022118330
0.0030884486
0.0022998360
0.0027837590
0.0097465431
0.0102312557
0.0028879895
0.0138826021
0.0133300896
0.0101853827
0.0102376616
0.0125556788
0.0129268813
0.0103871961
0.0106231107
0.0026995437
0.0022371913
0.0032261552
0.0137249568
0.0132160656
0.0022248708
0.0026567886
0.0021877070
0.0135097565
0.0140031324
0.0102748374
0.0097352317
0.0046723504
0.0022523004
0.0023131631
0.0027955123
0.0097983196
0.0102490811
0.0138693572
0.0027873908
0.0022927678
0.0021081371
0.0027149482
0.0061832567
0.0065194076
0.0116754008
0.0112120954
0.0112338218
0.0138480624
0.0133747671
0.0037905204
0.0039731742
0.0111497728
0.0114454584
0.0116053429
0.0135564734
0.0140010100
0.0101902335
0.0096531473
0.0131660292
0.0126525571
0.0126248439
0.0017283013
0.0017879601
0.0105838052
0.0105654781
0.0100852403
0.0023318031
0.0028124797
0.0098529120
0.0102950373
0.0028225661
0.0023626017
0.0093914392
0.0094733914
0.0064760371
0.0062852892
0.0059330625
0.0135796703
0.0140428635
0.0053092666
0.0138403618
0.0133319380
0.0071765815
0.0125771945
0.0121594771
0.0023551656
0.0028392209
0.0098390471
0.0103226964
0.0101421667
0.0096000169
0.0014675189
0.0009821674
0.0014392911
0.0024077597
0.0026608730
0.0033113790
0.0032728189
0.0037151060
0.0135031232
0.0139839421
0.0028176879
0.0023468062
0.0023165313
0.0028117535
0.0097845667
0.0102711575
0.0137932304
0.0132942991
0.0093698407
0.0093372092
0.0087102817
0.0092136322
0.0092572921
0.0052958656
0.0052195033
0.0047486513
0.0047273969
0.0133623898
0.0138460993
0.0094869816
0.0099791467
0.0097058738
0.0132723919
0.0137049684
0.0131829400
0.0101152848
0.0095983988
0.0028328672
0.0032326169
0.0031619034
0.0077745164
0.0097080093
0.0102606232
0.0028106383
0.0023419070
0.0084982140
0.0081590683
0.0079999139
0.0032454150
0.0033496523
0.0037195017
0.0022455230
0.0027774873
0.0093187652
0.0098422939
0.0137494614
0.0132617080
0.0098583786
0.0103092945
0.0098342594
0.0023460948
0.0026908942
0.0096594336
0.0100430575
0.0101614416
0.0100529813
0.0095287782
0.0023679330
0.0028278509
0.0026617050
0.0018427380
0.0022024706
0.0111520392
0.0107354364
0.0096103509
0.0096503751
0.0059358096
0.0062834048
0.0092463025
0.0023457628
0.0028138039
0.0023385698
0.0028041192
0.0023347406
0.0133926385
0.0137447550
0.0131944020
0.0064256259
0.0013493964
0.0132302644
0.0135964325
0.0130278001
0.0136391872
0.0131741717
0.0097619063
0.0102417079
0.0036830990
0.0110556739
0.0121017698
0.0131484000
0.0100033557
0.0094983034
0.0023734032
0.0028721452
0.0029770859
0.0111974439
0.0114675074
0.0116336276
0.0121417095
0.0075812759
0.0071300540
0.0076181181
0.0125628214
0.0017346664
0.0028124014
0.0023338251
0.0027911505
0.0023267667
0.0135564479
0.0139522184
0.0099671405
0.0032423813
0.0037913775
0.0022612791
0.0019485410
0.0090080402
0.0136332278
0.0131707011
0.0097365663
0.0102458270
0.0009413969
0.0014096015
0.0105089925
0.0104849467
0.0101695337
0.0100117370
0.0094885744
0.0024020626
0.0029041119
0.0059391758
0.0027486423
0.0023465903
0.0097284275
0.0093458776
0.0027467113
0.0022960336
0.0136187203
0.0140564909
0.0018090778
0.0013528266
0.0013386933
0.0126123156
0.0124181561
0.0121519222
0.0085634956
0.0084021207
0.0071450478
0.0067934619
0.0018497441
0.0019094261
0.0032949392
0.0090218797
0.0131578882
0.0136508636
0.0131995958
0.0098277161
0.0102405260
0.0092651912
0.0104413964
0.0101175049
0.0099856605
0.0097710679
0.0063267108
0.0099538331
0.0094403386
0.0024516429
0.0028927815
0.0028057833
0.0049829630
0.0054446449
0.0030722934
0.0024561255
0.0031210536
0.0013810973
0.0018380815
0.0018976334
0.0111580065
0.0116936402
0.0027263434
0.0022843610
0.0136045575
0.0140930803
0.0121915988
0.0121361095
0.0136932241
0.0132532044
0.0099836345
0.0103971525
0.0022809234
0.0027488579
0.0023434663
0.0132235047
0.0137849804
0.0134098638
0.0018852271
0.0021345521
0.0023267774
0.0099030206
0.0094845594
0.0024170532
0.0029054927
0.0026958964
0.0022604483
0.0135456465
0.0140556359
0.0097528662
0.0102204645
0.0098937819
0.0102678989
0.0098339943
0.0018252827
0.0018573005
0.0014688980
0.0136732915
0.0132861194
0.0099386178
0.0103556288
0.0028084639
0.0023584856
0.0138792160
0.0135132932
0.0019005580
0.0014679480
0.0014649991
0.0121298840
0.0125423887
0.0121462783
0.0059845490
0.0057013131
0.0055118518
0.0026611280
0.0099474371
0.0137261334
0.0028984192
0.0103827944
0.0139966025
0.0028196776
0.0103284003
0.0139714895
0.0021497178
0.0026096351
0.0012391575
0.0017898831
0.0016885523
0.0085844437
0.0081609536
0.0080872086
0.0060707592
0.0062321661
0.0066247429
0.0027551304
0.0032062151
0.0031247808
0.0037963859
0.0042609412
0.0038992387
0.0101232443
0.0102627609
0.0105860440
0.0104535016
0.0081132835
0.0081156413
0.0064251456
0.0092280399
0.0101388180
0.0066063815
0.0061346519
0.0111216314
0.0107945499
0.0106327313
0.0076163052
0.0070350385
0.0022551600
0.0021919138
0.0125813313
0.0121899694
0.0065166340
0.0076455161
0.0080400106
0.0086419399
0.0065032377
0.0060625537
0.0061553411
0.0066804197
0.0029643180
0.0004830316
0.0009023779
0.0009761836
0.0104195329
0.0108939369
0.0012839560
0.0016437178
0.0012431212
0.0115097373
0.0111232123
0.0110879423
0.0065617836
0.0068814153
0.0063421538
0.0094009807
0.0096358374
0.0092493133
0.0131924901
0.0136934305
0.0135179129
0.0067222240
0.0099313161
0.0055049010
0.0053290645
0.0018017046
0.0019904414
0.0046607025
0.0050903545
0.0032184796
0.0026043011
0.0135918008
0.0130600170
0.0101096376
0.0098191683
0.0096452151
0.0049964769
0.0044988419
0.0082975104
0.0085669445
0.0088517335
0.0077747487
0.0040649495
0.0022924785
0.0027499365
0.0014144745
0.0019029554
0.0018163887
0.0033097378
0.0038123497
0.0041880906
0.0023258614
0.0025403177
0.0135438042
0.0130932376
0.0133676378
0.0057514280
0.0065278182
0.0067957753
0.0105703425
0.0109022065
0.0096105876
0.0082585855
0.0098991701
0.0101740736
0.0140616983
0.0136409724
0.0140572840
0.0051424291
0.0055096423
0.0027153632
0.0028116347
0.0013811649
0.0008814524
0.0013978565
0.0043182188
0.0127689882
0.0067438708
0.0072781596
0.0047965529
0.0118866394
0.0096230239
0.0101788461
0.0086170961
0.0075770576
0.0030919406
0.0026195928
0.0050706286
0.0047481293
0.0032017205
0.0087907603
0.0091240903
0.0091164785
0.0083497552
0.0083281265
0.0126958552
0.0127595226
0.0131794402
0.0000000000
0.0004659814
0.0148214095
0.0146636733
0.0043557776
0.0119475674
0.0022883962
0.0027337704
0.0025488606
0.0035651536
0.0040201955
0.0115702601
0.0140478666
0.0142724393
0.0040348768
0.0040711490
0.0108389379
0.0108193262
0.0042483155
0.0042779423
0.0047981402
0.0048659321
0.0105321686
0.0110685508
0.0107002907
0.0113061928
0.0116633279
0.0116113877
0.0104459120
0.0107826644
0.0112401757
0.0056871716
0.0062350277
0.0061055685
0.0042206365
0.0037245816
0.0041488760
0.0036814979
0.0040869046
0.0042647925
0.0107080328
0.0111280713
0.0106532058
0.0036645817
0.0042562019
0.0091153663
0.0056689668
0.0064590766
0.0067724295
0.0075453801
0.0072055434
0.0067030669
0.0067497958
0.0070941903
0.0112025919
0.0107286176
0.0055315579
0.0053045754
0.0049452773
0.0018907396
0.0018584205
0.0023205414
0.0115790491
0.0119439669
0.0036289923
0.0040949025
0.0107397112
0.0070281782
0.0071354621
0.0075351977
0.0101772374
0.0096909510
0.0086812650
0.0042237058
0.0037300542
0.0042522576
0.0110723794
0.0106023457
0.0046050215
0.0043465587
0.0042548465
0.0111678492
0.0106555722
0.0105935410
0.0110772858
0.0036543830
0.0030652964
0.0031185042
0.0046033509
0.0045491629
0.0067990725
0.0072448346
0.0098870027
0.0100129589
0.0095943195
0.0036339754
0.0040419658
0.0026100392
0.0105256813
0.0042373713
0.0041850718
0.0110198595
0.0105562205
0.0027440475
0.0022472922
0.0023224885
0.0014031728
0.0008958218
0.0013470575
0.0111228985
0.0106318000
0.0035614753
0.0039683038
0.0122302611
0.0125552224
0.0100497905
0.0070798795
0.0074584795
0.0075177867
0.0081710280
0.0042380724
0.0041256151
0.0110069073
0.0105478288
0.0084533608
0.0109826434
0.0104342948
0.0041171504
0.0041651432
0.0114027319
0.0118069396
0.0042074468
0.0037549386
0.0099719972
0.0009136563
0.0004058062
0.0004840512
0.0012015262
0.0016289968
0.0040922264
0.0110166498
0.0105642599
0.0081162585
0.0077074144
0.0080357236
0.0123888482
0.0129409087
0.0114832068
0.0119428783
0.0097831481
0.0083862267
0.0085527022
0.0070935155
0.0069921713
0.0036877455
0.0042180827
0.0032727468
0.0034528153
0.0045769087
0.0041557271
0.0037022503
0.0050838551
0.0049278083
0.0043489456
0.0045459367
0.0039954752
0.0045306763
0.0041024284
0.0110377724
0.0105926000
0.0041589193
0.0072082656
0.0074851963
0.0101988853
0.0100555032
0.0105785591
0.0101013922
0.0105435602
0.0103328495
0.0082770718
0.0086838971
0.0036989141
0.0121081288
0.0100269766
0.0104506275
0.0100374828
0.0041401239
0.0110919658
0.0106569022
0.0035789936
0.0038362984
0.0136307561
0.0132114630
0.0134680887
0.0010149598
0.0014842096
0.0013865355
0.0032072411
0.0016956720
0.0054697894
0.0100738847
0.0105635427
0.0104426245
0.0026707013
0.0031660500
0.0027496407
0.0033478917
0.0102205417
0.0105505881
0.0051540744
0.0042075064
0.0112043679
0.0107700397
0.0041642586
0.0042396062
0.0047494704
0.0043917391
0.0058628332
0.0057677254
0.0101789891
0.0106411696
0.0100680665
0.0105875938
0.0038418860
0.0068237633
0.0072199912
0.0068203875
0.0074161216
0.0034665993
0.0035383900
0.0097736670
0.0042545952
0.0112808170
0.0108374249
0.0101253691
0.0106173824
0.0093186684
0.0092381289
0.0072437125
0.0103101583
0.0107766909
0.0037277612
0.0045257268
0.0087200828
0.0092229293
0.0091548240
0.0097597185
0.0101903129
0.0102006008
0.0042123375
0.0043089963
0.0113390180
0.0108875240
0.0107886263
0.0081773513
0.0085018361
0.0086306198
0.0024807893
0.0028102236
0.0133643772
0.0138121689
0.0138214470
0.0074452286
0.0071316229
0.0125766685
0.0122177903
0.0127266452
0.0042767268
0.0113828281
0.0109200848
0.0107514937
0.0049640926
0.0054416800
0.0115712160
0.0120377932
0.0108233192
0.0103339558
0.0107445854
0.0120488509
0.0115436739
0.0120687971
0.0043402560
0.0114063687
0.0109375681
0.0107255634
0.0102003191
0.0106894718
0.0094282794
0.0089574402
0.0040464421
0.0036552745
0.0041787228
0.0105814107
0.0109187057
0.0037321690
0.0042079033
0.0072138142
0.0073744074
0.0098357796
0.0106489288
0.0111355298
0.0042734973
0.0113549856
0.0108875366
0.0053093462
0.0106997658
0.0106148433
0.0040851387
0.0036630016
0.0041257739
0.0107470412
0.0112812658
0.0046496037
0.0041965462
0.0042618280
0.0059252151
0.0058082479
0.0054448773
0.0097216883
0.0101872744
0.0097953131
0.0130393626
0.0140447170
0.0136976532
0.0036700872
0.0041740311
0.0037134870
0.0042456221
0.0037180041
0.0041690363
0.0101819936
0.0106739262
0.0042792507
0.0113565912
0.0108919817
0.0106868892
0.0102548809
0.0107649923
0.0037698291
0.0042256899
0.0107315447
0.0036592981
0.0040610140
0.0107280838
0.0042953790
0.0113597363
0.0108932054
0.0037656748
0.0041580549
0.0107889149
0.0112283593
0.0095666075
0.0107840779
0.0111323677
0.0106540707
0.0107443292
0.0099485648
0.0040662396
0.0035975978
0.0041175650
0.0044040465
0.0041055542
0.0036906552
0.0041827352
0.0106307021
0.0111106532
0.0042972890
0.0114092863
0.0109377856
0.0037075820
0.0041290157
0.0106924802
0.0107657265
0.0112578821
0.0097410760
0.0101457364
0.0091649543
0.0095613236
0.0036669290
0.0042196658
0.0107244661
0.0112291676
0.0043359763
0.0113455253
0.0108695181
0.0069211668
0.0066017815
0.0070379958
0.0102285408
0.0107479982
0.0024002927
0.0027916991
0.0041119802
0.0036858033
0.0041567602
0.0049814567
0.0101391644
0.0036631159
0.0041258427
0.0107829890
0.0074529594
0.0069750630
0.0008533364
0.0009607036
0.0012922330
0.0043121333
0.0113535998
0.0108708249
0.0100583406
0.0106197689
0.0102965209
0.0121338163
0.0036838593
0.0041416507
0.0102031863
0.0107293640
0.0037236094
0.0041733303
0.0108052896
0.0104724347
0.0100249917
0.0062689627
0.0063136391
0.0042882062
0.0113522472
0.0108658621
0.0036067497
0.0041212086
0.0111027636
0.0102840188
0.0093138580
0.0097983968
0.0095094285
0.0037766996
0.0042457312
0.0107910506
0.0112508184
0.0077552595
0.0076653343
0.0073936323
0.0045681006
0.0063832000
0.0066943904
0.0042571494
0.0112618690
0.0108022610
0.0107222414
0.0112424914
0.0050116326
0.0045371843
0.0031069958
0.0034992970
0.0037450498
0.0042131326
0.0041676167
0.0143099537
0.0143218363
0.0133893944
0.0138457754
0.0134083498
0.0121927260
0.0125257911
0.0120380687
0.0106693738
0.0111881290
0.0106693776
0.0106023939
0.0063844354
0.0028878779
0.0130258611
0.0125568339
0.0129067012
0.0042308552
0.0036980024
0.0041828685
0.0097198074
0.0093725280
0.0041448247
0.0036583573
0.0108055159
0.0142534114
0.0088630268
0.0110997473
0.0109983202
0.0106234570
0.0111172983
0.0101168123
0.0104521232
0.0118999575
0.0115226168
0.0118634264
0.0071510940
0.0042205579
0.0037648258
0.0136664973
0.0136777318
0.0132808250
0.0122797892
0.0117546988
0.0120866749
0.0103019181
0.0036593480
0.0042160771
0.0037766805
0.0042629754
0.0041948103
0.0085831857
0.0073465418
0.0078097430
0.0076308357
0.0039648650
0.0110932215
0.0102047306
0.0107076002
0.0113084348
0.0108141767
0.0041121131
0.0059338672
0.0062573799
0.0104774583
0.0110487442
0.0107702149
0.0097455802
0.0037048676
0.0041924001
0.0042941052
0.0042457649
0.0089629666
0.0106942517
0.0102194344
0.0112307776
0.0115404197
0.0116035186
0.0120323967
0.0118689746
0.0143203818
0.0141939871
0.0107030355
0.0112355898
0.0107318883
0.0111426984
0.0110741489
0.0075859430
0.0074914011
0.0112844111
0.0107914810
0.0112479581
0.0108105869
0.0072306973
0.0102759931
0.0104812745
0.0130175233
0.0132754978
0.0037268172
0.0041228448
0.0107242910
0.0111943288
0.0042843153
0.0031365761
0.0039728025
0.0035947026
0.0122514534
0.0112213084
0.0106769539
0.0028167832
0.0043505552
0.0037116810
0.0041798173
0.0107434317
0.0112085817
0.0089060993
0.0061480663
0.0041012477
0.0045722632
0.0042593914
0.0107668837
0.0112315592
0.0093995282
0.0111252075
0.0106331809
0.0137989778
0.0133179221
0.0137392218
0.0142281209
0.0142707821
0.0037201183
0.0042031769
0.0036185608
0.0129840851
0.0112497488
0.0117788076
0.0116695050
0.0107698212
0.0111917799
0.0022427466
0.0120274223
0.0041708315
0.0070210361
0.0073892696
0.0037583934
0.0042521150
0.0110421234
0.0105645973
0.0104474937
0.0099759711
0.0104963395
0.0036706744
0.0089193078
0.0084477233
0.0107429024
0.0041823196
0.0101629535
0.0106675729
0.0064225993
0.0063671223
0.0009429346
0.0013150065
0.0037909840
0.0041957695
0.0041608422
0.0046546969
0.0042445157
0.0109943824
0.0105184019
0.0019891154
0.0022637219
0.0024351558
0.0106372263
0.0107049123
0.0108252442
0.0110778550
0.0107788578
0.0111588320
0.0133914819
0.0134460352
0.0129630334
0.0072978541
0.0040443691
0.0036772115
0.0042318059
0.0037542611
0.0046575213
0.0041476324
0.0105155381
0.0110031534
0.0109721866
0.0104955457
0.0041675688
0.0036945779
0.0042270848
0.0038622597
0.0048729272
0.0053823231
0.0106565230
0.0106103949
0.0108725125
0.0110587276
0.0106919862
0.0043942710
0.0080649361
0.0042008917
0.0037330881
0.0046079674
0.0040925455
0.0037440983
0.0042592349
0.0116227676
0.0120498112
0.0109221443
0.0104517484
0.0107111161
0.0111673727
0.0040335519
0.0043287118
0.0113915711
0.0100453223
0.0095469559
0.0037270117
0.0042086277
0.0040389744
0.0037925269
0.0042145930
0.0107392481
0.0112045745
0.0109085092
0.0110760987
0.0114107360
0.0108491722
0.0103919835
0.0043831052
0.0097419705
0.0127546421
0.0107038855
0.0111631705
0.0050793674
0.0134997656
0.0139022254
0.0116756904
0.0120600776
0.0117264836
0.0073708235
0.0037841348
0.0042290741
0.0040448725
0.0037907499
0.0042668939
0.0097936825
0.0029352002
0.0026732937
0.0023884229
0.0123586796
0.0127921563
0.0126867430
0.0097034464
0.0108476421
0.0103941142
0.0041532757
0.0036885518
0.0111725254
0.0132900195
0.0137081769
0.0109955031
0.0109174756
0.0104653642
0.0039278651
0.0070316993
0.0102799594
0.0107541014
0.0107077242
0.0107408367
0.0120822305
0.0125747327
0.0123938458
0.0058896848
0.0054426294
0.0050633848
0.0048678827
0.0040126018
0.0037644263
0.0042711318
0.0042137560
0.0037357466
0.0131521320
0.0129737955
0.0116666938
0.0108921881
0.0104313542
0.0107984337
0.0112465514
0.0035897004
0.0038057967
0.0042917999
0.0112968008
0.0037647152
0.0112543932
0.0107915336
0.0023728409
0.0020544055
0.0040845435
0.0071672997
0.0075347628
0.0073374075
0.0075913609
0.0109002082
0.0111571123
0.0070677658
0.0071509579
0.0069500428
0.0064280897
0.0068739678
0.0059854840
0.0055225509
0.0059343215
0.0070709985
0.0064901934
0.0069713639
0.0069441898
0.0065775268
0.0070663277
0.0060928760
0.0056512868
0.0061163223
0.0065228453
0.0018113922
0.0030029510
0.0049039688
0.0093468969
0.0095081839
0.0023146882
0.0023614304
0.0086009581
0.0086341277
0.0067214684
0.0066544774
0.0065336084
0.0069286999
0.0052358322
0.0047971958
0.0044894485
0.0047965849
0.0052534869
0.0041688926
0.0056715676
0.0070274175
0.0064896997
0.0060394462
0.0056008277
0.0061251578
0.0055618601
0.0060209922
0.0068872351
0.0064800909
0.0059970671
0.0125216803
0.0119962795
0.0138488178
0.0104591283
0.0108211996
0.0028099782
0.0115491531
0.0064348421
0.0069301019
0.0054989607
0.0059829972
0.0116300252
0.0112332837
0.0077703191
0.0016557374
0.0021015194
0.0020172322
0.0070489375
0.0065614959
0.0061337797
0.0068905381
0.0064278879
0.0059030899
0.0060980242
0.0037944340
0.0004443798
0.0004677324
0.0028569607
0.0009789390
0.0008627278
0.0004812093
0.0004152879
0.0073570233
0.0071708514
0.0055141371
0.0059785289
0.0138651409
0.0070300613
0.0065762581
0.0061061257
0.0068463188
0.0064360980
0.0059465568
0.0092772422
0.0054455950
0.0058995528
0.0060731833
0.0056043663
0.0066296341
0.0069108099
0.0069218123
0.0065544581
0.0068211859
0.0063990680
0.0059180298
0.0077876932
0.0068790164
0.0063679921
0.0067877664
0.0053505700
0.0058411732
0.0068046386
0.0059659820
0.0055265543
0.0059231472
0.0064130979
0.0120562597
0.0124056981
0.0066417060
0.0064392211
0.0067618750
0.0063831406
0.0059173670
0.0075881821
0.0060941156
0.0013846235
0.0018859653
0.0014204467
0.0106574863
0.0076531169
0.0037638718
0.0074661719
0.0087363439
0.0067761625
0.0063186689
0.0063258448
0.0058889454
0.0014084650
0.0018246161
0.0017977672
0.0104329074
0.0097480690
0.0093557659
0.0134891655
0.0130478220
0.0135595752
0.0040195856
0.0131227954
0.0135438208
0.0119155879
0.0117853090
0.0122533958
0.0129720400
0.0128033212
0.0133511018
0.0075833194
0.0073623340
0.0130916610
0.0068200867
0.0063656307
0.0059318676
0.0013689455
0.0009067160
0.0014017992
0.0078415596
0.0060011137
0.0068805975
0.0064784440
0.0069809753
0.0059983915
0.0055924812
0.0060420230
0.0055779610
0.0070910660
0.0116809290
0.0116866801
0.0121494571
0.0135054932
0.0140575059
0.0071907906
0.0060165409
0.0099706073
0.0095763642
0.0032221539
0.0037051372
0.0050209270
0.0046904730
0.0103453693
0.0142392134
0.0069316536
0.0064804676
0.0060474139
0.0065294780
0.0060149595
0.0060884732
0.0009065603
0.0004588583
0.0004985389
0.0009205776
0.0065638019
0.0070712965
0.0056126468
0.0060788287
0.0072264254
0.0033347895
0.0076520044
0.0073545878
0.0059555840
0.0061140657
0.0040528949
0.0070051972
0.0065252684
0.0060587109
0.0062402224
0.0066704169
0.0005269046
0.0046946915
0.0048621044
0.0098299089
0.0087585292
0.0074957940
0.0077730838
0.0065640891
0.0070526673
0.0055350013
0.0059976409
0.0023374939
0.0074735184
0.0077040581
0.0055118993
0.0059921399
0.0004772156
0.0010142644
0.0005143788
0.0032542882
0.0032639938
0.0070285291
0.0065602657
0.0060934814
0.0069939616
0.0064743600
0.0069943124
0.0065005029
0.0069968155
0.0055501887
0.0060098301
0.0084830727
0.0055277217
0.0060120347
0.0070396429
0.0065760428
0.0061059964
0.0064939689
0.0069984680
0.0048797461
0.0050219601
0.0064928277
0.0069539584
0.0055447797
0.0059558773
0.0005092508
0.0131450685
0.0055452656
0.0059813958
0.0070554951
0.0065781682
0.0061030721
0.0042453093
0.0056234024
0.0060477647
0.0059521827
0.0062444880
0.0067483445
0.0070646142
0.0065925207
0.0061206937
0.0102433499
0.0076582353
0.0077460616
0.0115521188
0.0118193760
0.0122266916
0.0098617757
0.0053247193
0.0050845179
0.0082690395
0.0078576902
0.0077697494
0.0061773021
0.0066633510
0.0080783141
0.0078936686
0.0093165051
0.0071281752
0.0066021567
0.0061084839
0.0009258397
0.0013912952
0.0009275490
0.0080535100
0.0076243343
0.0065564197
0.0056322611
0.0060981806
0.0122391767
0.0119029915
0.0110727436
0.0071346654
0.0066659363
0.0061930866
0.0055871907
0.0060449796
0.0018825736
0.0039533855
0.0038596853
0.0068476245
0.0064425198
0.0069835056
0.0055214570
0.0059713499
0.0070487335
0.0065161338
0.0070286600
0.0055695509
0.0060193345
0.0083633187
0.0099753186
0.0083879519
0.0079580744
0.0128493204
0.0112665373
0.0064817563
0.0069371037
0.0066712388
0.0061891560
0.0065283375
0.0070015774
0.0060606279
0.0055700249
0.0060969588
0.0064986348
0.0069889747
0.0055214085
0.0059900822
0.0054612042
0.0059156208
0.0061848457
0.0116914004
0.0114437623
0.0064570652
0.0065755009
0.0066782073
0.0061850665
0.0114434152
0.0119373945
0.0099490973
0.0092752280
0.0087805143
0.0108581900
0.0106907051
0.0117163958
0.0111975456
0.0064563038
0.0069429119
0.0055191522
0.0059175746
0.0073312467
0.0063956876
0.0060978636
0.0064607220
0.0072439108
0.0068934175
0.0070881934
0.0079504773
0.0070963896
0.0067012435
0.0071506054
0.0061704998
0.0133079583
0.0129259027
0.0134246047
0.0075712636
0.0072091921
0.0064167983
0.0069497527
0.0054240082
0.0059573829
0.0083280907
0.0126373058
0.0125460044
0.0135787879
0.0133007961
0.0130760481
0.0046842911
0.0057063438
0.0116584160
0.0099403541
0.0095819722
0.0069354591
0.0065063430
0.0069976087
0.0008820666
0.0012179210
0.0012806104
0.0022080554
0.0021450558
0.0070163088
0.0066265578
0.0061332788
0.0064586273
0.0069646262
0.0054928863
0.0060069260
0.0004589924
0.0008435148
0.0008886424
0.0107671702
0.0103382792
0.0104762102
0.0012865156
0.0078406269
0.0079450409
0.0057128539
0.0055675110
0.0060517918
0.0005048971
0.0004436379
0.0070047776
0.0065475726
0.0060596305
0.0065033465
0.0070082684
0.0008992511
0.0012887655
0.0014170478
0.0060595501
0.0065013111
0.0055853509
0.0060588893
0.0069596091
0.0068292496
0.0075601753
0.0004728951
0.0009100101
0.0007319112
0.0043273091
0.0060462079
0.0055443128
0.0065266535
0.0070078949
0.0029332447
0.0024197112
0.0070186304
0.0065325816
0.0060534481
0.0055706415
0.0060690616
0.0069806411
0.0065383031
0.0056350770
0.0060508545
0.0138527948
0.0133638958
0.0123102829
0.0062283954
0.0106161280
0.0075546832
0.0080381204
0.0080394982
0.0048076730
0.0051538104
0.0045397448
0.0065129057
0.0060590129
0.0055877898
0.0065088350
0.0069487882
0.0070261541
0.0065300081
0.0060369562
0.0055417656
0.0017935567
0.0012519784
0.0080276763
0.0075538255
0.0077624653
0.0029588215
0.0079724545
0.0075399054
0.0079937452
0.0080971472
0.0115010621
0.0137677386
0.0137873214
0.0142271578
0.0119449656
0.0123969620
0.0132486476
0.0065415028
0.0075009268
0.0070588982
0.0070606381
0.0065433838
0.0060902144
0.0055990206
0.0056340569
0.0070557130
0.0066058327
0.0061204763
0.0061332480
0.0134247485
0.0134658062
0.0139196236
0.0021222711
0.0072151154
0.0081861530
0.0114294576
0.0118226391
0.0114044222
0.0078665502
0.0083800791
0.0069630089
0.0065690352
0.0070622944
0.0070538739
0.0065903746
0.0057150241
0.0071047375
0.0065881332
0.0061266380
0.0056454801
0.0109824048
0.0060733374
0.0055559664
0.0060356180
0.0098938634
0.0103975700
0.0078775440
0.0040173801
0.0059795674
0.0115425930
0.0115407277
0.0120150311
0.0069598435
0.0065044590
0.0069917426
0.0141670646
0.0143018055
0.0133669502
0.0138766686
0.0137346283
0.0128751585
0.0110096681
0.0055871211
0.0060618127
0.0070645718
0.0066383275
0.0061743161
0.0064413348
0.0069128671
0.0059306159
0.0032134713
0.0008986489
0.0013245844
0.0014060800
0.0045130965
0.0040303660
0.0092429865
0.0115623434
0.0114387890
0.0076116917
0.0065359147
0.0069273010
0.0055664960
0.0060222159
0.0137297442
0.0132759932
0.0074332734
0.0070184357
0.0066081384
0.0061198596
0.0059119180
0.0064514371
0.0004566800
0.0008988754
0.0009547242
0.0050716908
0.0050740879
0.0069216181
0.0064859931
0.0065469796
0.0064639045
0.0069454485
0.0077073211
0.0055839167
0.0060301125
0.0072979707
0.0018876531
0.0024420559
0.0021404659
0.0133724378
0.0137988833
0.0138067664
0.0141676629
0.0069675642
0.0065712207
0.0060877943
0.0069040063
0.0063924670
0.0068602664
0.0055300670
0.0059812998
0.0136255271
0.0132050995
0.0093220669
0.0089006862
0.0103090118
0.0064888908
0.0069647871
0.0056650526
0.0060510785
0.0074128312
0.0070245942
0.0008753570
0.0013735980
0.0012641114
0.0064484687
0.0069137734
0.0068893525
0.0009490058
0.0008956047
0.0064955517
0.0069989091
0.0055824851
0.0060008992
0.0060894218
0.0056470664
0.0069219018
0.0065220763
0.0060376567
0.0055171387
0.0060258089
0.0034188148
0.0069313070
0.0065498519
0.0060417516
0.0064733747
0.0069178921
0.0127130781
0.0124849209
0.0125154694
0.0068490023
0.0064753717
0.0059977783
0.0056940558
0.0061884677
0.0069350754
0.0069024754
0.0064631708
0.0066421566
0.0071460958
0.0069905468
0.0065024841
0.0039954871
0.0066579951
0.0071649035
0.0052626439
0.0054639634
0.0080211938
0.0081277340
0.0132256328
0.0132230347
0.0052686635
0.0101159419
0.0079987092
0.0076999356
0.0064965641
0.0054222581
0.0059881333
0.0068428654
0.0063844962
0.0064072071
0.0059519655
0.0057085718
0.0061768409
0.0039096097
0.0040125193
0.0033907024
0.0035318815
0.0066451051
0.0071462664
0.0057455164
0.0061987370
0.0055657577
0.0102985642
0.0013084662
0.0122971524
0.0118381955
0.0117981509
0.0068073078
0.0063613959
0.0059250495
0.0069568969
0.0140779695
0.0057613025
0.0062029008
0.0056118957
0.0066944618
0.0071768032
0.0070235355
0.0065472430
0.0060766751
0.0067212478
0.0140594563
0.0145025737
0.0141081055
0.0113633191
0.0058565942
0.0060915132
0.0056254766
0.0023976158
0.0008551958
0.0009792526
0.0004375439
0.0028589609
0.0057704046
0.0061655826
0.0061640204
0.0074192663
0.0075012062
0.0089045833
0.0084286558
0.0066508069
0.0071191840
0.0070183021
0.0065479917
0.0122786553
0.0112410063
0.0117379792
0.0117728097
0.0071514693
0.0066822919
0.0067653047
0.0062996297
0.0058611895
0.0061773646
0.0057445685
0.0054676160
0.0066190970
0.0065922906
0.0125558004
0.0129890452
0.0130219712
0.0102267978
0.0107590002
0.0106034550
0.0042475908
0.0041628006
0.0004410677
0.0009380517
0.0004647178
0.0017795888
0.0079707595
0.0132959377
0.0138262037
0.0137205564
0.0137619480
0.0137373489
0.0133054044
0.0021262634
0.0063309224
0.0065796852
0.0068922042
0.0061182632
0.0004238326
0.0008924210
0.0004235483
0.0013616168
0.0018854912
0.0014100913
0.0144162534
0.0148658409
0.0144395207
0.0126273809
0.0131013457
0.0126402081
0.0004615891
0.0004424708
0.0142998244
0.0023270764
0.0060225066
0.0056587045
0.0065985991
0.0069050739
0.0073448580
0.0076831821
0.0137373921
0.0107526412
0.0113450664
0.0118999391
0.0039907857
0.0044758126
0.0073669044
0.0004517912
0.0008567592
0.0009015209
0.0033458512
0.0032720270
0.0079718813
0.0084958941
0.0080377733
0.0089713239
0.0089813078
0.0116988250
0.0121686203
0.0117455073
0.0079400256
0.0084003045
0.0078690062
0.0144644099
0.0144651290
0.0116659613
0.0121325500
0.0116129001
0.0023387139
0.0143293389
0.0004601107
0.0004922866
0.0009249903
0.0136683825
0.0142809993
0.0144136904
0.0115201242
0.0120838723
0.0116205397
0.0125061591
0.0129620682
0.0126418920
0.0004246725
0.0008716930
0.0126341307
0.0131000771
0.0032830637
0.0037882848
0.0033060398
0.0008922778
0.0004434696
0.0013698379
0.0018712263
0.0013166704
0.0088716505
0.0093276111
0.0088104868
0.0126075641
0.0130754942
0.0125631098
0.0018642870
0.0095416750
0.0095510690
0.0099792263
0.0098329298
0.0120600249
0.0018749818
0.0003560159
0.0077303946
0.0081902803
0.0004685792
0.0008988705
0.0004423094
0.0013377052
0.0079022157
0.0084357795
0.0088951660
0.0093790024
0.0144986483
0.0116818622
0.0121638288
0.0144359327
0.0004706562
0.0009360114
0.0138392572
0.0143454155
0.0098629180
0.0103348884
0.0013507143
0.0108991505
0.0031708000
0.0004264929
0.0144711905
0.0126126550
0.0130833305
0.0008681141
0.0004531179
0.0083347227
0.0078508488
0.0120871140
0.0115522332
0.0111262879
0.0004557713
0.0008823987
0.0061649335
0.0057616616
0.0003845352
0.0004187873
0.0032338544
0.0036012864
0.0032316181
0.0013692963
0.0018416166
0.0013492291
0.0079944785
0.0084394410
0.0079696041
0.0089074863
0.0093773175
0.0089053998
0.0143703649
0.0121089609
0.0116436865
0.0130442755
0.0125770703
0.0013398461
0.0018285025
0.0038001760
0.0032964204
0.0018596283
0.0013983319
0.0093088757
0.0087972021
0.0130218346
0.0125048445
0.0074860313
0.0061204845
0.0118962267
0.0114413105
0.0060926413
0.0059392025
0.0033310291
0.0119741780
0.0122055678
0.0124453057
0.0012456740
0.0009983237
0.0136222321
0.0008257762
0.0003457823
0.0031722387
0.0004284432
0.0008556615
0.0078556318
0.0083585553
0.0088116225
0.0116156039
0.0121093110
0.0125209701
0.0130065854
0.0144229489
0.0035832657
0.0037421026
0.0111860391
0.0116074440
0.0132531634
0.0135168687
0.0078314652
0.0082517330
0.0141904100
0.0141030526
0.0013482928
0.0018276854
0.0144069217
0.0009287704
0.0004523252
0.0083194423
0.0078017112
0.0120281772
0.0114927459
0.0143429330
0.0128765748
0.0055757976
0.0051056725
0.0004537758
0.0120363811
0.0115758983
0.0117149317
0.0082994162
0.0085647242
0.0004393351
0.0135321832
0.0137420482
0.0032489297
0.0032473759
0.0018424071
0.0013913197
0.0084363597
0.0079627805
0.0093346488
0.0088460377
0.0142619631
0.0120993317
0.0116220280
0.0129392359
0.0124720992
0.0004729453
0.0009032062
0.0087720764
0.0093033749
0.0115415047
0.0119521573
0.0114553234
0.0037930629
0.0033293748
0.0018966299
0.0014150292
0.0092556088
0.0087521475
0.0129598320
0.0124519173
0.0138471609
0.0143549819
0.0125686323
0.0009102534
0.0133102765
0.0136263779
0.0137232393
0.0129177778
0.0124383681
0.0084954550
0.0084904978
0.0100821683
0.0104496132
0.0105654768
0.0076844369
0.0132606379
0.0128131920
0.0009400989
0.0004469155
0.0018457828
0.0144205974
0.0124646453
0.0149088702
0.0144182451
0.0112522183
0.0004462557
0.0009189338
0.0004885873
0.0005342448
0.0009173075
0.0009304620
0.0004406572
0.0082722313
0.0077726864
0.0119733564
0.0114745462
0.0143769642
0.0124236192
0.0114771563
0.0143198648
0.0037440313
0.0032642970
0.0018696011
0.0014182012
0.0083668695
0.0078854843
0.0092184107
0.0087156912
0.0146622467
0.0141733639
0.0119660516
0.0114988165
0.0129101631
0.0124421238
0.0083165311
0.0087790367
0.0144028436
0.0037862070
0.0032826917
0.0018620928
0.0013628507
0.0092235914
0.0087265835
0.0129387284
0.0124372997
0.0040313918
0.0045403651
0.0069062643
0.0063738370
0.0004943123
0.0030718770
0.0034051098
0.0120231416
0.0124998700
0.0009152198
0.0004475647
0.0149089141
0.0144196326
0.0004747814
0.0008697748
0.0004802044
0.0138834306
0.0143146260
0.0127660893
0.0133195481
0.0132170613
0.0127571054
0.0142103751
0.0009552897
0.0004539774
0.0004618354
0.0009605308
0.0013755285
0.0013906942
0.0082449076
0.0077429292
0.0119570318
0.0114784872
0.0031792538
0.0078263233
0.0029211572
0.0023746613
0.0023905761
0.0027665806
0.0037478558
0.0032857496
0.0018878860
0.0013822485
0.0082326754
0.0077394063
0.0091945143
0.0087012871
0.0139775509
0.0128122025
0.0123833321
0.0082514265
0.0087186463
0.0143672725
0.0037199685
0.0032217677
0.0018192600
0.0013329806
0.0091915708
0.0087009226
0.0129397496
0.0124455126
0.0014062410
0.0012496279
0.0082104791
0.0142387858
0.0122112010
0.0137479778
0.0133283830
0.0134289494
0.0075175530
0.0031395553
0.0032868891
0.0120351424
0.0125184303
0.0008734641
0.0004301998
0.0149022794
0.0144331610
0.0029509734
0.0003694007
0.0008702788
0.0009070123
0.0009909792
0.0083901263
0.0004108368
0.0008936179
0.0009252604
0.0004942827
0.0009317235
0.0013969881
0.0143443795
0.0082174009
0.0077114112
0.0119631417
0.0114931052
0.0080939691
0.0068332894
0.0072674081
0.0009207307
0.0008737106
0.0004840229
0.0056688510
0.0034226733
0.0031584055
0.0047336580
0.0042148612
0.0032479052
0.0072173801
0.0111844628
0.0106871588
0.0081920773
0.0086659174
0.0115090884
0.0120169312
0.0115377639
0.0036657870
0.0031751410
0.0008740387
0.0004340174
0.0017853783
0.0013129837
0.0091618838
0.0086791162
0.0129507499
0.0124635734
0.0141828261
0.0004655094
0.0009491435
0.0031144460
0.0135454682
0.0135311327
0.0114240482
0.0038066926
0.0135625934
0.0140593166
0.0140181804
0.0087118590
0.0032032114
0.0004503619
0.0009147618
0.0143465192
0.0125045636
0.0144520876
0.0079079757
0.0089574069
0.0113822727
0.0081871999
0.0076787647
0.0079533653
0.0138430154
0.0137019982
0.0019730567
0.0091319615
0.0013054096
0.0081919298
0.0077235420
0.0119794891
0.0115378225
0.0121726750
0.0116202444
0.0115850788
0.0027434692
0.0106648983
0.0102322293
0.0086311995
0.0141035153
0.0140950255
0.0004485573
0.0008606700
0.0082621610
0.0087437330
0.0115581123
0.0120490620
0.0036373651
0.0031572207
0.0008665083
0.0004287340
0.0017455935
0.0012847550
0.0091732345
0.0087014603
0.0129707107
0.0125114291
0.0027215572
0.0023036721
0.0027220847
0.0014260393
0.0044671714
0.0140259126
0.0142573857
0.0143362482
0.0047829807
0.0097767801
0.0100722829
0.0095895538
0.0012902736
0.0136212357
0.0110782273
0.0114363869
0.0032999443
0.0139499070
0.0143808085
0.0125326636
0.0144804533
0.0132935406
0.0035880918
0.0031811818
0.0052157371
0.0004275980
0.0037840061
0.0135152997
0.0131119006
0.0009526579
0.0004951686
0.0004593431
0.0004322760
0.0004859208
0.0008951815
0.0013535179
0.0082117055
0.0077714630
0.0120256888
0.0116426486
0.0072920521
0.0126748130
0.0123154788
0.0143109753
0.0004266030
0.0122445617
0.0116716683
0.0120927820
0.0017060593
0.0012778255
0.0025407567
0.0030690071
0.0026479267
0.0057621364
0.0136107342
0.0136029986
0.0004538521
0.0083235871
0.0088086716
0.0143551569
0.0115607960
0.0120585992
0.0036506101
0.0031818088
0.0008448632
0.0004156266
0.0017142208
0.0012612006
0.0092149046
0.0087538574
0.0130201574
0.0126179573
0.0104249370
0.0115634200
0.0023347240
0.0117539403
0.0078249233
0.0074006186
0.0069212341
0.0124113030
0.0145513303
0.0009367804
0.0005489326
0.0011053633
0.0076766549
0.0081702217
0.0120583075
0.0004539723
0.0108984332
0.0122489817
0.0004902181
0.0004958997
0.0009172496
0.0013906751
0.0143286587
0.0082631716
0.0078744076
0.0121315343
0.0117236444
0.0082746964
0.0077626863
0.0081610314
0.0129538121
0.0134024071
0.0110557291
0.0115718957
0.0056825459
0.0052639327
0.0062003394
0.0075289966
0.0129239239
0.0079773868
0.0084411223
0.0079051167
0.0083953708
0.0088924467
0.0115884625
0.0120726234
0.0124624875
0.0128848685
0.0036857151
0.0032529142
0.0007831889
0.0017951725
0.0013700282
0.0092681267
0.0088559604
0.0131272881
0.0126976696
0.0004679773
0.0125394975
0.0121907286
0.0135487315
0.0130676926
0.0129179647
0.0063078169
0.0004996034
0.0010054779
0.0014460499
0.0018955361
0.0147048305
0.0078390408
0.0072863254
0.0076284163
0.0045944823
0.0042291072
0.0040310442
0.0060422624
0.0064527436
0.0079743431
0.0098533113
0.0063163472
0.0065798390
0.0061633237
0.0065661511
0.0082394138
0.0089193596
0.0093802017
0.0137523197
0.0142117995
0.0125704482
0.0129466366
0.0083658982
0.0079449741
0.0122118226
0.0117910120
0.0128536162
0.0125956371
0.0133790778
0.0138520082
0.0137166624
0.0082007955
0.0077772306
0.0004893202
0.0009624093
0.0014083080
0.0018558938
0.0116766737
0.0120983286
0.0037565625
0.0032731571
0.0018116100
0.0013479969
0.0093687835
0.0089229410
0.0132056803
0.0127614096
0.0004788621
0.0009818020
0.0095083400
0.0033138820
0.0027975281
0.0032869535
0.0089588001
0.0093228359
0.0142648504
0.0125199447
0.0130231829
0.0009381016
0.0004553013
0.0147377720
0.0028968622
0.0023695290
0.0022234128
0.0019395270
0.0014802074
0.0133970887
0.0129295323
0.0115774016
0.0120815054
0.0119548992
0.0123428559
0.0014124653
0.0018820567
0.0084349366
0.0079773765
0.0122775534
0.0118437315
0.0034680979
0.0111539858
0.0116161435
0.0121160207
0.0126233281
0.0125274058
0.0125501986
0.0078909997
0.0018810482
0.0014479764
0.0014115509
0.0076334441
0.0009872490
0.0098281236
0.0098420256
0.0004843703
0.0009526199
0.0089061174
0.0094088109
0.0116250089
0.0120933753
0.0125348213
0.0129778062
0.0037789264
0.0032941859
0.0018388293
0.0013670884
0.0094336076
0.0089502444
0.0132672098
0.0128092322
0.0004987338
0.0009696430
0.0079681149
0.0088076004
0.0088044866
0.0144380610
0.0143163455
0.0110875439
0.0038454082
0.0032634646
0.0013984843
0.0139260268
0.0143994982
0.0008914635
0.0004301233
0.0147415394
0.0014698969
0.0116469794
0.0121220726
0.0129724396
0.0031520531
0.0039709621
0.0039931618
0.0043897252
0.0035732538
0.0138775109
0.0007851840
0.0003639102
0.0111753601
0.0004523778
0.0009359113
0.0126144071
0.0129931946
0.0084648516
0.0080105818
0.0123278010
0.0118780852
0.0088629131
0.0093105438
0.0126071797
0.0009732798
0.0113179702
0.0085838192
0.0076672817
0.0056284701
0.0014222144
0.0018130208
0.0079358453
0.0083512394
0.0078465926
0.0088007086
0.0143830972
0.0037986743
0.0032975384
0.0009066273
0.0004432639
0.0018522467
0.0013680966
0.0094575935
0.0089766389
0.0147342674
0.0133113323
0.0128371076
0.0004980567
0.0009763857
0.0144923280
0.0097829655
0.0012992450
0.0008828651
0.0009234897
0.0134150422
0.0129031786
0.0016165686
0.0030333275
0.0136504417
0.0126394446
0.0131231941
0.0033350280
0.0028576694
0.0031737115
0.0115974930
0.0120547199
0.0038023898
0.0085340233
0.0086223521
0.0004823464
0.0009543709
0.0014324307
0.0018794149
0.0144204847
0.0084946119
0.0080214621
0.0123589359
0.0118300441
0.0007392179
0.0009366937
0.0004015419
0.0130423664
0.0126248871
0.0078605994
0.0133338389
0.0116527805
0.0011876453
0.0006626602
0.0002806137
0.0111378516
0.0079161110
0.0084112174
0.0116328348
0.0121275388
0.0116477693
0.0125857889
0.0130825349
0.0037994730
0.0033302407
0.0008977215
0.0003861589
0.0018876702
0.0014312438
0.0094796753
0.0089852777
0.0146867438
0.0132987117
0.0127869506
0.0031812350
0.0014993237
0.0012241316
0.0139669418
0.0144143115
0.0111991695
0.0117800923
0.0123073367
0.0061457202
0.0065781203
0.0066947466
0.0114022252
0.0113884039
0.0118326262
0.0045165757
0.0046104840
0.0049702728
0.0026037240
0.0022868773
0.0045395681
0.0013493722
0.0025547229
0.0029192005
0.0031565324
0.0027416038
0.0031982728
0.0005286507
0.0009978519
0.0014565956
0.0018859336
0.0146073217
0.0031823880
0.0032747321
0.0142764496
0.0085041672
0.0080697960
0.0146730355
0.0123096587
0.0118286406
0.0032579995
0.0005240707
0.0074727359
0.0077943030
0.0078415865
0.0117642972
0.0121506620
0.0028101410
0.0032502176
0.0004664595
0.0009353322
0.0078913703
0.0084059524
0.0116232133
0.0120898815
0.0125206439
0.0130611806
0.0037984197
0.0033478558
0.0009591843
0.0004808856
0.0019292436
0.0014419490
0.0094909907
0.0090379682
0.0132863318
0.0127873315
0.0004894856
0.0081115827
0.0013816154
0.0018305986
0.0013330533
0.0087466949
0.0092387282
0.0088091665
0.0083079084
0.0144016479
0.0139898895
0.0145148338
0.0117090470
0.0119334297
0.0123059053
0.0124481940
0.0032883897
0.0078042055
0.0082703616
0.0116194693
0.0120744415
0.0085532792
0.0080829215
0.0147497035
0.0123089656
0.0118306892
0.0033094424
0.0004797948
0.0111894348
0.0112353712
0.0117800264
0.0116402793
0.0004651005
0.0009157935
0.0125445487
0.0130626168
0.0037891360
0.0033327724
0.0009755738
0.0004997142
0.0018786191
0.0013940492
0.0095014745
0.0090565089
0.0132895186
0.0127902662
0.0079516724
0.0084314960
0.0080195838
0.0145530611
0.0087776991
0.0124473815
0.0125652387
0.0121154765
0.0031341329
0.0078377450
0.0082735726
0.0087366891
0.0092679071
0.0033447405
0.0009550336
0.0014596563
0.0089118262
0.0117142260
0.0121800054
0.0129349405
0.0128309820
0.0050020869
0.0054932236
0.0055525150
0.0060720497
0.0005430486
0.0004540355
0.0004644320
0.0004783522
0.0004078929
0.0074691728
0.0078686475
0.0079144451
0.0005059081
0.0009563522
0.0085670828
0.0080964314
0.0147562509
0.0123115426
0.0118842574
0.0005045895
0.0009837290
0.0080116517
0.0084650364
0.0145889565
0.0126705632
0.0047703958
0.0051194654
0.0004575889
0.0130470070
0.0031571200
0.0025945035
0.0031215904
0.0142867210
0.0116169515
0.0121620223
0.0120486825
0.0027608295
0.0031252692
0.0078834721
0.0082732872
0.0037981557
0.0033322472
0.0009281766
0.0004554734
0.0018771751
0.0013895902
0.0094926545
0.0090375604
0.0132904899
0.0128374135
0.0032598421
0.0014839667
0.0089567447
0.0117305814
0.0122077969
0.0065025045
0.0064246489
0.0036325660
0.0005853305
0.0010697992
0.0008006455
0.0112992004
0.0118375210
0.0013558257
0.0018406466
0.0014697758
0.0088159072
0.0092820416
0.0143775333
0.0144501378
0.0116169345
0.0121523862
0.0116802878
0.0004931898
0.0009851493
0.0080098073
0.0085087215
0.0127018074
0.0110940834
0.0115400554
0.0032273744
0.0040261826
0.0026346426
0.0031343614
0.0005635244
0.0143220977
0.0004695815
0.0009916147
0.0085732088
0.0080039944
0.0147745597
0.0123594682
0.0118252863
0.0031676662
0.0014180205
0.0089418165
0.0117468029
0.0122434472
0.0025504292
0.0093232236
0.0052662664
0.0058641749
0.0059752464
0.0005465519
0.0007611814
0.0003245538
0.0014350143
0.0013687883
0.0064568208
0.0065922235
0.0078239435
0.0083425346
0.0087679499
0.0092892336
0.0143578652
0.0114992474
0.0037938208
0.0033173275
0.0009207834
0.0004490692
0.0018631787
0.0013712687
0.0094756011
0.0090064841
0.0132964939
0.0127815825
0.0126709711
0.0067513031
0.0021608350
0.0064421671
0.0004965411
0.0022877580
0.0138144825
0.0141350103
0.0118003671
0.0027405979
0.0032613372
0.0005077785
0.0010122395
0.0143002574
0.0004100063
0.0008435441
0.0147687988
0.0032103012
0.0005083197
0.0009838745
0.0014289812
0.0079445083
0.0084359246
0.0088843963
0.0144840178
0.0145542550
0.0101894744
0.0098627469
0.0097441454
0.0028475334
0.0033385629
0.0032846373
0.0019564951
0.0014655811
0.0044087218
0.0039644086
0.0130637190
0.0088632774
0.0021714788
0.0005093219
0.0142856218
0.0085119621
0.0080569506
0.0123046263
0.0118393497
0.0145499902
0.0117223959
0.0122043281
0.0126451892
0.0105579209
0.0103742293
0.0027516188
0.0032056801
0.0078058136
0.0082836054
0.0138914439
0.0134868021
0.0038285029
0.0033423054
0.0009037114
0.0003987402
0.0018898892
0.0014204046
0.0095157748
0.0089564841
0.0132792239
0.0127926353
0.0013858020
0.0018879138
0.0088989819
0.0093416052
0.0046093100
0.0051639157
0.0041031430
0.0087545202
0.0147268259
0.0032728626
0.0004347614
0.0009145707
0.0079141308
0.0084194945
0.0126371651
0.0131017331
0.0138594797
0.0133615998
0.0136325671
0.0117567482
0.0116752680
0.0077452853
0.0140994410
0.0124790778
0.0085293661
0.0080194808
0.0123172816
0.0118482992
0.0013992763
0.0018685041
0.0089119754
0.0093774423
0.0140158809
0.0145590363
0.0116945992
0.0121649797
0.0074336220
0.0013268110
0.0142169226
0.0074248778
0.0077268511
0.0072775290
0.0112212916
0.0115516820
0.0038250892
0.0033305580
0.0018837259
0.0013735513
0.0132880662
0.0127933059
0.0004050840
0.0009087614
0.0126367817
0.0131252299
0.0045185960
0.0044129799
0.0060173148
0.0065372812
0.0065318619
0.0049298188
0.0052404007
0.0117077396
0.0117407404
0.0129495888
0.0151107268
0.0033225899
0.0014138517
0.0018935281
0.0079154292
0.0084109272
0.0088864220
0.0093677739
0.0145227459
0.0116486466
0.0120982583
0.0092607052
0.0008950838
0.0004760205
0.0032116583
0.0036683180
0.0031809751
0.0082443250
0.0004799973
0.0004520979
0.0128954749
0.0124892982
0.0084916666
0.0079992158
0.0123239513
0.0117803971
0.0126180694
0.0131030606
0.0031423111
0.0141495596
0.0140921279
0.0034964666
0.0031932195
0.0131597226
0.0022991043
0.0046226875
0.0118393233
0.0139300699
0.0138564744
0.0134134577
0.0129490051
0.0137165882
0.0038061290
0.0032969590
0.0018558942
0.0012892863
0.0132249014
0.0126891279
0.0032864390
0.0004816585
0.0009580733
0.0079201661
0.0083928185
0.0088255709
0.0092564660
0.0144767899
0.0117021123
0.0140920002
0.0109432791
0.0027477701
0.0022068800
0.0022709283
0.0017314996
0.0085855062
0.0082213781
0.0084416965
0.0123748872
0.0146372284
0.0145625916
0.0013851471
0.0126083735
0.0131221897
0.0131127863
0.0027802095
0.0078466833
0.0073742990
0.0115963069
0.0113360065
0.0118175803
0.0123496365
0.0135708277
0.0135670119
0.0012224883
0.0009150164
0.0089787998
0.0143523426
0.0129203913
0.0105973153
0.0084642697
0.0079898556
0.0122320068
0.0116535387
0.0032330744
0.0004770548
0.0009044433
0.0117516642
0.0121549397
0.0126041126
0.0083571593
0.0128640109
0.0125344447
0.0131093094
0.0005059720
0.0116935307
0.0115683352
0.0003799116
0.0111843989
0.0135365810
0.0140078218
0.0135446838
0.0037808868
0.0032539527
0.0018133168
0.0013715960
0.0131137383
0.0125522066
0.0013667183
0.0079379425
0.0083577500
0.0078703277
0.0082983356
0.0088107870
0.0144784462
0.0090116720
0.0094446971
0.0032684373
0.0088269797
0.0121118311
0.0092209798
0.0032038457
0.0004385461
0.0009227838
0.0116466198
0.0121302342
0.0122023503
0.0126096646
0.0143528691
0.0144193547
0.0113369338
0.0002988575
0.0007389383
0.0084615534
0.0079462189
0.0121099557
0.0115866801
0.0014071203
0.0088617232
0.0136458890
0.0141348360
0.0141498641
0.0123057712
0.0117145586
0.0136299069
0.0080270859
0.0004006784
0.0004317133
0.0004914801
0.0009499613
0.0004737415
0.0013913693
0.0018479413
0.0014125737
0.0132363959
0.0038457381
0.0033997096
0.0139413837
0.0035615998
0.0026379746
0.0037523750
0.0032768291
0.0005452417
0.0009289768
0.0004463239
0.0018480849
0.0014248811
0.0031737060
0.0004834256
0.0009760500
0.0139777152
0.0144591417
0.0126243239
0.0066064156
0.0085488804
0.0087469400
0.0090245084
0.0131114780
0.0031772781
0.0116897896
0.0121796728
0.0117219471
0.0129964763
0.0127048397
0.0057735334
0.0058305705
0.0003731169
0.0004708328
0.0079737689
0.0091878079
0.0143957516
0.0144928563
0.0013445558
0.0088064793
0.0116176089
0.0121113858
0.0142340669
0.0144563329
0.0079229829
0.0115601082
0.0110989669
0.0125031658
0.0129956862
0.0125955479
0.0032799668
0.0009314993
0.0004544923
0.0018769965
0.0013954041
0.0087667558
0.0093435992
0.0088606579
0.0054154392
0.0005505765
0.0004205713
0.0018646812
0.0013692659
0.0148029094
0.0142398877
0.0120083640
0.0132665333
0.0027565700
0.0032530319
0.0004620684
0.0009200863
0.0013502941
0.0018082894
0.0078892816
0.0083571094
0.0079468764
0.0087883734
0.0092479679
0.0139971270
0.0144651686
0.0089329570
0.0119813647
0.0116017732
0.0128437554
0.0124847565
0.0036993631
0.0032201430
0.0144145681
0.0121793000
0.0116942100
0.0130688211
0.0125654305
0.0031571143
0.0141510455
0.0141727525
0.0122253909
0.0123818471
0.0025691232
0.0020813971
0.0034386775
0.0083573291
0.0089169880
0.0116597349
0.0121276690
0.0125595006
0.0129902429
0.0033465701
0.0014276155
0.0010151838
0.0080073473
0.0009408539
0.0005312746
0.0008168392
0.0136431313
0.0140828126
0.0107884507
0.0107492009
0.0112401771
0.0116473001
0.0004454166
0.0013132883
0.0017587403
0.0087679541
0.0092131653
0.0144548397
0.0144188866
0.0017643875
0.0012641054
0.0093791003
0.0089117998
0.0131218135
0.0042918233
0.0038133331
0.0047627879
0.0057371291
0.0070833593
0.0066076121
0.0066507830
0.0018543987
0.0013962307
0.0032584126
0.0004525411
0.0009061459
0.0078943016
0.0083610494
0.0005035133
0.0009329647
0.0004726957
0.0093969293
0.0089297199
0.0121298574
0.0117025629
0.0129993275
0.0126384697
0.0037417250
0.0032690805
0.0143422165
0.0129846965
0.0125332597
0.0126267696
0.0120978566
0.0009322934
0.0134995979
0.0137384502
0.0013607601
0.0088446927
0.0144829844
0.0116794541
0.0122066368
0.0126494573
0.0084697075
0.0004522004
0.0009488663
0.0023166265
0.0018822247
0.0038225998
0.0035756020
0.0131252161
0.0135755951
0.0093838286
0.0000000000
0.0005041901
0.0004578162
0.0112798532
0.0143424858
0.0111147975
0.0142081469
0.0022646472
0.0028747502
0.0024302951
0.0112981301
0.0096298952
0.0090001110
0.0091171662
0.0086913727
0.0004977481
0.0114421522
0.0131049378
0.0032712327
0.0036750789
0.0004315243
0.0008723743
0.0079242366
0.0083993653
0.0038345783
0.0033369587
0.0004564888
0.0017577560
0.0013565468
0.0080428728
0.0084373074
0.0079797303
0.0093423412
0.0088533914
0.0148086452
0.0143175931
0.0005394214
0.0117750456
0.0122285289
0.0028935703
0.0032929426
0.0017659334
0.0017358172
0.0013513418
0.0018175358
0.0088862181
0.0093035016
0.0144919868
0.0116658027
0.0121473445
0.0126079354
0.0057078708
0.0037930138
0.0032973380
0.0117167602
0.0120694178
0.0115995254
0.0128796619
0.0124485352
0.0117120374
0.0145092650
0.0032640955
0.0004678296
0.0009110550
0.0137389134
0.0126544350
0.0122053003
0.0121938168
0.0004501086
0.0074623367
0.0022075516
0.0096439582
0.0088925476
0.0087537681
0.0087589228
0.0092067483
0.0110535468
0.0114951396
0.0118686585
0.0128419545
0.0142260641
0.0069456326
0.0052229955
0.0052743807
0.0056954410
0.0013766390
0.0018239550
0.0079064623
0.0083892482
0.0088695193
0.0093663542
0.0144611101
0.0126206689
0.0005127601
0.0009451679
0.0004721751
0.0018153193
0.0014145808
0.0083799121
0.0079122113
0.0092518911
0.0087719790
0.0143119949
0.0087978342
0.0114432175
0.0079822996
0.0136078966
0.0140564537
0.0137847476
0.0106323037
0.0032869880
0.0004499016
0.0009175619
0.0116797475
0.0121465346
0.0018145846
0.0018301642
0.0004884926
0.0107764166
0.0108228436
0.0037658998
0.0032808204
0.0119727261
0.0115018041
0.0129117985
0.0123906993
0.0069643606
0.0079467021
0.0140269826
0.0140455800
0.0004595609
0.0004136381
0.0074888213
0.0092691800
0.0079212603
0.0083953941
0.0088811517
0.0093563547
0.0145019074
0.0148954776
0.0126335937
0.0009226495
0.0089480940
0.0029261311
0.0014150439
0.0116416315
0.0121500907
0.0087244903
0.0009300941
0.0004633865
0.0018842551
0.0013764797
0.0083068576
0.0078487396
0.0091815980
0.0087193952
0.0142434715
0.0031548727
0.0036463022
0.0031679841
0.0074083481
0.0078966363
0.0141711534
0.0117124547
0.0114648752
0.0111969451
0.0060359839
0.0133058006
0.0137454682
0.0110670009
0.0104360899
0.0106952426
0.0109344043
0.0136788883
0.0134758424
0.0033178364
0.0004835334
0.0009498920
0.0079465175
0.0084277968
0.0144043423
0.0149190919
0.0126338360
0.0104582630
0.0109698533
0.0037026135
0.0032659348
0.0119109075
0.0114480008
0.0128604343
0.0123639807
0.0073631154
0.0078765506
0.0126537305
0.0128875710
0.0129798653
0.0111352752
0.0116411901
0.0031240591
0.0022877651
0.0013829143
0.0088508310
0.0116659352
0.0121468932
0.0083383816
0.0141741866
0.0006046989
0.0005668322
0.0026848447
0.0004429693
0.0004727624
0.0004487934
0.0004534884
0.0080587756
0.0077424083
0.0032711558
0.0004557027
0.0009290980
0.0083622371
0.0125098358
0.0028086120
0.0004315900
0.0146639852
0.0140728867
0.0112928330
0.0009000005
0.0004365800
0.0018530569
0.0013656807
0.0082620908
0.0078073346
0.0091569069
0.0087094203
0.0026215072
0.0028551611
0.0141694828
0.0146926707
0.0116222388
0.0110370247
0.0115926128
0.0054098223
0.0093488278
0.0092305901
0.0111735120
0.0106860421
0.0013640967
0.0087729397
0.0142868600
0.0115446173
0.0120200362
0.0032915822
0.0014074286
0.0009224549
0.0092480725
0.0088093371
0.0036993371
0.0032589470
0.0118881412
0.0114264660
0.0128373738
0.0123147618
0.0098413296
0.0082491090
0.0008426700
0.0091055162
0.0024510224
0.0019007408
0.0023639059
0.0042961251
0.0004608053
0.0009480999
0.0018087942
0.0128338506
0.0123149943
0.0119573345
0.0114269583
0.0141389027
0.0031978705
0.0079055874
0.0083815880
0.0089035039
0.0093670659
0.0116671818
0.0009142476
0.0014019043
0.0142163182
0.0114548484
0.0078824599
0.0078782567
0.0008874591
0.0003818698
0.0018438606
0.0014017241
0.0082430431
0.0077834542
0.0091646280
0.0086947003
0.0136834969
0.0142273155
0.0112140461
0.0116521622
0.0135339174
0.0139895465
0.0135877061
0.0130873226
0.0086823912
0.0116499225
0.0116336504
0.0004715408
0.0010030651
0.0141812080
0.0032799238
0.0009172534
0.0004443915
0.0018658287
0.0013612381
0.0088028091
0.0036916617
0.0032441755
0.0118377899
0.0113755103
0.0127616321
0.0122272719
0.0032736600
0.0065364751
0.0139362811
0.0138681806
0.0135645230
0.0131703090
0.0026218414
0.0021659503
0.0004069434
0.0004477408
0.0025585350
0.0030442250
0.0028777754
0.0074230422
0.0111629772
0.0140947133
0.0078170026
0.0084087884
0.0087975249
0.0093394231
0.0142655329
0.0140185594
0.0055109595
0.0060411283
0.0004236608
0.0004456900
0.0008884717
0.0136718834
0.0141911341
0.0083339660
0.0078233440
0.0009217954
0.0004474626
0.0018795333
0.0013542120
0.0081907941
0.0077298280
0.0090691013
0.0086200048
0.0004588315
0.0009518579
0.0004959507
0.0014447606
0.0018930297
0.0008089334
0.0003886271
0.0127887605
0.0136187752
0.0132406648
0.0066454516
0.0062496605
0.0033537318
0.0031423468
0.0085828065
0.0032025309
0.0008817726
0.0004259750
0.0018578671
0.0013278904
0.0092786630
0.0087643600
0.0036409446
0.0031911975
0.0117514197
0.0112938445
0.0127060523
0.0121943080
0.0033346029
0.0144398729
0.0116414938
0.0121674562
0.0126557177
0.0130712228
0.0009305486
0.0004639953
0.0009175504
0.0007804545
0.0004534821
0.0022879641
0.0103246292
0.0099514842
0.0097821700
0.0141108582
0.0004797301
0.0009656782
0.0080686177
0.0085168446
0.0082495832
0.0087383726
0.0007872366
0.0012081889
0.0079693977
0.0114282402
0.0080881545
0.0076087850
0.0079231798
0.0025972921
0.0030593464
0.0028626744
0.0013172296
0.0013049744
0.0131884284
0.0136431286
0.0131991003
0.0008039475
0.0003640690
0.0078108372
0.0073351171
0.0008792716
0.0003835639
0.0018330929
0.0013800817
0.0081633034
0.0076676013
0.0090568964
0.0086222825
0.0032755162
0.0037594163
0.0014652844
0.0019110596
0.0132891271
0.0036224516
0.0038416966
0.0048109970
0.0043969448
0.0050026352
0.0016253424
0.0010761324
0.0024645877
0.0013694245
0.0018508313
0.0088016595
0.0082908669
0.0122024824
0.0121884831
0.0036011362
0.0031593866
0.0117280489
0.0112829125
0.0126726775
0.0122207327
0.0090042333
0.0144704938
0.0116326565
0.0121324182
0.0126330326
0.0131290620
0.0032029384
0.0022357189
0.0027280979
0.0083525873
0.0032726087
0.0137629770
0.0137363960
0.0003988600
0.0073055297
0.0078199870
0.0083423864
0.0137267395
0.0136225477
0.0141445076
0.0032808315
0.0004691264
0.0009620114
0.0081293948
0.0085963744
0.0145502045
0.0036701857
0.0092324495
0.0138938209
0.0141419529
0.0004865629
0.0005219281
0.0004193506
0.0080667109
0.0085390802
0.0082439033
0.0114582866
0.0088711281
0.0092948243
0.0094352103
0.0026218699
0.0015501073
0.0018174211
0.0013150357
0.0083474657
0.0084367140
0.0052149548
0.0074342421
0.0140385757
0.0009176440
0.0004598752
0.0018377749
0.0013343584
0.0081707408
0.0077177291
0.0090422875
0.0085301313
0.0014678202
0.0032145806
0.0008940474
0.0003942644
0.0004687402
0.0008680322
0.0008911516
0.0079435234
0.0076725442
0.0038356844
0.0084414436
0.0141735411
0.0142017021
0.0038840532
0.0034623320
0.0039780057
0.0133757999
0.0129966434
0.0130004303
0.0044988256
0.0003309306
0.0132333003
0.0136676993
0.0131708084
0.0064687088
0.0034528463
0.0035649208
0.0031264611
0.0117667441
0.0113280850
0.0127008043
0.0122961074
0.0145467197
0.0116949642
0.0121290641
0.0126158316
0.0014002361
0.0013539222
0.0088965344
0.0084144897
0.0142824377
0.0124435027
0.0121296523
0.0126674773
0.0009545733
0.0009958118
0.0136663209
0.0139077170
0.0146288555
0.0141071432
0.0033375704
0.0004449911
0.0009384802
0.0080910177
0.0085442915
0.0004365055
0.0129838367
0.0125671952
0.0005407286
0.0005057252
0.0081623006
0.0013273321
0.0025929239
0.0077568359
0.0075394518
0.0094511963
0.0094150962
0.0093412864
0.0088117329
0.0105066555
0.0128624415
0.0133690108
0.0008802072
0.0004354499
0.0018159579
0.0013128419
0.0080896931
0.0076629812
0.0089949989
0.0085768272
0.0145322443
0.0149969179
0.0032725057
0.0079962772
0.0143504644
0.0081250988
0.0016776706
0.0021381800
0.0020707564
0.0029893505
0.0140667740
0.0136038342
0.0140772702
0.0092752110
0.0072892150
0.0035833035
0.0030992430
0.0118451501
0.0114062004
0.0127676637
0.0123740063
0.0117527654
0.0121625417
0.0126032600
0.0018830186
0.0014114750
0.0094188183
0.0089134642
0.0041120412
0.0040164448
0.0045566172
0.0089415857
0.0089174555
0.0105402127
0.0107299398
0.0088539748
0.0099872067
0.0081652988
0.0076098521
0.0141690783
0.0033625693
0.0080763470
0.0084925734
0.0009158379
0.0130551947
0.0112811785
0.0106727248
0.0010377407
0.0004762331
0.0009051546
0.0099158218
0.0100065914
0.0076224645
0.0134964707
0.0031564290
0.0018011273
0.0013378157
0.0081215082
0.0090416755
0.0086616840
0.0119740309
0.0038271385
0.0018987823
0.0014488027
0.0085248998
0.0094326813
0.0089384519
0.0122059635
0.0130621124
0.0032842193
0.0084545424
0.0116648494
0.0121047773
0.0125620572
0.0070677740
0.0078213167
0.0081418651
0.0116746026
0.0114012613
0.0095508523
0.0092866658
0.0081161303
0.0053779470
0.0044781837
0.0052615150
0.0057185665
0.0057229029
0.0085526690
0.0089814744
0.0088715423
0.0045894706
0.0000000000
0.0000000000
0.0003064131
0.0000000000
0.0003771717
0.0000000000
0.0150664159
0.0147894770
0.0151298186
0.0147248945
0.0147705864
0.0146580017
0.0143443361
0.0076453902
0.0090987549
0.0093787073
0.0096424645
0.0091464401
0.0054040410
0.0099680837
0.0098496025
0.0095175457
0.0081984267
0.0077451568
0.0063902791
0.0058895277
0.0062873378
0.0051844930
0.0106691384
0.0110832195
0.0107620471
0.0098879607
0.0035875715
0.0041291848
0.0037474029
0.0036399705
0.0082626946
0.0077721362
0.0078914235
0.0022451261
0.0109625077
0.0109201464
0.0113697524
0.0076969100
0.0080533185
0.0084261725
0.0059828090
0.0111464584
0.0124832935
0.0120957994
0.0125422891
0.0090403229
0.0105624895
0.0096995074
0.0054022816
0.0053931810
0.0058592704
0.0052280723
0.0080257201
0.0084724462
0.0093634754
0.0089930290
0.0077610695
0.0137951892
0.0134050001
0.0091511270
0.0044928298
0.0047459559
0.0019210042
0.0123858313
0.0047109316
0.0133348889
0.0137974513
0.0082751855
0.0078862200
0.0094716366
0.0094355221
0.0106763421
0.0109674647
0.0112025656
0.0091883599
0.0072760258
0.0071795866
0.0068936914
0.0080435158
0.0080936983
0.0084702353
0.0036681128
0.0086156669
0.0082399265
0.0064336498
0.0068665219
0.0066972297
0.0050937554
0.0055153187
0.0097221736
0.0093289368
0.0094491303
0.0077540746
0.0081966542
0.0080563733
0.0082575469
0.0081381158
0.0078521524
0.0130044295
0.0064836859
0.0015362758
0.0037175513
0.0034099313
0.0064484242
0.0101207854
0.0075696499
0.0081103083
0.0077107827
0.0073420276
0.0072782347
0.0048891644
0.0087266352
0.0082783523
0.0105805176
0.0070378461
0.0066341592
0.0086155901
0.0075812999
0.0087641756
0.0092024924
0.0005067831
0.0009809555
0.0028556443
0.0029513651
0.0068469573
0.0073518527
0.0083331907
0.0110750706
0.0112980256
0.0136361060
0.0136323073
0.0069914188
0.0070016370
0.0111022528
0.0018542058
0.0089652615
0.0101360149
0.0115261538
0.0121011576
0.0120509854
0.0090768141
0.0096237314
0.0096563861
0.0135890773
0.0134369624
0.0141623117
0.0055293695
0.0048770324
0.0048257379
0.0052750287
0.0100839673
0.0103108428
0.0139257479
0.0087980580
0.0056200618
0.0110793000
0.0009323855
0.0129808608
0.0104135722
0.0101055136
0.0099854201
0.0058935148
0.0055665376
0.0054401817
0.0125622213
0.0010045075
0.0048505034
0.0045348287
0.0048741709
0.0052152130
0.0047212461
0.0106689454
0.0039969208
0.0036408025
0.0035102148
0.0034395326
0.0032728090
0.0055850208
0.0053078856
0.0121001809
0.0098891617
0.0135386085
0.0135566516
0.0078037385
0.0018208082
0.0071007626
0.0020065110
0.0027263686
0.0137716183
0.0064015639
0.0060701283
0.0039942481
0.0042347602
0.0068467515
0.0047831599
0.0047090100
0.0042412556
0.0011969836
0.0016701990
0.0013945119
0.0133745463
0.0106743633
0.0035749457
0.0031255353
0.0013670249
0.0071122993
0.0066189696
0.0126876103
0.0013581682
0.0009065774
0.0010152361
0.0123544246
0.0041998133
0.0047187524
0.0120487926
0.0116363478
0.0027573680
0.0113719196
0.0009445081
0.0009479690
0.0014540825
0.0110689760
0.0060359697
0.0120711850
0.0022488939
0.0037194745
0.0037013139
0.0032468438
0.0107430139
0.0112669409
0.0087724391
0.0103422532
0.0097733718
0.0018042429
0.0000000000
0.0107328842
0.0114264744
0.0110227458
0.0123627140
0.0045603500
0.0020948052
0.0022329067
0.0017492903
0.0085162405
0.0034602220
0.0053455254
0.0049511703
0.0015305117
0.0019189260
0.0017396577
0.0044476839
0.0049307241
0.0045035740
0.0109237238
0.0113472740
0.0113246994
0.0105495564
0.0044731737
0.0048573169
0.0110965132
0.0102866187
0.0097970149
0.0100351550
0.0101839497
0.0040604042
0.0035826339
0.0036867535
0.0089045635
0.0046713251
0.0051763340
0.0033757684
0.0096848276
0.0138905084
0.0097205579
0.0101131300
0.0097548766
0.0046644184
0.0093801330
0.0092439137
0.0096463845
0.0120514278
0.0121069030
0.0098339719
0.0102616788
0.0046477404
0.0050542422
0.0045994978
0.0046376925
0.0050137105
0.0028862649
0.0032432085
0.0018661108
0.0073697633
0.0073045437
0.0068051949
0.0045121121
0.0046021465
0.0051193123
0.0045499727
0.0099274412
0.0102359399
0.0084698948
0.0082988509
0.0076435505
0.0046335410
0.0051303801
0.0096886762
0.0090970165
0.0096943389
0.0097834523
0.0093011559
0.0047568398
0.0093432139
0.0046017267
0.0049932994
0.0050468009
0.0046578579
0.0098695393
0.0046081486
0.0076019295
0.0046223001
0.0103488766
0.0060140590
0.0062470840
0.0045937194
0.0050427232
0.0051125804
0.0102439535
0.0102434618
0.0097834849
0.0046471456
0.0050556800
0.0046626863
0.0015040214
0.0019607208
0.0038731087
0.0098400597
0.0095287895
0.0096743474
0.0045550064
0.0049157875
0.0067720631
0.0072028316
0.0071764060
0.0096353141
0.0130030244
0.0046004637
0.0129372035
0.0101552032
0.0091040955
0.0086414559
0.0091508216
0.0125558764
0.0098032338
0.0034010429
0.0101210537
0.0046112212
0.0058128007
0.0136015750
0.0083946610
0.0132285799
0.0110827802
0.0132553042
0.0128478141
0.0129410075
0.0018921722
0.0014296979
0.0006584727
0.0004238582
0.0003570022
0.0051460315
0.0097270051
0.0098262433
0.0126637845
0.0130525622
0.0127329731
0.0101947842
0.0102568179
0.0111423242
0.0103648664
0.0100867825
0.0051174605
0.0096914950
0.0046303308
0.0107720984
0.0102987036
0.0119476510
0.0045843345
0.0102411505
0.0112753222
0.0108833723
0.0103345994
0.0098610559
0.0092807931
0.0127754511
0.0020020287
0.0035544227
0.0038285970
0.0019148081
0.0015140231
0.0018688912
0.0013998156
0.0014097821
0.0063555534
0.0069200976
0.0004496497
0.0003770247
0.0007222542
0.0011851223
0.0007852011
0.0056041366
0.0056486692
0.0032112211
0.0021330638
0.0025292760
0.0064566254
0.0008632670
0.0131010042
0.0120007217
0.0018685906
0.0064559360
0.0068939216
0.0069745468
0.0107500782
0.0099421125
0.0064000199
0.0062874012
0.0063524449
0.0005026354
0.0131286729
0.0112691870
0.0121754800
0.0116663492
0.0063689142
0.0067923739
0.0022330810
0.0049454648
0.0046188997
0.0127591841
0.0094931508
0.0114774043
0.0080400469
0.0121357626
0.0098543239
0.0010009593
0.0045199043
0.0021643281
0.0021986133
0.0053187713
0.0048676844
0.0088859923
0.0032167593
0.0036752628
0.0036510264
0.0023884088
0.0079794789
0.0018736685
0.0015013080
0.0019465634
0.0014764907
0.0064468098
0.0103180045
0.0129734906
0.0133357773
0.0128785677
0.0070033170
0.0064567930
0.0063482202
0.0058743760
0.0126334334
0.0121777871
0.0065414653
0.0070550216
0.0039886735
0.0034874479
0.0039339843
0.0017338256
0.0092931334
0.0065576317
0.0077797856
0.0076352417
0.0064558100
0.0121868763
0.0126358585
0.0124264341
0.0071761992
0.0003942369
0.0009381830
0.0064696761
0.0060048613
0.0085226432
0.0078018963
0.0083179201
0.0078219953
0.0019091785
0.0122417036
0.0128083891
0.0127065958
0.0064384915
0.0041678647
0.0036381525
0.0031918947
0.0091401198
0.0049503147
0.0096143510
0.0095612905
0.0018203407
0.0013959330
0.0128824646
0.0127902926
0.0126063151
0.0027599065
0.0109211053
0.0105214876
0.0052124746
0.0072313581
0.0124100276
0.0087834315
0.0018941952
0.0064771666
0.0054584189
0.0054341290
0.0023453272
0.0014028560
0.0054395390
0.0040174689
0.0017331178
0.0097746102
0.0101804314
0.0084540784
0.0064686808
0.0050288109
0.0134047096
0.0114248239
0.0089216505
0.0087263321
0.0127010583
0.0135769221
0.0067736434
0.0028510734
0.0030990748
0.0050097422
0.0052373418
0.0046978117
0.0009391969
0.0140195665
0.0066057985
0.0061098540
0.0064987307
0.0123938528
0.0081416805
0.0080864314
0.0084695992
0.0107653266
0.0112917216
0.0102295684
0.0093712345
0.0052156100
0.0060919522
0.0140002300
0.0118701287
0.0117048329
0.0123994513
0.0128878248
0.0127059667
0.0027550614
0.0026808792
0.0031360138
0.0096105689
0.0094986019
0.0026792170
0.0112169489
0.0027481861
0.0027373791
0.0008693908
0.0043688522
0.0133218483
0.0016290758
0.0012689669
0.0012352753
0.0124142819
0.0025734682
0.0047355329
0.0122428979
0.0083109015
0.0141459252
0.0138264790
0.0141546911
0.0017632847
0.0088835673
0.0089879163
0.0028781036
0.0029009638
0.0023712581
0.0018221911
0.0078754610
0.0138742496
0.0049923397
0.0076938998
0.0073273314
0.0072421499
0.0012060926
0.0119407506
0.0115436400
0.0077434571
0.0115520558
0.0056438819
0.0059933092
0.0116498539
0.0050956780
0.0138969244
0.0134575216
0.0131961829
0.0005341762
0.0121026226
0.0118205780
0.0092657791
0.0093235700
0.0088516773
0.0123000032
0.0077506098
0.0102823583
0.0097822088
0.0027320761
0.0077836894
0.0016719283
0.0050019699
0.0003743059
0.0045102543
0.0018307039
0.0078293966
0.0009996415
0.0130312683
0.0018046649
0.0022708699
0.0138507274
0.0142781805
0.0059127188
0.0137941903
0.0013545150
0.0086442385
0.0120096539
0.0140332385
0.0028645671
0.0128840781
0.0117319771
0.0013352289
0.0096553091
0.0127422378
0.0092957730
0.0125712444
0.0090986697
0.0026188827
0.0022362618
0.0023055144
0.0027526920
0.0129603889
0.0121513482
0.0121225262
0.0056282043
0.0023328408
0.0057181527
0.0051336674
0.0085020362
0.0080148894
0.0084435386
0.0138481874
0.0069431662
0.0064902437
0.0061136126
0.0055872804
0.0055891220
0.0023522272
0.0079806467
0.0024587564
0.0084117863
0.0086817030
0.0026935035
0.0079813181
0.0139359967
0.0022808206
0.0004636389
0.0003785056
0.0023433815
0.0026272632
0.0036232718
0.0040518730
0.0091623838
0.0125514647
0.0124548898
0.0017706052
0.0021499034
0.0047501201
0.0041794976
0.0040572502
0.0045199886
0.0004592947
0.0009216487
0.0111728913
0.0023261346
0.0142670595
0.0137648728
0.0137389245
0.0086957532
0.0036388585
0.0037301479
0.0050759663
0.0140760976
0.0027546433
0.0023662120
0.0018332625
0.0019054847
0.0134882494
0.0130860517
0.0112427278
0.0112492562
0.0116629223
0.0131451661
0.0117700465
0.0121252474
0.0114457271
0.0118848904
0.0123223033
0.0012721139
0.0009640146
0.0014626639
0.0009198794
0.0009170698
0.0092492773
0.0027421188
0.0140798648
0.0135310835
0.0139886289
0.0029715582
0.0032513146
0.0024105718
0.0138230230
0.0083394863
0.0121861650
0.0120419184
0.0129891604
0.0017275475
0.0021400558
0.0027203063
0.0027173939
0.0022580398
0.0140750433
0.0037527782
0.0044156375
0.0014042737
0.0016982196
0.0133709851
0.0128757754
0.0133296140
0.0079184556
0.0083692351
0.0055516565
0.0052111928
0.0034609346
0.0034841584
0.0135060028
0.0078689796
0.0139158895
0.0079042110
0.0082572314
0.0036743054
0.0018340994
0.0004362529
0.0126555810
0.0022741722
0.0017429293
0.0021669533
0.0009028340
0.0012948423
0.0008194289
0.0013147522
0.0019146897
0.0083057333
0.0079714772
0.0004446382
0.0015987453
0.0127993538
0.0133276242
0.0027008939
0.0138401767
0.0140305724
0.0140841095
0.0009686756
0.0007583852
0.0102894646
0.0099428701
0.0095197282
0.0078790880
0.0073777732
0.0100964202
0.0062092234
0.0050632861
0.0066035451
0.0069188344
0.0070812753
0.0095619198
0.0083843518
0.0073298890
0.0071970900
0.0015001872
0.0053217190
0.0037852702
0.0120616239
0.0027024633
0.0127066224
0.0112863629
0.0108102147
0.0086440223
0.0083705858
0.0084063154
0.0020853530
0.0018480297
0.0008828653
0.0009465764
0.0084054751
0.0011121226
0.0009271269
0.0110526664
0.0106550233
0.0021758485
0.0008989781
0.0136556200
0.0039765197
0.0045022303
0.0043831064
0.0110736840
0.0112062012
0.0106864102
0.0029063964
0.0013903193
0.0129845399
0.0013681851
0.0009816638
0.0004558049
0.0093929764
0.0101088323
0.0057405287
0.0070904351
0.0070058161
0.0074727968
0.0089482831
0.0090742708
0.0024511001
0.0020595427
0.0023799414
0.0021342914
0.0016548468
0.0021910300
0.0107153878
0.0009720764
0.0086995566
0.0091266749
0.0091590770
0.0041341170
0.0037793749
0.0092446127
0.0124895729
0.0016627588
0.0020569405
0.0131667117
0.0126893745
0.0131862414
0.0037596482
0.0094125308
0.0111296810
0.0106606041
0.0004029346
0.0136108555
0.0049544130
0.0126636489
0.0131914750
0.0118008195
0.0123062479
0.0137077310
0.0026102006
0.0059181721
0.0137405292
0.0018806859
0.0011748136
0.0126409490
0.0129290444
0.0140947244
0.0031434764
0.0082862061
0.0136261033
0.0057379412
0.0008583606
0.0107840254
0.0133389029
0.0012697960
0.0141078117
0.0134758158
0.0093525385
0.0098011692
0.0099767088
0.0130095823
0.0017193122
0.0120540008
0.0044093133
0.0024346157
0.0122691593
0.0136370707
0.0127852248
0.0131191449
0.0009859721
0.0015338569
0.0113189783
0.0031051543
0.0035374197
0.0050393861
0.0046398507
0.0059746538
0.0077769154
0.0082828028
0.0012507308
0.0014109010
0.0078030187
0.0082479304
0.0082974376
0.0111932478
0.0120840466
0.0005221357
0.0121977149
0.0121072900
0.0086631300
0.0083684069
0.0023674121
0.0077334134
0.0031612546
0.0031556012
0.0036331002
0.0040989040
0.0104407940
0.0128328445
0.0126711652
0.0123954496
0.0102876910
0.0000000000
0.0023145060
0.0031904966
0.0031612081
0.0119138086
0.0133579508
0.0138287253
0.0142495617
0.0125062911
0.0085077084
0.0084566852
0.0043462685
0.0048099796
0.0004181034
0.0004091762
0.0067782188
0.0071439010
0.0020768049
0.0016238348
0.0028430683
0.0023743635
0.0028740611
0.0023884011
0.0056517356
0.0045489030
0.0043501699
0.0066191885
0.0038553008
0.0034222098
0.0038866429
0.0070414272
0.0089042486
0.0087575083
0.0061710949
0.0128057247
0.0107345590
0.0108015642
0.0074231810
0.0071039762
0.0057400082
0.0107586331
0.0036257264
0.0039918651
0.0098484126
0.0086554075
0.0089892799
0.0069316335
0.0063376966
0.0068543490
0.0066752143
0.0050241352
0.0045582367
0.0108118625
0.0123149530
0.0060670869
0.0065655042
0.0039864398
0.0111277811
0.0070015412
0.0067373544
0.0132564909
0.0142218866
0.0141874972
0.0133538566
0.0133194807
0.0034392066
0.0071184025
0.0113912253
0.0017709184
0.0018803074
0.0022904454
0.0042505332
0.0042535805
0.0046880189
0.0093691487
0.0072696063
0.0069017345
0.0073349639
0.0104317952
0.0103814965
0.0089978516
0.0085885382
0.0068794213
0.0071133249
0.0087152138
0.0061647505
0.0061533987
0.0067029301
0.0132739381
0.0121076397
0.0115925286
0.0083909422
0.0047336699
0.0048326302
0.0063872794
0.0055515287
0.0102429181
0.0037840983
0.0032476579
0.0038800813
0.0061327285
0.0066156908
0.0062955046
0.0062789789
0.0067502021
0.0044140794
0.0054831706
0.0127397032
0.0057115059
0.0056129825
0.0036122665
0.0038675417
0.0040913263
0.0056171503
0.0024005108
0.0021898422
0.0056541427
0.0055263512
0.0100324741
0.0097237699
0.0056522961
0.0054572847
0.0049969384
0.0054854862
0.0054540418
0.0053177100
0.0054622807
0.0054536853
0.0018730442
0.0056389768
0.0105899868
0.0055351099
0.0054492352
0.0054982068
0.0050545338
0.0046393808
0.0035199380
0.0054725783
0.0054892992
0.0053527169
0.0056014197
0.0106132927
0.0051092402
0.0055572128
0.0089152639
0.0092138768
0.0087801656
0.0047487205
0.0051626288
0.0047886279
0.0046788754
0.0055945125
0.0056041491
0.0053731816
0.0107537710
0.0125068175
0.0126515293
0.0050416358
0.0059795657
0.0047727353
0.0044257308
0.0051738497
0.0054904135
0.0056355687
0.0051728310
0.0057513437
0.0071077428
0.0049277552
0.0055008000
0.0063369865
0.0058838233
0.0056408679
0.0055514368
0.0056357680
0.0056001406
0.0056383401
0.0101123353
0.0056706666
0.0056253844
0.0054473489
0.0027921871
0.0022904651
0.0024267225
0.0029746539
0.0042558073
0.0046277639
0.0056898801
0.0055509835
0.0089208753
0.0086861188
0.0050549487
0.0057270599
0.0112466344
0.0117049220
0.0050900179
0.0057121346
0.0092563270
0.0074440579
0.0054139174
0.0057062099
0.0056991305
0.0061404950
0.0065267221
0.0055826008
0.0103551538
0.0098185244
0.0100625635
0.0088795667
0.0056794802
0.0027083915
0.0030139353
0.0031597226
0.0058550876
0.0039749087
0.0056365103
0.0045831409
0.0040822232
0.0099513388
0.0125164994
0.0104740720
0.0109685104
0.0106303547
0.0028916741
0.0027993153
0.0025019464
0.0065971880
0.0065887089
0.0061540010
0.0056418451
0.0101174617
0.0099987923
0.0055790957
0.0055814798
0.0056973407
0.0090919486
0.0082599127
0.0119167459
0.0123312227
0.0024998333
0.0028562780
0.0030445713
0.0027891669
0.0083362193
0.0057661438
0.0056777049
0.0037779735
0.0056665963
0.0051370924
0.0046995607
0.0017129804
0.0106648412
0.0055681390
0.0056035462
0.0056369671
0.0055371314
0.0060389401
0.0103053834
0.0107876845
0.0055005307
0.0059758845
0.0072361285
0.0054837028
0.0054098438
0.0057487712
0.0055596373
0.0091326246
0.0087835120
0.0087297285
0.0054120797
0.0084484659
0.0082296603
0.0082014686
0.0077277092
0.0087916395
0.0094163481
0.0018649786
0.0093834588
0.0120351166
0.0117367786
0.0120884077
0.0065777126
0.0068750484
0.0017905156
0.0017869197
0.0091473982
0.0092997711
0.0130946991
0.0130938111
0.0094314068
0.0097082200
0.0093001175
0.0110507173
0.0048514819
0.0072856216
0.0077610926
0.0069654012
0.0138408186
0.0093148713
0.0030900446
0.0097698885
0.0129957317
0.0094421626
0.0018506948
0.0028246071
0.0092851098
0.0129296654
0.0078680771
0.0048662042
0.0044928721
0.0108027602
0.0103021583
0.0104706892
0.0018916367
0.0129621828
0.0082562879
0.0080808883
0.0018393960
0.0091396473
0.0018944496
0.0092443895
0.0042983866
0.0043942329
0.0027656999
0.0043870479
0.0091966834
0.0129872782
0.0122832016
0.0018749812
0.0127879508
0.0084427098
0.0091860539
0.0078569296
0.0000000000
0.0018989500
0.0018443683
0.0129765076
0.0018384103
0.0021686411
0.0018985670
0.0092484662
0.0018222487
0.0004690228
0.0098467590
0.0129218051
0.0091069993
0.0090485879
0.0018427321
0.0133369863
0.0124611103
0.0093056167
0.0124903106
0.0133221399
0.0141865047
0.0137585538
0.0059066715
0.0056123289
0.0051286217
0.0078098737
0.0076898781
0.0073992761
0.0070214524
0.0143356484
0.0138293080
0.0105100535
0.0043385684
0.0023556703
0.0116678992
0.0111724875
0.0092971441
0.0068859903
0.0020430963
0.0131142607
0.0131075072
0.0094135306
0.0019110904
0.0019100578
0.0023786940
0.0023404372
0.0082267335
0.0018167462
0.0049986353
0.0093101362
0.0097926429
0.0020696110
0.0134897949
0.0097987640
0.0092867923
0.0087931167
0.0127414477
0.0131123473
0.0083677744
0.0087547843
0.0015065080
0.0009899350
0.0015076841
0.0085240901
0.0086699655
0.0140312890
0.0019171539
0.0009083427
0.0014663748
0.0009816792
0.0096284428
0.0074296330
0.0073914199
0.0098111575
0.0019612144
0.0015517566
0.0093423958
0.0135870426
0.0073923072
0.0037419937
0.0050427693
0.0016314312
0.0011929405
0.0017377498
0.0082980055
0.0086803716
0.0082822897
0.0018000585
0.0019064225
0.0093826519
0.0068483198
0.0065439265
0.0064163082
0.0129969406
0.0131403456
0.0047455177
0.0090344281
0.0091314613
0.0095796580
0.0045205744
0.0040452625
0.0091756224
0.0019537069
0.0094111087
0.0126268182
0.0123772262
0.0131706711
0.0076490604
0.0080603653
0.0130091783
0.0135092663
0.0018380848
0.0093635870
0.0092307710
0.0130820800
0.0018421074
0.0093545587
0.0128057318
0.0119589710
0.0130541639
0.0122094959
0.0089131505
0.0085898716
0.0069092971
0.0083152817
0.0088277852
0.0074709644
0.0078892791
0.0092458570
0.0135919311
0.0060383856
0.0050360943
0.0046490807
0.0131161311
0.0094256273
0.0078552491
0.0012375400
0.0070074542
0.0093749751
0.0074372477
0.0094197787
0.0031114113
0.0104397922
0.0100557974
0.0105151405
0.0018626173
0.0127522928
0.0126431202
0.0130195300
0.0069857034
0.0067854982
0.0065874806
0.0094452921
0.0017835052
0.0130442967
0.0087332807
0.0092941639
0.0100581559
0.0097014926
0.0018146814
0.0092670600
0.0085588848
0.0129491233
0.0135246437
0.0132981821
0.0093545336
0.0004778175
0.0004459163
0.0040506484
0.0043018457
0.0053255629
0.0031264740
0.0093599423
0.0012039811
0.0131578892
0.0018879653
0.0135293991
0.0140455433
0.0018479391
0.0130777174
0.0022192986
0.0040748511
0.0048601293
0.0042162787
0.0070903985
0.0070373590
0.0080819766
0.0075693789
0.0130350460
0.0097591341
0.0013546972
0.0018363283
0.0016076934
0.0130793142
0.0036094366
0.0011343766
0.0085095073
0.0130466985
0.0130997645
0.0126986894
0.0121701628
0.0126726241
0.0018728415
0.0089471471
0.0131115858
0.0122060932
0.0028764792
0.0028644141
0.0100536917
0.0018455442
0.0093528858
0.0093718234
0.0121407632
0.0074431467
0.0078495228
0.0073633257
0.0130111079
0.0127987141
0.0015513545
0.0010751124
0.0014534886
0.0063657536
0.0076306029
0.0080267302
0.0039234760
0.0042932933
0.0101432838
0.0092644649
0.0019461426
0.0127889081
0.0102214699
0.0106406687
0.0075010056
0.0132489537
0.0018277539
0.0091366274
0.0022692122
0.0126801416
0.0122088056
0.0126857873
0.0124830899
0.0119578136
0.0115420089
0.0117547741
0.0126468258
0.0131673608
0.0125750734
0.0127328505
0.0092484804
0.0092532239
0.0092400576
0.0125542887
0.0125679369
0.0019435125
0.0039658444
0.0109199877
0.0103707772
0.0095014484
0.0131138218
0.0018073781
0.0018426240
0.0019391710
0.0023812260
0.0083562647
0.0019255248
0.0078954863
0.0031112385
0.0033434459
0.0035735230
0.0095071567
0.0130825085
0.0010084017
0.0102597602
0.0013757699
0.0009163190
0.0128417776
0.0074981794
0.0033401796
0.0077191390
0.0135776420
0.0135096704
0.0130510097
0.0020649464
0.0026319955
0.0068933642
0.0126067555
0.0008773551
0.0004191156
0.0025733203
0.0047709368
0.0068273373
0.0004450614
0.0004465571
0.0119096957
0.0005164850
0.0004529611
0.0019512559
0.0060321856
0.0083411781
0.0086236412
0.0125271549
0.0127537847
0.0129201887
0.0043880215
0.0130053025
0.0027207178
0.0036985742
0.0042646951
0.0063503649
0.0032288993
0.0073051797
0.0059470367
0.0134251437
0.0129178321
0.0007279092
0.0037472247
0.0036960145
0.0009528756
0.0010505987
0.0069545833
0.0064391949
0.0067306060
0.0115234262
0.0110868023
0.0054774961
0.0129883277
0.0125016477
0.0012677577
0.0104847961
0.0108270960
0.0101013044
0.0080739593
0.0081765273
0.0075683834
0.0009832180
0.0004645102
0.0041225431
0.0051961374
0.0053477674
0.0073597989
0.0069450802
0.0035362298
0.0130791730
0.0008503905
0.0004508631
0.0008540433
0.0023021294
0.0025968952
0.0013609187
0.0012529663
0.0040769418
0.0031716349
0.0036042048
0.0106344403
0.0013335505
0.0042934463
0.0004190155
0.0042375562
0.0041770245
0.0122110920
0.0003690856
0.0098215931
0.0018297391
0.0012869241
0.0039862037
0.0013454823
0.0013725471
0.0102760246
0.0037942819
0.0042766925
0.0111828236
0.0109552757
0.0112706229
0.0053370732
0.0043743681
0.0038328607
0.0031098083
0.0102596006
0.0111893961
0.0108366096
0.0109432948
0.0112690117
0.0039975833
0.0066042441
0.0063084064
0.0013127815
0.0015100903
0.0110561296
0.0101155053
0.0014580103
0.0018955189
0.0060937120
0.0106441646
0.0093491380
0.0085251969
0.0110633464
0.0098099907
0.0106641694
0.0103386467
0.0106883564
0.0116214518
0.0109568300
0.0036833619
0.0105485566
0.0000000000
0.0023288211
0.0024353497
0.0038372952
0.0110006180
0.0136988738
0.0041422351
0.0098346681
0.0087840261
0.0111187122
0.0102982095
0.0037400744
0.0110651440
0.0042361543
0.0086295791
0.0127437922
0.0027898066
0.0024264777
0.0110268190
0.0022619180
0.0042640764
0.0110849211
0.0037089541
0.0110935298
0.0111362046
0.0004216400
0.0008424653
0.0008819224
0.0044350606
0.0107465569
0.0091712581
0.0051293163
0.0050758293
0.0055085628
0.0046825042
0.0112025747
0.0056920115
0.0073764528
0.0097953642
0.0129212147
0.0125055005
0.0040292509
0.0112469439
0.0111983285
0.0041027548
0.0040910128
0.0112025557
0.0111894535
0.0132982718
0.0133453135
0.0137854056
0.0128336583
0.0130061873
0.0101596548
0.0109702480
0.0111902078
0.0036258983
0.0036331331
0.0132947363
0.0138328829
0.0138700824
0.0112740685
0.0110543953
0.0101528065
0.0102402385
0.0102120272
0.0114463094
0.0049622125
0.0063224306
0.0111402373
0.0112265190
0.0036642865
0.0111931914
0.0091733634
0.0094965791
0.0118245415
0.0046128809
0.0035770719
0.0035814882
0.0112209972
0.0114157349
0.0096000614
0.0099904508
0.0094883395
0.0109585040
0.0104619266
0.0059909696
0.0064569366
0.0059666586
0.0033104940
0.0027955822
0.0032136791
0.0112311190
0.0075950074
0.0036364379
0.0112770033
0.0013485565
0.0077985745
0.0044963880
0.0005616149
0.0031778835
0.0036587971
0.0112184322
0.0123653120
0.0129136820
0.0127783498
0.0112410190
0.0110009867
0.0111904384
0.0019392346
0.0082505830
0.0101276412
0.0089215636
0.0097624703
0.0111369369
0.0147611742
0.0083892567
0.0085647568
0.0121639035
0.0126522940
0.0111399947
0.0038009819
0.0023393694
0.0026445447
0.0111861142
0.0077705529
0.0042348804
0.0034807774
0.0008625341
0.0009553748
0.0109654658
0.0047445346
0.0042068173
0.0045639027
0.0067548164
0.0066314360
0.0062012422
0.0070814147
0.0079674535
0.0040397618
0.0041282656
0.0036174091
0.0062971848
0.0066423944
0.0088080067
0.0084118935
0.0104290832
0.0109013435
0.0027971110
0.0009163695
0.0014249163
0.0013996670
0.0112133576
0.0111651886
0.0018517399
0.0122749318
0.0127073533
0.0121786378
0.0116726293
0.0036865993
0.0041880604
0.0029661022
0.0115114248
0.0110538319
0.0136490131
0.0113258517
0.0057702931
0.0122914737
0.0118721154
0.0085803983
0.0136233069
0.0112344892
0.0094542289
0.0144430179
0.0112097535
0.0111802197
0.0008726555
0.0035596504
0.0112695131
0.0004187981
0.0017232225
0.0075860503
0.0075072973
0.0060198600
0.0061446062
0.0074152632
0.0075229200
0.0071991207
0.0073485089
0.0033164139
0.0035945599
0.0074408642
0.0075124103
0.0073511150
0.0012460827
0.0008569404
0.0073986163
0.0032728193
0.0075096507
0.0073482147
0.0125438534
0.0121144618
0.0074142586
0.0074977919
0.0072997015
0.0104090221
0.0102491794
0.0073978531
0.0117090212
0.0112543561
0.0074091245
0.0072758397
0.0038575502
0.0072478087
0.0072541696
0.0130978029
0.0009986181
0.0058916075
0.0058872748
0.0072443287
0.0140576084
0.0125749592
0.0073410993
0.0072987027
0.0058645786
0.0013332204
0.0009675054
0.0063999036
0.0063864118
0.0019272308
0.0072737206
0.0139263044
0.0091109001
0.0101960160
0.0074040430
0.0111418278
0.0107597801
0.0130339361
0.0073306522
0.0130411620
0.0112945881
0.0054936976
0.0055572285
0.0004853288
0.0096490478
0.0022454465
0.0013732470
0.0043525810
0.0074577030
0.0132530496
0.0132624206
0.0057923764
0.0015138323
0.0074910590
0.0074513080
0.0023144823
0.0075830384
0.0075241824
0.0074785478
0.0075144844
0.0074970166
0.0074615766
0.0075366788
0.0026723246
0.0030992892
0.0074806114
0.0074378793
0.0063313890
0.0075441302
0.0075955761
0.0132656915
0.0133541404
0.0138765753
0.0080930021
0.0053589540
0.0052689053
0.0049052179
0.0115511039
0.0095820887
0.0101273740
0.0075231143
0.0035937662
0.0004545659
0.0004676160
0.0044637305
0.0070118635
0.0065648150
0.0070294960
0.0076099276
0.0113959199
0.0059556780
0.0063667289
0.0108345859
0.0073690603
0.0076269748
0.0074634546
0.0075016578
0.0075096221
0.0104476646
0.0074106288
0.0075014571
0.0075557752
0.0074718226
0.0074700293
0.0013089732
0.0008738468
0.0070876073
0.0075775943
0.0109750058
0.0118796311
0.0104379707
0.0093779508
0.0074343845
0.0030291745
0.0069211318
0.0137809963
0.0058982738
0.0075636753
0.0074168044
0.0105931026
0.0090718715
0.0085994881
0.0074929509
0.0140071570
0.0093057725
0.0074291297
0.0004617980
0.0026073644
0.0022275487
0.0021989843
0.0074836893
0.0074592757
0.0057344437
0.0023532332
0.0138499603
0.0117891110
0.0114918616
0.0074769526
0.0074520521
0.0074797345
0.0078767105
0.0073511426
0.0075637281
0.0074662806
0.0033264005
0.0111453816
0.0116295068
0.0074870771
0.0019670454
0.0022519040
0.0018426040
0.0064232079
0.0140829265
0.0053980892
0.0068049484
0.0074312297
0.0060539130
0.0060229149
0.0129368982
0.0139396704
0.0100905449
0.0112111627
0.0099320998
0.0095834117
0.0075207756
0.0074215952
0.0075309031
0.0020198706
0.0075753242
0.0116910976
0.0016623836
0.0142332761
0.0132898794
0.0128049050
0.0015901554
0.0019626912
0.0014555469
0.0074579172
0.0075191430
0.0106077485
0.0132808885
0.0128777584
0.0074352945
0.0110855517
0.0074610929
0.0009225133
0.0004482510
0.0027328811
0.0062313909
0.0074367879
0.0074059106
0.0074359961
0.0140287742
0.0127704703
0.0073645924
0.0074352537
0.0073888747
0.0004700254
0.0074106594
0.0027286200
0.0022526674
0.0103169155
0.0008555026
0.0073364167
0.0073180276
0.0105280688
0.0104681537
0.0087947731
0.0084010419
0.0073614656
0.0072856399
0.0076007790
0.0102562697
0.0127697376
0.0117463809
0.0092118206
0.0072273354
0.0076383103
0.0008109732
0.0013677984
0.0031782475
0.0072599468
0.0076579224
0.0074560729
0.0075057656
0.0072449643
0.0076289220
0.0119235036
0.0118175626
0.0114657499
0.0123255421
0.0011383724
0.0005885186
0.0008514625
0.0133765746
0.0138898697
0.0124645272
0.0131386848
0.0149356548
0.0142107820
0.0034774087
0.0030388580
0.0140057318
0.0139523650
0.0102717282
0.0008315111
0.0135734317
0.0128267879
0.0004674307
0.0013141013
0.0089107019
0.0141478624
0.0084242205
0.0080387548
0.0085148162
0.0132759409
0.0128356074
0.0127793984
0.0123611489
0.0089021762
0.0137503798
0.0133273616
0.0064623059
0.0064411859
0.0010236114
0.0003810676
0.0004366125
0.0043983576
0.0026393086
0.0059292550
0.0112823871
0.0125078086
0.0000000000
0.0004539331
0.0013468420
0.0121250992
0.0067773231
0.0033816552
0.0005731366
0.0004582711
0.0136682770
0.0129934565
0.0138003725
0.0138028164
0.0008964201
0.0035865634
0.0000000000
0.0034678995
0.0125912951
0.0122026874
0.0047041672
0.0081269534
0.0004514885
0.0008938839
0.0120095979
0.0141809192
0.0142558472
0.0132958805
0.0118198621
0.0071045073
0.0137369964
0.0009866959
0.0011084045
0.0005330906
0.0015187365
0.0113820154
0.0117295758
0.0013183313
0.0038880602
0.0063961616
0.0073046324
0.0023200147
0.0000000000
0.0129063207
0.0055445177
0.0013450544
0.0004782078
0.0017542787
0.0004845038
0.0089167153
0.0014601604
0.0000000000
0.0037211941
0.0005200012
0.0046368485
0.0034515352
0.0091207775
0.0118643961
0.0128256648
0.0030227834
0.0013800309
0.0114811327
0.0127866834
0.0005075231
0.0134565768
0.0005134990
0.0009858682
0.0094818076
0.0098332632
0.0090022528
0.0020898286
0.0025504845
0.0029950522
0.0030184586
0.0033499362
0.0040285243
0.0044083448
0.0094720186
0.0078531640
0.0086850597
0.0029367039
0.0025723783
0.0086613919
0.0127526573
0.0071435167
0.0120686366
0.0132973782
0.0137657458
0.0139223696
0.0133737252
0.0129364745
0.0130589302
0.0126377633
0.0132221136
0.0109253511
0.0140716855
0.0128934624
0.0024026557
0.0003899522
0.0019980340
0.0115890872
0.0010323644
0.0111620517
0.0073233227
0.0000000000
0.0142208040
0.0011838805
0.0080894595
0.0081052629
0.0120411413
0.0124341564
0.0009254252
0.0004266108
0.0142515362
0.0085976405
0.0013428312
0.0018282679
0.0033427912
0.0027781330
0.0020406311
0.0037385908
0.0033151651
0.0033394944
0.0135376777
0.0136935666
0.0131444345
0.0130643315
0.0132001846
0.0107653873
0.0062835984
0.0141792931
0.0000000000
0.0121830955
0.0117363594
0.0036769149
0.0123226362
0.0013440491
0.0083248404
0.0084066037
0.0121429884
0.0035525620
0.0117850397
0.0088407976
0.0072751079
0.0110537332
0.0105941174
0.0034478520
0.0008642240
0.0018981509
0.0139032689
0.0028061705
0.0073944322
0.0125057540
0.0128287097
0.0132689346
0.0063175177
0.0026824347
0.0005350429
0.0004581636
0.0071956385
0.0082999729
0.0011156279
0.0079135798
0.0145686430
0.0134907518
0.0131970069
0.0130067422
0.0004315782
0.0031905269
0.0070792681
0.0075080729
0.0074686085
0.0133081393
0.0022354004
0.0026818458
0.0003552420
0.0070769949
0.0074955640
0.0110069297
0.0137989528
0.0133381414
0.0138099074
0.0079478227
0.0006998344
0.0009633657
0.0078704950
0.0073955933
0.0146110900
0.0066654443
0.0063913518
0.0062174906
0.0013375187
0.0009129195
0.0004562847
0.0009619042
0.0136621192
0.0133298621
0.0012099675
0.0079796528
0.0004531220
0.0026525452
0.0032777429
0.0033121021
0.0036904655
0.0009156486
0.0005078244
0.0004942618
0.0095453175
0.0085276232
0.0085476119
0.0135702750
0.0131447718
0.0137901001
0.0012172854
0.0032225365
0.0139153106
0.0140357698
0.0062037886
0.0015123414
0.0012613755
0.0138366546
0.0116518013
0.0119744285
0.0094712253
0.0090211214
0.0009052659
0.0126648243
0.0131263409
0.0132846792
0.0004434271
0.0009064294
0.0117158469
0.0121902716
0.0004550372
0.0003450090
0.0022413169
0.0141288606
0.0131802582
0.0077988406
0.0074142771
0.0112450999
0.0108299427
0.0007522581
0.0009406729
0.0031036660
0.0031223449
0.0026714687
0.0010343269
0.0026608102
0.0017532662
0.0108789300
0.0056118713
0.0059244079
0.0064801292
0.0007372488
0.0004054968
0.0005149907
0.0004292882
0.0089476787
0.0088369201
0.0140396831
0.0141985452
0.0135817272
0.0138039854
0.0039649057
0.0047664484
0.0061023732
0.0122112334
0.0004063735
0.0140666758
0.0018570306
0.0013430142
0.0008738620
0.0089735002
0.0003812992
0.0000000000
0.0141293365
0.0105274987
0.0107967902
0.0110225203
0.0130486530
0.0121680199
0.0132119358
0.0007504097
0.0002976850
0.0009976061
0.0088862733
0.0142617663
0.0081349766
0.0120849906
0.0076859189
0.0033798277
0.0004424147
0.0008987483
0.0014269397
0.0046150786
0.0044877041
0.0104885420
0.0100328142
0.0100918748
0.0087185957
0.0113337747
0.0009305320
0.0004310522
0.0069936243
0.0033076175
0.0010094012
0.0013887248
0.0018574538
0.0083951753
0.0139765353
0.0111127836
0.0146254419
0.0107782737
0.0112601039
0.0136023338
0.0079129491
0.0000000000
0.0083086998
0.0000000000
0.0079441618
0.0022887819
0.0027654620
0.0004176288
0.0008697961
0.0083690781
0.0007998100
0.0019282568
0.0016246368
0.0000000000
0.0120359682
0.0140416081
0.0003876962
0.0084598660
0.0014661370
0.0065981178
0.0061621522
0.0115782846
0.0115616981
0.0119649797
0.0116136537
0.0121534452
0.0004860143
0.0074265288
0.0007312683
0.0002977179
0.0000000000
0.0009551471
0.0010731125
0.0031160321
0.0007206659
0.0004526813
0.0008284092
0.0008602764
0.0020115704
0.0016865796
0.0133332104
0.0136677222
0.0138251131
0.0082771598
0.0072349472
0.0133765814
0.0128876207
0.0124521742
0.0026621532
0.0117339989
0.0121937103
0.0004169227
0.0014016870
0.0011997924
0.0004002345
0.0008024397
0.0029135177
0.0042490312
0.0113129499
0.0012187963
0.0011463005
0.0136657190
0.0126243340
0.0119800869
0.0115466825
0.0120073827
0.0120418228
0.0136125686
0.0126871613
0.0136638369
0.0111672335
0.0085121719
0.0081090706
0.0099156164
0.0088894895
0.0071579287
0.0004226632
0.0007866078
0.0009141121
0.0075058998
0.0075941431
0.0080342080
0.0131198548
0.0032516955
0.0005723520
0.0121545720
0.0027023292
0.0063499453
0.0067099341
0.0084963795
0.0136957114
0.0132829771
0.0142458950
0.0068534903
0.0071086727
0.0104411253
0.0075826623
0.0135727310
0.0118267620
0.0130850593
0.0140892015
0.0027650560
0.0137366576
0.0118523565
0.0145730606
0.0141294315
0.0117456483
0.0140728728
0.0009007228
0.0004587606
0.0013430748
0.0040744194
0.0058475052
0.0128659548
0.0070405156
0.0035831142
0.0046786728
0.0017549299
0.0006053678
0.0017979306
0.0073787433
0.0070871457
0.0090025428
0.0090570825
0.0022210269
0.0007614250
0.0026917229
0.0068349336
0.0004286665
0.0008156119
0.0136399404
0.0003657019
0.0070492032
0.0136722712
0.0090232678
0.0071499965
0.0035791394
0.0042302522
0.0026256855
0.0116129382
0.0059799419
0.0004763460
0.0005693099
0.0050308280
0.0055036819
0.0066408132
0.0065080417
0.0048358824
0.0080235834
0.0071678195
0.0063299914
0.0058948897
0.0016925670
0.0088199036
0.0116311636
0.0111346361
0.0072146096
0.0078219999
0.0125983273
0.0128168440
0.0128958357
0.0004806601
0.0000000000
0.0062128721
0.0004784916
0.0090693506
0.0051792647
0.0105556224
0.0095206375
0.0069152836
0.0112875390
0.0055783780
0.0060193296
0.0059851551
0.0079746678
0.0125597680
0.0055220756
0.0128013010
0.0130268900
0.0079521067
0.0083311456
0.0110029473
0.0106002364
0.0104790152
0.0065209818
0.0070596283
0.0033420883
0.0021694036
0.0038065628
0.0072325512
0.0117550146
0.0017208339
0.0043721960
0.0042392075
0.0043767572
0.0095179711
0.0092243380
0.0096228271
0.0122077521
0.0003451080
0.0085494015
0.0075960584
0.0004650326
0.0056377159
0.0050668262
0.0093012787
0.0044520463
0.0048628816
0.0048292464
0.0090881281
0.0096533014
0.0101681622
0.0025230949
0.0142786851
0.0054367132
0.0137059843
0.0051551488
0.0017900399
0.0086147577
0.0055706627
0.0050655190
0.0051356854
0.0056558261
0.0055795373
0.0090624020
0.0085521930
0.0054816857
0.0052104559
0.0090287700
0.0086044061
0.0103333234
0.0096679855
0.0095811575
0.0049933001
0.0054866220
0.0072577193
0.0077727319
0.0053958014
0.0008583318
0.0008838458
0.0128542582
0.0124150347
0.0008577370
0.0055135412
0.0062611839
0.0015944296
0.0019744006
0.0012065784
0.0109975887
0.0107340285
0.0055799081
0.0136932800
0.0131864049
0.0087076132
0.0077434621
0.0035722031
0.0040568793
0.0082910281
0.0044985451
0.0042680463
0.0047854538
0.0124149138
0.0022809394
0.0033127587
0.0047105380
0.0074995106
0.0030557383
0.0127516073
0.0124809869
0.0035074924
0.0023100474
0.0018742475
0.0067874101
0.0021121465
0.0014107976
0.0017316868
0.0047326513
0.0050570972
0.0031941493
0.0021780561
0.0017223039
0.0022475474
0.0098681216
0.0096534541
0.0094341995
0.0062783070
0.0039423512
0.0046993503
0.0096169911
0.0099677643
0.0100833959
0.0023284162
0.0008673758
0.0018595764
0.0027052068
0.0019376969
0.0023947010
0.0028407624
0.0027525075
0.0076191040
0.0133147968
0.0021179377
0.0016679476
0.0020295108
0.0134897936
0.0132774548
0.0085138669
0.0090995433
0.0088980348
0.0057562244
0.0053175754
0.0058899826
0.0020219234
0.0032807895
0.0038435670
0.0042489237
0.0122913506
0.0101150488
0.0065218723
0.0061740380
0.0125425015
0.0120916690
0.0087043468
0.0052063082
0.0138609075
0.0123003372
0.0059712070
0.0043346472
0.0041833924
0.0038006041
0.0030161135
0.0057715871
0.0094518954
0.0015706905
0.0064970138
0.0068829068
0.0064783206
0.0128694988
0.0056773880
0.0114751024
0.0119856359
0.0024687057
0.0112911195
0.0108508007
0.0017687512
0.0042848876
0.0114272322
0.0053483937
0.0084142662
0.0049513186
0.0119843749
0.0032239415
0.0027329218
0.0098448635
0.0092015264
0.0124052950
0.0014172343
0.0014533565
0.0009093779
0.0013614305
0.0095775164
0.0062400294
0.0058916351
0.0030128340
0.0020816084
0.0119073044
0.0010125208
0.0041495835
0.0123639622
0.0126637576
0.0127678214
0.0076153598
0.0127339634
0.0069352211
0.0039874975
0.0044586325
0.0041208926
0.0014978200
0.0141281907
0.0022049528
0.0013619472
0.0138007312
0.0133815207
0.0080765680
0.0036607907
0.0032362379
0.0032023430
0.0058481991
0.0095743262
0.0100040106
0.0061592532
0.0125125491
0.0120829465
0.0124268636
0.0105864435
0.0110802805
0.0012657514
0.0009823162
0.0092341306
0.0095418910
0.0141424171
0.0112855100
0.0108603462
0.0044250721
0.0122215641
0.0017858882
0.0022491132
0.0009146120
0.0004260476
0.0062989963
0.0068811561
0.0062207582
0.0019605999
0.0049323942
0.0009444794
0.0109751220
0.0104631627
0.0109601361
0.0100097137
0.0074595107
0.0075735323
0.0061263593
0.0030123307
0.0033876742
0.0046807398
0.0081807913
0.0105571215
0.0077016109
0.0063715035
0.0043688844
0.0079183395
0.0082451369
0.0070639585
0.0045502903
0.0047574997
0.0091465577
0.0075826464
0.0037936929
0.0056664781
0.0059160690
0.0068330869
0.0071111844
0.0073274228
0.0140565371
0.0050866414
0.0117124816
0.0003389291
0.0061214847
0.0075631823
0.0086048294
0.0087297674
0.0090379950
0.0038424214
0.0039581769
0.0038104760
0.0029025258
0.0023318329
0.0025149593
0.0096138105
0.0077691649
0.0105389813
0.0036741718
0.0041465599
0.0031216464
0.0036995766
0.0068602433
0.0046268386
0.0134336218
0.0138804719
0.0139053934
0.0124655699
0.0122274502
0.0102001220
0.0033350959
0.0124881534
0.0089123268
0.0044065254
0.0033625953
0.0090596750
0.0034943225
0.0035743054
0.0110274110
0.0138312530
0.0038031582
0.0066281592
0.0092506736
0.0108574543
0.0088887490
0.0092316100
0.0088406761
0.0037655393
0.0033340189
0.0033617830
0.0047680648
0.0061633421
0.0057779331
0.0057647192
0.0057458546
0.0053082585
0.0097312704
0.0100833851
0.0015746617
0.0038459063
0.0119467757
0.0024944972
0.0029421201
0.0090362302
0.0124403245
0.0106488764
0.0106731345
0.0027744505
0.0091064266
0.0018431221
0.0019703298
0.0022003711
0.0022620318
0.0095183295
0.0042821112
0.0097766594
0.0099650722
0.0102655317
0.0017461285
0.0056127977
0.0125652516
0.0128179655
0.0086887463
0.0086051677
0.0061501608
0.0093999502
0.0036539211
0.0041835428
0.0039598502
0.0068014503
0.0081973515
0.0129596781
0.0108039792
0.0077310893
0.0129596823
0.0084656361
0.0022826751
0.0027947777
0.0028655731
0.0032376256
0.0079237837
0.0075071942
0.0069041971
0.0004937756
0.0057797721
0.0086211638
0.0128067496
0.0035431204
0.0039957857
0.0009510998
0.0009427742
0.0072973643
0.0037832599
0.0037241662
0.0091019563
0.0017430116
0.0083523343
0.0005810835
0.0003813845
0.0104643683
0.0143540148
0.0133635511
0.0091479078
0.0046576090
0.0137669757
0.0120392498
0.0034593149
0.0106516130
0.0017602674
0.0102094723
0.0068493805
0.0059977012
0.0071110854
0.0066583967
0.0035515674
0.0064247555
0.0073339551
0.0068476494
0.0054894514
0.0074496329
0.0017936730
0.0014933859
0.0013383346
0.0020871613
0.0013958482
0.0084846777
0.0080493285
0.0112318574
0.0110286371
0.0140259112
0.0121674643
0.0004752377
0.0000000000
0.0094797593
0.0089325616
0.0125881322
0.0004776512
0.0014063942
0.0031508707
0.0034500019
0.0032733105
0.0029721012
0.0096189561
0.0092644169
0.0039599844
0.0048612192
0.0048130330
0.0031929481
0.0035718755
0.0038143607
0.0043136670
0.0042152384
0.0041556093
0.0067456137
0.0041682715
0.0041260440
0.0070328034
0.0078695317
0.0037159120
0.0036304636
0.0115748273
0.0140493129
0.0050621989
0.0051284715
0.0110810492
0.0134302681
0.0139944309
0.0067068281
0.0136655275
0.0094027552
0.0053292269
0.0013212122
0.0004740392
0.0128073774
0.0019447621
0.0112854674
0.0115963195
0.0017490400
0.0012278738
0.0010027138
0.0018759897
0.0004665815
0.0134155375
0.0017848641
0.0032709615
0.0059969252
0.0069372109
0.0060311261
0.0060640148
0.0044200270
0.0090695919
0.0142419865
0.0137822607
0.0133754974
0.0070110891
0.0110238224
0.0125231355
0.0120763707
0.0005161654
0.0041806133
0.0118045450
0.0120410588
0.0009554907
0.0004272231
0.0014892475
0.0014260706
0.0003645280
0.0140031125
0.0132111739
0.0127297700
0.0129927319
0.0101473796
0.0003937828
0.0008740897
0.0071315864
0.0130209594
0.0097532947
0.0087277987
0.0073932952
0.0075610809
0.0077963186
0.0090919778
0.0053499151
0.0092462933
0.0140590293
0.0068443797
0.0004006994
0.0088348219
0.0008608014
0.0017135974
0.0032593051
0.0086754936
0.0004517057
0.0139212433
0.0078651259
0.0075039937
0.0008375574
0.0073337291
0.0013714329
0.0017414991
0.0142461445
0.0004374380
0.0129021986
0.0009167688
0.0099238198
0.0011174997
0.0128195887
0.0037045901
0.0138974967
0.0134316295
0.0138707627
0.0131558509
0.0126585141
0.0071052275
0.0005987054
0.0066567688
0.0123131921
0.0132448416
0.0117652178
0.0136735674
0.0018469077
0.0014010801
0.0148692644
0.0149387235
0.0096572267
0.0091370993
0.0096199692
0.0023523527
0.0003331177
0.0074544064
0.0087680619
0.0138300460
0.0102183936
0.0135850423
0.0044190840
0.0036143827
0.0004420555
0.0095452902
0.0124925263
0.0128667715
0.0066067334
0.0071081600
0.0092291620
0.0047907509
0.0018542574
0.0025285750
0.0016242036
0.0008649451
0.0127799925
0.0138711969
0.0129828611
0.0011139406
0.0059652226
0.0080305371
0.0008553552
0.0053760138
0.0038048984
0.0096711154
0.0014677589
0.0042450015
0.0124948648
0.0129825279
0.0136636911
0.0100465588
0.0004648119
0.0125569746
0.0063871561
0.0090517643
0.0023136559
0.0022320916
0.0134498741
0.0018821017
0.0019550131
0.0003880224
0.0133206540
0.0068368416
0.0150161937
0.0107362161
0.0041543202
0.0077921097
0.0072672337
0.0069687676
