solid mitral_outer_annulus_smoothed_pm0p5mm
  facet normal -0.5223445355430133 -0.824509470844374 -0.21757830470036316
    outer loop
      vertex 0.003808909640788431 0.011631438437994948 0.10870380127784862
      vertex 0.0040425128937578115 0.01147506641365872 0.1087355545924827
      vertex 0.003902973786242189 0.011305997943484134 0.10971123112180302
    endloop
  endfacet
  facet normal -0.5290250746423338 -0.8207264867117651 -0.21573248343593474
    outer loop
      vertex 0.003808909640788431 0.011631438437994948 0.10870380127784862
      vertex 0.003902973786242189 0.011305997943484134 0.10971123112180302
      vertex 0.0036831101706401408 0.011455874990576478 0.10968019872215137
    endloop
  endfacet
  facet normal -0.5219112672703492 -0.8242728081361672 -0.21950618866805408
    outer loop
      vertex 0.0040425128937578115 0.01147506641365872 0.1087355545924827
      vertex 0.004276119113810775 0.01131866566991429 0.10876742231308399
      vertex 0.004122834434760653 0.011156149615799995 0.10974214911548742
    endloop
  endfacet
  facet normal -0.5285793811618165 -0.8204752626109013 -0.21777093757929225
    outer loop
      vertex 0.0040425128937578115 0.01147506641365872 0.1087355545924827
      vertex 0.004122834434760653 0.011156149615799995 0.10974214911548742
      vertex 0.003902973786242189 0.011305997943484134 0.10971123112180302
    endloop
  endfacet
  facet normal -0.5214766199671365 -0.8240324549674798 -0.22143316821993714
    outer loop
      vertex 0.004276119113810775 0.01131866566991429 0.10876742231308399
      vertex 0.004509723439825958 0.011162238313703585 0.10879940498342743
      vertex 0.0043426969773168985 0.01100632790058213 0.10977295215942971
    endloop
  endfacet
  facet normal -0.5281305406282453 -0.8202208788344347 -0.21980864855547635
    outer loop
      vertex 0.004276119113810775 0.01131866566991429 0.10876742231308399
      vertex 0.0043426969773168985 0.01100632790058213 0.10977295215942971
      vertex 0.004122834434760653 0.011156149615799995 0.10974214911548742
    endloop
  endfacet
  facet normal -0.5210405989646729 -0.82378840529303 -0.22335925665909004
    outer loop
      vertex 0.004509723439825958 0.011162238313703585 0.10879940498342743
      vertex 0.004743320980514565 0.011005786522822143 0.10883150290900988
      vertex 0.004562566305199719 0.010856530620034999 0.10980363994813298
    endloop
  endfacet
  facet normal -0.5276785594838925 -0.8199633470130869 -0.2218455485604793
    outer loop
      vertex 0.004509723439825958 0.011162238313703585 0.10879940498342743
      vertex 0.004562566305199719 0.010856530620034999 0.10980363994813298
      vertex 0.0043426969773168985 0.01100632790058213 0.10977295215942971
    endloop
  endfacet
  facet normal -0.57444842943695 -0.7854845169203507 -0.2302674002020793
    outer loop
      vertex 0.004743320980514565 0.011005786522822143 0.10883150290900988
      vertex 0.004945311536765155 0.0108386511482265 0.10889772631346023
      vertex 0.004751811820377702 0.01069562317320207 0.1098683451151112
    endloop
  endfacet
  facet normal -0.5842064410980696 -0.778861203768841 -0.22820617748711272
    outer loop
      vertex 0.004743320980514565 0.011005786522822143 0.10883150290900988
      vertex 0.004751811820377702 0.01069562317320207 0.1098683451151112
      vertex 0.004562566305199719 0.010856530620034999 0.10980363994813298
    endloop
  endfacet
  facet normal -0.5734736398744671 -0.7854106596933915 -0.2329336386379636
    outer loop
      vertex 0.004945311536765155 0.0108386511482265 0.10889772631346023
      vertex 0.005147317654894286 0.01067148378992179 0.10896405353616288
      vertex 0.0049410417736771425 0.010534747710078209 0.1099329464638371
    endloop
  endfacet
  facet normal -0.583212202878533 -0.7787750584829504 -0.2310258312363495
    outer loop
      vertex 0.004945311536765155 0.0108386511482265 0.10889772631346023
      vertex 0.0049410417736771425 0.010534747710078209 0.1099329464638371
      vertex 0.004751811820377702 0.01069562317320207 0.1098683451151112
    endloop
  endfacet
  facet normal -0.5724949631586357 -0.7853298675980158 -0.23559820928112996
    outer loop
      vertex 0.005147317654894286 0.01067148378992179 0.10896405353616288
      vertex 0.005349335335982704 0.010504286024231283 0.10903048568073673
      vertex 0.005130260164017297 0.010373902654340144 0.10999744289069183
    endloop
  endfacet
  facet normal -0.5822114733942093 -0.7786826016080896 -0.2338444059647389
    outer loop
      vertex 0.005147317654894286 0.01067148378992179 0.10896405353616288
      vertex 0.005130260164017297 0.010373902654340144 0.10999744289069183
      vertex 0.0049410417736771425 0.010534747710078209 0.1099329464638371
    endloop
  endfacet
  facet normal -0.5715124283686841 -0.7852421263364916 -0.23826109050089336
    outer loop
      vertex 0.005349335335982704 0.010504286024231283 0.10903048568073673
      vertex 0.00555136049594446 0.01033705950965382 0.10909702367102295
      vertex 0.005319471075484112 0.010213086347489036 0.11006183347183418
    endloop
  endfacet
  facet normal -0.5812042675788106 -0.7785838447422234 -0.2366617756516582
    outer loop
      vertex 0.005349335335982704 0.010504286024231283 0.10903048568073673
      vertex 0.005319471075484112 0.010213086347489036 0.11006183347183418
      vertex 0.005130260164017297 0.010373902654340144 0.10999744289069183
    endloop
  endfacet
  facet normal -0.4629746766058875 -0.8580038038070801 -0.22244981787867507
    outer loop
      vertex 0.00555136049594446 0.01033705950965382 0.10909702367102295
      vertex 0.00576585102265584 0.010205679932849245 0.10915735410657755
      vertex 0.0055214363773441605 0.010088021352865042 0.1101198601791367
    endloop
  endfacet
  facet normal -0.46639727756079 -0.8562340264853484 -0.22211904774820865
    outer loop
      vertex 0.00555136049594446 0.01033705950965382 0.10909702367102295
      vertex 0.0055214363773441605 0.010088021352865042 0.1101198601791367
      vertex 0.005319471075484112 0.010213086347489036 0.11006183347183418
    endloop
  endfacet
  facet normal -0.46268961917119245 -0.8579370780850701 -0.2232986483570134
    outer loop
      vertex 0.00576585102265584 0.010205679932849245 0.10915735410657755
      vertex 0.0059803318539861814 0.010074280819550738 0.10921778491194883
      vertex 0.0057234113745852485 0.009962975894734976 0.11017778651662258
    endloop
  endfacet
  facet normal -0.4661000240785396 -0.8561621306966554 -0.22301832551372974
    outer loop
      vertex 0.00576585102265584 0.010205679932849245 0.10915735410657755
      vertex 0.0057234113745852485 0.009962975894734976 0.11017778651662258
      vertex 0.0055214363773441605 0.010088021352865042 0.1101198601791367
    endloop
  endfacet
  facet normal -0.46240449894990165 -0.8578694911214321 -0.22414730771067778
    outer loop
      vertex 0.0059803318539861814 0.010074280819550738 0.10921778491194883
      vertex 0.0061947990596790264 0.009942864004232242 0.1092783159789113
      vertex 0.005925399997463832 0.009837948138624899 0.11023561259251727
    endloop
  endfacet
  facet normal -0.46580199626239677 -0.8560896545454091 -0.22391740365207954
    outer loop
      vertex 0.0059803318539861814 0.010074280819550738 0.10921778491194883
      vertex 0.005925399997463832 0.009837948138624899 0.11023561259251727
      vertex 0.0057234113745852485 0.009962975894734976 0.11017778651662258
    endloop
  endfacet
  facet normal -0.4621193149092184 -0.8578010403899418 -0.22499580861377808
    outer loop
      vertex 0.0061947990596790264 0.009942864004232242 0.1092783159789113
      vertex 0.006409248710742211 0.009811431364946834 0.10933894701454004
      vertex 0.006127406174972075 0.009712936206481738 0.11029333869974565
    endloop
  endfacet
  facet normal -0.46550319732859047 -0.8560166009264414 -0.224816263235561
    outer loop
      vertex 0.0061947990596790264 0.009942864004232242 0.1092783159789113
      vertex 0.006127406174972075 0.009712936206481738 0.11029333869974565
      vertex 0.005925399997463832 0.009837948138624899 0.11023561259251727
    endloop
  endfacet
  facet normal -0.3531120024229252 -0.914461292211111 -0.19766754612848583
    outer loop
      vertex 0.006409248710742211 0.009811431364946834 0.10933894701454004
      vertex 0.006647903650551515 0.009705549131514715 0.10940245405233262
      vertex 0.006353180306591343 0.009613753261342428 0.1103536173762388
    endloop
  endfacet
  facet normal -0.3495296062400801 -0.9158220594051818 -0.19773469566190538
    outer loop
      vertex 0.006409248710742211 0.009811431364946834 0.10933894701454004
      vertex 0.006353180306591343 0.009613753261342428 0.1103536173762388
      vertex 0.006127406174972075 0.009712936206481738 0.11029333869974565
    endloop
  endfacet
  facet normal -0.3533884911108863 -0.9145473123237428 -0.19677344300435812
    outer loop
      vertex 0.006647903650551515 0.009705549131514715 0.10940245405233262
      vertex 0.006886525877012121 0.009599656804804664 0.10946606626566201
      vertex 0.006578987151559307 0.00951458040948105 0.11041379087719512
    endloop
  endfacet
  facet normal -0.34982263981523554 -0.9159139703087132 -0.19678851507653933
    outer loop
      vertex 0.006647903650551515 0.009705549131514715 0.10940245405233262
      vertex 0.006578987151559307 0.00951458040948105 0.11041379087719512
      vertex 0.006353180306591343 0.009613753261342428 0.1103536173762388
    endloop
  endfacet
  facet normal -0.3536643254628727 -0.9146326775247637 -0.195879070088595
    outer loop
      vertex 0.006886525877012121 0.009599656804804664 0.10946606626566201
      vertex 0.007125111163621608 0.00949375662042469 0.10952978243875833
      vertex 0.00680483093637839 0.009415415415289598 0.1104738604183845
    endloop
  endfacet
  facet normal -0.3501157082592771 -0.916004804452596 -0.19584225552690646
    outer loop
      vertex 0.006886525877012121 0.009599656804804664 0.10946606626566201
      vertex 0.00680483093637839 0.009415415415289598 0.1104738604183845
      vertex 0.006578987151559307 0.00951458040948105 0.11041379087719512
    endloop
  endfacet
  facet normal -0.3539395101539469 -0.9147173889557265 -0.19498441346426174
    outer loop
      vertex 0.007125111163621608 0.00949375662042469 0.10952978243875833
      vertex 0.007363655363121038 0.009387850826516624 0.10959360115091532
      vertex 0.007030715808307533 0.009316256030626234 0.11053382742051324
    endloop
  endfacet
  facet normal -0.350408803869027 -0.916094560399704 -0.19489593781592995
    outer loop
      vertex 0.007125111163621608 0.00949375662042469 0.10952978243875833
      vertex 0.007030715808307533 0.009316256030626234 0.11053382742051324
      vertex 0.00680483093637839 0.009415415415289598 0.1104738604183845
    endloop
  endfacet
  facet normal -0.41668249763432147 -0.8832723152018377 -0.21495514267681373
    outer loop
      vertex 0.007363655363121038 0.009387850826516624 0.10959360115091532
      vertex 0.007573121548302581 0.00926651846031576 0.10968612569600926
      vertex 0.007228057508840275 0.00920143698968424 0.11062244573256215
    endloop
  endfacet
  facet normal -0.41722273049746084 -0.883011432878029 -0.21497907470945496
    outer loop
      vertex 0.007363655363121038 0.009387850826516624 0.10959360115091532
      vertex 0.007228057508840275 0.00920143698968424 0.11062244573256215
      vertex 0.007030715808307533 0.009316256030626234 0.11053382742051324
    endloop
  endfacet
  facet normal -0.4166238883398649 -0.883269168308872 -0.21508164026602838
    outer loop
      vertex 0.007573121548302581 0.00926651846031576 0.10968612569600926
      vertex 0.007782567731187228 0.009145171109535473 0.10977875140996701
      vertex 0.007425419211669913 0.009086632933321672 0.11071096287574725
    endloop
  endfacet
  facet normal -0.417161316215264 -0.8830077806896018 -0.21511321552887555
    outer loop
      vertex 0.007573121548302581 0.00926651846031576 0.10968612569600926
      vertex 0.007425419211669913 0.009086632933321672 0.11071096287574725
      vertex 0.007228057508840275 0.00920143698968424 0.11062244573256215
    endloop
  endfacet
  facet normal -0.4165653204204182 -0.883265979227142 -0.21520814055920914
    outer loop
      vertex 0.007782567731187228 0.009145171109535473 0.10977875140996701
      vertex 0.007991989979814382 0.00902381072127938 0.10987147771677871
      vertex 0.007622804848757046 0.008971841914434908 0.11079937942607843
    endloop
  endfacet
  facet normal -0.41709983723274846 -0.8830041376417432 -0.21524734304510276
    outer loop
      vertex 0.007782567731187228 0.009145171109535473 0.10977875140996701
      vertex 0.007622804848757046 0.008971841914434908 0.11079937942607843
      vertex 0.007425419211669913 0.009086632933321672 0.11071096287574725
    endloop
  endfacet
  facet normal -0.4165067933700297 -0.8832627476403596 -0.21533464585945747
    outer loop
      vertex 0.007991989979814382 0.00902381072127938 0.10987147771677871
      vertex 0.008201384381398513 0.008902439279466379 0.10996430384955266
      vertex 0.0078202183328872 0.008857061949105051 0.11088769615044733
    endloop
  endfacet
  facet normal -0.4170382942047642 -0.8830005040489566 -0.21538145467070563
    outer loop
      vertex 0.007991989979814382 0.00902381072127938 0.10987147771677871
      vertex 0.0078202183328872 0.008857061949105051 0.11088769615044733
      vertex 0.007622804848757046 0.008971841914434908 0.11079937942607843
    endloop
  endfacet
  facet normal -0.231417077275249 -0.9627888012193573 -0.13958460012470647
    outer loop
      vertex 0.008201384381398513 0.008902439279466379 0.10996430384955266
      vertex 0.008438129526887958 0.008829938232248091 0.11007188252726322
      vertex 0.008044815973112041 0.008791298567751911 0.11099047461559391
    endloop
  endfacet
  facet normal -0.2195852155030952 -0.965769191339828 -0.13810214405024193
    outer loop
      vertex 0.008201384381398513 0.008902439279466379 0.10996430384955266
      vertex 0.008044815973112041 0.008791298567751911 0.11099047461559391
      vertex 0.0078202183328872 0.008857061949105051 0.11088769615044733
    endloop
  endfacet
  facet normal -0.2326892552126151 -0.962873506757424 -0.1368587611125411
    outer loop
      vertex 0.008438129526887958 0.008829938232248091 0.11007188252726322
      vertex 0.008674838089556576 0.008757429701407159 0.11017956291316638
      vertex 0.008269450196157711 0.008725542670021416 0.11109315137254788
    endloop
  endfacet
  facet normal -0.22092594331460003 -0.9658709377365647 -0.13522225854659883
    outer loop
      vertex 0.008438129526887958 0.008829938232248091 0.11007188252726322
      vertex 0.008269450196157711 0.008725542670021416 0.11109315137254788
      vertex 0.008044815973112041 0.008791298567751911 0.11099047461559391
    endloop
  endfacet
  facet normal -0.2339582593872867 -0.9629498147018467 -0.13413123137491303
    outer loop
      vertex 0.008674838089556576 0.008757429701407159 0.11017956291316638
      vertex 0.00891150605715834 0.00868491586667997 0.1102873436128054
      vertex 0.008494125014270233 0.008659792076177173 0.11119572781576603
    endloop
  endfacet
  facet normal -0.22226572253004537 -0.9659625876760081 -0.13234133065096193
    outer loop
      vertex 0.008674838089556576 0.008757429701407159 0.11017956291316638
      vertex 0.008494125014270233 0.008659792076177173 0.11119572781576603
      vertex 0.008269450196157711 0.008725542670021416 0.11109315137254788
    endloop
  endfacet
  facet normal -0.23522407370026008 -0.9630177257012579 -0.13140203627429647
    outer loop
      vertex 0.00891150605715834 0.00868491586667997 0.1102873436128054
      vertex 0.009148129489983515 0.008612398921726706 0.11039522303388247
      vertex 0.008718844367159343 0.008594044592559011 0.1112982055375461
    endloop
  endfacet
  facet normal -0.2236044895701346 -0.9660441345411171 -0.1294595008594719
    outer loop
      vertex 0.00891150605715834 0.00868491586667997 0.1102873436128054
      vertex 0.008718844367159343 0.008594044592559011 0.1112982055375461
      vertex 0.008494125014270233 0.008659792076177173 0.11119572781576603
    endloop
  endfacet
  facet normal -0.2109208424936689 -0.9705641288778792 -0.11626551482397691
    outer loop
      vertex 0.009148129489983515 0.008612398921726706 0.11039522303388247
      vertex 0.009376512688445368 0.008548015687303241 0.110518366007302
      vertex 0.008935617275840345 0.008536319184125334 0.11141584827841228
    endloop
  endfacet
  facet normal -0.19756884337259883 -0.9736708895305344 -0.1137169776648649
    outer loop
      vertex 0.009148129489983515 0.008612398921726706 0.11039522303388247
      vertex 0.008935617275840345 0.008536319184125334 0.11141584827841228
      vertex 0.008718844367159343 0.008594044592559011 0.1112982055375461
    endloop
  endfacet
  facet normal -0.21253258465893177 -0.9705637439454716 -0.11329571658603496
    outer loop
      vertex 0.009376512688445368 0.008548015687303241 0.110518366007302
      vertex 0.009604856725627617 0.008483627166114041 0.11064160646333548
      vertex 0.009152429345800952 0.008478599062457388 0.11153339353666453
    endloop
  endfacet
  facet normal -0.19926525118108612 -0.9736864773135102 -0.11058030370977334
    outer loop
      vertex 0.009376512688445368 0.008548015687303241 0.110518366007302
      vertex 0.009152429345800952 0.008478599062457388 0.11153339353666453
      vertex 0.008935617275840345 0.008536319184125334 0.11141584827841228
    endloop
  endfacet
  facet normal -0.21414077578930235 -0.9705525952973368 -0.11032401327888428
    outer loop
      vertex 0.009604856725627617 0.008483627166114041 0.11064160646333548
      vertex 0.009833157838939842 0.008419235449187332 0.11076494289804469
      vertex 0.009369284339631587 0.008420882136526952 0.11165084281624103
    endloop
  endfacet
  facet normal -0.200960580463813 -0.9736893462081243 -0.10744255293152127
    outer loop
      vertex 0.009604856725627617 0.008483627166114041 0.11064160646333548
      vertex 0.009369284339631587 0.008420882136526952 0.11165084281624103
      vertex 0.009152429345800952 0.008478599062457388 0.11153339353666453
    endloop
  endfacet
  facet normal -0.2157453822445138 -0.9705306846714664 -0.10735045482578721
    outer loop
      vertex 0.009833157838939842 0.008419235449187332 0.11076494289804469
      vertex 0.010061412337954974 0.008354842638618982 0.11088837362231385
      vertex 0.00958618594775931 0.00836316630423816 0.11176819780625757
    endloop
  endfacet
  facet normal -0.20265473979011134 -0.9736794917321006 -0.10430390127373254
    outer loop
      vertex 0.009833157838939842 0.008419235449187332 0.11076494289804469
      vertex 0.00958618594775931 0.00836316630423816 0.11176819780625757
      vertex 0.009369284339631587 0.008420882136526952 0.11165084281624103
    endloop
  endfacet
  facet normal -0.16864501742700844 -0.9826673362940623 -0.07696599429472971
    outer loop
      vertex 0.010061412337954974 0.008354842638618982 0.11088837362231385
      vertex 0.010292105023536035 0.008304036668924755 0.11103155627106859
      vertex 0.009805441583606819 0.008319145273932389 0.11190501515750284
    endloop
  endfacet
  facet normal -0.15235630144928516 -0.9856282843726275 -0.07296877725003498
    outer loop
      vertex 0.010061412337954974 0.008354842638618982 0.11088837362231385
      vertex 0.009805441583606819 0.008319145273932389 0.11190501515750284
      vertex 0.00958618594775931 0.00836316630423816 0.11176819780625757
    endloop
  endfacet
  facet normal -0.17088229270600702 -0.9825576673406153 -0.073346250004397
    outer loop
      vertex 0.010292105023536035 0.008304036668924755 0.11103155627106859
      vertex 0.010522752648581447 0.008253227634363728 0.11117483846344414
      vertex 0.01002474227998998 0.008275127308493417 0.11204173296512726
    endloop
  endfacet
  facet normal -0.15470663553972538 -0.9855374621304733 -0.06915032651697603
    outer loop
      vertex 0.010292105023536035 0.008304036668924755 0.11103155627106859
      vertex 0.01002474227998998 0.008275127308493417 0.11204173296512726
      vertex 0.009805441583606819 0.008319145273932389 0.11190501515750284
    endloop
  endfacet
  facet normal -0.17311515021229623 -0.982430496880549 -0.06972419641710996
    outer loop
      vertex 0.010522752648581447 0.008253227634363728 0.11117483846344414
      vertex 0.010753351327879057 0.008202417754617624 0.11131821839342194
      vertex 0.01024409192212094 0.00823111018823952 0.11217835303514946
    endloop
  endfacet
  facet normal -0.1570558207331166 -0.9854264844224621 -0.06533079651002381
    outer loop
      vertex 0.010522752648581447 0.008253227634363728 0.11117483846344414
      vertex 0.01024409192212094 0.00823111018823952 0.11217835303514946
      vertex 0.01002474227998998 0.008275127308493417 0.11204173296512726
    endloop
  endfacet
  facet normal -0.17534349808960567 -0.9822858302161113 -0.06609996546402463
    outer loop
      vertex 0.010753351327879057 0.008202417754617624 0.11131821839342194
      vertex 0.010983897261288244 0.008151609257380356 0.11146169405774138
      vertex 0.010463494310140327 0.008187091685476789 0.11231487737083003
    endloop
  endfacet
  facet normal -0.15940367826538038 -0.9852953502867078 -0.061510487389231705
    outer loop
      vertex 0.010753351327879057 0.008202417754617624 0.11131821839342194
      vertex 0.010463494310140327 0.008187091685476789 0.11231487737083003
      vertex 0.01024409192212094 0.00823111018823952 0.11217835303514946
    endloop
  endfacet
  facet normal -0.12728324273207933 -0.9914101793928186 -0.030080430779927655
    outer loop
      vertex 0.010983897261288244 0.008151609257380356 0.11146169405774138
      vertex 0.011235176654848664 0.0081146210121207 0.11161750521810908
      vertex 0.010703117773722765 0.008157272573593586 0.11246313763903378
    endloop
  endfacet
  facet normal -0.10835162924931122 -0.9938042659664187 -0.02475894557463028
    outer loop
      vertex 0.010983897261288244 0.008151609257380356 0.11146169405774138
      vertex 0.010703117773722765 0.008157272573593586 0.11246313763903378
      vertex 0.010463494310140327 0.008187091685476789 0.11231487737083003
    endloop
  endfacet
  facet normal -0.13009805425090906 -0.9911736261552194 -0.02548213284717199
    outer loop
      vertex 0.011235176654848664 0.0081146210121207 0.11161750521810908
      vertex 0.011486388790216014 0.008077639395733343 0.11177341810122828
      vertex 0.010942808495498273 0.008127446832838087 0.112611296184486
    endloop
  endfacet
  facet normal -0.11131907600293901 -0.9935849256661005 -0.019926334508421073
    outer loop
      vertex 0.011235176654848664 0.0081146210121207 0.11161750521810908
      vertex 0.010942808495498273 0.008127446832838087 0.112611296184486
      vertex 0.010703117773722765 0.008157272573593586 0.11246313763903378
    endloop
  endfacet
  facet normal -0.13290697432936738 -0.9909085046333841 -0.020882327931609355
    outer loop
      vertex 0.011486388790216014 0.008077639395733343 0.11177341810122828
      vertex 0.011737529580419776 0.0080406670141151 0.11192942967407925
      vertex 0.011182570562437369 0.008097611857313471 0.11275935604020647
    endloop
  endfacet
  facet normal -0.11428476074145327 -0.9933333489566868 -0.015094744541123114
    outer loop
      vertex 0.011486388790216014 0.008077639395733343 0.11177341810122828
      vertex 0.011182570562437369 0.008097611857313471 0.11275935604020647
      vertex 0.010942808495498273 0.008127446832838087 0.112611296184486
    endloop
  endfacet
  facet normal -0.13570981499295912 -0.9906148414584329 -0.016281338914858966
    outer loop
      vertex 0.011737529580419776 0.0080406670141151 0.11192942967407925
      vertex 0.0119885951055992 0.008003706446027749 0.11208553669550701
      vertex 0.011422407894400799 0.008067765068257966 0.11290732044735012
    endloop
  endfacet
  facet normal -0.11724833217729579 -0.993049577816135 -0.010264726047915503
    outer loop
      vertex 0.011737529580419776 0.0080406670141151 0.11192942967407925
      vertex 0.011422407894400799 0.008067765068257966 0.11290732044735012
      vertex 0.011182570562437369 0.008097611857313471 0.11275935604020647
    endloop
  endfacet
  facet normal -0.25216471534500434 -0.9630190156439136 -0.0949069641448946
    outer loop
      vertex 0.0119885951055992 0.008003706446027749 0.11208553669550701
      vertex 0.012198994676889374 0.007933151470928669 0.11224243176427
      vertex 0.01162225168025348 0.008003964329071333 0.11305628252144427
    endloop
  endfacet
  facet normal -0.24091665851497404 -0.9663020745859418 -0.09066126130208345
    outer loop
      vertex 0.0119885951055992 0.008003706446027749 0.11208553669550701
      vertex 0.01162225168025348 0.008003964329071333 0.11305628252144427
      vertex 0.011422407894400799 0.008067765068257966 0.11290732044735012
    endloop
  endfacet
  facet normal -0.25395941906523 -0.9627910384662202 -0.0924014594970666
    outer loop
      vertex 0.012198994676889374 0.007933151470928669 0.11224243176427
      vertex 0.012409331647026562 0.007862603742947172 0.11239941700692428
      vertex 0.01182215806725915 0.007940156342767114 0.11320515442164715
    endloop
  endfacet
  facet normal -0.24281426262604852 -0.9660717274811045 -0.08801506250093115
    outer loop
      vertex 0.012198994676889374 0.007933151470928669 0.11224243176427
      vertex 0.01182215806725915 0.007940156342767114 0.11320515442164715
      vertex 0.01162225168025348 0.008003964329071333 0.11305628252144427
    endloop
  endfacet
  facet normal -0.2557507065743926 -0.9625541939117204 -0.08989438174689679
    outer loop
      vertex 0.012409331647026562 0.007862603742947172 0.11239941700692428
      vertex 0.012619602585690575 0.007792065484479563 0.11255648973059681
      vertex 0.012022130485737996 0.007876338886949009 0.11335393884083175
    endloop
  endfacet
  facet normal -0.24471036743912744 -0.9658307390333959 -0.08536872733039681
    outer loop
      vertex 0.012409331647026562 0.007862603742947172 0.11239941700692428
      vertex 0.012022130485737996 0.007876338886949009 0.11335393884083175
      vertex 0.01182215806725915 0.007940156342767114 0.11320515442164715
    endloop
  endfacet
  facet normal -0.25753855848523594 -0.9623084848682918 -0.08738575881595023
    outer loop
      vertex 0.012619602585690575 0.007792065484479563 0.11255648973059681
      vertex 0.012829804196033556 0.007721538897333413 0.11271364707163978
      vertex 0.012222172232537869 0.007812509759809445 0.11350263864264593
    endloop
  endfacet
  facet normal -0.24660487487795704 -0.9655791227385168 -0.08272238764653435
    outer loop
      vertex 0.012619602585690575 0.007792065484479563 0.11255648973059681
      vertex 0.012222172232537869 0.007812509759809445 0.11350263864264593
      vertex 0.012022130485737996 0.007876338886949009 0.11335393884083175
    endloop
  endfacet
  facet normal -0.18701129433874922 -0.9820290815766664 -0.025409815572627018
    outer loop
      vertex 0.012829804196033556 0.007721538897333413 0.11271364707163978
      vertex 0.01303476881596541 0.0076782910059857365 0.11287657576906962
      vertex 0.012417586398320303 0.007775620794014263 0.11365735280235895
    endloop
  endfacet
  facet normal -0.171374513912325 -0.985033981934007 -0.018407346809051463
    outer loop
      vertex 0.012829804196033556 0.007721538897333413 0.11271364707163978
      vertex 0.012417586398320303 0.007775620794014263 0.11365735280235895
      vertex 0.012222172232537869 0.007812509759809445 0.11350263864264593
    endloop
  endfacet
  facet normal -0.18958820767208062 -0.9816159391995474 -0.02205582510537018
    outer loop
      vertex 0.01303476881596541 0.0076782910059857365 0.11287657576906962
      vertex 0.0132396701351804 0.00763505405687656 0.11303958053226194
      vertex 0.012613063864819599 0.0077387208859805824 0.11381199089630949
    endloop
  endfacet
  facet normal -0.17409502789270803 -0.9846164665951394 -0.014877330833843828
    outer loop
      vertex 0.01303476881596541 0.0076782910059857365 0.11287657576906962
      vertex 0.012613063864819599 0.0077387208859805824 0.11381199089630949
      vertex 0.012417586398320303 0.007775620794014263 0.11365735280235895
    endloop
  endfacet
  facet normal -0.19216033296988796 -0.9811853508726861 -0.01870063276324497
    outer loop
      vertex 0.0132396701351804 0.00763505405687656 0.11303958053226194
      vertex 0.013444505454741597 0.007591829921243763 0.11320265872938881
      vertex 0.012808607330972686 0.007701808164470523 0.11396655555632548
    endloop
  endfacet
  facet normal -0.1768132407937321 -0.9841789945059216 -0.01134833262337425
    outer loop
      vertex 0.0132396701351804 0.00763505405687656 0.11303958053226194
      vertex 0.012808607330972686 0.007701808164470523 0.11396655555632548
      vertex 0.012613063864819599 0.0077387208859805824 0.11381199089630949
    endloop
  endfacet
  facet normal -0.19472757375687474 -0.9807373360138159 -0.0153443724956242
    outer loop
      vertex 0.013444505454741597 0.007591829921243763 0.11320265872938881
      vertex 0.013649272200017425 0.0075486204429896795 0.1133658076037085
      vertex 0.013004219371411148 0.007664880785581749 0.11412104953914866
    endloop
  endfacet
  facet normal -0.1795289412235067 -0.9837216055603587 -0.007820614868199056
    outer loop
      vertex 0.013444505454741597 0.007591829921243763 0.11320265872938881
      vertex 0.013004219371411148 0.007664880785581749 0.11412104953914866
      vertex 0.012808607330972686 0.007701808164470523 0.11396655555632548
    endloop
  endfacet
  facet normal -0.1817056391932281 -0.98335053590832 0.002187284663785935
    outer loop
      vertex 0.013649272200017425 0.0075486204429896795 0.1133658076037085
      vertex 0.013854293004600383 0.007511109491831856 0.1135336057999178
      vertex 0.013200207138256762 0.007633633193882429 0.11428003705722507
    endloop
  endfacet
  facet normal -0.16561990454569428 -0.9861353745491455 0.010347477039904941
    outer loop
      vertex 0.013649272200017425 0.0075486204429896795 0.1133658076037085
      vertex 0.013200207138256762 0.007633633193882429 0.11428003705722507
      vertex 0.013004219371411148 0.007664880785581749 0.11412104953914866
    endloop
  endfacet
  facet normal -0.1844933192350612 -0.9828170606226689 0.005730663717849665
    outer loop
      vertex 0.013854293004600383 0.007511109491831856 0.1135336057999178
      vertex 0.014059242135237966 0.0074736154687461255 0.11370147114204836
      vertex 0.013396266579047748 0.007602368674111016 0.11443895742938022
    endloop
  endfacet
  facet normal -0.1685685592669293 -0.9855895549759671 0.014066625357443675
    outer loop
      vertex 0.013854293004600383 0.007511109491831856 0.1135336057999178
      vertex 0.013396266579047748 0.007602368674111016 0.11443895742938022
      vertex 0.013200207138256762 0.007633633193882429 0.11428003705722507
    endloop
  endfacet
  facet normal -0.1872755325998661 -0.9822636402296092 0.009274479624934467
    outer loop
      vertex 0.014059242135237966 0.0074736154687461255 0.11370147114204836
      vertex 0.014264117312565354 0.0074361401434228135 0.11386940061546333
      vertex 0.013592399973148933 0.007571085456577187 0.11459781367025093
    endloop
  endfacet
  facet normal -0.17151405406350553 -0.985021157292227 0.017783389592049254
    outer loop
      vertex 0.014059242135237966 0.0074736154687461255 0.11370147114204836
      vertex 0.013592399973148933 0.007571085456577187 0.11459781367025093
      vertex 0.013396266579047748 0.007602368674111016 0.11443895742938022
    endloop
  endfacet
  facet normal -0.1900521597211234 -0.9816903081917009 0.012818556385963109
    outer loop
      vertex 0.014264117312565354 0.0074361401434228135 0.11386940061546333
      vertex 0.014468916401380942 0.007398685242204818 0.11403739110936133
      vertex 0.013788609455761913 0.007539781814938039 0.11475660889063864
    endloop
  endfacet
  facet normal -0.17445613262195148 -0.9844302496869122 0.02149747175729651
    outer loop
      vertex 0.014264117312565354 0.0074361401434228135 0.11386940061546333
      vertex 0.013788609455761913 0.007539781814938039 0.11475660889063864
      vertex 0.013592399973148933 0.007571085456577187 0.11459781367025093
    endloop
  endfacet
  facet normal -0.2720288813507467 -0.9600991711756828 -0.06488350498261339
    outer loop
      vertex 0.014468916401380942 0.007398685242204818 0.11403739110936133
      vertex 0.014648678845343516 0.007336278657690023 0.11420717129511881
      vertex 0.013960034511799339 0.0074834123280242614 0.1149171858477383
    endloop
  endfacet
  facet normal -0.2618179374685661 -0.9633325839233606 -0.05866600694820922
    outer loop
      vertex 0.014468916401380942 0.007398685242204818 0.11403739110936133
      vertex 0.013960034511799339 0.0074834123280242614 0.1149171858477383
      vertex 0.013788609455761913 0.007539781814938039 0.11475660889063864
    endloop
  endfacet
  facet normal -0.273944112669387 -0.9596997169590884 -0.06269829664694
    outer loop
      vertex 0.014648678845343516 0.007336278657690023 0.11420717129511881
      vertex 0.014828369900043454 0.007273890327558796 0.1143770125317006
      vertex 0.0141315309570994 0.007427024586726918 0.11507770175401363
    endloop
  endfacet
  facet normal -0.2638484560436728 -0.9629158376253558 -0.05636560913916482
    outer loop
      vertex 0.014648678845343516 0.007336278657690023 0.11420717129511881
      vertex 0.0141315309570994 0.007427024586726918 0.11507770175401363
      vertex 0.013960034511799339 0.0074834123280242614 0.1149171858477383
    endloop
  endfacet
  facet normal -0.27585618175703674 -0.9592922811376162 -0.06051186938293493
    outer loop
      vertex 0.014828369900043454 0.007273890327558796 0.1143770125317006
      vertex 0.015007987561151681 0.007211521882517274 0.11454691185641626
      vertex 0.014303100795991175 0.007370616960339869 0.11523815957215512
    endloop
  endfacet
  facet normal -0.2658770139281651 -0.9624896380246822 -0.0540657947297444
    outer loop
      vertex 0.014828369900043454 0.007273890327558796 0.1143770125317006
      vertex 0.014303100795991175 0.007370616960339869 0.11523815957215512
      vertex 0.0141315309570994 0.007427024586726918 0.11507770175401363
    endloop
  endfacet
  facet normal -0.27776507329680555 -0.9588768667663452 -0.0583242525608074
    outer loop
      vertex 0.015007987561151681 0.007211521882517274 0.11454691185641626
      vertex 0.015187529960064648 0.0071491749106587215 0.114716866223578
      vertex 0.014474745897078208 0.007314187860769849 0.11539856234785052
    endloop
  endfacet
  facet normal -0.26790351490482356 -0.9620540108511099 -0.05176665825541971
    outer loop
      vertex 0.015007987561151681 0.007211521882517274 0.11454691185641626
      vertex 0.014474745897078208 0.007314187860769849 0.11539856234785052
      vertex 0.014303100795991175 0.007370616960339869 0.11523815957215512
    endloop
  endfacet
  facet normal -0.24440594828890044 -0.9695501307906488 -0.01543620176205791
    outer loop
      vertex 0.015187529960064648 0.0071491749106587215 0.114716866223578
      vertex 0.015369975171286349 0.007100315231683083 0.11489704094043401
      vertex 0.014649351007285078 0.007271273868316916 0.11556895905956593
    endloop
  endfacet
  facet normal -0.2320506735368486 -0.9726771647709319 -0.007184569874124766
    outer loop
      vertex 0.015187529960064648 0.0071491749106587215 0.114716866223578
      vertex 0.014649351007285078 0.007271273868316916 0.11556895905956593
      vertex 0.014474745897078208 0.007314187860769849 0.11539856234785052
    endloop
  endfacet
  facet normal -0.24688443768188162 -0.9689610884505415 -0.012746901554609618
    outer loop
      vertex 0.015369975171286349 0.007100315231683083 0.11489704094043401
      vertex 0.015552342945364065 0.007051478261442429 0.11507726971812518
      vertex 0.014824033554635935 0.007228337167128999 0.11573930171044622
    endloop
  endfacet
  facet normal -0.2346772856171266 -0.9720635459339669 -0.004362829547439862
    outer loop
      vertex 0.015369975171286349 0.007100315231683083 0.11489704094043401
      vertex 0.014824033554635935 0.007228337167128999 0.11573930171044622
      vertex 0.014649351007285078 0.007271273868316916 0.11556895905956593
    endloop
  endfacet
  facet normal -0.2493583711745244 -0.9683590576345669 -0.010056750085478005
    outer loop
      vertex 0.015552342945364065 0.007051478261442429 0.11507726971812518
      vertex 0.015734631587047156 0.007002665555843664 0.11525754931193942
      vertex 0.014998795234381416 0.007185376201299193 0.1159095935452034
    endloop
  endfacet
  facet normal -0.2373006706746487 -0.9714350269168378 -0.001542782047034054
    outer loop
      vertex 0.015552342945364065 0.007051478261442429 0.11507726971812518
      vertex 0.014998795234381416 0.007185376201299193 0.1159095935452034
      vertex 0.014824033554635935 0.007228337167128999 0.11573930171044622
    endloop
  endfacet
  facet normal -0.25182769306175506 -0.9677440558113601 -0.007365829822461978
    outer loop
      vertex 0.015734631587047156 0.007002665555843664 0.11525754931193942
      vertex 0.015916839549409187 0.006953878617514614 0.11543787641453009
      vertex 0.01517363759344796 0.007142389468199671 0.11607983787118416
    endloop
  endfacet
  facet normal -0.23992066057082553 -0.9707916614530586 0.0012754154103607842
    outer loop
      vertex 0.015734631587047156 0.007002665555843664 0.11525754931193942
      vertex 0.01517363759344796 0.007142389468199671 0.11607983787118416
      vertex 0.014998795234381416 0.007185376201299193 0.1159095935452034
    endloop
  endfacet
  facet normal -0.3317564973097667 -0.9374411511768883 -0.10555432048431326
    outer loop
      vertex 0.015916839549409187 0.006953878617514614 0.11543787641453009
      vertex 0.016085548233928073 0.006871797505177684 0.11563659883632242
      vertex 0.015334556480357647 0.007066526959108028 0.11626754402082042
    endloop
  endfacet
  facet normal -0.3255700365254958 -0.940124350920361 -0.10084818354019831
    outer loop
      vertex 0.015916839549409187 0.006953878617514614 0.11543787641453009
      vertex 0.015334556480357647 0.007066526959108028 0.11626754402082042
      vertex 0.01517363759344796 0.007142389468199671 0.11607983787118416
    endloop
  endfacet
  facet normal -0.3332392140747533 -0.937073939084783 -0.10413481113906566
    outer loop
      vertex 0.016085548233928073 0.006871797505177684 0.11563659883632242
      vertex 0.016254166701595574 0.0067897438729894585 0.1158353799591804
      vertex 0.01549556558411871 0.006990636969867685 0.116455191469391
    endloop
  endfacet
  facet normal -0.32714312342454954 -0.9397372246027255 -0.09935454439529393
    outer loop
      vertex 0.016085548233928073 0.006871797505177684 0.11563659883632242
      vertex 0.01549556558411871 0.006990636969867685 0.116455191469391
      vertex 0.015334556480357647 0.007066526959108028 0.11626754402082042
    endloop
  endfacet
  facet normal -0.3347200230377955 -0.9367028882323808 -0.10271419256701297
    outer loop
      vertex 0.016254166701595574 0.0067897438729894585 0.1158353799591804
      vertex 0.016422693009960722 0.006707719589866598 0.11603421570502528
      vertex 0.015656666847182137 0.006914717631561973 0.11664278429497468
    endloop
  endfacet
  facet normal -0.32871497673193206 -0.9393453202250697 -0.09786129696354393
    outer loop
      vertex 0.016254166701595574 0.0067897438729894585 0.1158353799591804
      vertex 0.015656666847182137 0.006914717631561973 0.11664278429497468
      vertex 0.01549556558411871 0.006990636969867685 0.116455191469391
    endloop
  endfacet
  facet normal -0.3361989352219574 -0.9363279941116414 -0.10129246466787183
    outer loop
      vertex 0.016422693009960722 0.006707719589866598 0.11603421570502528
      vertex 0.016591125411658497 0.006625726453648185 0.11623310191758508
      vertex 0.01581786201691293 0.006838767146351813 0.11683032665384348
    endloop
  endfacet
  facet normal -0.3302855392240248 -0.9389486558112569 -0.09636848203499555
    outer loop
      vertex 0.016422693009960722 0.006707719589866598 0.11603421570502528
      vertex 0.01581786201691293 0.006838767146351813 0.11683032665384348
      vertex 0.015656666847182137 0.006914717631561973 0.11664278429497468
    endloop
  endfacet
  facet normal -0.33764223349328976 -0.9359672303610878 -0.09981515842725189
    outer loop
      vertex 0.016591125411658497 0.006625726453648185 0.11623310191758508
      vertex 0.016746541202068154 0.006547383482728496 0.11644200324324011
      vertex 0.015966225940788992 0.006766405831557218 0.11702778247104559
    endloop
  endfacet
  facet normal -0.3317399773711576 -0.9386049108493305 -0.09470696248589094
    outer loop
      vertex 0.016591125411658497 0.006625726453648185 0.11623310191758508
      vertex 0.015966225940788992 0.006766405831557218 0.11702778247104559
      vertex 0.01581786201691293 0.006838767146351813 0.11683032665384348
    endloop
  endfacet
  facet normal -0.3391917452060318 -0.9355465529525229 -0.09849673721874519
    outer loop
      vertex 0.016746541202068154 0.006547383482728496 0.11644200324324011
      vertex 0.016901866404681994 0.006469069538434626 0.11665095751588235
      vertex 0.016114680452460863 0.006694015490136802 0.11722518534126049
    endloop
  endfacet
  facet normal -0.33338255374328835 -0.938161706678866 -0.09332033530265986
    outer loop
      vertex 0.016746541202068154 0.006547383482728496 0.11644200324324011
      vertex 0.016114680452460863 0.006694015490136802 0.11722518534126049
      vertex 0.015966225940788992 0.006766405831557218 0.11702778247104559
    endloop
  endfacet
  facet normal -0.3407393763376677 -0.9351220591292596 -0.09717721925878864
    outer loop
      vertex 0.016901866404681994 0.006469069538434626 0.11665095751588235
      vertex 0.017057099328754044 0.006390786374250437 0.11685996065578083
      vertex 0.016263227242674524 0.006621594368606704 0.11742253934421915
    endloop
  endfacet
  facet normal -0.33502383477880626 -0.9377137866376891 -0.09193413120114743
    outer loop
      vertex 0.016901866404681994 0.006469069538434626 0.11665095751588235
      vertex 0.016263227242674524 0.006621594368606704 0.11742253934421915
      vertex 0.016114680452460863 0.006694015490136802 0.11722518534126049
    endloop
  endfacet
  facet normal -0.3422851370532207 -0.9346937446182891 -0.09585660500924542
    outer loop
      vertex 0.017057099328754044 0.006390786374250437 0.11685996065578083
      vertex 0.017212238472929464 0.006312535672530727 0.1170690085161872
      vertex 0.016411867812784822 0.006549140784612129 0.11761984862666991
    endloop
  endfacet
  facet normal -0.3366637627067727 -0.9372611698393132 -0.09054838701798983
    outer loop
      vertex 0.017057099328754044 0.006390786374250437 0.11685996065578083
      vertex 0.016411867812784822 0.006549140784612129 0.11761984862666991
      vertex 0.016263227242674524 0.006621594368606704 0.11742253934421915
    endloop
  endfacet
  facet normal -0.3145477938476484 -0.9482236103772579 -0.043950769147941444
    outer loop
      vertex 0.017212238472929464 0.006312535672530727 0.1170690085161872
      vertex 0.017376777764480423 0.006246854270215877 0.11730848521894047
      vertex 0.016569543021233864 0.006489698079784122 0.11784644335248809
    endloop
  endfacet
  facet normal -0.30627344128636297 -0.951246575177556 -0.03642159216150961
    outer loop
      vertex 0.017212238472929464 0.006312535672530727 0.1170690085161872
      vertex 0.016569543021233864 0.006489698079784122 0.11784644335248809
      vertex 0.016411867812784822 0.006549140784612129 0.11761984862666991
    endloop
  endfacet
  facet normal -0.3170069016002319 -0.9474907247633919 -0.04204700732707684
    outer loop
      vertex 0.017376777764480423 0.006246854270215877 0.11730848521894047
      vertex 0.01754120806013781 0.006181210297298773 0.1175480151536555
      vertex 0.016727327225576478 0.006430217945558369 0.11807298484634447
    endloop
  endfacet
  facet normal -0.3088776625927641 -0.9504785864743401 -0.03442450006856899
    outer loop
      vertex 0.017376777764480423 0.006246854270215877 0.11730848521894047
      vertex 0.016727327225576478 0.006430217945558369 0.11807298484634447
      vertex 0.016569543021233864 0.006489698079784122 0.11784644335248809
    endloop
  endfacet
  facet normal -0.31946199420829113 -0.9467484733466358 -0.04014177963513967
    outer loop
      vertex 0.01754120806013781 0.006181210297298773 0.1175480151536555
      vertex 0.01770552764508813 0.006115605815074947 0.117787592999526
      vertex 0.01688522214062615 0.006370698320639338 0.11829947842904541
    endloop
  endfacet
  facet normal -0.3114786593812467 -0.9496996527357827 -0.03242860378731988
    outer loop
      vertex 0.01754120806013781 0.006181210297298773 0.1175480151536555
      vertex 0.01688522214062615 0.006370698320639338 0.11829947842904541
      vertex 0.016727327225576478 0.006430217945558369 0.11807298484634447
    endloop
  endfacet
  facet normal -0.3219130515356476 -0.9459968619534337 -0.03823512031187392
    outer loop
      vertex 0.01770552764508813 0.006115605815074947 0.117787592999526
      vertex 0.017869735066664456 0.00605004277948361 0.11802721337185332
      vertex 0.017043229219049827 0.0063111372490878195 0.11852592948528953
    endloop
  endfacet
  facet normal -0.3140762830685519 -0.948909827319921 -0.030433994636272495
    outer loop
      vertex 0.01770552764508813 0.006115605815074947 0.117787592999526
      vertex 0.017043229219049827 0.0063111372490878195 0.11852592948528953
      vertex 0.01688522214062615 0.006370698320639338 0.11829947842904541
    endloop
  endfacet
  facet normal -0.33379791545332704 -0.9410733096194032 -0.05440567581600667
    outer loop
      vertex 0.017869735066664456 0.00605004277948361 0.11802721337185332
      vertex 0.018019464679408456 0.005981465029857086 0.1182947820946633
      vertex 0.017186591249162973 0.006248869898714343 0.11877936076247954
    endloop
  endfacet
  facet normal -0.3266509508626653 -0.9439682819380607 -0.0471491144712418
    outer loop
      vertex 0.017869735066664456 0.00605004277948361 0.11802721337185332
      vertex 0.017186591249162973 0.006248869898714343 0.11877936076247954
      vertex 0.017043229219049827 0.0063111372490878195 0.11852592948528953
    endloop
  endfacet
  facet normal -0.33627015144035804 -0.940283561103256 -0.0528129716003368
    outer loop
      vertex 0.018019464679408456 0.005981465029857086 0.1182947820946633
      vertex 0.018169073132796025 0.005912929341344389 0.11856240808789364
      vertex 0.017330074438632548 0.006186560487227041 0.1190327347692492
    endloop
  endfacet
  facet normal -0.32926636645245566 -0.943141351285859 -0.04547583333905272
    outer loop
      vertex 0.018019464679408456 0.005981465029857086 0.1182947820946633
      vertex 0.017330074438632548 0.006186560487227041 0.1190327347692492
      vertex 0.017186591249162973 0.006248869898714343 0.11877936076247954
    endloop
  endfacet
  facet normal -0.338738620169575 -0.9394853904474465 -0.051218632756268576
    outer loop
      vertex 0.018169073132796025 0.005912929341344389 0.11856240808789364
      vertex 0.0183185584919752 0.005844438108189509 0.11883008506170266
      vertex 0.017473680722310512 0.006124206620381922 0.11928605779544017
    endloop
  endfacet
  facet normal -0.33187875701772507 -0.9423044825107335 -0.043803571550141786
    outer loop
      vertex 0.018169073132796025 0.005912929341344389 0.11856240808789364
      vertex 0.017473680722310512 0.006124206620381922 0.11928605779544017
      vertex 0.017330074438632548 0.006186560487227041 0.1190327347692492
    endloop
  endfacet
  facet normal -0.3412033113837618 -0.9386788002778962 -0.04962267838000357
    outer loop
      vertex 0.0183185584919752 0.005844438108189509 0.11883008506170266
      vertex 0.01846791914166607 0.005775993598859819 0.1190978066372394
      vertex 0.017617411715476785 0.006061806029711612 0.11953933621990342
    endloop
  endfacet
  facet normal -0.33448797684841686 -0.9414577280874011 -0.0421324052050476
    outer loop
      vertex 0.0183185584919752 0.005844438108189509 0.11883008506170266
      vertex 0.017617411715476785 0.006061806029711612 0.11953933621990342
      vertex 0.017473680722310512 0.006124206620381922 0.11928605779544017
    endloop
  endfacet
  facet normal -0.34864551385180276 -0.9353821044774611 -0.0592167568710802
    outer loop
      vertex 0.01846791914166607 0.005775993598859819 0.1190978066372394
      vertex 0.018601281591607084 0.005707346584226194 0.11939696130328169
      vertex 0.017745009194107198 0.005999540615773808 0.11982289583957541
    endloop
  endfacet
  facet normal -0.34226181969543695 -0.9381649322093286 -0.051994295373952504
    outer loop
      vertex 0.01846791914166607 0.005775993598859819 0.1190978066372394
      vertex 0.017745009194107198 0.005999540615773808 0.11982289583957541
      vertex 0.017617411715476785 0.006061806029711612 0.11953933621990342
    endloop
  endfacet
  facet normal -0.3512184353364691 -0.9345036853924786 -0.05786598886805413
    outer loop
      vertex 0.018601281591607084 0.005707346584226194 0.11939696130328169
      vertex 0.01873450624480693 0.0056387482447945135 0.11969617759776334
      vertex 0.017872744469478778 0.00593722652663406 0.12010639383080805
    endloop
  endfacet
  facet normal -0.34498177515330586 -0.937245948147357 -0.05057279400464225
    outer loop
      vertex 0.018601281591607084 0.005707346584226194 0.11939696130328169
      vertex 0.017872744469478778 0.00593722652663406 0.12010639383080805
      vertex 0.017745009194107198 0.005999540615773808 0.11982289583957541
    endloop
  endfacet
  facet normal -0.3537875410237842 -0.9336169506748103 -0.05651340751550055
    outer loop
      vertex 0.01873450624480693 0.0056387482447945135 0.11969617759776334
      vertex 0.01886759093420754 0.005570201409593658 0.11999544785930324
      vertex 0.0180006197086496 0.0058748609332634864 0.12038983785498245
    endloop
  endfacet
  facet normal -0.3476986324604982 -0.936317100331027 -0.04915230017808883
    outer loop
      vertex 0.01873450624480693 0.0056387482447945135 0.11969617759776334
      vertex 0.0180006197086496 0.0058748609332634864 0.12038983785498245
      vertex 0.017872744469478778 0.00593722652663406 0.12010639383080805
    endloop
  endfacet
  facet normal -0.35635282618776276 -0.9327219014564448 -0.05515902293794136
    outer loop
      vertex 0.01886759093420754 0.005570201409593658 0.11999544785930324
      vertex 0.019000533898936793 0.005501708749776509 0.12029476430506383
      vertex 0.018128636672491774 0.005812441164509206 0.12067323569493613
    endloop
  endfacet
  facet normal -0.35041223370171243 -0.9353784465681293 -0.04773288350780511
    outer loop
      vertex 0.01886759093420754 0.005570201409593658 0.11999544785930324
      vertex 0.018128636672491774 0.005812441164509206 0.12067323569493613
      vertex 0.0180006197086496 0.0058748609332634864 0.12038983785498245
    endloop
  endfacet
  facet normal -0.34958626779725444 -0.9365155961779691 -0.026981094918659052
    outer loop
      vertex 0.019000533898936793 0.005501708749776509 0.12029476430506383
      vertex 0.019110755309244096 0.005451393324447028 0.12061310902437941
      vertex 0.01823414376218447 0.005768183054124402 0.12097531954704913
    endloop
  endfacet
  facet normal -0.34256406446141835 -0.9393225172792192 -0.017974155665957576
    outer loop
      vertex 0.019000533898936793 0.005501708749776509 0.12029476430506383
      vertex 0.01823414376218447 0.005768183054124402 0.12097531954704913
      vertex 0.018128636672491774 0.005812441164509206 0.12067323569493613
    endloop
  endfacet
  facet normal -0.35273917162247653 -0.935368368255474 -0.025711718538066686
    outer loop
      vertex 0.019110755309244096 0.005451393324447028 0.12061310902437941
      vertex 0.019220835673006115 0.005401128188786254 0.12093151487444821
      vertex 0.01833979189842245 0.00572387465407089 0.1212773422684089
    endloop
  endfacet
  facet normal -0.3458931388453312 -0.938126451367585 -0.016634234102797855
    outer loop
      vertex 0.019110755309244096 0.005451393324447028 0.12061310902437941
      vertex 0.01833979189842245 0.00572387465407089 0.1212773422684089
      vertex 0.01823414376218447 0.005768183054124402 0.12097531954704913
    endloop
  endfacet
  facet normal -0.3558869323509848 -0.934209374931889 -0.02444044130483113
    outer loop
      vertex 0.019220835673006115 0.005401128188786254 0.12093151487444821
      vertex 0.019330772844696743 0.0053509162306038666 0.12124997390660221
      vertex 0.018445583226731826 0.005679513076538989 0.12157931180768349
    endloop
  endfacet
  facet normal -0.34921791316402745 -0.9369166914023677 -0.01529583266783289
    outer loop
      vertex 0.019220835673006115 0.005401128188786254 0.12093151487444821
      vertex 0.018445583226731826 0.005679513076538989 0.12157931180768349
      vertex 0.01833979189842245 0.00572387465407089 0.1212773422684089
    endloop
  endfacet
  facet normal -0.35902950776057985 -0.9330386324636536 -0.023167280538529466
    outer loop
      vertex 0.019330772844696743 0.0053509162306038666 0.12124997390660221
      vertex 0.019440565097176468 0.005300760180241868 0.12156847802552735
      vertex 0.0185515194742521 0.005635095591186702 0.12188123626018692
    endloop
  endfacet
  facet normal -0.35253815546912975 -0.935693322714884 -0.013959038835238793
    outer loop
      vertex 0.019330772844696743 0.0053509162306038666 0.12124997390660221
      vertex 0.0185515194742521 0.005635095591186702 0.12188123626018692
      vertex 0.018445583226731826 0.005679513076538989 0.12157931180768349
    endloop
  endfacet
  facet normal -0.3710794685418315 -0.927032230902284 -0.05395619422314936
    outer loop
      vertex 0.019440565097176468 0.005300760180241868 0.12156847802552735
      vertex 0.019519977261330156 0.005249393241261076 0.12190487284783472
      vertex 0.018627252595812698 0.0055895384587389225 0.12220041286645097
    endloop
  endfacet
  facet normal -0.3657304511017274 -0.9295881165600565 -0.04590392888690199
    outer loop
      vertex 0.019440565097176468 0.005300760180241868 0.12156847802552735
      vertex 0.018627252595812698 0.0055895384587389225 0.12220041286645097
      vertex 0.0185515194742521 0.005635095591186702 0.12188123626018692
    endloop
  endfacet
  facet normal -0.37386663359015365 -0.9259588077381969 -0.05314157186255039
    outer loop
      vertex 0.019519977261330156 0.005249393241261076 0.12190487284783472
      vertex 0.01959923797121254 0.0051980812899028155 0.12224132918316798
      vertex 0.018703137171644603 0.005543926338668612 0.12251952795968916
    endloop
  endfacet
  facet normal -0.3686740988574703 -0.9284669541344142 -0.04503913755830417
    outer loop
      vertex 0.019519977261330156 0.005249393241261076 0.12190487284783472
      vertex 0.018703137171644603 0.005543926338668612 0.12251952795968916
      vertex 0.018627252595812698 0.0055895384587389225 0.12220041286645097
    endloop
  endfacet
  facet normal -0.3766498040278015 -0.9248767593144469 -0.05232499599450723
    outer loop
      vertex 0.01959923797121254 0.0051980812899028155 0.12224132918316798
      vertex 0.019678345073880336 0.0051468274250532275 0.12257783821432477
      vertex 0.018779175354691088 0.005498256132089628 0.12283859035710379
    endloop
  endfacet
  facet normal -0.371614409763346 -0.9273355707302948 -0.04417544243760922
    outer loop
      vertex 0.01959923797121254 0.0051980812899028155 0.12224132918316798
      vertex 0.018779175354691088 0.005498256132089628 0.12283859035710379
      vertex 0.018703137171644603 0.005543926338668612 0.12251952795968916
    endloop
  endfacet
  facet normal -0.37942897390924885 -0.9237860889336292 -0.05150646222449712
    outer loop
      vertex 0.019678345073880336 0.0051468274250532275 0.12257783821432477
      vertex 0.019757296889488643 0.0050956345704284605 0.12291439094619508
      vertex 0.01885536882479707 0.005452524915285826 0.1231576090538049
    endloop
  endfacet
  facet normal -0.3745512056081046 -0.9261940332910078 -0.043312897313052406
    outer loop
      vertex 0.019678345073880336 0.0051468274250532275 0.12257783821432477
      vertex 0.01885536882479707 0.005452524915285826 0.1231576090538049
      vertex 0.018779175354691088 0.005498256132089628 0.12283859035710379
    endloop
  endfacet
  facet normal -0.37676325104126746 -0.9260202546630173 -0.02315039132834713
    outer loop
      vertex 0.019757296889488643 0.0050956345704284605 0.12291439094619508
      vertex 0.019812134040745603 0.0050644705416821615 0.12326850584361891
      vertex 0.01890770717354011 0.0054268182083178395 0.12349370844209535
    endloop
  endfacet
  facet normal -0.3709934406843255 -0.9285409873385855 -0.013247709292208455
    outer loop
      vertex 0.019757296889488643 0.0050956345704284605 0.12291439094619508
      vertex 0.01890770717354011 0.0054268182083178395 0.12349370844209535
      vertex 0.01885536882479707 0.005452524915285826 0.1231576090538049
    endloop
  endfacet
  facet normal -0.3801481155858358 -0.9246514599964021 -0.02251860881716053
    outer loop
      vertex 0.019812134040745603 0.0050644705416821615 0.12326850584361891
      vertex 0.019866810243468785 0.005033366309092924 0.12362268041576306
      vertex 0.018960206470816927 0.00540105170519279 0.12382974815566551
    endloop
  endfacet
  facet normal -0.3745671385510791 -0.9271145862580742 -0.012569911104555387
    outer loop
      vertex 0.019812134040745603 0.0050644705416821615 0.12326850584361891
      vertex 0.018960206470816927 0.00540105170519279 0.12382974815566551
      vertex 0.01890770717354011 0.0054268182083178395 0.12349370844209535
    endloop
  endfacet
  facet normal -0.38352741415891367 -0.9232701565637035 -0.021884711270917217
    outer loop
      vertex 0.019866810243468785 0.005033366309092924 0.12362268041576306
      vertex 0.01992132346566727 0.005002325102922652 0.12397690506316793
      vertex 0.019012868748618444 0.005375222175648775 0.12416573779397493
    endloop
  endfacet
  facet normal -0.3781359918445667 -0.9256736508452209 -0.011893855666085881
    outer loop
      vertex 0.019866810243468785 0.005033366309092924 0.12362268041576306
      vertex 0.019012868748618444 0.005375222175648775 0.12416573779397493
      vertex 0.018960206470816927 0.00540105170519279 0.12382974815566551
    endloop
  endfacet
  facet normal -0.3869011002417135 -0.9218763646430472 -0.02124869276616898
    outer loop
      vertex 0.01992132346566727 0.005002325102922652 0.12397690506316793
      vertex 0.019975672199395538 0.00497134996090709 0.12433116998300257
      vertex 0.019065695514890176 0.005349326581950052 0.12450168715985456
    endloop
  endfacet
  facet normal -0.3816997308034302 -0.9242182837407349 -0.011219603554469378
    outer loop
      vertex 0.01992132346566727 0.005002325102922652 0.12397690506316793
      vertex 0.019065695514890176 0.005349326581950052 0.12450168715985456
      vertex 0.019012868748618444 0.005375222175648775 0.12416573779397493
    endloop
  endfacet
  facet normal -0.3837584527659897 -0.9230837935920168 0.02541180706728315
    outer loop
      vertex 0.019975672199395538 0.00497134996090709 0.12433116998300257
      vertex 0.020004248626489765 0.004969626199854606 0.12470010358661703
      vertex 0.01909306551636738 0.005352617828716821 0.12485196784195439
    endloop
  endfacet
  facet normal -0.3772067498620422 -0.9253422261487129 0.03816847343894218
    outer loop
      vertex 0.019975672199395538 0.00497134996090709 0.12433116998300257
      vertex 0.01909306551636738 0.005352617828716821 0.12485196784195439
      vertex 0.019065695514890176 0.005349326581950052 0.12450168715985456
    endloop
  endfacet
  facet normal -0.388049166196921 -0.9212794530942597 0.025729631171397812
    outer loop
      vertex 0.020004248626489765 0.004969626199854606 0.12470010358661703
      vertex 0.020032655555038352 0.00496796629377927 0.12506909634492655
      vertex 0.019120605016390214 0.0053558452205064435 0.12520218936935915
    endloop
  endfacet
  facet normal -0.38173430493716454 -0.9234687599093984 0.03852752140402882
    outer loop
      vertex 0.020004248626489765 0.004969626199854606 0.12470010358661703
      vertex 0.019120605016390214 0.0053558452205064435 0.12520218936935915
      vertex 0.01909306551636738 0.005352617828716821 0.12485196784195439
    endloop
  endfacet
  facet normal -0.39233138620649755 -0.9194550132145376 0.026049224018053634
    outer loop
      vertex 0.020032655555038352 0.00496796629377927 0.12506909634492655
      vertex 0.02006089100700682 0.004966373605463584 0.12543813800036888
      vertex 0.019148315992993176 0.005359005394536415 0.12555236199963113
    endloop
  endfacet
  facet normal -0.38625430153614204 -0.9215724147277685 0.03888314490440477
    outer loop
      vertex 0.020032655555038352 0.00496796629377927 0.12506909634492655
      vertex 0.019148315992993176 0.005359005394536415 0.12555236199963113
      vertex 0.019120605016390214 0.0053558452205064435 0.12520218936935915
    endloop
  endfacet
  facet normal -0.396604951008919 -0.9176105405072812 0.02637060456546386
    outer loop
      vertex 0.02006089100700682 0.004966373605463584 0.12543813800036888
      vertex 0.020088953574248006 0.004964851293993531 0.12580721805050038
      vertex 0.01917619985432342 0.005362095191720754 0.12590249623521393
    endloop
  endfacet
  facet normal -0.3907662716292848 -0.9196533660725996 0.03923528040278403
    outer loop
      vertex 0.02006089100700682 0.004966373605463584 0.12543813800036888
      vertex 0.01917619985432342 0.005362095191720754 0.12590249623521393
      vertex 0.019148315992993176 0.005359005394536415 0.12555236199963113
    endloop
  endfacet
  facet normal -0.40180855278693534 -0.915563538393935 0.017125830515511403
    outer loop
      vertex 0.020088953574248006 0.004964851293993531 0.12580721805050038
      vertex 0.02008592471089719 0.004973425437285866 0.1261945364795738
      vertex 0.019173355360531375 0.005375330826999848 0.12626996352042624
    endloop
  endfacet
  facet normal -0.39624668241272243 -0.9176543186211185 0.029985299613673005
    outer loop
      vertex 0.020088953574248006 0.004964851293993531 0.12580721805050038
      vertex 0.019173355360531375 0.005375330826999848 0.12626996352042624
      vertex 0.01917619985432342 0.005362095191720754 0.12590249623521393
    endloop
  endfacet
  facet normal -0.4061209676027117 -0.9136607478635073 0.01702343933915362
    outer loop
      vertex 0.02008592471089719 0.004973425437285866 0.1261945364795738
      vertex 0.02008270460833892 0.004982074363318609 0.1265819102017206
      vertex 0.01917070210594679 0.0053884916795385335 0.12663737551256515
    endloop
  endfacet
  facet normal -0.40080200499678936 -0.9156764775728469 0.029905538121511734
    outer loop
      vertex 0.02008592471089719 0.004973425437285866 0.1261945364795738
      vertex 0.01917070210594679 0.0053884916795385335 0.12663737551256515
      vertex 0.019173355360531375 0.005375330826999848 0.12626996352042624
    endloop
  endfacet
  facet normal -0.41042448191114 -0.9117375454514808 0.016923145750161364
    outer loop
      vertex 0.02008270460833892 0.004982074363318609 0.1265819102017206
      vertex 0.020079291578073213 0.004990801767744999 0.1269693270099264
      vertex 0.019168241779069638 0.0054015740536835725 0.127004744418645
    endloop
  endfacet
  facet normal -0.4053491126297447 -0.9136753979258027 0.02982220842601209
    outer loop
      vertex 0.02008270460833892 0.004982074363318609 0.1265819102017206
      vertex 0.019168241779069638 0.0054015740536835725 0.127004744418645
      vertex 0.01917070210594679 0.0053884916795385335 0.12663737551256515
    endloop
  endfacet
  facet normal -0.4147189437908912 -0.909793997145432 0.016824993881285815
    outer loop
      vertex 0.020079291578073213 0.004990801767744999 0.1269693270099264
      vertex 0.020075684648359716 0.0049996110832273176 0.12735677441761403
      vertex 0.01916597535164028 0.005414574516772683 0.1273720827252431
    endloop
  endfacet
  facet normal -0.40988750707469296 -0.9116512735135479 0.029735282834031422
    outer loop
      vertex 0.020079291578073213 0.004990801767744999 0.1269693270099264
      vertex 0.01916597535164028 0.005414574516772683 0.1273720827252431
      vertex 0.019168241779069638 0.0054015740536835725 0.127004744418645
    endloop
  endfacet
  facet normal -0.4188057826467145 -0.9080473383800796 0.007193586207592061
    outer loop
      vertex 0.020075684648359716 0.0049996110832273176 0.12735677441761403
      vertex 0.020038548248326377 0.0050196486263273605 0.1277240597357822
      vertex 0.019130472537387908 0.00543843712367264 0.12772022597850352
    endloop
  endfacet
  facet normal -0.41464883732711444 -0.9097601019955662 0.02007233220851943
    outer loop
      vertex 0.020075684648359716 0.0049996110832273176 0.12735677441761403
      vertex 0.019130472537387908 0.00543843712367264 0.12772022597850352
      vertex 0.01916597535164028 0.005414574516772683 0.1273720827252431
    endloop
  endfacet
  facet normal -0.42271182432900606 -0.9062396000144602 0.006670902343336584
    outer loop
      vertex 0.020038548248326377 0.0050196486263273605 0.1277240597357822
      vertex 0.020001232660007976 0.0050397582683207945 0.12809138837836534
      vertex 0.019095148911420595 0.0054622276316792055 0.12806832590734893
    endloop
  endfacet
  facet normal -0.4187795863732306 -0.907877402067331 0.01955200379857434
    outer loop
      vertex 0.020038548248326377 0.0050196486263273605 0.1277240597357822
      vertex 0.019095148911420595 0.0054622276316792055 0.12806832590734893
      vertex 0.019130472537387908 0.00543843712367264 0.12772022597850352
    endloop
  endfacet
  facet normal -0.42661020759791995 -0.9044146754553022 0.006150251567222835
    outer loop
      vertex 0.020001232660007976 0.0050397582683207945 0.12809138837836534
      vertex 0.019963736795937936 0.005059943125530251 0.12845874940458096
      vertex 0.01906000556120492 0.005485942924469749 0.1284163934525619
    endloop
  endfacet
  facet normal -0.42290304894342656 -0.9059751232102897 0.019028592130107984
    outer loop
      vertex 0.020001232660007976 0.0050397582683207945 0.12809138837836534
      vertex 0.01906000556120492 0.005485942924469749 0.1284163934525619
      vertex 0.019095148911420595 0.0054622276316792055 0.12806832590734893
    endloop
  endfacet
  facet normal -0.4305008289715271 -0.9025726122126848 0.0056316905453527525
    outer loop
      vertex 0.019963736795937936 0.005059943125530251 0.12845874940458096
      vertex 0.01992606018991042 0.005080206085984856 0.12882613163276513
      vertex 0.019025042952946724 0.005509580114015144 0.12876443979580632
    endloop
  endfacet
  facet normal -0.4270188264390147 -0.9040534242811645 0.01850210561388587
    outer loop
      vertex 0.019963736795937936 0.005059943125530251 0.12845874940458096
      vertex 0.019025042952946724 0.005509580114015144 0.12876443979580632
      vertex 0.01906000556120492 0.005485942924469749 0.1284163934525619
    endloop
  endfacet
  facet normal -0.43757425072372585 -0.8969751522392867 0.06296309529302267
    outer loop
      vertex 0.01992606018991042 0.005080206085984856 0.12882613163276513
      vertex 0.019860637001371636 0.005137017629296973 0.12918080034628046
      vertex 0.01896257199862836 0.005569485842131598 0.12910048536800525
    endloop
  endfacet
  facet normal -0.43326245262338997 -0.8977549782552636 0.07949620220272101
    outer loop
      vertex 0.01992606018991042 0.005080206085984856 0.12882613163276513
      vertex 0.01896257199862836 0.005569485842131598 0.12910048536800525
      vertex 0.019025042952946724 0.005509580114015144 0.12876443979580632
    endloop
  endfacet
  facet normal -0.4422519672306494 -0.8947662282984232 0.061697602686283264
    outer loop
      vertex 0.019860637001371636 0.005137017629296973 0.12918080034628046
      vertex 0.019795039089688753 0.005193899185878744 0.129535512513392
      vertex 0.018900275767454098 0.005629321556978398 0.12943648748660805
    endloop
  endfacet
  facet normal -0.43821030093442453 -0.895462727176628 0.07821915617262247
    outer loop
      vertex 0.019860637001371636 0.005137017629296973 0.12918080034628046
      vertex 0.018900275767454098 0.005629321556978398 0.12943648748660805
      vertex 0.01896257199862836 0.005569485842131598 0.12910048536800525
    endloop
  endfacet
  facet normal -0.4469184776316016 -0.8925311094535995 0.06043254925103357
    outer loop
      vertex 0.019795039089688753 0.005193899185878744 0.129535512513392
      vertex 0.019729265280153948 0.005250853729794796 0.1298902579562069
      vertex 0.018838155434131764 0.005689084284490918 0.1297724563295074
    endloop
  endfacet
  facet normal -0.4431475904197518 -0.8931411290820399 0.07693592559543987
    outer loop
      vertex 0.019795039089688753 0.005193899185878744 0.129535512513392
      vertex 0.018838155434131764 0.005689084284490918 0.1297724563295074
      vertex 0.018900275767454098 0.005629321556978398 0.12943648748660805
    endloop
  endfacet
  facet normal -0.4515735097935377 -0.8902699050484839 0.05916807769151593
    outer loop
      vertex 0.019729265280153948 0.005250853729794796 0.1298902579562069
      vertex 0.019663314971735155 0.0053078840390526 0.13024502621270884
      vertex 0.01877621159969341 0.005748771246661686 0.13010840235871973
    endloop
  endfacet
  facet normal -0.44807368263800196 -0.8907904176420283 0.07564659122762828
    outer loop
      vertex 0.019729265280153948 0.005250853729794796 0.1298902579562069
      vertex 0.01877621159969341 0.005748771246661686 0.13010840235871973
      vertex 0.018838155434131764 0.005689084284490918 0.1297724563295074
    endloop
  endfacet
  facet normal -0.45139737973021066 -0.8921158340893931 0.019228732139334983
    outer loop
      vertex 0.019663314971735155 0.0053078840390526 0.13024502621270884
      vertex 0.019567043528839517 0.005363957122636605 0.13058654684017323
      vertex 0.018684226256874766 0.005807305127363395 0.13043138173125535
    endloop
  endfacet
  facet normal -0.4489916092397107 -0.8928909406473622 0.03394558796373574
    outer loop
      vertex 0.019663314971735155 0.0053078840390526 0.13024502621270884
      vertex 0.018684226256874766 0.005807305127363395 0.13043138173125535
      vertex 0.01877621159969341 0.005748771246661686 0.13010840235871973
    endloop
  endfacet
  facet normal -0.4552680624617799 -0.8901769935743735 0.017773896961175453
    outer loop
      vertex 0.019567043528839517 0.005363957122636605 0.13058654684017323
      vertex 0.01947059389619451 0.005420104561135527 0.13092809943461498
      vertex 0.01859241910380549 0.0058657646531501875 0.13075432913681356
    endloop
  endfacet
  facet normal -0.45309701458830887 -0.8908701136708312 0.032458218362720226
    outer loop
      vertex 0.019567043528839517 0.005363957122636605 0.13058654684017323
      vertex 0.01859241910380549 0.0058657646531501875 0.13075432913681356
      vertex 0.018684226256874766 0.005807305127363395 0.13043138173125535
    endloop
  endfacet
  facet normal -0.45913012740502196 -0.8882190958413888 0.016320658435070575
    outer loop
      vertex 0.01947059389619451 0.005420104561135527 0.13092809943461498
      vertex 0.019373965496628905 0.005476329116737056 0.13126967355425928
      vertex 0.018500790717656812 0.005924147061834372 0.13107725501716927
    endloop
  endfacet
  facet normal -0.4571939069453657 -0.888827762666386 0.030966752582388908
    outer loop
      vertex 0.01947059389619451 0.005420104561135527 0.13092809943461498
      vertex 0.018500790717656812 0.005924147061834372 0.13107725501716927
      vertex 0.01859241910380549 0.0058657646531501875 0.13075432913681356
    endloop
  endfacet
  facet normal -0.4629834495946875 -0.8862421984772754 0.014869130424110264
    outer loop
      vertex 0.019373965496628905 0.005476329116737056 0.13126967355425928
      vertex 0.01927715835194562 0.005532633338036685 0.13161125849785624
      vertex 0.018409341076625813 0.005982449804820457 0.13140017007357233
    endloop
  endfacet
  facet normal -0.46128185086341056 -0.8867640600522998 0.029471271835258196
    outer loop
      vertex 0.019373965496628905 0.005476329116737056 0.13126967355425928
      vertex 0.018409341076625813 0.005982449804820457 0.13140017007357233
      vertex 0.018500790717656812 0.005924147061834372 0.13107725501716927
    endloop
  endfacet
  facet normal -0.47082321509980074 -0.8815297519056465 0.03508271124437258
    outer loop
      vertex 0.01927715835194562 0.005532633338036685 0.13161125849785624
      vertex 0.019161512343322362 0.005606929167508596 0.131926090451738
      vertex 0.018299046870963356 0.006058472096777118 0.1316974809768334
    endloop
  endfacet
  facet normal -0.46938273634404765 -0.8815049586126601 0.05127235866884335
    outer loop
      vertex 0.01927715835194562 0.005532633338036685 0.13161125849785624
      vertex 0.018299046870963356 0.006058472096777118 0.1316974809768334
      vertex 0.018409341076625813 0.005982449804820457 0.13140017007357233
    endloop
  endfacet
  facet normal -0.4746823205761482 -0.8795331270491723 0.03313869272538162
    outer loop
      vertex 0.019161512343322362 0.005606929167508596 0.131926090451738
      vertex 0.019045699585148037 0.005681296088116056 0.13224094600487793
      vertex 0.01818891941485196 0.006134423297598228 0.1319947682808363
    endloop
  endfacet
  facet normal -0.4734831167370665 -0.8794233351967214 0.04927814603278315
    outer loop
      vertex 0.019161512343322362 0.005606929167508596 0.131926090451738
      vertex 0.01818891941485196 0.006134423297598228 0.1319947682808363
      vertex 0.018299046870963356 0.006058472096777118 0.1316974809768334
    endloop
  endfacet
  facet normal -0.47853196741205545 -0.8775158066602367 0.03119559626264166
    outer loop
      vertex 0.019045699585148037 0.005681296088116056 0.13224094600487793
      vertex 0.018929719796811115 0.005755736445251987 0.13255581588794135
      vertex 0.018078958988903167 0.006210301061890867 0.13229204125491578
    endloop
  endfacet
  facet normal -0.47757396829803334 -0.8773185354771822 0.04727887596211995
    outer loop
      vertex 0.019045699585148037 0.005681296088116056 0.13224094600487793
      vertex 0.018078958988903167 0.006210301061890867 0.13229204125491578
      vertex 0.01818891941485196 0.006134423297598228 0.1319947682808363
    endloop
  endfacet
  facet normal -0.4823720026951189 -0.8754778577835992 0.029253573226877876
    outer loop
      vertex 0.018929719796811115 0.005755736445251987 0.13255581588794135
      vertex 0.018813573217701905 0.005830252400032094 0.1328706906015038
      vertex 0.01796916535372666 0.006286103228539332 0.13258930939849617
    endloop
  endfacet
  facet normal -0.4816548313867295 -0.8751907374912531 0.04527467737419836
    outer loop
      vertex 0.018929719796811115 0.005755736445251987 0.13255581588794135
      vertex 0.01796916535372666 0.006286103228539332 0.13258930939849617
      vertex 0.018078958988903167 0.006210301061890867 0.13229204125491578
    endloop
  endfacet
  facet normal -0.4924658481218962 -0.8687452446941022 0.05252702404444533
    outer loop
      vertex 0.018813573217701905 0.005830252400032094 0.1328706906015038
      vertex 0.01867511696926192 0.00592669454066995 0.1331676554026752
      vertex 0.017837189959309503 0.006383645016472906 0.13286920174018194
    endloop
  endfacet
  facet normal -0.4919418973796988 -0.8677725731419166 0.0704551694705139
    outer loop
      vertex 0.018813573217701905 0.005830252400032094 0.1328706906015038
      vertex 0.017837189959309503 0.006383645016472906 0.13286920174018194
      vertex 0.01796916535372666 0.006286103228539332 0.13258930939849617
    endloop
  endfacet
  facet normal -0.4964341585276688 -0.8666379382005133 0.04991803600392011
    outer loop
      vertex 0.01867511696926192 0.00592669454066995 0.1331676554026752
      vertex 0.018536491299530004 0.006023209468401764 0.13346464185202606
      vertex 0.017705383986184275 0.006481114017312522 0.13314907243368823
    endloop
  endfacet
  facet normal -0.49616939013015593 -0.8655762421364149 0.06777687914673622
    outer loop
      vertex 0.01867511696926192 0.00592669454066995 0.1331676554026752
      vertex 0.017705383986184275 0.006481114017312522 0.13314907243368823
      vertex 0.017837189959309503 0.006383645016472906 0.13286920174018194
    endloop
  endfacet
  facet normal -0.5003910784557963 -0.8645060065638811 0.04730891265729737
    outer loop
      vertex 0.018536491299530004 0.006023209468401764 0.13346464185202606
      vertex 0.018397695902851688 0.006119799514404882 0.13376164078787556
      vertex 0.017573747740005446 0.006578507899880834 0.13342893064069583
    endloop
  endfacet
  facet normal -0.5003853741929589 -0.863352517143084 0.06509153890079103
    outer loop
      vertex 0.018536491299530004 0.006023209468401764 0.13346464185202606
      vertex 0.017573747740005446 0.006578507899880834 0.13342893064069583
      vertex 0.017705383986184275 0.006481114017312522 0.13314907243368823
    endloop
  endfacet
  facet normal -0.5043363980676542 -0.8623495333597223 0.04469988700672664
    outer loop
      vertex 0.018397695902851688 0.006119799514404882 0.13376164078787556
      vertex 0.018258730998540956 0.0062164668307216 0.13405864278738777
      vertex 0.01744228100145904 0.006675824512135542 0.13370878578404077
    endloop
  endfacet
  facet normal -0.5045892960234573 -0.8611015982178595 0.06239935805118373
    outer loop
      vertex 0.018397695902851688 0.006119799514404882 0.13376164078787556
      vertex 0.01744228100145904 0.006675824512135542 0.13370878578404077
      vertex 0.017573747740005446 0.006578507899880834 0.13342893064069583
    endloop
  endfacet
  facet normal -0.47959735338919124 -0.8765208863065564 -0.041200904000423075
    outer loop
      vertex 0.018258730998540956 0.0062164668307216 0.13405864278738777
      vertex 0.01810328788477446 0.006288608752330751 0.13433330192826873
      vertex 0.017294359400939822 0.006748441033383535 0.13396698378601699
    endloop
  endfacet
  facet normal -0.4807026341565972 -0.8764069547481003 -0.02891067595318749
    outer loop
      vertex 0.018258730998540956 0.0062164668307216 0.13405864278738777
      vertex 0.017294359400939822 0.006748441033383535 0.13396698378601699
      vertex 0.01744228100145904 0.006675824512135542 0.13370878578404077
    endloop
  endfacet
  facet normal -0.48208833085879166 -0.8750649148227111 -0.04303761257441772
    outer loop
      vertex 0.01810328788477446 0.006288608752330751 0.13433330192826873
      vertex 0.017947684466387993 0.006360825164609642 0.13460795804600262
      vertex 0.017146598105040576 0.0068209830639617865 0.13422518481114026
    endloop
  endfacet
  facet normal -0.4833644846753148 -0.8748765774816408 -0.030818000074271577
    outer loop
      vertex 0.01810328788477446 0.006288608752330751 0.13433330192826873
      vertex 0.017146598105040576 0.0068209830639617865 0.13422518481114026
      vertex 0.017294359400939822 0.006748441033383535 0.13396698378601699
    endloop
  endfacet
  facet normal -0.4845742869287929 -0.87359843794498 -0.04487237087053394
    outer loop
      vertex 0.017947684466387993 0.006360825164609642 0.13460795804600262
      vertex 0.017791921719894067 0.006433117745197602 0.13488260224457346
      vertex 0.016998996137248788 0.006893448926230969 0.13448339775542653
    endloop
  endfacet
  facet normal -0.48602060401730673 -0.8733343468929583 -0.03272752675810058
    outer loop
      vertex 0.017947684466387993 0.006360825164609642 0.13460795804600262
      vertex 0.016998996137248788 0.006893448926230969 0.13448339775542653
      vertex 0.017146598105040576 0.0068209830639617865 0.13422518481114026
    endloop
  endfacet
  facet normal -0.48705521890530473 -0.8721214628277286 -0.04670511548351391
    outer loop
      vertex 0.017791921719894067 0.006433117745197602 0.13488260224457346
      vertex 0.017636001125877633 0.006505487972658674 0.13515722549042586
      vertex 0.016851552016979507 0.00696583714162704 0.1347416316524313
    endloop
  endfacet
  facet normal -0.48867078463192093 -0.8717803574691654 -0.034639176926665925
    outer loop
      vertex 0.017791921719894067 0.006433117745197602 0.13488260224457346
      vertex 0.016851552016979507 0.00696583714162704 0.1347416316524313
      vertex 0.016998996137248788 0.006893448926230969 0.13448339775542653
    endloop
  endfacet
  facet normal -0.48112966078083375 -0.8740953070315729 -0.06687035024807432
    outer loop
      vertex 0.017636001125877633 0.006505487972658674 0.13515722549042586
      vertex 0.01747387491385754 0.006575713186632212 0.13540576911793334
      vertex 0.016697650657571027 0.007035936041939216 0.13497487373920952
    endloop
  endfacet
  facet normal -0.483047991643313 -0.8737934944568536 -0.05612100154347363
    outer loop
      vertex 0.017636001125877633 0.006505487972658674 0.13515722549042586
      vertex 0.016697650657571027 0.007035936041939216 0.13497487373920952
      vertex 0.016851552016979507 0.00696583714162704 0.1347416316524313
    endloop
  endfacet
  facet normal -0.48311801896275386 -0.8728675263606362 -0.06855115738314115
    outer loop
      vertex 0.01747387491385754 0.006575713186632212 0.13540576911793334
      vertex 0.01731160494464723 0.006646008888739401 0.13565429461480752
      vertex 0.016543893055352768 0.007105964454117742 0.13520813395662104
    endloop
  endfacet
  facet normal -0.48517665116628883 -0.8724987803811893 -0.057874825238635234
    outer loop
      vertex 0.01747387491385754 0.006575713186632212 0.13540576911793334
      vertex 0.016543893055352768 0.007105964454117742 0.13520813395662104
      vertex 0.016697650657571027 0.007035936041939216 0.13497487373920952
    endloop
  endfacet
  facet normal -0.48510287741990693 -0.87163233295143 -0.07023015358501167
    outer loop
      vertex 0.01731160494464723 0.006646008888739401 0.13565429461480752
      vertex 0.01714919281261384 0.006716376205515 0.13590279420083684
      vertex 0.01639027761595759 0.007175921251627857 0.13544142008487742
    endloop
  endfacet
  facet normal -0.48730093315817213 -0.8711957577651149 -0.05963012825109177
    outer loop
      vertex 0.01731160494464723 0.006646008888739401 0.13565429461480752
      vertex 0.01639027761595759 0.007175921251627857 0.13544142008487742
      vertex 0.016543893055352768 0.007105964454117742 0.13520813395662104
    endloop
  endfacet
  facet normal -0.4870842531214018 -0.8703897229057469 -0.0719073057569484
    outer loop
      vertex 0.01714919281261384 0.006716376205515 0.13590279420083684
      vertex 0.016986640536386523 0.006786816082941615 0.13615126003440445
      vertex 0.016236802320756333 0.007245805488486955 0.1356747399655955
    endloop
  endfacet
  facet normal -0.4894206998620726 -0.8698844942176253 -0.06138684929417067
    outer loop
      vertex 0.01714919281261384 0.006716376205515 0.13590279420083684
      vertex 0.016236802320756333 0.007245805488486955 0.1356747399655955
      vertex 0.01639027761595759 0.007175921251627857 0.13544142008487742
    endloop
  endfacet
  facet normal -0.4430518472106331 -0.8828713549653449 -0.15570238040859166
    outer loop
      vertex 0.016986640536386523 0.006786816082941615 0.13615126003440445
      vertex 0.01680664630216087 0.006834754265341842 0.13639161300660993
      vertex 0.016066205840696273 0.007293037684658155 0.13589995842196148
    endloop
  endfacet
  facet normal -0.4443038250341378 -0.8829959741539568 -0.1513678324081412
    outer loop
      vertex 0.016986640536386523 0.006786816082941615 0.13615126003440445
      vertex 0.016066205840696273 0.007293037684658155 0.13589995842196148
      vertex 0.016236802320756333 0.007245805488486955 0.1356747399655955
    endloop
  endfacet
  facet normal -0.44385172946421436 -0.8823427932093592 -0.1564187889069975
    outer loop
      vertex 0.01680664630216087 0.006834754265341842 0.13639161300660993
      vertex 0.016626512186662334 0.006882767390412584 0.13663192175772967
      vertex 0.01589574924190909 0.007340194938158842 0.13612522109941314
    endloop
  endfacet
  facet normal -0.44515984977195555 -0.8824351924524754 -0.15212113354946058
    outer loop
      vertex 0.01680664630216087 0.006834754265341842 0.13639161300660993
      vertex 0.01589574924190909 0.007340194938158842 0.13612522109941314
      vertex 0.016066205840696273 0.007293037684658155 0.13589995842196148
    endloop
  endfacet
  facet normal -0.4446511968628362 -0.8818129626535794 -0.15713437569343058
    outer loop
      vertex 0.016626512186662334 0.006882767390412584 0.13663192175772967
      vertex 0.01644624121927814 0.006930855988678201 0.13687217823842615
      vertex 0.015725429495007572 0.007387276718464655 0.1363505360472881
    endloop
  endfacet
  facet normal -0.44601492781567104 -0.8818729781256148 -0.15287489858521808
    outer loop
      vertex 0.016626512186662334 0.006882767390412584 0.13663192175772967
      vertex 0.015725429495007572 0.007387276718464655 0.1363505360472881
      vertex 0.01589574924190909 0.007340194938158842 0.13612522109941314
    endloop
  endfacet
  facet normal -0.4454502745742556 -0.8812818501790307 -0.15784914769090316
    outer loop
      vertex 0.01644624121927814 0.006930855988678201 0.13687217823842615
      vertex 0.01626583686418017 0.006979020377034088 0.13711237445604532
      vertex 0.015555243135819831 0.007434282708680196 0.1365759112582404
    endloop
  endfacet
  facet normal -0.446869023081917 -0.88130935114468 -0.15362911115656544
    outer loop
      vertex 0.01644624121927814 0.006930855988678201 0.13687217823842615
      vertex 0.015555243135819831 0.007434282708680196 0.1365759112582404
      vertex 0.015725429495007572 0.007387276718464655 0.1363505360472881
    endloop
  endfacet
  facet normal -0.37549748971979174 -0.8905899174499063 -0.2566149530925741
    outer loop
      vertex 0.01626583686418017 0.006979020377034088 0.13711237445604532
      vertex 0.01607636515127138 0.006994986157199651 0.13733421339818191
      vertex 0.015375829063014337 0.00744899303565749 0.13678364374467522
    endloop
  endfacet
  facet normal -0.37404415382349243 -0.890215431772585 -0.26001433811314634
    outer loop
      vertex 0.01626583686418017 0.006979020377034088 0.13711237445604532
      vertex 0.015375829063014337 0.00744899303565749 0.13678364374467522
      vertex 0.015555243135819831 0.007434282708680196 0.1365759112582404
    endloop
  endfacet
  facet normal -0.37486124299998747 -0.8910248191694363 -0.2560348025573429
    outer loop
      vertex 0.01607636515127138 0.006994986157199651 0.13733421339818191
      vertex 0.01588677630043635 0.007011022042823915 0.13755598457783105
      vertex 0.015196532128135076 0.0074636332571760815 0.1369914439935975
    endloop
  endfacet
  facet normal -0.37336567950781097 -0.8906790746588095 -0.25940095476038094
    outer loop
      vertex 0.01607636515127138 0.006994986157199651 0.13733421339818191
      vertex 0.015196532128135076 0.0074636332571760815 0.1369914439935975
      vertex 0.015375829063014337 0.00744899303565749 0.13678364374467522
    endloop
  endfacet
  facet normal -0.3742243800880494 -0.8914588827027174 -0.25545483710068556
    outer loop
      vertex 0.01588677630043635 0.007011022042823915 0.13755598457783105
      vertex 0.015697074358756478 0.0070271277955913465 0.1377776812025741
      vertex 0.015017348284100663 0.0074782036115515075 0.13719931879742586
    endloop
  endfacet
  facet normal -0.3726871162703366 -0.8911417944541754 -0.2587868148555732
    outer loop
      vertex 0.01588677630043635 0.007011022042823915 0.13755598457783105
      vertex 0.015017348284100663 0.0074782036115515075 0.13719931879742586
      vertex 0.015196532128135076 0.0074636332571760815 0.1369914439935975
    endloop
  endfacet
  facet normal -0.37358688305573234 -0.8918921188638778 -0.25487504608573436
    outer loop
      vertex 0.015697074358756478 0.0070271277955913465 0.1377776812025741
      vertex 0.01550726370226315 0.0070433029848609085 0.13799929665126912
      vertex 0.014838273154879705 0.007492704529424803 0.13740727477730227
    endloop
  endfacet
  facet normal -0.3720084877681306 -0.8916035760587403 -0.2581719353216664
    outer loop
      vertex 0.015697074358756478 0.0070271277955913465 0.1377776812025741
      vertex 0.014838273154879705 0.007492704529424803 0.13740727477730227
      vertex 0.015017348284100663 0.0074782036115515075 0.13719931879742586
    endloop
  endfacet
  facet normal -0.3596951252155016 -0.8933067796930646 -0.26948546203944185
    outer loop
      vertex 0.01550726370226315 0.0070433029848609085 0.13799929665126912
      vertex 0.015313592402439758 0.007058531919492099 0.13820731719331555
      vertex 0.014655238990417386 0.007506173694793613 0.13760218280668443
    endloop
  endfacet
  facet normal -0.3573962246113368 -0.8928803536092429 -0.2739208147844851
    outer loop
      vertex 0.01550726370226315 0.0070433029848609085 0.13799929665126912
      vertex 0.014655238990417386 0.007506173694793613 0.13760218280668443
      vertex 0.014838273154879705 0.007492704529424803 0.13740727477730227
    endloop
  endfacet
  facet normal -0.35887901306911263 -0.8938775364742078 -0.26867974200773154
    outer loop
      vertex 0.015313592402439758 0.007058531919492099 0.13820731719331555
      vertex 0.015119820499107303 0.007073826382224387 0.1384152572945757
      vertex 0.014472305429464125 0.007519577332061325 0.13779717127685287
    endloop
  endfacet
  facet normal -0.3565274688358534 -0.893489118481731 -0.2730665836755551
    outer loop
      vertex 0.015313592402439758 0.007058531919492099 0.13820731719331555
      vertex 0.014472305429464125 0.007519577332061325 0.13779717127685287
      vertex 0.014655238990417386 0.007506173694793613 0.13760218280668443
    endloop
  endfacet
  facet normal -0.35806189998497784 -0.8944468411604392 -0.2678740825784753
    outer loop
      vertex 0.015119820499107303 0.007073826382224387 0.1384152572945757
      vertex 0.014925952465076811 0.0070891857025505 0.1386231111508626
      vertex 0.014289467999208902 0.007532916111735212 0.13799224599199453
    endloop
  endfacet
  facet normal -0.35565852003778287 -0.894096212603369 -0.27221127774735077
    outer loop
      vertex 0.015119820499107303 0.007073826382224387 0.1384152572945757
      vertex 0.014289467999208902 0.007532916111735212 0.13799224599199453
      vertex 0.014472305429464125 0.007519577332061325 0.13779717127685287
    endloop
  endfacet
  facet normal -0.3572437674868766 -0.8950147058363602 -0.2670684686151398
    outer loop
      vertex 0.014925952465076811 0.0070891857025505 0.1386231111508626
      vertex 0.014731993029469995 0.007104609040369219 0.1388308731739973
      vertex 0.014106721970530006 0.007546190873916493 0.1381874125402884
    endloop
  endfacet
  facet normal -0.354789407264889 -0.8947016158013849 -0.271354924729624
    outer loop
      vertex 0.014925952465076811 0.0070891857025505 0.1386231111508626
      vertex 0.014106721970530006 0.007546190873916493 0.1381874125402884
      vertex 0.014289467999208902 0.007532916111735212 0.13799224599199453
    endloop
  endfacet
  facet normal -0.27703139359280926 -0.8979169151443804 -0.3420509033194117
    outer loop
      vertex 0.014731993029469995 0.007104609040369219 0.1388308731739973
      vertex 0.014522774951140405 0.007090538140305877 0.13903725904901637
      vertex 0.013909102620288168 0.007529802073979835 0.1383811695224122
    endloop
  endfacet
  facet normal -0.2706938990376519 -0.896049178230046 -0.3518816323951173
    outer loop
      vertex 0.014731993029469995 0.007104609040369219 0.1388308731739973
      vertex 0.013909102620288168 0.007529802073979835 0.1383811695224122
      vertex 0.014106721970530006 0.007546190873916493 0.1381874125402884
    endloop
  endfacet
  facet normal -0.27496399379403613 -0.8993074607012292 -0.3400601318060384
    outer loop
      vertex 0.014522774951140405 0.007090538140305877 0.13903725904901637
      vertex 0.014313474611707658 0.0070765309622582585 0.1392435367346184
      vertex 0.013711565531149486 0.007513349552027452 0.13857503469395308
    endloop
  endfacet
  facet normal -0.2685095933997811 -0.8975337750784662 -0.3497652367598608
    outer loop
      vertex 0.014522774951140405 0.007090538140305877 0.13903725904901637
      vertex 0.013711565531149486 0.007513349552027452 0.13857503469395308
      vertex 0.013909102620288168 0.007529802073979835 0.1383811695224122
    endloop
  endfacet
  facet normal -0.27289264609041247 -0.9006887862160978 -0.33806702603824756
    outer loop
      vertex 0.014313474611707658 0.0070765309622582585 0.1392435367346184
      vertex 0.014104097763224802 0.007062586043246717 0.1394497012789921
      vertex 0.013514104951060913 0.007496834771038995 0.13876901300672223
    endloop
  endfacet
  facet normal -0.2663238329264934 -0.8990079703878133 -0.3476439057347701
    outer loop
      vertex 0.014313474611707658 0.0070765309622582585 0.1392435367346184
      vertex 0.013514104951060913 0.007496834771038995 0.13876901300672223
      vertex 0.013711565531149486 0.007513349552027452 0.13857503469395308
    endloop
  endfacet
  facet normal -0.27081737096526454 -0.9020608850977289 -0.33607158636243645
    outer loop
      vertex 0.014104097763224802 0.007062586043246717 0.1394497012789921
      vertex 0.013894650323803616 0.007048701763823947 0.1396557480651367
      vertex 0.013316714961910671 0.007480259350461764 0.13896310907772047
    endloop
  endfacet
  facet normal -0.2641367376120426 -0.9004716786064955 -0.345517785173596
    outer loop
      vertex 0.014104097763224802 0.007062586043246717 0.1394497012789921
      vertex 0.013316714961910671 0.007480259350461764 0.13896310907772047
      vertex 0.013514104951060913 0.007496834771038995 0.13876901300672223
    endloop
  endfacet
  facet normal -0.10539345037821073 -0.8844335042592179 -0.4546092796689657
    outer loop
      vertex 0.013894650323803616 0.007048701763823947 0.1396557480651367
      vertex 0.01368973481295034 0.006978685094753211 0.13983947031728353
      vertex 0.013122804187049667 0.007407709998103931 0.13913624396843075
    endloop
  endfacet
  facet normal -0.09162583507039351 -0.8776837197558841 -0.47039982400414215
    outer loop
      vertex 0.013894650323803616 0.007048701763823947 0.1396557480651367
      vertex 0.013122804187049667 0.007407709998103931 0.13913624396843075
      vertex 0.013316714961910671 0.007480259350461764 0.13896310907772047
    endloop
  endfacet
  facet normal -0.10128030172300577 -0.886763739804086 -0.45099043254992477
    outer loop
      vertex 0.01368973481295034 0.006978685094753211 0.13983947031728353
      vertex 0.013484780849150836 0.006908712761561145 0.14002308114620723
      vertex 0.012928931865134883 0.007335116309867424 0.1393094902823642
    endloop
  endfacet
  facet normal -0.08734781601782739 -0.880168424958891 -0.466555358711376
    outer loop
      vertex 0.01368973481295034 0.006978685094753211 0.13983947031728353
      vertex 0.012928931865134883 0.007335116309867424 0.1393094902823642
      vertex 0.013122804187049667 0.007407709998103931 0.13913624396843075
    endloop
  endfacet
  facet normal -0.09716450660965958 -0.8890605227572094 -0.4473594142632734
    outer loop
      vertex 0.013484780849150836 0.006908712761561145 0.14002308114620723
      vertex 0.013279793218862647 0.00683878305514492 0.14020657848790483
      vertex 0.012735093209708783 0.007262479994855078 0.1394828500835237
    endloop
  endfacet
  facet normal -0.0830727284973679 -0.8826166658473218 -0.46269508636742573
    outer loop
      vertex 0.013484780849150836 0.006908712761561145 0.14002308114620723
      vertex 0.012735093209708783 0.007262479994855078 0.1394828500835237
      vertex 0.012928931865134883 0.007335116309867424 0.1393094902823642
    endloop
  endfacet
  facet normal -0.09304648833121723 -0.8913237230758531 -0.44371654430664265
    outer loop
      vertex 0.013279793218862647 0.00683878305514492 0.14020657848790483
      vertex 0.013074776696225913 0.006768894206275564 0.14038996055355238
      vertex 0.012541283446631229 0.007189802822295862 0.1396563251607333
    endloop
  endfacet
  facet normal -0.07880109073397334 -0.8850282163645783 -0.45881962069823207
    outer loop
      vertex 0.013279793218862647 0.00683878305514492 0.14020657848790483
      vertex 0.012541283446631229 0.007189802822295862 0.1396563251607333
      vertex 0.012735093209708783 0.007262479994855078 0.1394828500835237
    endloop
  endfacet
  facet normal -0.13128396808983026 -0.9006371926697274 -0.4142670236726315
    outer loop
      vertex 0.013074776696225913 0.006768894206275564 0.14038996055355238
      vertex 0.01286556157019614 0.006719720622355806 0.14056316804148727
      vertex 0.012343355572661 0.007137754549072763 0.13981983195851272
    endloop
  endfacet
  facet normal -0.11809373467662564 -0.8959540993209533 -0.4281589911938158
    outer loop
      vertex 0.013074776696225913 0.006768894206275564 0.14038996055355238
      vertex 0.012343355572661 0.007137754549072763 0.13981983195851272
      vertex 0.012541283446631229 0.007189802822295862 0.1396563251607333
    endloop
  endfacet
  facet normal -0.12794382644326405 -0.9026683006800241 -0.41087749539551754
    outer loop
      vertex 0.01286556157019614 0.006719720622355806 0.14056316804148727
      vertex 0.012656314183536528 0.0066705877637759535 0.14073626728902783
      vertex 0.012145459959320613 0.007085665550509758 0.13998344699668647
    endloop
  endfacet
  facet normal -0.11461676055081164 -0.8981164481604065 -0.4245584102859981
    outer loop
      vertex 0.01286556157019614 0.006719720622355806 0.14056316804148727
      vertex 0.012145459959320613 0.007085665550509758 0.13998344699668647
      vertex 0.012343355572661 0.007137754549072763 0.13981983195851272
    endloop
  endfacet
  facet normal -0.12460014098859053 -0.9046740500634515 -0.40747965348887694
    outer loop
      vertex 0.012656314183536528 0.0066705877637759535 0.14073626728902783
      vertex 0.012447039084482858 0.006621493958204924 0.14090925653686615
      vertex 0.011947592058374285 0.00703353749893793 0.14014717203456245
    endloop
  endfacet
  facet normal -0.11114089174758562 -0.9002507848489668 -0.4209468215349422
    outer loop
      vertex 0.012656314183536528 0.0066705877637759535 0.14073626728902783
      vertex 0.011947592058374285 0.00703353749893793 0.14014717203456245
      vertex 0.012145459959320613 0.007085665550509758 0.13998344699668647
    endloop
  endfacet
  facet normal -0.12125316927398842 -0.9066543512206687 -0.40407370163578027
    outer loop
      vertex 0.012447039084482858 0.006621493958204924 0.14090925653686615
      vertex 0.012237740804417072 0.006572437481075797 0.14108213427660388
      vertex 0.011749747338440069 0.006981372118924201 0.14031100858053902
    endloop
  endfacet
  facet normal -0.10766645222446108 -0.902356945479515 -0.41732466738772755
    outer loop
      vertex 0.012447039084482858 0.006621493958204924 0.14090925653686615
      vertex 0.011749747338440069 0.006981372118924201 0.14031100858053902
      vertex 0.011947592058374285 0.00703353749893793 0.14014717203456245
    endloop
  endfacet
  facet normal -0.08825934378996841 -0.9048802014088316 -0.4164157890043035
    outer loop
      vertex 0.012237740804417072 0.006572437481075797 0.14108213427660388
      vertex 0.01200445311241793 0.006517657051521929 0.1412506186294807
      vertex 0.011528625744724925 0.006923222955620926 0.140470167084805
    endloop
  endfacet
  facet normal -0.07338017674186598 -0.89955321116147 -0.43060349505132967
    outer loop
      vertex 0.012237740804417072 0.006572437481075797 0.14108213427660388
      vertex 0.011528625744724925 0.006923222955620926 0.140470167084805
      vertex 0.011749747338440069 0.006981372118924201 0.14031100858053902
    endloop
  endfacet
  facet normal -0.08468167498066205 -0.9071160123122664 -0.4122736398669717
    outer loop
      vertex 0.01200445311241793 0.006517657051521929 0.1412506186294807
      vertex 0.011771138295139743 0.0064629175997048816 0.14141898380265977
      vertex 0.011307531276288824 0.006865032814580832 0.14062944476876882
    endloop
  endfacet
  facet normal -0.06966919188642583 -0.90193344108529 -0.4262185725117338
    outer loop
      vertex 0.01200445311241793 0.006517657051521929 0.1412506186294807
      vertex 0.011307531276288824 0.006865032814580832 0.14062944476876882
      vertex 0.011528625744724925 0.006923222955620926 0.140470167084805
    endloop
  endfacet
  facet normal -0.0811013221865878 -0.9093183895858269 -0.4081208667792249
    outer loop
      vertex 0.011771138295139743 0.0064629175997048816 0.14141898380265977
      vertex 0.011537801477171674 0.00640821714796809 0.14158722820456163
      vertex 0.011086458808542608 0.006806803673460482 0.14078884322400984
    endloop
  endfacet
  facet normal -0.06596120060877088 -0.9042769991432761 -0.4218201380146294
    outer loop
      vertex 0.011771138295139743 0.0064629175997048816 0.14141898380265977
      vertex 0.011086458808542608 0.006806803673460482 0.14078884322400984
      vertex 0.011307531276288824 0.006865032814580832 0.14062944476876882
    endloop
  endfacet
  facet normal -0.07751865520409336 -0.9114872078121279 -0.40395782959388177
    outer loop
      vertex 0.011537801477171674 0.00640821714796809 0.14158722820456163
      vertex 0.011304447743963567 0.006353553667616178 0.14175535053240135
      vertex 0.01086540325603643 0.006748537560955251 0.14094836375331293
    endloop
  endfacet
  facet normal -0.062256636191759314 -0.9065836745723069 -0.417408855019944
    outer loop
      vertex 0.011537801477171674 0.00640821714796809 0.14158722820456163
      vertex 0.01086540325603643 0.006748537560955251 0.14094836375331293
      vertex 0.011086458808542608 0.006806803673460482 0.14078884322400984
    endloop
  endfacet
  facet normal -0.001083463046687802 -0.9016021156522465 -0.43256496755888535
    outer loop
      vertex 0.011304447743963567 0.006353553667616178 0.14175535053240135
      vertex 0.011069771408228164 0.006282396932543777 0.1419042514625561
      vertex 0.01064243387748612 0.006673893153170508 0.1410893199660153
    endloop
  endfacet
  facet normal 0.01687173663150742 -0.8944007048548149 -0.4469482337567152
    outer loop
      vertex 0.011304447743963567 0.006353553667616178 0.14175535053240135
      vertex 0.01064243387748612 0.006673893153170508 0.1410893199660153
      vertex 0.01086540325603643 0.006748537560955251 0.14094836375331293
    endloop
  endfacet
  facet normal 0.002796864244807818 -0.9039247596133917 -0.42768236637517365
    outer loop
      vertex 0.011069771408228164 0.006282396932543777 0.1419042514625561
      vertex 0.010835083909149643 0.006211271328632451 0.1420530436745951
      vertex 0.010419475662278927 0.00659921761422469 0.14123038489683348
    endloop
  endfacet
  facet normal 0.020863630285724594 -0.8968706108108162 -0.441800652325383
    outer loop
      vertex 0.011069771408228164 0.006282396932543777 0.1419042514625561
      vertex 0.010419475662278927 0.00659921761422469 0.14123038489683348
      vertex 0.01064243387748612 0.006673893153170508 0.1410893199660153
    endloop
  endfacet
  facet normal 0.006674726184091707 -0.9062043979790693 -0.4227872243975214
    outer loop
      vertex 0.010835083909149643 0.006211271328632451 0.1420530436745951
      vertex 0.010600389417643012 0.006140175098920088 0.14220172648937723
      vertex 0.010196524439499841 0.006524512701079912 0.14137155922490852
    endloop
  endfacet
  facet normal 0.024846603493149006 -0.899294026928923 -0.43663817907372166
    outer loop
      vertex 0.010835083909149643 0.006211271328632451 0.1420530436745951
      vertex 0.010196524439499841 0.006524512701079912 0.14137155922490852
      vertex 0.010419475662278927 0.00659921761422469 0.14123038489683348
    endloop
  endfacet
  facet normal 0.010549606590209806 -0.9084409078998218 -0.4178801534590261
    outer loop
      vertex 0.010600389417643012 0.006140175098920088 0.14220172648937723
      vertex 0.010365692038792323 0.00606910646480253 0.14235029944497804
      vertex 0.009973576104064817 0.0064497801923403255 0.14151284341216483
    endloop
  endfacet
  facet normal 0.02882011486529689 -0.9016707636135268 -0.43146174224808204
    outer loop
      vertex 0.010600389417643012 0.006140175098920088 0.14220172648937723
      vertex 0.009973576104064817 0.0064497801923403255 0.14151284341216483
      vertex 0.010196524439499841 0.006524512701079912 0.14137155922490852
    endloop
  endfacet
  facet normal -0.03267592524681518 -0.91807795974347 -0.3950508115958403
    outer loop
      vertex 0.010365692038792323 0.00606910646480253 0.14235029944497804
      vertex 0.01013018724005569 0.006018164230803327 0.1424881659620307
      vertex 0.009749854567087164 0.006395110854910957 0.141643619752255
    endloop
  endfacet
  facet normal -0.015302331865009101 -0.912934807785391 -0.40781843432260895
    outer loop
      vertex 0.010365692038792323 0.00606910646480253 0.14235029944497804
      vertex 0.009749854567087164 0.006395110854910957 0.141643619752255
      vertex 0.009973576104064817 0.0064497801923403255 0.14151284341216483
    endloop
  endfacet
  facet normal -0.02950539173962214 -0.9201289122442187 -0.3905025181872231
    outer loop
      vertex 0.01013018724005569 0.006018164230803327 0.1424881659620307
      vertex 0.009894675816933275 0.005967249932892521 0.14262592838825644
      vertex 0.009526139654495296 0.006340413581393192 0.14177450018317211
    endloop
  endfacet
  facet normal -0.012039279766959298 -0.9151117938028223 -0.40302042204542693
    outer loop
      vertex 0.01013018724005569 0.006018164230803327 0.1424881659620307
      vertex 0.009526139654495296 0.006340413581393192 0.14177450018317211
      vertex 0.009749854567087164 0.006395110854910957 0.141643619752255
    endloop
  endfacet
  facet normal -0.0263346581296651 -0.9221457755516583 -0.3859451443060582
    outer loop
      vertex 0.009894675816933275 0.005967249932892521 0.14262592838825644
      vertex 0.00965916167597938 0.005916361889577432 0.14276358623766752
      vertex 0.009302427459734905 0.00628569005327971 0.14190548519090393
    endloop
  endfacet
  facet normal -0.008781453706588064 -0.9172515234095163 -0.39821166340744063
    outer loop
      vertex 0.009894675816933275 0.005967249932892521 0.14262592838825644
      vertex 0.009302427459734905 0.00628569005327971 0.14190548519090393
      vertex 0.009526139654495296 0.006340413581393192 0.14177450018317211
    endloop
  endfacet
  facet normal -0.023164064588423988 -0.9241284521002886 -0.3813791160124897
    outer loop
      vertex 0.00965916167597938 0.005916361889577432 0.14276358623766752
      vertex 0.009423648659827089 0.005865498402028794 0.14290113921980982
      vertex 0.00907871414017291 0.006230941969399776 0.14203657506590447
    endloop
  endfacet
  facet normal -0.005529206627569325 -0.9193538481285481 -0.3933928441206069
    outer loop
      vertex 0.00965916167597938 0.005916361889577432 0.14276358623766752
      vertex 0.00907871414017291 0.006230941969399776 0.14203657506590447
      vertex 0.009302427459734905 0.00628569005327971 0.14190548519090393
    endloop
  endfacet
  facet normal 0.03068935614724317 -0.9190567932751887 -0.3929284593332415
    outer loop
      vertex 0.009423648659827089 0.005865498402028794 0.14290113921980982
      vertex 0.009164236645588287 0.005803139934832996 0.14302673405527788
      vertex 0.00883165521155457 0.006164464265167003 0.14215562308757929
    endloop
  endfacet
  facet normal 0.050059763475165275 -0.9126213911981688 -0.4057292402678534
    outer loop
      vertex 0.009423648659827089 0.005865498402028794 0.14290113921980982
      vertex 0.00883165521155457 0.006164464265167003 0.14215562308757929
      vertex 0.00907871414017291 0.006230941969399776 0.14203657506590447
    endloop
  endfacet
  facet normal 0.033970055459173955 -0.9212874539845846 -0.3873957439914675
    outer loop
      vertex 0.009164236645588287 0.005803139934832996 0.14302673405527788
      vertex 0.008904822119263878 0.005740808693829855 0.1431522198543227
      vertex 0.008584598795021837 0.006097959334741571 0.1422747801456773
    endloop
  endfacet
  facet normal 0.05342114034476208 -0.914991467339204 -0.39992098777222945
    outer loop
      vertex 0.009164236645588287 0.005803139934832996 0.14302673405527788
      vertex 0.008584598795021837 0.006097959334741571 0.1422747801456773
      vertex 0.00883165521155457 0.006164464265167003 0.14215562308757929
    endloop
  endfacet
  facet normal 0.037247720164146104 -0.9234726692970862 -0.3818518513820356
    outer loop
      vertex 0.008904822119263878 0.005740808693829855 0.1431522198543227
      vertex 0.008645409261706741 0.005678502836614167 0.14327759627603512
      vertex 0.008337540709721829 0.006031429020528688 0.14239404658110774
    endloop
  endfacet
  facet normal 0.05677295027664618 -0.9173124982399524 -0.394099749669627
    outer loop
      vertex 0.008904822119263878 0.005740808693829855 0.1431522198543227
      vertex 0.008337540709721829 0.006031429020528688 0.14239404658110774
      vertex 0.008584598795021837 0.006097959334741571 0.1422747801456773
    endloop
  endfacet
  facet normal 0.040521890477396696 -0.9256123168983306 -0.3762975088918906
    outer loop
      vertex 0.008645409261706741 0.005678502836614167 0.14327759627603512
      vertex 0.008386002178292835 0.005616220505182592 0.14340286319000928
      vertex 0.008090476850278593 0.005964875180531692 0.14251342252427646
    endloop
  endfacet
  facet normal 0.060114732590806144 -0.9195843005742029 -0.3882665747434227
    outer loop
      vertex 0.008645409261706741 0.005678502836614167 0.14327759627603512
      vertex 0.008090476850278593 0.005964875180531692 0.14251342252427646
      vertex 0.008337540709721829 0.006031429020528688 0.14239404658110774
    endloop
  endfacet
  facet normal 0.05467286957598287 -0.9260992987540435 -0.3732974232158542
    outer loop
      vertex 0.008386002178292835 0.005616220505182592 0.14340286319000928
      vertex 0.008110362926634166 0.00555542007458524 0.14351333072800873
      vertex 0.007827585416222973 0.005899610525414757 0.14261802641484841
    endloop
  endfacet
  facet normal 0.0749622817455829 -0.9196914166901986 -0.38541971197886543
    outer loop
      vertex 0.008386002178292835 0.005616220505182592 0.14340286319000928
      vertex 0.007827585416222973 0.005899610525414757 0.14261802641484841
      vertex 0.008090476850278593 0.005964875180531692 0.14251342252427646
    endloop
  endfacet
  facet normal 0.05763758560324289 -0.9283264363808484 -0.3672709302984154
    outer loop
      vertex 0.008110362926634166 0.00555542007458524 0.14351333072800873
      vertex 0.007834723696915508 0.005494646024046184 0.14362368789139734
      vertex 0.007564693960227342 0.005834319490239527 0.14272274068003127
    endloop
  endfacet
  facet normal 0.0779939933933752 -0.9220588680928008 -0.37910998505180166
    outer loop
      vertex 0.008110362926634166 0.00555542007458524 0.14351333072800873
      vertex 0.007564693960227342 0.005834319490239527 0.14272274068003127
      vertex 0.007827585416222973 0.005899610525414757 0.14261802641484841
    endloop
  endfacet
  facet normal 0.06059849640722905 -0.93050439048826 -0.3612331677950615
    outer loop
      vertex 0.007834723696915508 0.005494646024046184 0.14362368789139734
      vertex 0.007559088800419873 0.0054338964331791815 0.1437339344143847
      vertex 0.0073017981710087 0.005769003995392247 0.14282756558561532
    endloop
  endfacet
  facet normal 0.08101507790806135 -0.9243734332542234 -0.3727872222130883
    outer loop
      vertex 0.007834723696915508 0.005494646024046184 0.14362368789139734
      vertex 0.0073017981710087 0.005769003995392247 0.14282756558561532
      vertex 0.007564693960227342 0.005834319490239527 0.14272274068003127
    endloop
  endfacet
  facet normal 0.06355515482109464 -0.9326330258742183 -0.35518499594488295
    outer loop
      vertex 0.007559088800419873 0.0054338964331791815 0.1437339344143847
      vertex 0.007283462472047188 0.005373169365183501 0.14384407024684215
      vertex 0.0070388938136670956 0.005703665977673641 0.1429325011817293
    endloop
  endfacet
  facet normal 0.0840250952429782 -0.926634910697274 -0.36645262401361445
    outer loop
      vertex 0.007559088800419873 0.0054338964331791815 0.1437339344143847
      vertex 0.0070388938136670956 0.005703665977673641 0.1429325011817293
      vertex 0.0073017981710087 0.005769003995392247 0.14282756558561532
    endloop
  endfacet
  facet normal 0.05847876383809993 -0.9360492782367248 -0.34697547880574237
    outer loop
      vertex 0.007283462472047188 0.005373169365183501 0.14384407024684215
      vertex 0.00698127629474908 0.0053183851983096015 0.1439409335925732
      vertex 0.006750422662393775 0.0056438543659761125 0.14302399497885537
    endloop
  endfacet
  facet normal 0.0791636081429983 -0.9301743509702332 -0.35848124071265897
    outer loop
      vertex 0.007283462472047188 0.005373169365183501 0.14384407024684215
      vertex 0.006750422662393775 0.0056438543659761125 0.14302399497885537
      vertex 0.0070388938136670956 0.005703665977673641 0.1429325011817293
    endloop
  endfacet
  facet normal 0.0610421697251839 -0.9382974130014167 -0.34039949804617886
    outer loop
      vertex 0.00698127629474908 0.0053183851983096015 0.1439409335925732
      vertex 0.0066790909027296995 0.0052636297291608425 0.14403767540109777
      vertex 0.006461950725841727 0.005584014056553442 0.1431156103131879
    endloop
  endfacet
  facet normal 0.08178451086192011 -0.932568222527688 -0.3516074574218035
    outer loop
      vertex 0.00698127629474908 0.0053183851983096015 0.1439409335925732
      vertex 0.006461950725841727 0.005584014056553442 0.1431156103131879
      vertex 0.006750422662393775 0.0056438543659761125 0.14302399497885537
    endloop
  endfacet
  facet normal 0.063602385812889 -0.9404916376743928 -0.33381164746522435
    outer loop
      vertex 0.0066790909027296995 0.0052636297291608425 0.14403767540109777
      vertex 0.0063769113909836715 0.005208900687559635 0.14413429536123984
      vertex 0.006173472909016327 0.005524147319583219 0.14320734749590297
    endloop
  endfacet
  facet normal 0.08439481568296338 -0.9349041346678055 -0.3447198486697282
    outer loop
      vertex 0.0066790909027296995 0.0052636297291608425 0.14403767540109777
      vertex 0.006173472909016327 0.005524147319583219 0.14320734749590297
      vertex 0.006461950725841727 0.005584014056553442 0.1431156103131879
    endloop
  endfacet
  facet normal 0.06615898619142051 -0.9426317824153981 -0.3272129449250027
    outer loop
      vertex 0.0063769113909836715 0.005208900687559635 0.14413429536123984
      vertex 0.006074742770463071 0.005154195778669608 0.14423079342670792
      vertex 0.005884984200965499 0.005464256449901818 0.14329920657329204
    endloop
  endfacet
  facet normal 0.08699410731992942 -0.9371818344617966 -0.33781982541945377
    outer loop
      vertex 0.0063769113909836715 0.005208900687559635 0.14413429536123984
      vertex 0.005884984200965499 0.005464256449901818 0.14329920657329204
      vertex 0.006173472909016327 0.005524147319583219 0.14320734749590297
    endloop
  endfacet
  facet normal 0.037719505586818934 -0.9481581923152907 -0.3155523431123371
    outer loop
      vertex 0.006074742770463071 0.005154195778669608 0.14423079342670792
      vertex 0.005760842259662568 0.005111644837807107 0.14432112662093335
      vertex 0.005585368426051717 0.0054162306979071775 0.143384944807638
    endloop
  endfacet
  facet normal 0.058000493631644855 -0.9436292443293993 -0.3258830955800132
    outer loop
      vertex 0.006074742770463071 0.005154195778669608 0.14423079342670792
      vertex 0.005585368426051717 0.0054162306979071775 0.143384944807638
      vertex 0.005884984200965499 0.005464256449901818 0.14329920657329204
    endloop
  endfacet
  facet normal 0.03993899746533234 -0.9502254916657518 -0.3089925427418024
    outer loop
      vertex 0.005760842259662568 0.005111644837807107 0.14432112662093335
      vertex 0.005446953430784691 0.005069119481127703 0.1444113303280218
      vertex 0.005285740969215308 0.005368179361729438 0.143470812529121
    endloop
  endfacet
  facet normal 0.0602579621431665 -0.9458305838386593 -0.3190195678540325
    outer loop
      vertex 0.005760842259662568 0.005111644837807107 0.14432112662093335
      vertex 0.005285740969215308 0.005368179361729438 0.143470812529121
      vertex 0.005585368426051717 0.0054162306979071775 0.143384944807638
    endloop
  endfacet
  facet normal 0.04215689799465736 -0.952241008102338 -0.30242331001381334
    outer loop
      vertex 0.005446953430784691 0.005069119481127703 0.1444113303280218
      vertex 0.005133081739629859 0.005026617145875286 0.14450140476606296
      vertex 0.004986096374655855 0.005320105004124711 0.14355680951965125
    endloop
  endfacet
  facet normal 0.0625065737870503 -0.9479758085289407 -0.3121454703776837
    outer loop
      vertex 0.005446953430784691 0.005069119481127703 0.1444113303280218
      vertex 0.004986096374655855 0.005320105004124711 0.14355680951965125
      vertex 0.005285740969215308 0.005368179361729438 0.143470812529121
    endloop
  endfacet
  facet normal 0.04437283991816409 -0.9542046081911814 -0.29584559618880774
    outer loop
      vertex 0.005133081739629859 0.005026617145875286 0.14450140476606296
      vertex 0.004819232516796457 0.004984135258275027 0.14459135044019975
      vertex 0.004686429311774972 0.005272010198867829 0.14364293527408592
    endloop
  endfacet
  facet normal 0.06474600394556658 -0.9500647215065786 -0.30526214950712116
    outer loop
      vertex 0.005133081739629859 0.005026617145875286 0.14450140476606296
      vertex 0.004686429311774972 0.005272010198867829 0.14364293527408592
      vertex 0.004986096374655855 0.005320105004124711 0.14355680951965125
    endloop
  endfacet
  facet normal -0.045097799854258325 -0.9592176130946826 -0.27904795139410205
    outer loop
      vertex 0.004819232516796457 0.004984135258275027 0.14459135044019975
      vertex 0.004531765283708811 0.004974538427606843 0.14467079767727314
      vertex 0.004412394952005475 0.0052570435295360134 0.14371898803701255
    endloop
  endfacet
  facet normal -0.02730591682916803 -0.9575903559288199 -0.2868363595122395
    outer loop
      vertex 0.004819232516796457 0.004984135258275027 0.14459135044019975
      vertex 0.004412394952005475 0.0052570435295360134 0.14371898803701255
      vertex 0.004686429311774972 0.005272010198867829 0.14364293527408592
    endloop
  endfacet
  facet normal -0.04358991829346889 -0.9607586582097051 -0.27393926279059705
    outer loop
      vertex 0.004531765283708811 0.004974538427606843 0.14467079767727314
      vertex 0.004244317691050357 0.004964959476863679 0.14475013233240547
      vertex 0.004138340951806785 0.005242058980279177 0.14379515338188026
    endloop
  endfacet
  facet normal -0.02577928187148231 -0.9592229870261583 -0.28147236060900377
    outer loop
      vertex 0.004531765283708811 0.004974538427606843 0.14467079767727314
      vertex 0.004138340951806785 0.005242058980279177 0.14379515338188026
      vertex 0.004412394952005475 0.0052570435295360134 0.14371898803701255
    endloop
  endfacet
  facet normal -0.042079704890245165 -0.9622692654022168 -0.2688255183174166
    outer loop
      vertex 0.004244317691050357 0.004964959476863679 0.14475013233240547
      vertex 0.003956894057788676 0.004955396271390144 0.144829355021179
      vertex 0.0038642629922113233 0.005227058685752711 0.1438714306931067
    endloop
  endfacet
  facet normal -0.02425514896068004 -0.9608218811786478 -0.27610324227944066
    outer loop
      vertex 0.004244317691050357 0.004964959476863679 0.14475013233240547
      vertex 0.0038642629922113233 0.005227058685752711 0.1438714306931067
      vertex 0.004138340951806785 0.005242058980279177 0.14379515338188026
    endloop
  endfacet
  facet normal -0.04056732571310811 -0.9637493688277965 -0.2637071219525755
    outer loop
      vertex 0.003956894057788676 0.004955396271390144 0.144829355021179
      vertex 0.0036694985867106594 0.004945846680277561 0.14490846656711123
      vertex 0.0035901568704321965 0.005212044776865294 0.1439478191471745
    endloop
  endfacet
  facet normal -0.02273363922875461 -0.9623869475835494 -0.27072965254702963
    outer loop
      vertex 0.003956894057788676 0.004955396271390144 0.144829355021179
      vertex 0.0035901568704321965 0.005212044776865294 0.1439478191471745
      vertex 0.0038642629922113233 0.005227058685752711 0.1438714306931067
    endloop
  endfacet
  facet normal -0.10206995918396453 -0.9620865327600528 -0.25292533861581273
    outer loop
      vertex 0.0036694985867106594 0.004945846680277561 0.14490846656711123
      vertex 0.0033592000317747522 0.004961918301626165 0.1449725561141165
      vertex 0.003294454125368104 0.005222057441230977 0.1440091581715978
    endloop
  endfacet
  facet normal -0.08638098233066738 -0.9618964900795824 -0.2594098461203211
    outer loop
      vertex 0.0036694985867106594 0.004945846680277561 0.14490846656711123
      vertex 0.003294454125368104 0.005222057441230977 0.1440091581715978
      vertex 0.0035901568704321965 0.005212044776865294 0.1439478191471745
    endloop
  endfacet
  facet normal -0.1011194585784795 -0.9634327926104742 -0.24813727897995935
    outer loop
      vertex 0.0033592000317747522 0.004961918301626165 0.1449725561141165
      vertex 0.003048923157864665 0.004978010749069272 0.14503651682967042
      vertex 0.0029987296992781904 0.005232049279502155 0.14407062602747248
    endloop
  endfacet
  facet normal -0.08542238658095687 -0.9633247604486276 -0.25437850101258175
    outer loop
      vertex 0.0033592000317747522 0.004961918301626165 0.1449725561141165
      vertex 0.0029987296992781904 0.005232049279502155 0.14407062602747248
      vertex 0.003294454125368104 0.005222057441230977 0.1440091581715978
    endloop
  endfacet
  facet normal -0.10016473901403403 -0.9647540481970446 -0.24334471752159534
    outer loop
      vertex 0.003048923157864665 0.004978010749069272 0.14503651682967042
      vertex 0.0027386734219248914 0.004994121345867308 0.14510034940638714
      vertex 0.0027029781352179644 0.005242022968418405 0.14413222202218431
    endloop
  endfacet
  facet normal -0.08446404258679924 -0.9647248735127487 -0.2493426235839082
    outer loop
      vertex 0.003048923157864665 0.004978010749069272 0.14503651682967042
      vertex 0.0027029781352179644 0.005242022968418405 0.14413222202218431
      vertex 0.0029987296992781904 0.005232049279502155 0.14407062602747248
    endloop
  endfacet
  facet normal -0.09920589961962886 -0.9660502418754784 -0.2385479399470674
    outer loop
      vertex 0.0027386734219248914 0.004994121345867308 0.14510034940638714
      vertex 0.0024284561432917243 0.00501024741132025 0.14516405481829056
      vertex 0.0024071941138511317 0.005251981188679749 0.14419394518170944
    endloop
  endfacet
  facet normal -0.08350600363745797 -0.9660967421922663 -0.2443027467753701
    outer loop
      vertex 0.0027386734219248914 0.004994121345867308 0.14510034940638714
      vertex 0.0024071941138511317 0.005251981188679749 0.14419394518170944
      vertex 0.0027029781352179644 0.005242022968418405 0.14413222202218431
    endloop
  endfacet
  facet normal -0.04270949946388951 -0.9710413939850268 -0.23506277847239043
    outer loop
      vertex 0.0024284561432917243 0.00501024741132025 0.14516405481829056
      vertex 0.002111533683767563 0.005014658057222657 0.14520341740870077
      vertex 0.002104583023375293 0.0052502186142059145 0.14423158259129923
    endloop
  endfacet
  facet normal -0.024350356624965763 -0.9701663567710437 -0.24121422081178545
    outer loop
      vertex 0.0024284561432917243 0.00501024741132025 0.14516405481829056
      vertex 0.002104583023375293 0.0052502186142059145 0.14423158259129923
      vertex 0.0024071941138511317 0.005251981188679749 0.14419394518170944
    endloop
  endfacet
  facet normal -0.041999624308389015 -0.9724125216167145 -0.22945570239367924
    outer loop
      vertex 0.002111533683767563 0.005014658057222657 0.14520341740870077
      vertex 0.0017946375772865915 0.00501908576643516 0.1452426579132633
      vertex 0.001801945579856265 0.0052484389764219826 0.1442693420867367
    endloop
  endfacet
  facet normal -0.023649424938641157 -0.9716251878126422 -0.2353406023365269
    outer loop
      vertex 0.002111533683767563 0.005014658057222657 0.14520341740870077
      vertex 0.001801945579856265 0.0052484389764219826 0.1442693420867367
      vertex 0.002104583023375293 0.0052502186142059145 0.14423158259129923
    endloop
  endfacet
  facet normal -0.04128651982138967 -0.9737501896968986 -0.22384367613647638
    outer loop
      vertex 0.0017946375772865915 0.00501908576643516 0.1452426579132633
      vertex 0.001477772865916351 0.005023527999449691 0.14528177724911967
      vertex 0.001499276741226506 0.0052466448148360215 0.14430722275088032
    endloop
  endfacet
  facet normal -0.022950417054295368 -0.9730469613331879 -0.2294621742189403
    outer loop
      vertex 0.0017946375772865915 0.00501908576643516 0.1452426579132633
      vertex 0.001499276741226506 0.0052466448148360215 0.14430722275088032
      vertex 0.001801945579856265 0.0052484389764219826 0.1442693420867367
    endloop
  endfacet
  facet normal -0.04057029019112514 -0.9750543300552365 -0.2182271866526759
    outer loop
      vertex 0.001477772865916351 0.005023527999449691 0.14528177724911967
      vertex 0.0011609444583029736 0.005027982218025716 0.14532077658489742
      vertex 0.0011965715988398837 0.005244838667688569 0.14434522341510256
    endloop
  endfacet
  facet normal -0.02225337279122539 -0.9744315799853602 -0.22357970240307865
    outer loop
      vertex 0.001477772865916351 0.005023527999449691 0.14528177724911967
      vertex 0.0011965715988398837 0.005244838667688569 0.14434522341510256
      vertex 0.001499276741226506 0.0052466448148360215 0.14430722275088032
    endloop
  endfacet
  facet normal -0.0914942814727892 -0.9724322843378251 -0.2144860108149187
    outer loop
      vertex 0.0011609444583029736 0.005027982218025716 0.14532077658489742
      vertex 0.0008582637965158482 0.005053762871942256 0.14533300866230037
      vertex 0.0009076802534841487 0.005264453142343457 0.1443567056234139
    endloop
  endfacet
  facet normal -0.0747568021623599 -0.9728595800721308 -0.21898780329583442
    outer loop
      vertex 0.0011609444583029736 0.005027982218025716 0.14532077658489742
      vertex 0.0009076802534841487 0.005264453142343457 0.1443567056234139
      vertex 0.0011965715988398837 0.005244838667688569 0.14434522341510256
    endloop
  endfacet
  facet normal -0.09137379715574304 -0.9734870880260478 -0.2096991145424965
    outer loop
      vertex 0.0008582637965158482 0.005053762871942256 0.14533300866230037
      vertex 0.0005556047100049172 0.005079560408454002 0.1453451286051369
      vertex 0.0006187673328522192 0.005284050734403141 0.14436829996629166
    endloop
  endfacet
  facet normal -0.0746541855361407 -0.9739837063890856 -0.21396843755683959
    outer loop
      vertex 0.0008582637965158482 0.005053762871942256 0.14533300866230037
      vertex 0.0006187673328522192 0.005284050734403141 0.14436829996629166
      vertex 0.0009076802534841487 0.005264453142343457 0.1443567056234139
    endloop
  endfacet
  facet normal -0.09124933649031895 -0.974518432650335 -0.20490823071514477
    outer loop
      vertex 0.0005556047100049172 0.005079560408454002 0.1453451286051369
      vertex 0.00025297177625160694 0.005105372560862067 0.14535713708370548
      vertex 0.00032982825946266885 0.0053036337105665035 0.14438000577343738
    endloop
  endfacet
  facet normal -0.07455159913737898 -0.9750815249950675 -0.20894515710911596
    outer loop
      vertex 0.0005556047100049172 0.005079560408454002 0.1453451286051369
      vertex 0.00032982825946266885 0.0053036337105665035 0.14438000577343738
      vertex 0.0006187673328522192 0.005284050734403141 0.14436829996629166
    endloop
  endfacet
  facet normal -0.09112092936657076 -0.9755262734757849 -0.20011363269357885
    outer loop
      vertex 0.00025297177625160694 0.005105372560862067 0.14535713708370548
      vertex -4.9630518484812536e-05 0.005131197051567961 0.14536903498946063
      vertex 4.085854705624108e-05 0.005323204348432037 0.14439182215339652
    endloop
  endfacet
  facet normal -0.0744490273161957 -0.9761529640790195 -0.20391844706013404
    outer loop
      vertex 0.00025297177625160694 0.005105372560862067 0.14535713708370548
      vertex 4.085854705624108e-05 0.005323204348432037 0.14439182215339652
      vertex 0.00032982825946266885 0.0053036337105665035 0.14438000577343738
    endloop
  endfacet
  facet normal -0.1375125703248489 -0.9702767853304206 -0.19913124529193885
    outer loop
      vertex -4.9630518484812536e-05 0.005131197051567961 0.14536903498946063
      vertex -0.0003399079030734651 0.005175201721418609 0.1453550747476303
      vertex -0.00023600199692653487 0.005361002728581391 0.14437799668094112
    endloop
  endfacet
  facet normal -0.1225521367901602 -0.9716337496929774 -0.20225931431143068
    outer loop
      vertex -4.9630518484812536e-05 0.005131197051567961 0.14536903498946063
      vertex -0.00023600199692653487 0.005361002728581391 0.14437799668094112
      vertex 4.085854705624108e-05 0.005323204348432037 0.14439182215339652
    endloop
  endfacet
  facet normal -0.13782167937727188 -0.9710582231720741 -0.19506694210840225
    outer loop
      vertex -0.0003399079030734651 0.005175201721418609 0.1453550747476303
      vertex -0.0006301679664860139 0.005219223900126625 0.14534100793953333
      vertex -0.0005128798620854145 0.005398783599873373 0.1443642777747524
    endloop
  endfacet
  facet normal -0.1228863678634116 -0.9724699253854091 -0.1979928908174114
    outer loop
      vertex -0.0003399079030734651 0.005175201721418609 0.1453550747476303
      vertex -0.0005128798620854145 0.005398783599873373 0.1443642777747524
      vertex -0.00023600199692653487 0.005361002728581391 0.14437799668094112
    endloop
  endfacet
  facet normal -0.13812687498397092 -0.9718231140018265 -0.19099948036304978
    outer loop
      vertex -0.0006301679664860139 0.005219223900126625 0.14534100793953333
      vertex -0.0009204063835141144 0.005263261485404068 0.1453268350333667
      vertex -0.0007897793736287426 0.005436549064595932 0.14435066496663332
    endloop
  endfacet
  facet normal -0.12321989357631909 -0.973287283951537 -0.19372330971073373
    outer loop
      vertex -0.0006301679664860139 0.005219223900126625 0.14534100793953333
      vertex -0.0007897793736287426 0.005436549064595932 0.14435066496663332
      vertex -0.0005128798620854145 0.005398783599873373 0.1443642777747524
    endloop
  endfacet
  facet normal -0.13842815449878434 -0.9725714329253299 -0.18692900764630233
    outer loop
      vertex -0.0009204063835141144 0.005263261485404068 0.1453268350333667
      vertex -0.001210618888491974 0.005307312353194054 0.14531255670297186
      vertex -0.0010667047972223117 0.005474301246805946 0.14433715758274243
    endloop
  endfacet
  facet normal -0.12355267857694838 -0.9740857754040052 -0.18945088485419984
    outer loop
      vertex -0.0009204063835141144 0.005263261485404068 0.1453268350333667
      vertex -0.0010667047972223117 0.005474301246805946 0.14433715758274243
      vertex -0.0007897793736287426 0.005436549064595932 0.14435066496663332
    endloop
  endfacet
  facet normal -0.2395478990050785 -0.9510219750354748 -0.19538169587215062
    outer loop
      vertex -0.001210618888491974 0.005307312353194054 0.14531255670297186
      vertex -0.0014905363733180117 0.005384159089626595 0.14528169767267565
      vertex -0.001333107155253417 0.005544688688944833 0.14430730232732433
    endloop
  endfacet
  facet normal -0.2297363656790935 -0.9530929134351704 -0.1970662341554748
    outer loop
      vertex -0.001210618888491974 0.005307312353194054 0.14531255670297186
      vertex -0.001333107155253417 0.005544688688944833 0.14430730232732433
      vertex -0.0010667047972223117 0.005474301246805946 0.14433715758274243
    endloop
  endfacet
  facet normal -0.23995900536024398 -0.9514574247758106 -0.19273931769492456
    outer loop
      vertex -0.0014905363733180117 0.005384159089626595 0.14528169767267565
      vertex -0.0017704349564517826 0.005461023355420411 0.1452507289484406
      vertex -0.0015995284149767886 0.005615058601722445 0.14427755676584508
    endloop
  endfacet
  facet normal -0.23017207197805623 -0.9535587198883484 -0.19428480384791455
    outer loop
      vertex -0.0014905363733180117 0.005384159089626595 0.14528169767267565
      vertex -0.0015995284149767886 0.005615058601722445 0.14427755676584508
      vertex -0.001333107155253417 0.005544688688944833 0.14430730232732433
    endloop
  endfacet
  facet normal -0.2403673441970585 -0.9518861619399103 -0.190095435376444
    outer loop
      vertex -0.0017704349564517826 0.005461023355420411 0.1452507289484406
      vertex -0.002050310108199093 0.005537902936084014 0.14521965107418508
      vertex -0.001865973106086621 0.005685413199630272 0.1442479203543863
    endloop
  endfacet
  facet normal -0.23060700607954637 -0.954016455903812 -0.19150198592118556
    outer loop
      vertex -0.0017704349564517826 0.005461023355420411 0.1452507289484406
      vertex -0.001865973106086621 0.005685413199630272 0.1442479203543863
      vertex -0.0015995284149767886 0.005615058601722445 0.14427755676584508
    endloop
  endfacet
  facet normal -0.24077291534605338 -0.9523081840434968 -0.18745006225536326
    outer loop
      vertex -0.002050310108199093 0.005537902936084014 0.14521965107418508
      vertex -0.0023301573547305212 0.005614795590269835 0.1451884648136701
      vertex -0.002132445702412336 0.005755754724015879 0.14421839232918698
    endloop
  endfacet
  facet normal -0.23104114551169033 -0.9544661042252409 -0.18871789784155985
    outer loop
      vertex -0.002050310108199093 0.005537902936084014 0.14521965107418508
      vertex -0.002132445702412336 0.005755754724015879 0.14421839232918698
      vertex -0.001865973106086621 0.005685413199630272 0.1442479203543863
    endloop
  endfacet
  facet normal -0.20883205779252195 -0.9614509473930605 -0.17888892474137963
    outer loop
      vertex -0.0023301573547305212 0.005614795590269835 0.1451884648136701
      vertex -0.0026139696049341473 0.005688514205402219 0.14512357686077101
      vertex -0.002402641773637293 0.005822748773169213 0.14415542313922894
    endloop
  endfacet
  facet normal -0.19695856331100914 -0.9637133419965718 -0.18017746472925555
    outer loop
      vertex -0.0023301573547305212 0.005614795590269835 0.1451884648136701
      vertex -0.002402641773637293 0.005822748773169213 0.14415542313922894
      vertex -0.002132445702412336 0.005755754724015879 0.14421839232918698
    endloop
  endfacet
  facet normal -0.2096657665723095 -0.9618506767285739 -0.17573713894458956
    outer loop
      vertex -0.0026139696049341473 0.005688514205402219 0.14512357686077101
      vertex -0.002897766403423953 0.005762253199568489 0.14505857393536445
      vertex -0.0026728532965760465 0.005889722443288652 0.14409256892177838
    endloop
  endfacet
  facet normal -0.19783054147354537 -0.9641488758055735 -0.1768615903556583
    outer loop
      vertex -0.0026139696049341473 0.005688514205402219 0.14512357686077101
      vertex -0.0026728532965760465 0.005889722443288652 0.14409256892177838
      vertex -0.002402641773637293 0.005822748773169213 0.14415542313922894
    endloop
  endfacet
  facet normal -0.2104960042293623 -0.9622403410400251 -0.1725831923411104
    outer loop
      vertex -0.002897766403423953 0.005762253199568489 0.14505857393536445
      vertex -0.003181542889865586 0.005836010248450797 0.14499345640434674
      vertex -0.0029430851315629977 0.005956678058692062 0.1440298293099389
    endloop
  endfacet
  facet normal -0.1987015992678206 -0.9645726060821976 -0.17354354509519498
    outer loop
      vertex -0.002897766403423953 0.005762253199568489 0.14505857393536445
      vertex -0.0029430851315629977 0.005956678058692062 0.1440298293099389
      vertex -0.0026728532965760465 0.005889722443288652 0.14409256892177838
    endloop
  endfacet
  facet normal -0.21132275223964783 -0.9626199363427148 -0.1694271304762261
    outer loop
      vertex -0.003181542889865586 0.005836010248450797 0.14499345640434674
      vertex -0.0034652942337434446 0.005909782983178402 0.1449282248783433
      vertex -0.0032133421091136982 0.006023617988250168 0.14396720369308522
    endloop
  endfacet
  facet normal -0.1995716930057879 -0.9649845056798911 -0.17022350938850875
    outer loop
      vertex -0.003181542889865586 0.005836010248450797 0.14499345640434674
      vertex -0.0032133421091136982 0.006023617988250168 0.14396720369308522
      vertex -0.0029430851315629977 0.005956678058692062 0.1440298293099389
    endloop
  endfacet
  facet normal -0.14719727260029714 -0.9776895485069241 -0.14985362751485495
    outer loop
      vertex -0.0034652942337434446 0.005909782983178402 0.1449282248783433
      vertex -0.003751599015262202 0.005969623610168692 0.1448190365131107
      vertex -0.0034860098061663563 0.006076495382688448 0.14386089205831784
    endloop
  endfacet
  facet normal -0.13133945591392837 -0.9798470189836107 -0.1504983943740431
    outer loop
      vertex -0.0034652942337434446 0.005909782983178402 0.1449282248783433
      vertex -0.0034860098061663563 0.006076495382688448 0.14386089205831784
      vertex -0.0032133421091136982 0.006023617988250168 0.14396720369308522
    endloop
  endfacet
  facet normal -0.14885599693138837 -0.9780536182622674 -0.1457841280169044
    outer loop
      vertex -0.003751599015262202 0.005969623610168692 0.1448190365131107
      vertex -0.004037897140956751 0.006029490435002669 0.14470972576756064
      vertex -0.0037586841590432486 0.006129346579283045 0.14375470280386793
    endloop
  endfacet
  facet normal -0.13305610599690373 -0.9802629911354878 -0.14622086330974582
    outer loop
      vertex -0.003751599015262202 0.005969623610168692 0.1448190365131107
      vertex -0.0037586841590432486 0.006129346579283045 0.14375470280386793
      vertex -0.0034860098061663563 0.006076495382688448 0.14386089205831784
    endloop
  endfacet
  facet normal -0.15051052190324077 -0.97839903147662 -0.1417106841491705
    outer loop
      vertex -0.004037897140956751 0.006029490435002669 0.14470972576756064
      vertex -0.004324183389314919 0.006089381084191985 0.14460029251910564
      vertex -0.004031370389256496 0.006182173951522299 0.1436486360523229
    endloop
  endfacet
  facet normal -0.13477239781311195 -0.9806578143077318 -0.14193890243652804
    outer loop
      vertex -0.004037897140956751 0.006029490435002669 0.14470972576756064
      vertex -0.004031370389256496 0.006182173951522299 0.1436486360523229
      vertex -0.0037586841590432486 0.006129346579283045 0.14375470280386793
    endloop
  endfacet
  facet normal -0.15216075256582598 -0.9787257723730013 -0.13763345476835767
    outer loop
      vertex -0.004324183389314919 0.006089381084191985 0.14460029251910564
      vertex -0.004610452513077086 0.006149293107708203 0.1444907369157263
      vertex -0.00430407374406577 0.006234979949434655 0.14354269165570224
    endloop
  endfacet
  facet normal -0.13648821215774054 -0.9810314245533304 -0.13765286768115975
    outer loop
      vertex -0.004324183389314919 0.006089381084191985 0.14460029251910564
      vertex -0.00430407374406577 0.006234979949434655 0.14354269165570224
      vertex -0.004031370389256496 0.006182173951522299 0.1436486360523229
    endloop
  endfacet
  facet normal -0.226489252634952 -0.9613284001279115 -0.1566854350230775
    outer loop
      vertex -0.004610452513077086 0.006149293107708203 0.1444907369157263
      vertex -0.004881119557096883 0.006233548225028223 0.14436504775629685
      vertex -0.004561140900045962 0.006312049474971773 0.14342088081513168
    endloop
  endfacet
  facet normal -0.21483189064658167 -0.9640212234742811 -0.15655778311015137
    outer loop
      vertex -0.004610452513077086 0.006149293107708203 0.1444907369157263
      vertex -0.004561140900045962 0.006312049474971773 0.14342088081513168
      vertex -0.00430407374406577 0.006234979949434655 0.14354269165570224
    endloop
  endfacet
  facet normal -0.2279152776430211 -0.9614633937317919 -0.15376205231021664
    outer loop
      vertex -0.004881119557096883 0.006233548225028223 0.14436504775629685
      vertex -0.0051517746958397595 0.0063178283963634 0.14423923089723795
      vertex -0.004818219961303097 0.006389093946493743 0.14329919767419058
    endloop
  endfacet
  facet normal -0.21631430605823238 -0.9641854806967984 -0.1534746878414451
    outer loop
      vertex -0.004881119557096883 0.006233548225028223 0.14436504775629685
      vertex -0.004818219961303097 0.006389093946493743 0.14329919767419058
      vertex -0.004561140900045962 0.006312049474971773 0.14342088081513168
    endloop
  endfacet
  facet normal -0.2293377845292592 -0.9615885426944295 -0.15083651794580188
    outer loop
      vertex -0.0051517746958397595 0.0063178283963634 0.14423923089723795
      vertex -0.005422412431516043 0.006402131065674154 0.14411328644773408
      vertex -0.005075316425626803 0.006466115920040127 0.1431776421236945
    endloop
  endfacet
  facet normal -0.2177959461968749 -0.9643381041444018 -0.1503893171584634
    outer loop
      vertex -0.0051517746958397595 0.0063178283963634 0.14423923089723795
      vertex -0.005075316425626803 0.006466115920040127 0.1431776421236945
      vertex -0.004818219961303097 0.006389093946493743 0.14329919767419058
    endloop
  endfacet
  facet normal -0.23075673328142698 -0.961703851658992 -0.14790886298509678
    outer loop
      vertex -0.005422412431516043 0.006402131065674154 0.14411328644773408
      vertex -0.005693027244608854 0.006486453596322526 0.14398721481224871
      vertex -0.005332435812534004 0.006543118032248902 0.14305621375917985
    endloop
  endfacet
  facet normal -0.21927674864496982 -0.9644790685085807 -0.14730184626307632
    outer loop
      vertex -0.005422412431516043 0.006402131065674154 0.14411328644773408
      vertex -0.005332435812534004 0.006543118032248902 0.14305621375917985
      vertex -0.005075316425626803 0.006466115920040127 0.1431776421236945
    endloop
  endfacet
  facet normal -0.27411257133319905 -0.9480992738310255 -0.16115230435269604
    outer loop
      vertex -0.005693027244608854 0.006486453596322526 0.14398721481224871
      vertex -0.005955126720138887 0.006585927309080107 0.14384780511693993
      vertex -0.005580920594146817 0.006635140176634174 0.14292176631163148
    endloop
  endfacet
  facet normal -0.26520023559834593 -0.9507273428588328 -0.16058130208453628
    outer loop
      vertex -0.005693027244608854 0.006486453596322526 0.14398721481224871
      vertex -0.005580920594146817 0.006635140176634174 0.14292176631163148
      vertex -0.005332435812534004 0.006543118032248902 0.14305621375917985
    endloop
  endfacet
  facet normal -0.27533640373293106 -0.9481236497933385 -0.1589069208120745
    outer loop
      vertex -0.005955126720138887 0.006585927309080107 0.14384780511693993
      vertex -0.0062172030128420375 0.006685422255521736 0.14370826199505218
      vertex -0.005829428558586536 0.006727141087335407 0.14278745229066211
    endloop
  endfacet
  facet normal -0.2664777119646026 -0.9507678814148959 -0.15820892735854292
    outer loop
      vertex -0.005955126720138887 0.006585927309080107 0.14384780511693993
      vertex -0.005829428558586536 0.006727141087335407 0.14278745229066211
      vertex -0.005580920594146817 0.006635140176634174 0.14292176631163148
    endloop
  endfacet
  facet normal -0.27655748364744775 -0.9481421571707621 -0.15666016735011343
    outer loop
      vertex -0.0062172030128420375 0.006685422255521736 0.14370826199505218
      vertex -0.006479250254929454 0.006784935570900555 0.14356858613479898
      vertex -0.006077965573641964 0.006819123629099439 0.14265327100805816
    endloop
  endfacet
  facet normal -0.267754567634213 -0.9508011557708735 -0.15583534161346949
    outer loop
      vertex -0.0062172030128420375 0.006685422255521736 0.14370826199505218
      vertex -0.006077965573641964 0.006819123629099439 0.14265327100805816
      vertex -0.005829428558586536 0.006727141087335407 0.14278745229066211
    endloop
  endfacet
  facet normal -0.2777757966549217 -0.9481548027029202 -0.1544120361374393
    outer loop
      vertex -0.006479250254929454 0.006784935570900555 0.14356858613479898
      vertex -0.006741262588629014 0.0068844643163209086 0.14342877855379357
      vertex -0.006326537497085273 0.006911090740821947 0.1425192214462064
    endloop
  endfacet
  facet normal -0.26903076123959896 -0.9508271543139274 -0.15346065334840947
    outer loop
      vertex -0.006479250254929454 0.006784935570900555 0.14356858613479898
      vertex -0.006326537497085273 0.006911090740821947 0.1425192214462064
      vertex -0.006077965573641964 0.006819123629099439 0.14265327100805816
    endloop
  endfacet
  facet normal -0.27496526621402617 -0.9496390697846429 -0.15026556330180235
    outer loop
      vertex -0.006741262588629014 0.0068844643163209086 0.14342877855379357
      vertex -0.006991922646625694 0.006983992200985391 0.14325846169827605
      vertex -0.006563744381945724 0.007002978370443174 0.14235496687315252
    endloop
  endfacet
  facet normal -0.26574331301867865 -0.9524516565602549 -0.14905144582151145
    outer loop
      vertex -0.006741262588629014 0.0068844643163209086 0.14342877855379357
      vertex -0.006563744381945724 0.007002978370443174 0.14235496687315252
      vertex -0.006326537497085273 0.006911090740821947 0.1425192214462064
    endloop
  endfacet
  facet normal -0.27647129673555265 -0.9495511526092537 -0.1480413140302384
    outer loop
      vertex -0.006991922646625694 0.006983992200985391 0.14325846169827605
      vertex -0.007242559099525698 0.007083543163046595 0.1430880028922906
      vertex -0.006800974871902873 0.007094842922667689 0.14219085425056657
    endloop
  endfacet
  facet normal -0.2673136352241893 -0.9523777814124808 -0.14669690485852147
    outer loop
      vertex -0.006991922646625694 0.006983992200985391 0.14325846169827605
      vertex -0.006800974871902873 0.007094842922667689 0.14219085425056657
      vertex -0.006563744381945724 0.007002978370443174 0.14235496687315252
    endloop
  endfacet
  facet normal -0.27797435948172894 -0.9494567252658033 -0.14581557639106857
    outer loop
      vertex -0.007242559099525698 0.007083543163046595 0.1430880028922906
      vertex -0.007493165673985258 0.00718311416591679 0.1429174027622157
      vertex -0.007038235240300445 0.007186687434083204 0.14202688295207
    endloop
  endfacet
  facet normal -0.2688833475459582 -0.952295863820753 -0.14434103076521593
    outer loop
      vertex -0.007242559099525698 0.007083543163046595 0.1430880028922906
      vertex -0.007038235240300445 0.007186687434083204 0.14202688295207
      vertex -0.006800974871902873 0.007094842922667689 0.14219085425056657
    endloop
  endfacet
  facet normal -0.27947443139464345 -0.9493557976005921 -0.1435883413052207
    outer loop
      vertex -0.007493165673985258 0.00718311416591679 0.1429174027622157
      vertex -0.007743736080720956 0.007282702077548887 0.14274666230300273
      vertex -0.0072755317764219 0.0072785150367368255 0.14186305198271157
    endloop
  endfacet
  facet normal -0.2704523982224496 -0.9522058917447179 -0.1419839428328856
    outer loop
      vertex -0.007493165673985258 0.00718311416591679 0.1429174027622157
      vertex -0.0072755317764219 0.0072785150367368255 0.14186305198271157
      vertex -0.007038235240300445 0.007186687434083204 0.14202688295207
    endloop
  endfacet
  facet normal -0.3858254295979551 -0.9007137804683192 -0.19963322256083013
    outer loop
      vertex -0.007743736080720956 0.007282702077548887 0.14274666230300273
      vertex -0.007972037018559518 0.00741461619427872 0.1425927172082762
      vertex -0.007491049117154756 0.007402881991435558 0.14171606850600954
    endloop
  endfacet
  facet normal -0.38424929875968244 -0.9014537182759642 -0.1993330635121298
    outer loop
      vertex -0.007743736080720956 0.007282702077548887 0.14274666230300273
      vertex -0.007491049117154756 0.007402881991435558 0.14171606850600954
      vertex -0.0072755317764219 0.0072785150367368255 0.14186305198271157
    endloop
  endfacet
  facet normal -0.38608543514138216 -0.9006910635137926 -0.19923264009213676
    outer loop
      vertex -0.007972037018559518 0.00741461619427872 0.1425927172082762
      vertex -0.008200289840354464 0.007546538642505473 0.14243864466195272
      vertex -0.0077066145739312485 0.007527240614637382 0.14156921248090443
    endloop
  endfacet
  facet normal -0.3845224868276889 -0.9014309566439268 -0.1989087417080124
    outer loop
      vertex -0.007972037018559518 0.00741461619427872 0.1425927172082762
      vertex -0.0077066145739312485 0.007527240614637382 0.14156921248090443
      vertex -0.007491049117154756 0.007402881991435558 0.14171606850600954
    endloop
  endfacet
  facet normal -0.3863451724174603 -0.900668232552324 -0.19883194567472248
    outer loop
      vertex -0.008200289840354464 0.007546538642505473 0.14243864466195272
      vertex -0.00842848899250605 0.007678466373817711 0.14228444672510676
      vertex -0.007922233700351082 0.00765159395475371 0.14142248184632183
    endloop
  endfacet
  facet normal -0.3847957789970557 -0.9014078617435195 -0.1984844458717739
    outer loop
      vertex -0.008200289840354464 0.007546538642505473 0.14243864466195272
      vertex -0.007922233700351082 0.00765159395475371 0.14142248184632183
      vertex -0.0077066145739312485 0.007527240614637382 0.14156921248090443
    endloop
  endfacet
  facet normal -0.38660464517800724 -0.9006452881186389 -0.1984311299077877
    outer loop
      vertex -0.00842848899250605 0.007678466373817711 0.14228444672510676
      vertex -0.008656629017614959 0.0078103963077180575 0.14213012577816034
      vertex -0.00813791195381361 0.007775945092281941 0.14127587422183965
    endloop
  endfacet
  facet normal -0.38506917025820747 -0.9013844332194759 -0.19806018697926123
    outer loop
      vertex -0.00842848899250605 0.007678466373817711 0.14228444672510676
      vertex -0.00813791195381361 0.007775945092281941 0.14127587422183965
      vertex -0.007922233700351082 0.00765159395475371 0.14142248184632183
    endloop
  endfacet
  facet normal -0.47000373783082317 -0.8456850863077533 -0.25281064301508854
    outer loop
      vertex -0.008656629017614959 0.0078103963077180575 0.14213012577816034
      vertex -0.008856052119079784 0.007961674932381736 0.141994828967674
      vertex -0.008325876538063062 0.007920186446189685 0.14114795674661168
    endloop
  endfacet
  facet normal -0.4741427527861809 -0.8430414486998417 -0.2539089713941096
    outer loop
      vertex -0.008656629017614959 0.0078103963077180575 0.14213012577816034
      vertex -0.008325876538063062 0.007920186446189685 0.14114795674661168
      vertex -0.00813791195381361 0.007775945092281941 0.14127587422183965
    endloop
  endfacet
  facet normal -0.46930488789608954 -0.8457452112438285 -0.2539054151745698
    outer loop
      vertex -0.008856052119079784 0.007961674932381736 0.141994828967674
      vertex -0.009055414502087725 0.00811294970457581 0.1418594314089679
      vertex -0.008513901840769418 0.008064431652567044 0.1410201400196035
    endloop
  endfacet
  facet normal -0.47340563481013964 -0.8431062096959654 -0.25506670520103514
    outer loop
      vertex -0.008856052119079784 0.007961674932381736 0.141994828967674
      vertex -0.008513901840769418 0.008064431652567044 0.1410201400196035
      vertex -0.008325876538063062 0.007920186446189685 0.14114795674661168
    endloop
  endfacet
  facet normal -0.46860562595696564 -0.8458036202246075 -0.2550000065420162
    outer loop
      vertex -0.009055414502087725 0.00811294970457581 0.1418594314089679
      vertex -0.00925471215387368 0.008264218142003031 0.1417239357609352
      vertex -0.00870199187469774 0.008208683193711246 0.1408924213819219
    endloop
  endfacet
  facet normal -0.472667202666219 -0.8431697007989835 -0.2562236741174481
    outer loop
      vertex -0.009055414502087725 0.00811294970457581 0.1418594314089679
      vertex -0.00870199187469774 0.008208683193711246 0.1408924213819219
      vertex -0.008513901840769418 0.008064431652567044 0.1410201400196035
    endloop
  endfacet
  facet normal -0.4679059423889063 -0.8458603139854414 -0.25609443239086666
    outer loop
      vertex -0.00925471215387368 0.008264218142003031 0.1417239357609352
      vertex -0.009453941200813137 0.008415477777097339 0.14158834488865202
      vertex -0.008890150513472576 0.008352943537188375 0.14076479796849078
    endloop
  endfacet
  facet normal -0.4719274761333574 -0.8432319198241105 -0.2573798489784005
    outer loop
      vertex -0.00925471215387368 0.008264218142003031 0.1417239357609352
      vertex -0.008890150513472576 0.008352943537188375 0.14076479796849078
      vertex -0.00870199187469774 0.008208683193711246 0.1408924213819219
    endloop
  endfacet
  facet normal -0.49420414932016754 -0.8237023755581963 -0.2779867897841801
    outer loop
      vertex -0.009453941200813137 0.008415477777097339 0.14158834488865202
      vertex -0.00962492584290808 0.008566915918687825 0.14144359471035722
      vertex -0.009050785478520486 0.008497774495597885 0.14062776243249986
    endloop
  endfacet
  facet normal -0.49997577492726203 -0.8195097654274472 -0.2800499399302455
    outer loop
      vertex -0.009453941200813137 0.008415477777097339 0.14158834488865202
      vertex -0.009050785478520486 0.008497774495597885 0.14062776243249986
      vertex -0.008890150513472576 0.008352943537188375 0.14076479796849078
    endloop
  endfacet
  facet normal -0.4931151331163266 -0.8238649134914935 -0.2794352694441444
    outer loop
      vertex -0.00962492584290808 0.008566915918687825 0.14144359471035722
      vertex -0.009795855495586963 0.008718350273148165 0.14129875453687682
      vertex -0.009211475432984471 0.008642609241137555 0.14049081689169454
    endloop
  endfacet
  facet normal -0.49883010720686205 -0.8196825929962002 -0.2815829733542422
    outer loop
      vertex -0.00962492584290808 0.008566915918687825 0.14144359471035722
      vertex -0.009211475432984471 0.008642609241137555 0.14049081689169454
      vertex -0.009050785478520486 0.008497774495597885 0.14062776243249986
    endloop
  endfacet
  facet normal -0.4920249592840727 -0.8240243246529386 -0.2808831640055614
    outer loop
      vertex -0.009795855495586963 0.008718350273148165 0.14129875453687682
      vertex -0.009966726773664187 0.008869778739184667 0.14115382664144985
      vertex -0.009372223762050103 0.008787449875101053 0.14035395907283585
    endloop
  endfacet
  facet normal -0.49768204212395506 -0.8198528496409133 -0.2831146232235347
    outer loop
      vertex -0.009795855495586963 0.008718350273148165 0.14129875453687682
      vertex -0.009372223762050103 0.008787449875101053 0.14035395907283585
      vertex -0.009211475432984471 0.008642609241137555 0.14049081689169454
    endloop
  endfacet
  facet normal -0.49093362214920816 -0.8241806088131123 -0.28233048489298146
    outer loop
      vertex -0.009966726773664187 0.008869778739184667 0.14115382664144985
      vertex -0.010137536396316045 0.009021199222670367 0.14100881346819963
      vertex -0.009533033746541096 0.008932298491615349 0.14021718653180035
    endloop
  endfacet
  facet normal -0.49653161160696946 -0.8200205309761784 -0.28464484441586513
    outer loop
      vertex -0.009966726773664187 0.008869778739184667 0.14115382664144985
      vertex -0.009533033746541096 0.008932298491615349 0.14021718653180035
      vertex -0.009372223762050103 0.008787449875101053 0.14035395907283585
    endloop
  endfacet
  facet normal -0.5929838740075765 -0.7106358989917889 -0.37863801213177006
    outer loop
      vertex -0.010137536396316045 0.009021199222670367 0.14100881346819963
      vertex -0.010300731118280485 0.00922292621875527 0.14088578671105134
      vertex -0.009686188096005235 0.009127360066959026 0.14010271328894863
    endloop
  endfacet
  facet normal -0.6040892941092835 -0.6989558035165381 -0.38280139690588694
    outer loop
      vertex -0.010137536396316045 0.009021199222670367 0.14100881346819963
      vertex -0.009686188096005235 0.009127360066959026 0.14010271328894863
      vertex -0.009533033746541096 0.008932298491615349 0.14021718653180035
    endloop
  endfacet
  facet normal -0.5904406540836735 -0.7107895467163656 -0.3823062310295076
    outer loop
      vertex -0.010300731118280485 0.00922292621875527 0.14088578671105134
      vertex -0.01046384607495532 0.009424634244765499 0.14076268577560436
      vertex -0.009839422210758965 0.00932244061237736 0.13998831422439562
    endloop
  endfacet
  facet normal -0.6014110988438208 -0.6991447824702683 -0.38665393225993316
    outer loop
      vertex -0.010300731118280485 0.00922292621875527 0.14088578671105134
      vertex -0.009839422210758965 0.00932244061237736 0.13998831422439562
      vertex -0.009686188096005235 0.009127360066959026 0.14010271328894863
    endloop
  endfacet
  facet normal -0.5878870494944446 -0.7109278256430391 -0.38596689464664835
    outer loop
      vertex -0.01046384607495532 0.009424634244765499 0.14076268577560436
      vertex -0.010626878668181721 0.00962632127003897 0.14063951415442605
      vertex -0.009992738688961143 0.009517542158532469 0.13987398584557392
    endloop
  endfacet
  facet normal -0.598719620132413 -0.6993195796988376 -0.39049576427707927
    outer loop
      vertex -0.01046384607495532 0.009424634244765499 0.14076268577560436
      vertex -0.009992738688961143 0.009517542158532469 0.13987398584557392
      vertex -0.009839422210758965 0.00932244061237736 0.13998831422439562
    endloop
  endfacet
  facet normal -0.5853231682391753 -0.7110507526637145 -0.3896198350428517
    outer loop
      vertex -0.010626878668181721 0.00962632127003897 0.14063951415442605
      vertex -0.010789826483080788 0.009827985323007268 0.14051627544567635
      vertex -0.01014613994549064 0.009712666676992734 0.13975972455432362
    endloop
  endfacet
  facet normal -0.59601510872427 -0.6994801796367438 -0.3943266012682189
    outer loop
      vertex -0.010626878668181721 0.00962632127003897 0.14063951415442605
      vertex -0.01014613994549064 0.009712666676992734 0.13975972455432362
      vertex -0.009992738688961143 0.009517542158532469 0.13987398584557392
    endloop
  endfacet
  facet normal -0.5728518105560994 -0.7251851806729552 -0.3820304397229785
    outer loop
      vertex -0.010789826483080788 0.009827985323007268 0.14051627544567635
      vertex -0.01091993540449257 0.010008664058587108 0.14036840133819437
      vertex -0.010267382095507437 0.009887207655698615 0.13962045580466273
    endloop
  endfacet
  facet normal -0.5831430048589037 -0.7141030815239736 -0.38729965768393604
    outer loop
      vertex -0.010789826483080788 0.009827985323007268 0.14051627544567635
      vertex -0.010267382095507437 0.009887207655698615 0.13962045580466273
      vertex -0.01014613994549064 0.009712666676992734 0.13975972455432362
    endloop
  endfacet
  facet normal -0.5702618199520666 -0.7256956937286411 -0.3849249495793473
    outer loop
      vertex -0.01091993540449257 0.010008664058587108 0.14036840133819437
      vertex -0.011049984047511254 0.010189332519018575 0.14022045419177062
      vertex -0.010388684523917318 0.010061758909552852 0.1394812600939436
    endloop
  endfacet
  facet normal -0.5804303665201033 -0.7146502614801515 -0.39035316495154676
    outer loop
      vertex -0.01091993540449257 0.010008664058587108 0.14036840133819437
      vertex -0.010388684523917318 0.010061758909552852 0.1394812600939436
      vertex -0.010267382095507437 0.009887207655698615 0.13962045580466273
    endloop
  endfacet
  facet normal -0.567663776037326 -0.7261941231725614 -0.38781430201151584
    outer loop
      vertex -0.011049984047511254 0.010189332519018575 0.14022045419177062
      vertex -0.01117996987070155 0.010369988948824127 0.14007243645720832
      vertex -0.0105100497721556 0.010236322194033025 0.13934213497136308
    endloop
  endfacet
  facet normal -0.5777070136265552 -0.7151863901670946 -0.39339933112099645
    outer loop
      vertex -0.011049984047511254 0.010189332519018575 0.14022045419177062
      vertex -0.0105100497721556 0.010236322194033025 0.13934213497136308
      vertex -0.010388684523917318 0.010061758909552852 0.1394812600939436
    endloop
  endfacet
  facet normal -0.565057762777779 -0.7266804526924409 -0.3906984059338873
    outer loop
      vertex -0.01117996987070155 0.010369988948824127 0.14007243645720832
      vertex -0.011309890439987742 0.010550631612935183 0.13992435070657971
      vertex -0.010631480274297974 0.010410899244207673 0.1392030778648488
    endloop
  endfacet
  facet normal -0.5749731251694492 -0.7157114309193725 -0.3964379560337547
    outer loop
      vertex -0.01117996987070155 0.010369988948824127 0.14007243645720832
      vertex -0.010631480274297974 0.010410899244207673 0.1392030778648488
      vertex -0.0105100497721556 0.010236322194033025 0.13934213497136308
    endloop
  endfacet
  facet normal -0.6275851565170707 -0.6134201678724952 -0.47942942021399143
    outer loop
      vertex -0.011309890439987742 0.010550631612935183 0.13992435070657971
      vertex -0.01142103531201301 0.010766346955205397 0.1397938387544052
      vertex -0.01073452033084414 0.010620761544794612 0.13908144695988045
    endloop
  endfacet
  facet normal -0.6394627877869933 -0.5956778232206419 -0.4860609776137193
    outer loop
      vertex -0.011309890439987742 0.010550631612935183 0.13992435070657971
      vertex -0.01073452033084414 0.010620761544794612 0.13908144695988045
      vertex -0.010631480274297974 0.010410899244207673 0.1392030778648488
    endloop
  endfacet
  facet normal -0.6237466272735801 -0.6139962917528726 -0.4836824357763624
    outer loop
      vertex -0.01142103531201301 0.010766346955205397 0.1397938387544052
      vertex -0.0115321123773381 0.01098204456415088 0.13966327046724558
      vertex -0.010837628194090473 0.01083064157870626 0.13895987238989727
    endloop
  endfacet
  facet normal -0.6354580325744108 -0.5963145231881336 -0.4905120572132433
    outer loop
      vertex -0.01142103531201301 0.010766346955205397 0.1397938387544052
      vertex -0.010837628194090473 0.01083064157870626 0.13895987238989727
      vertex -0.01073452033084414 0.010620761544794612 0.13908144695988045
    endloop
  endfacet
  facet normal -0.6198893640744322 -0.6145504427928531 -0.4879189784897738
    outer loop
      vertex -0.0115321123773381 0.01098204456415088 0.13966327046724558
      vertex -0.011643119857710136 0.011197722970445339 0.13953264856794775
      vertex -0.010940805642289868 0.011040540815268955 0.13883835143205223
    endloop
  endfacet
  facet normal -0.6314310380880803 -0.5969309629029728 -0.4949426933158415
    outer loop
      vertex -0.0115321123773381 0.01098204456415088 0.13966327046724558
      vertex -0.010940805642289868 0.011040540815268955 0.13883835143205223
      vertex -0.010837628194090473 0.01083064157870626 0.13895987238989727
    endloop
  endfacet
  facet normal -0.6160137199519603 -0.6150826054303391 -0.49213868505531433
    outer loop
      vertex -0.011643119857710136 0.011197722970445339 0.13953264856794775
      vertex -0.011754056096463003 0.011413380744125125 0.1394019758487377
      vertex -0.011044054332108425 0.011250460684446304 0.1387168812941194
    endloop
  endfacet
  facet normal -0.6273823259001793 -0.5975270798746365 -0.49935238656140524
    outer loop
      vertex -0.011643119857710136 0.011197722970445339 0.13953264856794775
      vertex -0.011044054332108425 0.011250460684446304 0.1387168812941194
      vertex -0.010940805642289868 0.011040540815268955 0.13883835143205223
    endloop
  endfacet
  facet normal -0.655400663672656 -0.49209818970898606 -0.5729653931456775
    outer loop
      vertex -0.011754056096463003 0.011413380744125125 0.1394019758487377
      vertex -0.011835343693428535 0.0116683281313816 0.13927599406414146
      vertex -0.01111789637800004 0.01149978744004698 0.13860007736442995
    endloop
  endfacet
  facet normal -0.6666671247628843 -0.46888042707976296 -0.5794014928026057
    outer loop
      vertex -0.011754056096463003 0.011413380744125125 0.1394019758487377
      vertex -0.01111789637800004 0.01149978744004698 0.13860007736442995
      vertex -0.011044054332108425 0.011250460684446304 0.1387168812941194
    endloop
  endfacet
  facet normal -0.6501989260995478 -0.49296529848362225 -0.578123318151022
    outer loop
      vertex -0.011835343693428535 0.0116683281313816 0.13927599406414146
      vertex -0.011916563427141048 0.011923256149184892 0.1391499626786867
      vertex -0.011191806287144666 0.011749133565100824 0.138483323035599
    endloop
  endfacet
  facet normal -0.6612901540720308 -0.4698298523099083 -0.5847693921588574
    outer loop
      vertex -0.011835343693428535 0.0116683281313816 0.13927599406414146
      vertex -0.011191806287144666 0.011749133565100824 0.138483323035599
      vertex -0.01111789637800004 0.01149978744004698 0.13860007736442995
    endloop
  endfacet
  facet normal -0.6449656447899085 -0.49380325350616605 -0.5832475150975465
    outer loop
      vertex -0.011916563427141048 0.011923256149184892 0.1391499626786867
      vertex -0.011997713805881847 0.012178163469948218 0.13902388437388044
      vertex -0.011265785551261013 0.01199850038719465 0.13836661562611954
    endloop
  endfacet
  facet normal -0.6558774245652511 -0.47075310049857283 -0.5900985700004988
    outer loop
      vertex -0.011916563427141048 0.011923256149184892 0.1391499626786867
      vertex -0.011265785551261013 0.01199850038719465 0.13836661562611954
      vertex -0.011191806287144666 0.011749133565100824 0.138483323035599
    endloop
  endfacet
  facet normal -0.6397016867791246 -0.49461199794326693 -0.5883372531316646
    outer loop
      vertex -0.011997713805881847 0.012178163469948218 0.13902388437388044
      vertex -0.012078793453311325 0.012433048806109442 0.13889776188589234
      vertex -0.011339835546688675 0.012247889193890558 0.13824995239982193
    endloop
  endfacet
  facet normal -0.6504300225813274 -0.4716500391342452 -0.5953881308100782
    outer loop
      vertex -0.011997713805881847 0.012178163469948218 0.13902388437388044
      vertex -0.011339835546688675 0.012247889193890558 0.13824995239982193
      vertex -0.011265785551261013 0.01199850038719465 0.13836661562611954
    endloop
  endfacet
  facet normal -0.6279846404262664 -0.5205627822765799 -0.5784891365420435
    outer loop
      vertex -0.012078793453311325 0.012433048806109442 0.13889776188589234
      vertex -0.012138268178687168 0.012674467071897502 0.1387450811447649
      vertex -0.011392349857027117 0.012483797856673936 0.1381069188552351
    endloop
  endfacet
  facet normal -0.638896712529975 -0.49782232275830623 -0.5865014285420925
    outer loop
      vertex -0.012078793453311325 0.012433048806109442 0.13889776188589234
      vertex -0.011392349857027117 0.012483797856673936 0.1381069188552351
      vertex -0.011339835546688675 0.012247889193890558 0.13824995239982193
    endloop
  endfacet
  facet normal -0.6226415138882901 -0.5220530824686058 -0.5829049015645051
    outer loop
      vertex -0.012138268178687168 0.012674467071897502 0.1387450811447649
      vertex -0.012197681435896007 0.012915871076581037 0.1385923417457432
      vertex -0.01144492563553256 0.012719720780561819 0.1379639439685425
    endloop
  endfacet
  facet normal -0.6333858354184033 -0.4993889539143457 -0.5911286291490767
    outer loop
      vertex -0.012138268178687168 0.012674467071897502 0.1387450811447649
      vertex -0.01144492563553256 0.012719720780561819 0.1379639439685425
      vertex -0.011392349857027117 0.012483797856673936 0.1381069188552351
    endloop
  endfacet
  facet normal -0.6172669306539916 -0.5235155707987508 -0.5872929281476652
    outer loop
      vertex -0.012197681435896007 0.012915871076581037 0.1385923417457432
      vertex -0.01225703134461198 0.013157259376529071 0.13843954610775253
      vertex -0.011497564762530877 0.012955659409185223 0.13782102532081889
    endloop
  endfacet
  facet normal -0.6278387307160952 -0.500930795838335 -0.5957238168762226
    outer loop
      vertex -0.012197681435896007 0.012915871076581037 0.1385923417457432
      vertex -0.011497564762530877 0.012955659409185223 0.13782102532081889
      vertex -0.01144492563553256 0.012719720780561819 0.1379639439685425
    endloop
  endfacet
  facet normal -0.6118616442956286 -0.5249500311667686 -0.5916525948712286
    outer loop
      vertex -0.01225703134461198 0.013157259376529071 0.13843954610775253
      vertex -0.01231631612026605 0.01339863055057746 0.13828669674004926
      vertex -0.011550269022591089 0.013191615163708252 0.13767816040280786
    endloop
  endfacet
  facet normal -0.6222563350790853 -0.502447568619385 -0.6002861769543034
    outer loop
      vertex -0.01225703134461198 0.013157259376529071 0.13843954610775253
      vertex -0.011550269022591089 0.013191615163708252 0.13767816040280786
      vertex -0.011497564762530877 0.012955659409185223 0.13782102532081889
    endloop
  endfacet
  facet normal -0.6145293978524116 -0.48688381144753207 -0.6207235885041557
    outer loop
      vertex -0.01231631612026605 0.01339863055057746 0.13828669674004926
      vertex -0.012361615482657297 0.013658251762856843 0.13812790210536918
      vertex -0.011588985088771273 0.013445743380000309 0.1375296693232022
    endloop
  endfacet
  facet normal -0.6247090731426166 -0.4627076589187832 -0.6289993611373478
    outer loop
      vertex -0.01231631612026605 0.01339863055057746 0.13828669674004926
      vertex -0.011588985088771273 0.013445743380000309 0.1375296693232022
      vertex -0.011550269022591089 0.013191615163708252 0.13767816040280786
    endloop
  endfacet
  facet normal -0.6084866244867196 -0.4886311906678248 -0.6252868040565879
    outer loop
      vertex -0.012361615482657297 0.013658251762856843 0.13812790210536918
      vertex -0.012406847139391332 0.013917855338376871 0.13796905092629816
      vertex -0.011627768860608663 0.0136998892330517 0.13738123478798756
    endloop
  endfacet
  facet normal -0.6184899125362378 -0.4645421946896857 -0.6337750211579871
    outer loop
      vertex -0.012361615482657297 0.013658251762856843 0.13812790210536918
      vertex -0.011627768860608663 0.0136998892330517 0.13738123478798756
      vertex -0.011588985088771273 0.013445743380000309 0.1375296693232022
    endloop
  endfacet
  facet normal -0.6024071449604615 -0.49034722881807047 -0.629813644573555
    outer loop
      vertex -0.012406847139391332 0.013917855338376871 0.13796905092629816
      vertex -0.012452009277548698 0.01417743978491909 0.1378101459547072
      vertex -0.011666622151022729 0.01395405421508092 0.13723285404529278
    endloop
  endfacet
  facet normal -0.6122290608654658 -0.46634905390285325 -0.6385093084330904
    outer loop
      vertex -0.012406847139391332 0.013917855338376871 0.13796905092629816
      vertex -0.011666622151022729 0.01395405421508092 0.13723285404529278
      vertex -0.011627768860608663 0.0136998892330517 0.13738123478798756
    endloop
  endfacet
  facet normal -0.5962920038814008 -0.49203162908842335 -0.634303336018104
    outer loop
      vertex -0.012452009277548698 0.01417743978491909 0.1378101459547072
      vertex -0.012497100195789111 0.014437003640444798 0.13765119003099205
      vertex -0.011705546661353743 0.014208239788126627 0.13708452425472226
    endloop
  endfacet
  facet normal -0.6059277816468811 -0.4681278558281223 -0.6432012391361309
    outer loop
      vertex -0.012452009277548698 0.01417743978491909 0.1378101459547072
      vertex -0.011705546661353743 0.014208239788126627 0.13708452425472226
      vertex -0.011666622151022729 0.01395405421508092 0.13723285404529278
    endloop
  endfacet
  facet normal -0.5910114332720477 -0.48856737854107735 -0.6418780276401581
    outer loop
      vertex -0.012497100195789111 0.014437003640444798 0.13765119003099205
      vertex -0.012508740238713867 0.014684148559931474 0.13747379254723696
      vertex -0.011711283547000415 0.014450155511497084 0.13691763602419166
    endloop
  endfacet
  facet normal -0.6004261294866072 -0.46369531378331375 -0.6515175508036036
    outer loop
      vertex -0.012497100195789111 0.014437003640444798 0.13765119003099205
      vertex -0.011711283547000415 0.014450155511497084 0.13691763602419166
      vertex -0.011705546661353743 0.014208239788126627 0.13708452425472226
    endloop
  endfacet
  facet normal -0.5847519615155431 -0.4910670307248209 -0.6456921207811295
    outer loop
      vertex -0.012508740238713867 0.014684148559931474 0.13747379254723696
      vertex -0.01252032136814855 0.014931282283625414 0.13729632850199783
      vertex -0.011717079346137162 0.0146920824306603 0.13675081435514505
    endloop
  endfacet
  facet normal -0.5940058221244516 -0.4662696476391308 -0.6555529719044336
    outer loop
      vertex -0.012508740238713867 0.014684148559931474 0.13747379254723696
      vertex -0.011717079346137162 0.0146920824306603 0.13675081435514505
      vertex -0.011711283547000415 0.014450155511497084 0.13691763602419166
    endloop
  endfacet
  facet normal -0.5784512978351235 -0.4935379272615694 -0.6494724092578644
    outer loop
      vertex -0.01252032136814855 0.014931282283625414 0.13729632850199783
      vertex -0.012531841433452703 0.015178403292880413 0.13711880010768787
      vertex -0.011722936209404438 0.014934022064262432 0.13658405703516932
    endloop
  endfacet
  facet normal -0.5875385397069594 -0.46881942585754716 -0.659550460766736
    outer loop
      vertex -0.01252032136814855 0.014931282283625414 0.13729632850199783
      vertex -0.011722936209404438 0.014934022064262432 0.13658405703516932
      vertex -0.011717079346137162 0.0146920824306603 0.13675081435514505
    endloop
  endfacet
  facet normal -0.5721104201734666 -0.49597953632943687 -0.6532181616208909
    outer loop
      vertex -0.012531841433452703 0.015178403292880413 0.13711880010768787
      vertex -0.01254329835978674 0.015425510074625799 0.13694120969929013
      vertex -0.011728856211641832 0.015175975925374199 0.13641736172928132
    endloop
  endfacet
  facet normal -0.5810254226774961 -0.47134405331696927 -0.6635090365663207
    outer loop
      vertex -0.012531841433452703 0.015178403292880413 0.13711880010768787
      vertex -0.011728856211641832 0.015175975925374199 0.13641736172928132
      vertex -0.011722936209404438 0.014934022064262432 0.13658405703516932
    endloop
  endfacet
  facet normal -0.5632700398531454 -0.5212535092061138 -0.6411096952504678
    outer loop
      vertex -0.01254329835978674 0.015425510074625799 0.13694120969929013
      vertex -0.01252331525358852 0.015643908225802642 0.13674608445214995
      vertex -0.011703662674982912 0.015389440131340203 0.13623284411927863
    endloop
  endfacet
  facet normal -0.5720249882972509 -0.496711339254465 -0.6527367449589196
    outer loop
      vertex -0.01254329835978674 0.015425510074625799 0.13694120969929013
      vertex -0.011703662674982912 0.015389440131340203 0.13623284411927863
      vertex -0.011728856211641832 0.015175975925374199 0.13641736172928132
    endloop
  endfacet
  facet normal -0.5571884535129379 -0.5243849731517214 -0.6438644478494904
    outer loop
      vertex -0.01252331525358852 0.015643908225802642 0.13674608445214995
      vertex -0.012503281932609063 0.01586230204588328 0.13655088067434462
      vertex -0.011678519353105226 0.015602908668402428 0.1360484050399411
    endloop
  endfacet
  facet normal -0.5657925620869207 -0.49990841644950074 -0.6557212455381253
    outer loop
      vertex -0.01252331525358852 0.015643908225802642 0.13674608445214995
      vertex -0.011678519353105226 0.015602908668402428 0.1360484050399411
      vertex -0.011703662674982912 0.015389440131340203 0.13623284411927863
    endloop
  endfacet
  facet normal -0.5510651784725525 -0.5274923073350534 -0.6465903144784614
    outer loop
      vertex -0.012503281932609063 0.01586230204588328 0.13655088067434462
      vertex -0.012483195934982533 0.016080690044799596 0.13635559985976675
      vertex -0.011653428707874612 0.01581638302662896 0.1358640429973761
    endloop
  endfacet
  facet normal -0.5595120316891199 -0.5030857477972804 -0.6586736800255225
    outer loop
      vertex -0.012503281932609063 0.01586230204588328 0.13655088067434462
      vertex -0.011653428707874612 0.01581638302662896 0.1358640429973761
      vertex -0.011678519353105226 0.015602908668402428 0.1360484050399411
    endloop
  endfacet
  facet normal -0.5449009809951676 -0.5305748381809535 -0.6492867332694847
    outer loop
      vertex -0.012483195934982533 0.016080690044799596 0.13635559985976675
      vertex -0.012463054829755687 0.016299070711201482 0.13616024365081458
      vertex -0.011628393170244314 0.016029864717369943 0.1356797563491854
    endloop
  endfacet
  facet normal -0.5531842544249753 -0.5062426243490012 -0.6615932178828017
    outer loop
      vertex -0.012483195934982533 0.016080690044799596 0.13635559985976675
      vertex -0.011628393170244314 0.016029864717369943 0.1356797563491854
      vertex -0.011653428707874612 0.01581638302662896 0.1358640429973761
    endloop
  endfacet
  facet normal -0.5437879267172994 -0.4300376815701023 -0.7206679423883876
    outer loop
      vertex -0.012463054829755687 0.016299070711201482 0.13616024365081458
      vertex -0.01242240107372021 0.016545858080812353 0.1359823047105156
      vertex -0.011583191497708364 0.016272009633473347 0.1355124810037701
    endloop
  endfacet
  facet normal -0.5507516886870936 -0.40236529281618155 -0.7312829469810321
    outer loop
      vertex -0.012463054829755687 0.016299070711201482 0.13616024365081458
      vertex -0.011583191497708364 0.016272009633473347 0.1355124810037701
      vertex -0.011628393170244314 0.016029864717369943 0.1356797563491854
    endloop
  endfacet
  facet normal -0.5368855348645818 -0.43350113588850697 -0.7237614853227173
    outer loop
      vertex -0.01242240107372021 0.016545858080812353 0.1359823047105156
      vertex -0.012381694177016766 0.016792637034855146 0.13580429869124974
      vertex -0.011538042965840373 0.016514162965144852 0.13534527273732164
    endloop
  endfacet
  facet normal -0.5437071468551752 -0.4058775882820559 -0.734605963621959
    outer loop
      vertex -0.01242240107372021 0.016545858080812353 0.1359823047105156
      vertex -0.011538042965840373 0.016514162965144852 0.13534527273732164
      vertex -0.011583191497708364 0.016272009633473347 0.1355124810037701
    endloop
  endfacet
  facet normal -0.5299307726764767 -0.43694042814093526 -0.7268125194481232
    outer loop
      vertex -0.012381694177016766 0.016792637034855146 0.13580429869124974
      vertex -0.012340932097569443 0.01703940622531529 0.1356262273007248
      vertex -0.011492949616716269 0.016756326060398983 0.13517812984213232
    endloop
  endfacet
  facet normal -0.5366040963165027 -0.4093712647641915 -0.737882925267766
    outer loop
      vertex -0.012381694177016766 0.016792637034855146 0.13580429869124974
      vertex -0.011492949616716269 0.016756326060398983 0.13517812984213232
      vertex -0.011538042965840373 0.016514162965144852 0.13534527273732164
    endloop
  endfacet
  facet normal -0.5229247648760337 -0.44035464985594613 -0.7298201645813795
    outer loop
      vertex -0.012340932097569443 0.01703940622531529 0.1356262273007248
      vertex -0.012300112839214157 0.01728616429594737 0.13544809236943697
      vertex -0.011447913446500124 0.0169985002754812 0.13501105048770587
    endloop
  endfacet
  facet normal -0.5294437698289254 -0.41284538164612194 -0.7411126671720054
    outer loop
      vertex -0.012340932097569443 0.01703940622531529 0.1356262273007248
      vertex -0.011447913446500124 0.0169985002754812 0.13501105048770587
      vertex -0.011492949616716269 0.016756326060398983 0.13517812984213232
    endloop
  endfacet
  facet normal -0.5145989880859143 -0.5486715082806568 -0.6588986701018468
    outer loop
      vertex -0.012300112839214157 0.01728616429594737 0.13544809236943697
      vertex -0.012230292887267881 0.017483844905728546 0.13522895245992111
      vertex -0.011373830327017831 0.017191436737128585 0.1348035475400789
    endloop
  endfacet
  facet normal -0.5220330476254981 -0.5236425596558785 -0.6732606975784894
    outer loop
      vertex -0.012300112839214157 0.01728616429594737 0.13544809236943697
      vertex -0.011373830327017831 0.017191436737128585 0.1348035475400789
      vertex -0.011447913446500124 0.0169985002754812 0.13501105048770587
    endloop
  endfacet
  facet normal -0.5082192897344525 -0.552794483029264 -0.6604024629528703
    outer loop
      vertex -0.012230292887267881 0.017483844905728546 0.13522895245992111
      vertex -0.01216041952473876 0.017681525207060452 0.13500971104460543
      vertex -0.01129980061811838 0.01738437350722526 0.13459614609825168
    endloop
  endfacet
  facet normal -0.5154940680376974 -0.527835258895738 -0.6750228183435097
    outer loop
      vertex -0.012230292887267881 0.017483844905728546 0.13522895245992111
      vertex -0.01129980061811838 0.01738437350722526 0.13459614609825168
      vertex -0.011373830327017831 0.017191436737128585 0.1348035475400789
    endloop
  endfacet
  facet normal -0.5017903874277185 -0.5568950443168388 -0.6618718280003208
    outer loop
      vertex -0.01216041952473876 0.017681525207060452 0.13500971104460543
      vertex -0.0120904895086285 0.01787920347563361 0.1347903690936828
      vertex -0.011225827562800071 0.017577312310080664 0.13438884519203148
    endloop
  endfacet
  facet normal -0.5088977869853254 -0.5320112946607868 -0.6767473862194017
    outer loop
      vertex -0.01216041952473876 0.017681525207060452 0.13500971104460543
      vertex -0.011225827562800071 0.017577312310080664 0.13438884519203148
      vertex -0.01129980061811838 0.01738437350722526 0.13459614609825168
    endloop
  endfacet
  facet normal -0.49531306598770003 -0.5609721679786266 -0.6633062591406957
    outer loop
      vertex -0.0120904895086285 0.01787920347563361 0.1347903690936828
      vertex -0.01202049958232432 0.018076877930921185 0.13457092778626742
      vertex -0.011151914417675676 0.017770254926221668 0.13418164364230403
    endloop
  endfacet
  facet normal -0.5022450200788359 -0.536169631766838 -0.678433538216547
    outer loop
      vertex -0.0120904895086285 0.01787920347563361 0.1347903690936828
      vertex -0.011151914417675676 0.017770254926221668 0.13418164364230403
      vertex -0.011225827562800071 0.017577312310080664 0.13438884519203148
    endloop
  endfacet
  facet normal -0.48949412497371664 -0.5406077417560754 -0.6842066728479137
    outer loop
      vertex -0.01202049958232432 0.018076877930921185 0.13457092778626742
      vertex -0.01193591928262053 0.01825480689205436 0.13436983162757019
      vertex -0.0110639511459509 0.01794398525080277 0.1339915969438584
    endloop
  endfacet
  facet normal -0.49533637753434046 -0.514716117337861 -0.6997922489166299
    outer loop
      vertex -0.01202049958232432 0.018076877930921185 0.13457092778626742
      vertex -0.0110639511459509 0.01794398525080277 0.1339915969438584
      vertex -0.011151914417675676 0.017770254926221668 0.13418164364230403
    endloop
  endfacet
  facet normal -0.4834015173572362 -0.5448307727142262 -0.6851878589995162
    outer loop
      vertex -0.01193591928262053 0.01825480689205436 0.13436983162757019
      vertex -0.011851290676400688 0.018432735172442188 0.13416864534363457
      vertex -0.010976036180742168 0.01811771625612923 0.13380164037065115
    endloop
  endfacet
  facet normal -0.4890863227291875 -0.5189986375280399 -0.7010242386417743
    outer loop
      vertex -0.01193591928262053 0.01825480689205436 0.13436983162757019
      vertex -0.010976036180742168 0.01811771625612923 0.13380164037065115
      vertex -0.0110639511459509 0.01794398525080277 0.1339915969438584
    endloop
  endfacet
  facet normal -0.47726225946774453 -0.5490357459049681 -0.6861344514060773
    outer loop
      vertex -0.011851290676400688 0.018432735172442188 0.13416864534363457
      vertex -0.011766611092875258 0.018610661382925567 0.13396736960420783
      vertex -0.010888172192839033 0.018291449331360135 0.13361177325293502
    endloop
  endfacet
  facet normal -0.48278222854016023 -0.5232686991275272 -0.702218761013391
    outer loop
      vertex -0.011851290676400688 0.018432735172442188 0.13416864534363457
      vertex -0.010888172192839033 0.018291449331360135 0.13361177325293502
      vertex -0.010976036180742168 0.01811771625612923 0.13380164037065115
    endloop
  endfacet
  facet normal -0.47107701099938687 -0.5532216806684974 -0.6870460113749345
    outer loop
      vertex -0.011766611092875258 0.018610661382925567 0.13396736960420783
      vertex -0.011681877843571336 0.01878858408786424 0.13376600523940677
      vertex -0.010800361870714379 0.01846518591213575 0.13342199476059322
    endloop
  endfacet
  facet normal -0.47642476464664596 -0.5275253255039077 -0.703375059682517
    outer loop
      vertex -0.011766611092875258 0.018610661382925567 0.13396736960420783
      vertex -0.010800361870714379 0.01846518591213575 0.13342199476059322
      vertex -0.010888172192839033 0.018291449331360135 0.13361177325293502
    endloop
  endfacet
  facet normal -0.4666854642018575 -0.6123626762246548 -0.6381352758386544
    outer loop
      vertex -0.011681877843571336 0.01878858408786424 0.13376600523940677
      vertex -0.011587702361352073 0.018934515190921954 0.13355709484924919
      vertex -0.010703295067219358 0.01860704559479232 0.13322454800789366
    endloop
  endfacet
  facet normal -0.47206381463774316 -0.5894157978425127 -0.6555492141428717
    outer loop
      vertex -0.011681877843571336 0.01878858408786424 0.13376600523940677
      vertex -0.010703295067219358 0.01860704559479232 0.13322454800789366
      vertex -0.010800361870714379 0.01846518591213575 0.13342199476059322
    endloop
  endfacet
  facet normal -0.4611892733502745 -0.6163718915403492 -0.6382712162283507
    outer loop
      vertex -0.011587702361352073 0.018934515190921954 0.13355709484924919
      vertex -0.011493474591042824 0.019080445780333 0.1333480859719015
      vertex -0.010606280551814317 0.018748905791095567 0.1330271997423842
    endloop
  endfacet
  facet normal -0.4663907259241395 -0.5935154151294325 -0.6559109259462688
    outer loop
      vertex -0.011587702361352073 0.018934515190921954 0.13355709484924919
      vertex -0.010606280551814317 0.018748905791095567 0.1330271997423842
      vertex -0.010703295067219358 0.01860704559479232 0.13322454800789366
    endloop
  endfacet
  facet normal -0.45565688199222526 -0.6203625035649751 -0.6383785476218006
    outer loop
      vertex -0.011493474591042824 0.019080445780333 0.1333480859719015
      vertex -0.011399191549362538 0.01922637436452889 0.1331389791039976
      vertex -0.010509321307780324 0.018890767992613952 0.13282994946743096
    endloop
  endfacet
  facet normal -0.46067416275144185 -0.5976013802182236 -0.656240737941902
    outer loop
      vertex -0.011493474591042824 0.019080445780333 0.1333480859719015
      vertex -0.010509321307780324 0.018890767992613952 0.13282994946743096
      vertex -0.010606280551814317 0.018748905791095567 0.1330271997423842
    endloop
  endfacet
  facet normal -0.4500888075017875 -0.6243337273802998 -0.6384570950479292
    outer loop
      vertex -0.011399191549362538 0.01922637436452889 0.1331389791039976
      vertex -0.011304850219883303 0.019372299393470876 0.13292977492292285
      vertex -0.010412420351545269 0.01903263374938626 0.13263279650564858
    endloop
  endfacet
  facet normal -0.4549146544313294 -0.6016728997545951 -0.6565381777813999
    outer loop
      vertex -0.011399191549362538 0.01922637436452889 0.1331389791039976
      vertex -0.010412420351545269 0.01903263374938626 0.13263279650564858
      vertex -0.010509321307780324 0.018890767992613952 0.13282994946743096
    endloop
  endfacet
  facet normal -0.44237487060004893 -0.7640886474052515 -0.46954553854552067
    outer loop
      vertex -0.011304850219883303 0.019372299393470876 0.13292977492292285
      vertex -0.01119576919139878 0.019467548250672564 0.1326720080688243
      vertex -0.010300614308601224 0.019123341535041718 0.13238877764546142
    endloop
  endfacet
  facet normal -0.447348211688587 -0.7518014811249067 -0.4844317397502144
    outer loop
      vertex -0.011304850219883303 0.019372299393470876 0.13292977492292285
      vertex -0.010300614308601224 0.019123341535041718 0.13238877764546142
      vertex -0.010412420351545269 0.01903263374938626 0.13263279650564858
    endloop
  endfacet
  facet normal -0.4384547930998842 -0.7668259470107094 -0.46875938539816614
    outer loop
      vertex -0.01119576919139878 0.019467548250672564 0.1326720080688243
      vertex -0.011086611660277615 0.019562797347281773 0.1324140929737919
      vertex -0.010188884768293818 0.019214049081289646 0.1321449070262081
    endloop
  endfacet
  facet normal -0.4432465766058804 -0.7546536458733037 -0.4837668313323037
    outer loop
      vertex -0.01119576919139878 0.019467548250672564 0.1326720080688243
      vertex -0.010188884768293818 0.019214049081289646 0.1321449070262081
      vertex -0.010300614308601224 0.019123341535041718 0.13238877764546142
    endloop
  endfacet
  facet normal -0.4345210722173299 -0.7695472285290526 -0.46796207203400175
    outer loop
      vertex -0.011086611660277615 0.019562797347281773 0.1324140929737919
      vertex -0.0109773722620217 0.019658044155672322 0.13215602988471115
      vertex -0.010077237095121155 0.019304758915756247 0.13190118440100312
    endloop
  endfacet
  facet normal -0.43912539250742194 -0.7574927633560278 -0.4830875729290202
    outer loop
      vertex -0.011086611660277615 0.019562797347281773 0.1324140929737919
      vertex -0.010077237095121155 0.019304758915756247 0.13190118440100312
      vertex -0.010188884768293818 0.019214049081289646 0.1321449070262081
    endloop
  endfacet
  facet normal -0.43057393398540234 -0.7722522222803474 -0.46715371405501993
    outer loop
      vertex -0.0109773722620217 0.019658044155672322 0.13215602988471115
      vertex -0.010868045523309324 0.01975328600888848 0.1318978194217558
      vertex -0.009965676762404964 0.019395473705397234 0.13165760914967276
    endloop
  endfacet
  facet normal -0.4349849112111782 -0.7603185611108753 -0.48239383562488797
    outer loop
      vertex -0.0109773722620217 0.019658044155672322 0.13215602988471115
      vertex -0.009965676762404964 0.019395473705397234 0.13165760914967276
      vertex -0.010077237095121155 0.019304758915756247 0.13190118440100312
    endloop
  endfacet
  facet normal -0.42581831960940025 -0.7256782788966112 -0.5404348195875973
    outer loop
      vertex -0.010868045523309324 0.01975328600888848 0.1318978194217558
      vertex -0.010761501781671625 0.019863940679115757 0.13166528820223267
      vertex -0.009857234932614088 0.019501960963741388 0.13143885465491018
    endloop
  endfacet
  facet normal -0.42995926058801803 -0.7093994481938762 -0.5584688506414919
    outer loop
      vertex -0.010868045523309324 0.01975328600888848 0.1318978194217558
      vertex -0.009857234932614088 0.019501960963741388 0.13143885465491018
      vertex -0.009965676762404964 0.019395473705397234 0.13165760914967276
    endloop
  endfacet
  facet normal -0.4211206309974344 -0.7289663599585547 -0.5396901520290114
    outer loop
      vertex -0.010761501781671625 0.019863940679115757 0.13166528820223267
      vertex -0.010654873880587478 0.019974585216776856 0.13143263738512484
      vertex -0.009748877262269666 0.019608458354651713 0.1312202197577323
    endloop
  endfacet
  facet normal -0.42503966115087305 -0.7128252646183121 -0.5578722331955448
    outer loop
      vertex -0.010761501781671625 0.019863940679115757 0.13166528820223267
      vertex -0.009748877262269666 0.019608458354651713 0.1312202197577323
      vertex -0.009857234932614088 0.019501960963741388 0.13143885465491018
    endloop
  endfacet
  facet normal -0.4164024314171954 -0.7322337612009611 -0.5389273922035711
    outer loop
      vertex -0.010654873880587478 0.019974585216776856 0.13143263738512484
      vertex -0.010548157508641172 0.020085217242280025 0.13119986862497515
      vertex -0.009640608062787397 0.019714968257719977 0.13100170280359627
    endloop
  endfacet
  facet normal -0.4200930062936078 -0.7162341161885721 -0.557252686732665
    outer loop
      vertex -0.010654873880587478 0.019974585216776856 0.13143263738512484
      vertex -0.009640608062787397 0.019714968257719977 0.13100170280359627
      vertex -0.009748877262269666 0.019608458354651713 0.1312202197577323
    endloop
  endfacet
  facet normal -0.41166407799237625 -0.7354800364550252 -0.5381466369557665
    outer loop
      vertex -0.010548157508641172 0.020085217242280025 0.13119986862497515
      vertex -0.01044134835309371 0.020195834296184483 0.1309669839077413
      vertex -0.00953243164690629 0.019821493132386944 0.1307833018065444
    endloop
  endfacet
  facet normal -0.41511974811183705 -0.7196255117671534 -0.5566100228539076
    outer loop
      vertex -0.010548157508641172 0.020085217242280025 0.13119986862497515
      vertex -0.00953243164690629 0.019821493132386944 0.1307833018065444
      vertex -0.009640608062787397 0.019714968257719977 0.13100170280359627
    endloop
  endfacet
  facet normal -0.4127917042646751 -0.7915562994159522 -0.45060141338569765
    outer loop
      vertex -0.01044134835309371 0.020195834296184483 0.1309669839077413
      vertex -0.01033354013239759 0.020276380649285254 0.13072672875289534
      vertex -0.00942345451045955 0.019897998065000463 0.13055769981853318
    endloop
  endfacet
  facet normal -0.415833134754134 -0.7811222475278993 -0.46575834770566754
    outer loop
      vertex -0.01044134835309371 0.020195834296184483 0.1309669839077413
      vertex -0.00942345451045955 0.019897998065000463 0.13055769981853318
      vertex -0.00953243164690629 0.019821493132386944 0.1307833018065444
    endloop
  endfacet
  facet normal -0.4092904561782225 -0.7938858944434607 -0.4496960185337745
    outer loop
      vertex -0.01033354013239759 0.020276380649285254 0.13072672875289534
      vertex -0.010225632152869209 0.020356910618487524 0.1304863501230188
      vertex -0.009314577132845076 0.019974519381512477 0.1303322213055526
    endloop
  endfacet
  facet normal -0.41213352390469066 -0.7835719627287677 -0.4649311107027453
    outer loop
      vertex -0.01033354013239759 0.020276380649285254 0.13072672875289534
      vertex -0.009314577132845076 0.019974519381512477 0.1303322213055526
      vertex -0.00942345451045955 0.019897998065000463 0.13055769981853318
    endloop
  endfacet
  facet normal -0.40577995455789523 -0.796201369792911 -0.4487828062870553
    outer loop
      vertex -0.010225632152869209 0.020356910618487524 0.1304863501230188
      vertex -0.010117619693279133 0.02043742145615028 0.13024585042324782
      vertex -0.00920580423529229 0.020051059829564004 0.1301068638624664
    endloop
  endfacet
  facet normal -0.4084201740940105 -0.7860098873624536 -0.4640920365202159
    outer loop
      vertex -0.010225632152869209 0.020356910618487524 0.1304863501230188
      vertex -0.00920580423529229 0.020051059829564004 0.1301068638624664
      vertex -0.009314577132845076 0.019974519381512477 0.1303322213055526
    endloop
  endfacet
  facet normal -0.40226033539754114 -0.7985025646877361 -0.447861894732032
    outer loop
      vertex -0.010117619693279133 0.02043742145615028 0.13024585042324782
      vertex -0.010009498066191305 0.0205179103348262 0.13000523245754186
      vertex -0.009097140505237265 0.02012762223660237 0.12988162468531522
    endloop
  endfacet
  facet normal -0.4046933228624852 -0.7884358269338161 -0.4632410401051594
    outer loop
      vertex -0.010117619693279133 0.02043742145615028 0.13024585042324782
      vertex -0.009097140505237265 0.02012762223660237 0.12988162468531522
      vertex -0.00920580423529229 0.020051059829564004 0.1301068638624664
    endloop
  endfacet
  facet normal -0.40732486021482783 -0.856708138375814 -0.3164452936790468
    outer loop
      vertex -0.010009498066191305 0.0205179103348262 0.13000523245754186
      vertex -0.00989331687008228 0.02056079032564295 0.12973959688561218
      vertex -0.008980633315632001 0.020166393531499908 0.1296325459715306
    endloop
  endfacet
  facet normal -0.4088545467846736 -0.8531329252456804 -0.3240403855003997
    outer loop
      vertex -0.010009498066191305 0.0205179103348262 0.13000523245754186
      vertex -0.008980633315632001 0.020166393531499908 0.1296325459715306
      vertex -0.009097140505237265 0.02012762223660237 0.12988162468531522
    endloop
  endfacet
  facet normal -0.405649210625668 -0.8577325223971842 -0.31582216189009976
    outer loop
      vertex -0.00989331687008228 0.02056079032564295 0.12973959688561218
      vertex -0.0097770022358987 0.02060364395949085 0.1294738147299437
      vertex -0.0088642595641013 0.020205191183366288 0.1293836138414848
    endloop
  endfacet
  facet normal -0.40706787732362293 -0.85421598792208 -0.3234359120900842
    outer loop
      vertex -0.00989331687008228 0.02056079032564295 0.12973959688561218
      vertex -0.0088642595641013 0.020205191183366288 0.1293836138414848
      vertex -0.008980633315632001 0.020166393531499908 0.1296325459715306
    endloop
  endfacet
  facet normal -0.40397235095618844 -0.8587527430287715 -0.31519845495098936
    outer loop
      vertex -0.0097770022358987 0.02060364395949085 0.1294738147299437
      vertex -0.009660547809570137 0.02064646737912088 0.12920788989389273
      vertex -0.00874802560471557 0.020244019049450546 0.12913482439182147
    endloop
  endfacet
  facet normal -0.4052780025052984 -0.8552960526856755 -0.3228287517332019
    outer loop
      vertex -0.0097770022358987 0.02060364395949085 0.1294738147299437
      vertex -0.00874802560471557 0.020244019049450546 0.12913482439182147
      vertex -0.0088642595641013 0.020205191183366288 0.1293836138414848
    endloop
  endfacet
  facet normal -0.40229427188373784 -0.8597687901014105 -0.31457423031311665
    outer loop
      vertex -0.009660547809570137 0.02064646737912088 0.12920788989389273
      vertex -0.009543947333851558 0.02068925662178961 0.12894182690839057
      vertex -0.008631937694719871 0.020282881092496097 0.12888617309160938
    endloop
  endfacet
  facet normal -0.403484981253318 -0.8563730972518906 -0.3222188514134665
    outer loop
      vertex -0.009660547809570137 0.02064646737912088 0.12920788989389273
      vertex -0.008631937694719871 0.020282881092496097 0.12888617309160938
      vertex -0.00874802560471557 0.020244019049450546 0.12913482439182147
    endloop
  endfacet
  facet normal -0.3931415901716178 -0.8377222302072403 -0.37902658890101515
    outer loop
      vertex -0.009543947333851558 0.02068925662178961 0.12894182690839057
      vertex -0.009434886710850274 0.020749821529959845 0.12869484466641137
      vertex -0.008523639860578292 0.020339809184325864 0.12865586961930284
    endloop
  endfacet
  facet normal -0.39440447567400255 -0.8315922088921656 -0.3910236663913884
    outer loop
      vertex -0.009543947333851558 0.02068925662178961 0.12894182690839057
      vertex -0.008523639860578292 0.020339809184325864 0.12865586961930284
      vertex -0.008631937694719871 0.020282881092496097 0.12888617309160938
    endloop
  endfacet
  facet normal -0.39053803740431453 -0.8393139103428472 -0.37819598258757997
    outer loop
      vertex -0.009434886710850274 0.020749821529959845 0.12869484466641137
      vertex -0.00932568630175224 0.020810346628385074 0.12844775988817891
      vertex -0.008415481812533475 0.02039677708590064 0.12842566868324962
    endloop
  endfacet
  facet normal -0.3916235383122627 -0.8332848836022421 -0.3902144372006007
    outer loop
      vertex -0.009434886710850274 0.020749821529959845 0.12869484466641137
      vertex -0.008415481812533475 0.02039677708590064 0.12842566868324962
      vertex -0.008523639860578292 0.020339809184325864 0.12865586961930284
    endloop
  endfacet
  facet normal -0.38793050657844325 -0.8408966770419983 -0.3773628235604529
    outer loop
      vertex -0.00932568630175224 0.020810346628385074 0.12844775988817891
      vertex -0.009216341876639174 0.020870828582901686 0.12820057837750548
      vertex -0.008307467780503678 0.02045378813138403 0.12819556447963731
    endloop
  endfacet
  facet normal -0.3888362245125071 -0.8349700702451631 -0.38939873176686984
    outer loop
      vertex -0.00932568630175224 0.020810346628385074 0.12844775988817891
      vertex -0.008307467780503678 0.02045378813138403 0.12819556447963731
      vertex -0.008415481812533475 0.02039677708590064 0.12842566868324962
    endloop
  endfacet
  facet normal -0.3853190070499711 -0.8424704953540824 -0.376527193259493
    outer loop
      vertex -0.009216341876639174 0.020870828582901686 0.12820057837750548
      vertex -0.009106849462820577 0.020931264063190683 0.1279533064171933
      vertex -0.008199601737179422 0.02051084565109503 0.12796555072566382
    endloop
  endfacet
  facet normal -0.38604269822896725 -0.8366476783258485 -0.38857650147180306
    outer loop
      vertex -0.009216341876639174 0.020870828582901686 0.12820057837750548
      vertex -0.008199601737179422 0.02051084565109503 0.12796555072566382
      vertex -0.008307467780503678 0.02045378813138403 0.12819556447963731
    endloop
  endfacet
  facet normal -0.40157851694819036 -0.876643396806539 -0.2650114140205761
    outer loop
      vertex -0.009106849462820577 0.020931264063190683 0.1279533064171933
      vertex -0.009000474378233701 0.020960183041618043 0.12769645114006895
      vertex -0.008095181800337721 0.020536446886953386 0.12772633457421673
    endloop
  endfacet
  facet normal -0.4019457193683954 -0.8752222091699429 -0.26912027656255877
    outer loop
      vertex -0.009106849462820577 0.020931264063190683 0.1279533064171933
      vertex -0.008095181800337721 0.020536446886953386 0.12772633457421673
      vertex -0.008199601737179422 0.02051084565109503 0.12796555072566382
    endloop
  endfacet
  facet normal -0.40072709360642245 -0.8771292395178489 -0.2646924510306057
    outer loop
      vertex -0.009000474378233701 0.020960183041618043 0.12769645114006895
      vertex -0.008893938845331609 0.02098904967668629 0.1274395059802591
      vertex -0.007990922311811246 0.02056210046617085 0.12748720830545512
    endloop
  endfacet
  facet normal -0.40103071753826 -0.875740230300865 -0.26879994907614174
    outer loop
      vertex -0.009000474378233701 0.020960183041618043 0.12769645114006895
      vertex -0.007990922311811246 0.02056210046617085 0.12748720830545512
      vertex -0.008095181800337721 0.020536446886953386 0.12772633457421673
    endloop
  endfacet
  facet normal -0.39987544950567944 -0.877613880720875 -0.26437379077487333
    outer loop
      vertex -0.008893938845331609 0.02098904967668629 0.1274395059802591
      vertex -0.008787239126088977 0.021017860417531 0.12718247859462348
      vertex -0.007886827009625305 0.020587809939611856 0.12724816426251936
    endloop
  endfacet
  facet normal -0.4001149472520539 -0.8762575412208669 -0.26847858469354097
    outer loop
      vertex -0.008893938845331609 0.02098904967668629 0.1274395059802591
      vertex -0.007886827009625305 0.020587809939611856 0.12724816426251936
      vertex -0.007990922311811246 0.02056210046617085 0.12748720830545512
    endloop
  endfacet
  facet normal -0.3990235593830547 -0.878097328172738 -0.2640554512089769
    outer loop
      vertex -0.008787239126088977 0.021017860417531 0.12718247859462348
      vertex -0.008680371873949422 0.021046611773542435 0.12692537714144625
      vertex -0.007782899240336291 0.020613578797886136 0.12700919428712515
    endloop
  endfacet
  facet normal -0.39919844457749243 -0.8767741288968532 -0.2681561648444336
    outer loop
      vertex -0.008787239126088977 0.021017860417531 0.12718247859462348
      vertex -0.007782899240336291 0.020613578797886136 0.12700919428712515
      vertex -0.007886827009625305 0.020587809939611856 0.12724816426251936
    endloop
  endfacet
  facet normal -0.39941745676849316 -0.8798149235070553 -0.2576652782251874
    outer loop
      vertex -0.008680371873949422 0.021046611773542435 0.12692537714144625
      vertex -0.008569186495604453 0.021075328683124835 0.12665496838813686
      vertex -0.0076751665615384 0.020639299959732304 0.1267579601832917
    endloop
  endfacet
  facet normal -0.3995614671327344 -0.8786780268339721 -0.2612959225512217
    outer loop
      vertex -0.008680371873949422 0.021046611773542435 0.12692537714144625
      vertex -0.0076751665615384 0.020639299959732304 0.1267579601832917
      vertex -0.007782899240336291 0.020613578797886136 0.12700919428712515
    endloop
  endfacet
  facet normal -0.3986275862862459 -0.8802587278384915 -0.25737253061615223
    outer loop
      vertex -0.008569186495604453 0.021075328683124835 0.12665496838813686
      vertex -0.008457810599103058 0.021103972482113976 0.1263844987358985
      vertex -0.007567624400896943 0.02066509423217173 0.12650678697838716
    endloop
  endfacet
  facet normal -0.39871095110146776 -0.8791531996748078 -0.2609966072065127
    outer loop
      vertex -0.008569186495604453 0.021075328683124835 0.12665496838813686
      vertex -0.007567624400896943 0.02066509423217173 0.12650678697838716
      vertex -0.0076751665615384 0.020639299959732304 0.1267579601832917
    endloop
  endfacet
  facet normal -0.3978374435916496 -0.8807015101724144 -0.25708017904243324
    outer loop
      vertex -0.008457810599103058 0.021103972482113976 0.1263844987358985
      vertex -0.008346242014219752 0.021132539534208374 0.12611397921636625
      vertex -0.0074602749286373825 0.02069096525150591 0.12625566364077656
    endloop
  endfacet
  facet normal -0.3978599017178081 -0.8796277365995002 -0.260696266965863
    outer loop
      vertex -0.008457810599103058 0.021103972482113976 0.1263844987358985
      vertex -0.0074602749286373825 0.02069096525150591 0.12625566364077656
      vertex -0.007567624400896943 0.02066509423217173 0.12650678697838716
    endloop
  endfacet
  facet normal -0.39704699648708547 -0.8811432829263781 -0.25678823480508034
    outer loop
      vertex -0.008346242014219752 0.021132539534208374 0.12611397921636625
      vertex -0.008234479219508543 0.021161026395546664 0.12584342130497395
      vertex -0.0073531196662057425 0.020716916461596187 0.12600457869502601
    endloop
  endfacet
  facet normal -0.3970083616781273 -0.8801016198198288 -0.26039489155542733
    outer loop
      vertex -0.008346242014219752 0.021132539534208374 0.12611397921636625
      vertex -0.0073531196662057425 0.020716916461596187 0.12600457869502601
      vertex -0.0074602749286373825 0.02069096525150591 0.12625566364077656
    endloop
  endfacet
  facet normal -0.3997231892697574 -0.8834945906679578 -0.24425126452174473
    outer loop
      vertex -0.008234479219508543 0.021161026395546664 0.12584342130497395
      vertex -0.008117501523810624 0.021186007339602103 0.12556162449759475
      vertex -0.007241347647617951 0.020739437374683603 0.12574308978811952
    endloop
  endfacet
  facet normal -0.3996857678984753 -0.8827823257029228 -0.24687375795321928
    outer loop
      vertex -0.008234479219508543 0.021161026395546664 0.12584342130497395
      vertex -0.007241347647617951 0.020739437374683603 0.12574308978811952
      vertex -0.0073531196662057425 0.020716916461596187 0.12600457869502601
    endloop
  endfacet
  facet normal -0.39912990250750496 -0.8838248902106225 -0.24402640096622857
    outer loop
      vertex -0.008117501523810624 0.021186007339602103 0.12556162449759475
      vertex -0.008000311709072172 0.021210895111992777 0.12527980912122602
      vertex -0.007129787748070685 0.02076205145943579 0.1254816194502025
    endloop
  endfacet
  facet normal -0.39904631206033625 -0.8831370329779838 -0.2466394571310279
    outer loop
      vertex -0.008117501523810624 0.021186007339602103 0.12556162449759475
      vertex -0.007129787748070685 0.02076205145943579 0.1254816194502025
      vertex -0.007241347647617951 0.020739437374683603 0.12574308978811952
    endloop
  endfacet
  facet normal -0.398536384442285 -0.8841546062935297 -0.24380193281761434
    outer loop
      vertex -0.008000311709072172 0.021210895111992777 0.12527980912122602
      vertex -0.007882910279477033 0.021235686596637864 0.12499798917898458
      vertex -0.007018439463380111 0.02078476183193356 0.12522015367815825
    endloop
  endfacet
  facet normal -0.39840665845807477 -0.883491373487999 -0.24640439823298596
    outer loop
      vertex -0.008000311709072172 0.021210895111992777 0.12527980912122602
      vertex -0.007018439463380111 0.02078476183193356 0.12522015367815825
      vertex -0.007129787748070685 0.02076205145943579 0.1254816194502025
    endloop
  endfacet
  facet normal -0.39794260532172987 -0.8844837522555933 -0.24357786201873946
    outer loop
      vertex -0.007882910279477033 0.021235686596637864 0.12499798917898458
      vertex -0.0077652986154407135 0.021260379025814742 0.12471617890343406
      vertex -0.006907301413130712 0.020807571259899536 0.12495867823942303
    endloop
  endfacet
  facet normal -0.3977668436129478 -0.8838453301437005 -0.24616858147490348
    outer loop
      vertex -0.007882910279477033 0.021235686596637864 0.12499798917898458
      vertex -0.006907301413130712 0.020807571259899536 0.12495867823942303
      vertex -0.007018439463380111 0.02078476183193356 0.12522015367815825
    endloop
  endfacet
  facet normal -0.41307936130189105 -0.8886680859259972 -0.19908408857326215
    outer loop
      vertex -0.0077652986154407135 0.021260379025814742 0.12471617890343406
      vertex -0.0076597671369704416 0.021276216437863392 0.12442651698826891
      vertex -0.006808722534458132 0.0208217145621366 0.12468948301173106
    endloop
  endfacet
  facet normal -0.413146295589728 -0.8888803496498463 -0.19799460206493524
    outer loop
      vertex -0.0077652986154407135 0.021260379025814742 0.12471617890343406
      vertex -0.006808722534458132 0.0208217145621366 0.12468948301173106
      vertex -0.006907301413130712 0.020807571259899536 0.12495867823942303
    endloop
  endfacet
  facet normal -0.41333501036190323 -0.8885298612824601 -0.19917041652438608
    outer loop
      vertex -0.0076597671369704416 0.021276216437863392 0.12442651698826891
      vertex -0.007554032012697282 0.02129194767715857 0.12413690718796633
      vertex -0.006710347301588431 0.020835964037127133 0.12442023566917648
    endloop
  endfacet
  facet normal -0.4134214846406179 -0.8887318039060434 -0.19808699291840787
    outer loop
      vertex -0.0076597671369704416 0.021276216437863392 0.12442651698826891
      vertex -0.006710347301588431 0.020835964037127133 0.12442023566917648
      vertex -0.006808722534458132 0.0208217145621366 0.12468948301173106
    endloop
  endfacet
  facet normal -0.4135906919017651 -0.8883915713666427 -0.199256506786922
    outer loop
      vertex -0.007554032012697282 0.02129194767715857 0.12413690718796633
      vertex -0.007448098147297541 0.021307571542022133 0.12384736396815488
      vertex -0.006612170809845318 0.020850320886549284 0.12415092174613082
    endloop
  endfacet
  facet normal -0.4136965432953051 -0.8885831475275878 -0.1981796154892854
    outer loop
      vertex -0.007554032012697282 0.02129194767715857 0.12413690718796633
      vertex -0.006612170809845318 0.020850320886549284 0.12415092174613082
      vertex -0.006710347301588431 0.020835964037127133 0.12442023566917648
    endloop
  endfacet
  facet normal -0.4138464187138376 -0.8882532093801451 -0.1993423631434201
    outer loop
      vertex -0.007448098147297541 0.021307571542022133 0.12384736396815488
      vertex -0.007341971287079751 0.021323087285323963 0.12355790151318874
      vertex -0.006514187312920247 0.020864785857533166 0.12388152705823982
    endloop
  endfacet
  facet normal -0.413971456972417 -0.8884343885284436 -0.19827246428141426
    outer loop
      vertex -0.007448098147297541 0.021307571542022133 0.12384736396815488
      vertex -0.006514187312920247 0.020864785857533166 0.12388152705823982
      vertex -0.006612170809845318 0.020850320886549284 0.12415092174613082
    endloop
  endfacet
  facet normal -0.42489660552825353 -0.8883528641577032 -0.17404615294045742
    outer loop
      vertex -0.007341971287079751 0.021323087285323963 0.12355790151318874
      vertex -0.007234329743345553 0.02132937843603654 0.12326300681179074
      vertex -0.0064152113566544496 0.020870230635392024 0.1236068503310664
    endloop
  endfacet
  facet normal -0.4252777978266121 -0.8887886821944263 -0.17086097588051616
    outer loop
      vertex -0.007341971287079751 0.021323087285323963 0.12355790151318874
      vertex -0.0064152113566544496 0.020870230635392024 0.1236068503310664
      vertex -0.006514187312920247 0.020864785857533166 0.12388152705823982
    endloop
  endfacet
  facet normal -0.42566439018583346 -0.8879325726015602 -0.17431458183668225
    outer loop
      vertex -0.007234329743345553 0.02132937843603654 0.12326300681179074
      vertex -0.0071265004944562685 0.021335557745175024 0.12296821861454725
      vertex -0.00631642310554373 0.020875787254824973 0.12333206709973844
    endloop
  endfacet
  facet normal -0.4261022975363785 -0.8883374267321096 -0.1711532888997275
    outer loop
      vertex -0.007234329743345553 0.02132937843603654 0.12326300681179074
      vertex -0.00631642310554373 0.020875787254824973 0.12333206709973844
      vertex -0.0064152113566544496 0.020870230635392024 0.1236068503310664
    endloop
  endfacet
  facet normal -0.4264321591549527 -0.8875114952171419 -0.17458224278510734
    outer loop
      vertex -0.0071265004944562685 0.021335557745175024 0.12296821861454725
      vertex -0.007018491676000193 0.021341625698324273 0.12267355054857608
      vertex -0.0062178144239998095 0.02088145523024715 0.1230571637371382
    endloop
  endfacet
  facet normal -0.4269259715498795 -0.8878853736957422 -0.1714461372949644
    outer loop
      vertex -0.0071265004944562685 0.021335557745175024 0.12296821861454725
      vertex -0.0062178144239998095 0.02088145523024715 0.1230571637371382
      vertex -0.00631642310554373 0.020875787254824973 0.12333206709973844
    endloop
  endfacet
  facet normal -0.427199945283683 -0.8870896117246937 -0.17484915647423205
    outer loop
      vertex -0.007018491676000193 0.021341625698324273 0.12267355054857608
      vertex -0.0069103121157669855 0.021347583255155435 0.12237901559040365
      vertex -0.006119376484233013 0.020887233601987423 0.12278212726673918
    endloop
  endfacet
  facet normal -0.42774877933886407 -0.8874325487748804 -0.1717394921065955
    outer loop
      vertex -0.007018491676000193 0.021341625698324273 0.12267355054857608
      vertex -0.006119376484233013 0.020887233601987423 0.12278212726673918
      vertex -0.0062178144239998095 0.02088145523024715 0.1230571637371382
    endloop
  endfacet
  facet normal -0.42761126781839104 -0.8867160192315158 -0.1757364642667036
    outer loop
      vertex -0.0069103121157669855 0.021347583255155435 0.12237901559040365
      vertex -0.0068146274095072035 0.02135810294989611 0.12209311112198151
      vertex -0.0060333126976356575 0.020897785907246745 0.12251460316373275
    endloop
  endfacet
  facet normal -0.4282228802512222 -0.8870079063642318 -0.17274877387897675
    outer loop
      vertex -0.0069103121157669855 0.021347583255155435 0.12237901559040365
      vertex -0.0060333126976356575 0.020897785907246745 0.12251460316373275
      vertex -0.006119376484233013 0.020887233601987423 0.12278212726673918
    endloop
  endfacet
  facet normal -0.4283472955066646 -0.886316775065504 -0.17595786049395729
    outer loop
      vertex -0.0068146274095072035 0.02135810294989611 0.12209311112198151
      vertex -0.006718811258840772 0.021368524776981954 0.1218073629943577
      vertex -0.005947380355444943 0.020908436080160905 0.12224692271992797
    endloop
  endfacet
  facet normal -0.4290087106962224 -0.8865796732768657 -0.17299713604291472
    outer loop
      vertex -0.0068146274095072035 0.02135810294989611 0.12209311112198151
      vertex -0.005947380355444943 0.020908436080160905 0.12224692271992797
      vertex -0.0060333126976356575 0.020897785907246745 0.12251460316373275
    endloop
  endfacet
  facet normal -0.42908344879170934 -0.8859167400665631 -0.17617866965908954
    outer loop
      vertex -0.006718811258840772 0.021368524776981954 0.1218073629943577
      vertex -0.006622873305323893 0.021378851120384495 0.12152177979324495
      vertex -0.0058615698161046835 0.02091918173675836 0.12197907734961218
    endloop
  endfacet
  facet normal -0.42979363392589875 -0.8861508399720993 -0.17324583993133463
    outer loop
      vertex -0.006718811258840772 0.021368524776981954 0.1218073629943577
      vertex -0.0058615698161046835 0.02091918173675836 0.12197907734961218
      vertex -0.005947380355444943 0.020908436080160905 0.12224692271992797
    endloop
  endfacet
  facet normal -0.42981974615275337 -0.8855158990806062 -0.17639891805974406
    outer loop
      vertex -0.006622873305323893 0.021378851120384495 0.12152177979324495
      vertex -0.006526823410782183 0.02138908466368019 0.12123636927522163
      vertex -0.005775871217789248 0.020930020193462663 0.1217110592962069
    endloop
  endfacet
  facet normal -0.4305776271654964 -0.8857214253981098 -0.17349485172555235
    outer loop
      vertex -0.006622873305323893 0.021378851120384495 0.12152177979324495
      vertex -0.005775871217789248 0.020930020193462663 0.1217110592962069
      vertex -0.0058615698161046835 0.02091918173675836 0.12197907734961218
    endloop
  endfacet
  facet normal -0.4739886053589346 -0.8746286105481971 -0.10178209862457324
    outer loop
      vertex -0.006526823410782183 0.02138908466368019 0.12123636927522163
      vertex -0.006428887270019008 0.02137146385736926 0.12093170908592368
      vertex -0.005689169201409569 0.020913239928345026 0.12142450519979059
    endloop
  endfacet
  facet normal -0.47596442466353067 -0.8745549100819812 -0.09279857599237266
    outer loop
      vertex -0.006526823410782183 0.02138908466368019 0.12123636927522163
      vertex -0.005689169201409569 0.020913239928345026 0.12142450519979059
      vertex -0.005775871217789248 0.020930020193462663 0.1217110592962069
    endloop
  endfacet
  facet normal -0.4763195088102823 -0.8732694910168711 -0.10256764395200901
    outer loop
      vertex -0.006428887270019008 0.02137146385736926 0.12093170908592368
      vertex -0.006330840420762597 0.021353744506488373 0.12062724797762407
      vertex -0.0056025778935231176 0.020896558207797337 0.12113775202237588
    endloop
  endfacet
  facet normal -0.4784418193019662 -0.8731075973862444 -0.09368323718491216
    outer loop
      vertex -0.006428887270019008 0.02137146385736926 0.12093170908592368
      vertex -0.0056025778935231176 0.020896558207797337 0.12113775202237588
      vertex -0.005689169201409569 0.020913239928345026 0.12142450519979059
    endloop
  endfacet
  facet normal -0.4786478728253587 -0.8719029684951752 -0.10335099113729125
    outer loop
      vertex -0.006330840420762597 0.021353744506488373 0.12062724797762407
      vertex -0.006232694651021218 0.021335930362514938 0.12032299294769302
      vertex -0.005516085506121643 0.020879971280342205 0.12085079276659266
    endloop
  endfacet
  facet normal -0.48091258449562213 -0.8716535663765066 -0.09456820975813256
    outer loop
      vertex -0.006330840420762597 0.021353744506488373 0.12062724797762407
      vertex -0.005516085506121643 0.020879971280342205 0.12085079276659266
      vertex -0.0056025778935231176 0.020896558207797337 0.12113775202237588
    endloop
  endfacet
  facet normal -0.4809736875518156 -0.8705290297028123 -0.1041322252114517
    outer loop
      vertex -0.006232694651021218 0.021335930362514938 0.12032299294769302
      vertex -0.006134461753208444 0.021318025427732742 0.12001894995300254
      vertex -0.005429680246791555 0.020863475143695825 0.12056362147556886
    endloop
  endfacet
  facet normal -0.48337661567976153 -0.8701929131723221 -0.09545334608408397
    outer loop
      vertex -0.006232694651021218 0.021335930362514938 0.12032299294769302
      vertex -0.005429680246791555 0.020863475143695825 0.12056362147556886
      vertex -0.005516085506121643 0.020879971280342205 0.12085079276659266
    endloop
  endfacet
  facet normal -0.488120730336166 -0.867301267445611 -0.09760463156697483
    outer loop
      vertex -0.006134461753208444 0.021318025427732742 0.12001894995300254
      vertex -0.006040009528107255 0.021300559527728427 0.11970179398006896
      vertex -0.0053475376361784635 0.020847637043700143 0.12026334887707389
    endloop
  endfacet
  facet normal -0.49067017658892526 -0.8668388034461223 -0.0885057435779611
    outer loop
      vertex -0.006134461753208444 0.021318025427732742 0.12001894995300254
      vertex -0.0053475376361784635 0.020847637043700143 0.12026334887707389
      vertex -0.005429680246791555 0.020863475143695825 0.12056362147556886
    endloop
  endfacet
  facet normal -0.49069975116093906 -0.8657555487829975 -0.09839249952127037
    outer loop
      vertex -0.006040009528107255 0.021300559527728427 0.11970179398006896
      vertex -0.00594549695852191 0.021283007993588357 0.11938488002364539
      vertex -0.005265455370049517 0.020831884577840215 0.11996283426206888
    endloop
  endfacet
  facet normal -0.4933903962423507 -0.8652002310119928 -0.08941184011421657
    outer loop
      vertex -0.006040009528107255 0.021300559527728427 0.11970179398006896
      vertex -0.005265455370049517 0.020831884577840215 0.11996283426206888
      vertex -0.0053475376361784635 0.020847637043700143 0.12026334887707389
    endloop
  endfacet
  facet normal -0.49327530184369045 -0.8642008684903065 -0.09917830151608795
    outer loop
      vertex -0.00594549695852191 0.021283007993588357 0.11938488002364539
      vertex -0.005850936461566834 0.021265375973108198 0.11906821045191737
      vertex -0.005183421031290311 0.020816212598320376 0.11966207526236833
    endloop
  endfacet
  facet normal -0.4961020643183675 -0.8635539872546925 -0.09031751145584528
    outer loop
      vertex -0.00594549695852191 0.021283007993588357 0.11938488002364539
      vertex -0.005183421031290311 0.020816212598320376 0.11966207526236833
      vertex -0.005265455370049517 0.020831884577840215 0.11996283426206888
    endloop
  endfacet
  facet normal -0.4958473154819184 -0.8626372418680414 -0.09996213619002574
    outer loop
      vertex -0.005850936461566834 0.021265375973108198 0.11906821045191737
      vertex -0.005756340045548918 0.021247668677011795 0.11875178658307343
      vertex -0.005101422611593937 0.02080061589441678 0.11936107055978369
    endloop
  endfacet
  facet normal -0.4988051045809357 -0.8619001721437707 -0.09122258986972684
    outer loop
      vertex -0.005850936461566834 0.021265375973108198 0.11906821045191737
      vertex -0.005101422611593937 0.02080061589441678 0.11936107055978369
      vertex -0.005183421031290311 0.020816212598320376 0.11966207526236833
    endloop
  endfacet
  facet normal -0.5581287992501439 -0.8295948902148134 -0.01626534896841906
    outer loop
      vertex -0.005756340045548918 0.021247668677011795 0.11875178658307343
      vertex -0.005666918409800745 0.021193070104472394 0.11846811032107865
      vertex -0.005023660590199255 0.02074808775267047 0.11909117539320704
    endloop
  endfacet
  facet normal -0.5629345981504056 -0.826500366032473 -0.001335347681166285
    outer loop
      vertex -0.005756340045548918 0.021247668677011795 0.11875178658307343
      vertex -0.005023660590199255 0.02074808775267047 0.11909117539320704
      vertex -0.005101422611593937 0.02080061589441678 0.11936107055978369
    endloop
  endfacet
  facet normal -0.5618783140054938 -0.8270274718628134 -0.01784155359117872
    outer loop
      vertex -0.005666918409800745 0.021193070104472394 0.11846811032107865
      vertex -0.0055774663844832 0.021138412567818596 0.11818462218273286
      vertex -0.004945928958373945 0.020695618575038547 0.1188210921029814
    endloop
  endfacet
  facet normal -0.5668673103939716 -0.8238032512768091 -0.0031073449218154093
    outer loop
      vertex -0.005666918409800745 0.021193070104472394 0.11846811032107865
      vertex -0.004945928958373945 0.020695618575038547 0.1188210921029814
      vertex -0.005023660590199255 0.02074808775267047 0.11909117539320704
    endloop
  endfacet
  facet normal -0.5656141404814555 -0.8244414457007281 -0.019415115202275256
    outer loop
      vertex -0.0055774663844832 0.021138412567818596 0.11818462218273286
      vertex -0.005487992141424886 0.021083699633841817 0.1179013229780149
      vertex -0.0048682195442893966 0.020643204794729607 0.11855081987912794
    endloop
  endfacet
  facet normal -0.5707790752975078 -0.8210891836889073 -0.004878486610178328
    outer loop
      vertex -0.0055774663844832 0.021138412567818596 0.11818462218273286
      vertex -0.0048682195442893966 0.020643204794729607 0.11855081987912794
      vertex -0.004945928958373945 0.020695618575038547 0.1188210921029814
    endloop
  endfacet
  facet normal -0.5693360402072353 -0.8218370023228223 -0.02098606523821771
    outer loop
      vertex -0.005487992141424886 0.021083699633841817 0.1179013229780149
      vertex -0.005398503575102007 0.021028934881219628 0.1176182129333887
      vertex -0.004790524453469421 0.020590842833066083 0.1182803584951827
    endloop
  endfacet
  facet normal -0.574669665772328 -0.8183584623734252 -0.006648481249406599
    outer loop
      vertex -0.005487992141424886 0.021083699633841817 0.1179013229780149
      vertex -0.004790524453469421 0.020590842833066083 0.1182803584951827
      vertex -0.0048682195442893966 0.020643204794729607 0.11855081987912794
    endloop
  endfacet
  facet normal -0.6134187431000087 -0.7890478323686665 0.03348079819708933
    outer loop
      vertex -0.005398503575102007 0.021028934881219628 0.1176182129333887
      vertex -0.0053208817995305385 0.02095790309511628 0.1173663424494104
      vertex -0.004723495457612314 0.02052204911916943 0.11803951469344671
    endloop
  endfacet
  facet normal -0.6199024445994198 -0.7830111654471942 0.05113192705824637
    outer loop
      vertex -0.005398503575102007 0.021028934881219628 0.1176182129333887
      vertex -0.004723495457612314 0.02052204911916943 0.11803951469344671
      vertex -0.004790524453469421 0.020590842833066083 0.1182803584951827
    endloop
  endfacet
  facet normal -0.6174378946754089 -0.7859887102120517 0.03149910535227987
    outer loop
      vertex -0.0053208817995305385 0.02095790309511628 0.1173663424494104
      vertex -0.005243253448915015 0.02088683361066565 0.11711461698105394
      vertex -0.004656473036799271 0.020453293103620054 0.11779852587608888
    endloop
  endfacet
  facet normal -0.6240871766300242 -0.7798216827225299 0.04892176531735909
    outer loop
      vertex -0.0053208817995305385 0.02095790309511628 0.1173663424494104
      vertex -0.004656473036799271 0.020453293103620054 0.11779852587608888
      vertex -0.004723495457612314 0.02052204911916943 0.11803951469344671
    endloop
  endfacet
  facet normal -0.6214355968480312 -0.782908925505204 0.029519710947401415
    outer loop
      vertex -0.005243253448915015 0.02088683361066565 0.11711461698105394
      vertex -0.00516562357339328 0.020815728838277044 0.116863036166655
      vertex -0.0045894521408924305 0.02038457237600866 0.11755739240477353
    endloop
  endfacet
  facet normal -0.628243090818479 -0.7766135004754083 0.046712843182336636
    outer loop
      vertex -0.005243253448915015 0.02088683361066565 0.11711461698105394
      vertex -0.0045894521408924305 0.02038457237600866 0.11755739240477353
      vertex -0.004656473036799271 0.020453293103620054 0.11779852587608888
    endloop
  endfacet
  facet normal -0.6254115476006313 -0.7798088208049967 0.02754267820136486
    outer loop
      vertex -0.00516562357339328 0.020815728838277044 0.116863036166655
      vertex -0.005087997026144102 0.02074459116846005 0.11661159934870391
      vertex -0.00452242791671304 0.020315884545825655 0.11731611493701036
    endloop
  endfacet
  facet normal -0.6323699370557943 -0.7733870463245023 0.04450549725048444
    outer loop
      vertex -0.00516562357339328 0.020815728838277044 0.116863036166655
      vertex -0.00452242791671304 0.020315884545825655 0.11731611493701036
      vertex -0.0045894521408924305 0.02038457237600866 0.11755739240477353
    endloop
  endfacet
  facet normal -0.6738226381541152 -0.734035672493076 0.08458536409253141
    outer loop
      vertex -0.005087997026144102 0.02074459116846005 0.11661159934870391
      vertex -0.004995917493705493 0.020629611788595657 0.11634732557990671
      vertex -0.004442135177723075 0.020203704782832902 0.11706281727723614
    endloop
  endfacet
  facet normal -0.6806930045066629 -0.7249618555774032 0.10529644615778959
    outer loop
      vertex -0.005087997026144102 0.02074459116846005 0.11661159934870391
      vertex -0.004442135177723075 0.020203704782832902 0.11706281727723614
      vertex -0.00452242791671304 0.020315884545825655 0.11731611493701036
    endloop
  endfacet
  facet normal -0.6786407343966493 -0.7299595345055654 0.08127626715096435
    outer loop
      vertex -0.004995917493705493 0.020629611788595657 0.11634732557990671
      vertex -0.004903831833336864 0.020514592283525878 0.1160832078373933
      vertex -0.004361848566663136 0.02009156514504554 0.11680936359117812
    endloop
  endfacet
  facet normal -0.6856968566024152 -0.7207496578867714 0.101684568650651
    outer loop
      vertex -0.004995917493705493 0.020629611788595657 0.11634732557990671
      vertex -0.004361848566663136 0.02009156514504554 0.11680936359117812
      vertex -0.004442135177723075 0.020203704782832902 0.11706281727723614
    endloop
  endfacet
  facet normal -0.6834170232311214 -0.7258524394810082 0.0779705614792018
    outer loop
      vertex -0.004903831833336864 0.020514592283525878 0.1160832078373933
      vertex -0.004811745966562875 0.02039953541929133 0.11581924594920254
      vertex -0.004281562162008549 0.019979462866422947 0.11655575405079746
    endloop
  endfacet
  facet normal -0.6906488999799295 -0.7165092529269664 0.09807439740601925
    outer loop
      vertex -0.004903831833336864 0.020514592283525878 0.1160832078373933
      vertex -0.004281562162008549 0.019979462866422947 0.11655575405079746
      vertex -0.004361848566663136 0.02009156514504554 0.11680936359117812
    endloop
  endfacet
  facet normal -0.6881509762629795 -0.7217152027774325 0.07466860081880168
    outer loop
      vertex -0.004811745966562875 0.02039953541929133 0.11581924594920254
      vertex -0.004719665594806433 0.02028444394729 0.11555543938099937
      vertex -0.004201270262336423 0.01986739519556714 0.11630198919042921
    endloop
  endfacet
  facet normal -0.6955486731307683 -0.7122415908222745 0.09446671164480794
    outer loop
      vertex -0.004811745966562875 0.02039953541929133 0.11581924594920254
      vertex -0.004201270262336423 0.01986739519556714 0.11630198919042921
      vertex -0.004281562162008549 0.019979462866422947 0.11655575405079746
    endloop
  endfacet
  facet normal -0.6853902330885941 -0.7255234955356573 0.062095779345166933
    outer loop
      vertex -0.004719665594806433 0.02028444394729 0.11555543938099937
      vertex -0.004629004951717905 0.020176236960237973 0.11529183382903468
      vertex -0.004122261912567805 0.019762245468333446 0.11604802331382244
    endloop
  endfacet
  facet normal -0.6929937187518079 -0.7163773878360199 0.08101323328803234
    outer loop
      vertex -0.004719665594806433 0.02028444394729 0.11555543938099937
      vertex -0.004122261912567805 0.019762245468333446 0.11604802331382244
      vertex -0.004201270262336423 0.01986739519556714 0.11630198919042921
    endloop
  endfacet
  facet normal -0.6899430262304597 -0.7214536090675355 0.059019577424638994
    outer loop
      vertex -0.004629004951717905 0.020176236960237973 0.11529183382903468
      vertex -0.004538363427792787 0.020068002210555977 0.11502838118935059
      vertex -0.004043234443635784 0.01965712350372973 0.11579390452493511
    endloop
  endfacet
  facet normal -0.6976869724685957 -0.7121832554382775 0.07763954611499516
    outer loop
      vertex -0.004629004951717905 0.020176236960237973 0.11529183382903468
      vertex -0.004043234443635784 0.01965712350372973 0.11579390452493511
      vertex -0.004122261912567805 0.019762245468333446 0.11604802331382244
    endloop
  endfacet
  facet normal -0.694455173064779 -0.7173575365686589 0.05594798773605019
    outer loop
      vertex -0.004538363427792787 0.020068002210555977 0.11502838118935059
      vertex -0.004447745808885393 0.019959742305400565 0.11476507976875458
      vertex -0.003964183069686032 0.019552026694599423 0.11553963451695967
    endloop
  endfacet
  facet normal -0.7023303322609368 -0.7079660832542133 0.07427064930327873
    outer loop
      vertex -0.004538363427792787 0.020068002210555977 0.11502838118935059
      vertex -0.003964183069686032 0.019552026694599423 0.11553963451695967
      vertex -0.004043234443635784 0.01965712350372973 0.11579390452493511
    endloop
  endfacet
  facet normal -0.6989262359973692 -0.713236064410544 0.05288131105322745
    outer loop
      vertex -0.004447745808885393 0.019959742305400565 0.11476507976875458
      vertex -0.004357156614769501 0.019851459790086977 0.11450192762059253
      vertex -0.003885103270944784 0.0194469524956273 0.1152852152365503
    endloop
  endfacet
  facet normal -0.7069235123406263 -0.703726736274815 0.0709071812441386
    outer loop
      vertex -0.004447745808885393 0.019959742305400565 0.11476507976875458
      vertex -0.003885103270944784 0.0194469524956273 0.1152852152365503
      vertex -0.003964183069686032 0.019552026694599423 0.11553963451695967
    endloop
  endfacet
  facet normal -0.7137933528465029 -0.6976550083401871 0.06145354969406751
    outer loop
      vertex -0.004357156614769501 0.019851459790086977 0.11450192762059253
      vertex -0.004261182151748267 0.01973010644942343 0.11423901632863949
      vertex -0.0038009045982517285 0.01932894276486227 0.11503098367136048
    endloop
  endfacet
  facet normal -0.721839072655758 -0.6874189137261101 0.08002243584826829
    outer loop
      vertex -0.004357156614769501 0.019851459790086977 0.11450192762059253
      vertex -0.0038009045982517285 0.01932894276486227 0.11503098367136048
      vertex -0.003885103270944784 0.0194469524956273 0.1152852152365503
    endloop
  endfacet
  facet normal -0.7182890090617357 -0.6933242622814187 0.0579859189203416
    outer loop
      vertex -0.004261182151748267 0.01973010644942343 0.11423901632863949
      vertex -0.004165238583426038 0.019608732058082272 0.11397625254039333
      vertex -0.003716675030859675 0.019210954084774863 0.11477660460246382
    endloop
  endfacet
  facet normal -0.7264498793262009 -0.6829768413347229 0.07624439013719722
    outer loop
      vertex -0.004261182151748267 0.01973010644942343 0.11423901632863949
      vertex -0.003716675030859675 0.019210954084774863 0.11477660460246382
      vertex -0.0038009045982517285 0.01932894276486227 0.11503098367136048
    endloop
  endfacet
  facet normal -0.7227378307940096 -0.6889681242591655 0.0545247805495499
    outer loop
      vertex -0.004165238583426038 0.019608732058082272 0.11397625254039333
      vertex -0.004069330111932269 0.019487339075164322 0.11371363405843508
      vertex -0.0036324103666391548 0.019092983996264235 0.11452208022727918
    endloop
  endfacet
  facet normal -0.7310046794896755 -0.6785128601475299 0.07247383789075318
    outer loop
      vertex -0.004165238583426038 0.019608732058082272 0.11397625254039333
      vertex -0.0036324103666391548 0.019092983996264235 0.11452208022727918
      vertex -0.003716675030859675 0.019210954084774863 0.11477660460246382
    endloop
  endfacet
  facet normal -0.7271394120181077 -0.6845875224282394 0.051070535786551144
    outer loop
      vertex -0.004069330111932269 0.019487339075164322 0.11371363405843508
      vertex -0.00397346067122978 0.01936592988458741 0.11345115848366967
      vertex -0.0035481066716273628 0.018975030115412583 0.11426741294490177
    endloop
  endfacet
  facet normal -0.7355032588233134 -0.6740279564615141 0.06871149953684237
    outer loop
      vertex -0.004069330111932269 0.019487339075164322 0.11371363405843508
      vertex -0.0035481066716273628 0.018975030115412583 0.11426741294490177
      vertex -0.0036324103666391548 0.019092983996264235 0.11452208022727918
    endloop
  endfacet
  facet normal -0.7456574396768062 -0.6633739929864795 0.06268913848350802
    outer loop
      vertex -0.00397346067122978 0.01936592988458741 0.11345115848366967
      vertex -0.003871877354379942 0.019228742885587548 0.11320773623022368
      vertex -0.0034579413884771966 0.01884130718584101 0.1140314780554906
    endloop
  endfacet
  facet normal -0.754268354879799 -0.6515468508044675 0.08103055000246842
    outer loop
      vertex -0.00397346067122978 0.01936592988458741 0.11345115848366967
      vertex -0.0034579413884771966 0.01884130718584101 0.1140314780554906
      vertex -0.0035481066716273628 0.018975030115412583 0.11426741294490177
    endloop
  endfacet
  facet normal -0.7497743283237519 -0.6590829976452506 0.05872017371923656
    outer loop
      vertex -0.003871877354379942 0.019228742885587548 0.11320773623022368
      vertex -0.003770324073378997 0.019091539497253583 0.112964440331833
      vertex -0.0033677460694781455 0.018707600645603555 0.11379541681102412
    endloop
  endfacet
  facet normal -0.7584771184212177 -0.6471638750961404 0.07675532295543723
    outer loop
      vertex -0.003871877354379942 0.019228742885587548 0.11320773623022368
      vertex -0.0033677460694781455 0.018707600645603555 0.11379541681102412
      vertex -0.0034579413884771966 0.01884130718584101 0.1140314780554906
    endloop
  endfacet
  facet normal -0.7538430280485013 -0.6547687370546432 0.05475938310950781
    outer loop
      vertex -0.003770324073378997 0.019091539497253583 0.112964440331833
      vertex -0.0036688042714079464 0.018954321727173665 0.11272126901879406
      vertex -0.0032775172714491923 0.01857390848711204 0.1135592309812059
    endloop
  endfacet
  facet normal -0.7626294494384899 -0.6427609326910217 0.07248935270309477
    outer loop
      vertex -0.003770324073378997 0.019091539497253583 0.112964440331833
      vertex -0.0032775172714491923 0.01857390848711204 0.1135592309812059
      vertex -0.0033677460694781455 0.018707600645603555 0.11379541681102412
    endloop
  endfacet
  facet normal -0.7578632267219548 -0.650432127367313 0.05080725608629641
    outer loop
      vertex -0.0036688042714079464 0.018954321727173665 0.11272126901879406
      vertex -0.0035673211893494493 0.018817091526846498 0.11247822036664237
      vertex -0.003187251753507694 0.018440228758867784 0.11332292249050047
    endloop
  endfacet
  facet normal -0.7667252051278725 -0.6383389862733101 0.06823341135532379
    outer loop
      vertex -0.0036688042714079464 0.018954321727173665 0.11272126901879406
      vertex -0.003187251753507694 0.018440228758867784 0.11332292249050047
      vertex -0.0032775172714491923 0.01857390848711204 0.1135592309812059
    endloop
  endfacet
  facet normal -0.7829359022348586 -0.6183170951880206 0.06852257139028053
    outer loop
      vertex -0.0035673211893494493 0.018817091526846498 0.11247822036664237
      vertex -0.0034570265935230412 0.018655995505504785 0.1122847830101853
      vertex -0.0030876309064769548 0.0182825544944952 0.11313571698981467
    endloop
  endfacet
  facet normal -0.7922783214180846 -0.6039192281927482 0.08704382361786119
    outer loop
      vertex -0.0035673211893494493 0.018817091526846498 0.11247822036664237
      vertex -0.0030876309064769548 0.0182825544944952 0.11313571698981467
      vertex -0.003187251753507694 0.018440228758867784 0.11332292249050047
    endloop
  endfacet
  facet normal -0.78620598514285 -0.6146682254251683 0.06374261979425769
    outer loop
      vertex -0.0034570265935230412 0.018655995505504785 0.1122847830101853
      vertex -0.003346740921455593 0.0184948816019625 0.1120914376195109
      vertex -0.002988001135687264 0.018124898112323214 0.11294841952334622
    endloop
  endfacet
  facet normal -0.795637422444772 -0.6001992403052966 0.0819875840745673
    outer loop
      vertex -0.0034570265935230412 0.018655995505504785 0.1122847830101853
      vertex -0.002988001135687264 0.018124898112323214 0.11294841952334622
      vertex -0.0030876309064769548 0.0182825544944952 0.11313571698981467
    endloop
  endfacet
  facet normal -0.7894339019879043 -0.6109964677127253 0.05896974507935694
    outer loop
      vertex -0.003346740921455593 0.0184948816019625 0.1120914376195109
      vertex -0.003236466978300382 0.01833375118727594 0.1118981838591864
      vertex -0.0028883596359853374 0.017967258241295497 0.11276103042652785
    endloop
  endfacet
  facet normal -0.7989477314676022 -0.5964587772132856 0.07693795856405655
    outer loop
      vertex -0.003346740921455593 0.0184948816019625 0.1120914376195109
      vertex -0.0028883596359853374 0.017967258241295497 0.11276103042652785
      vertex -0.002988001135687264 0.018124898112323214 0.11294841952334622
    endloop
  endfacet
  facet normal -0.7926194211317175 -0.6073024963968718 0.05420453039136737
    outer loop
      vertex -0.003236466978300382 0.01833375118727594 0.1118981838591864
      vertex -0.003126207485522622 0.018172605623989188 0.11170502126831176
      vertex -0.00278870368590595 0.017809633518867954 0.11257355016025962
    endloop
  endfacet
  facet normal -0.8022090772960886 -0.5926985687473453 0.071895778100013
    outer loop
      vertex -0.003236466978300382 0.01833375118727594 0.1118981838591864
      vertex -0.00278870368590595 0.017809633518867954 0.11257355016025962
      vertex -0.0028883596359853374 0.017967258241295497 0.11276103042652785
    endloop
  endfacet
  facet normal -0.7829430152581334 -0.6209567147194711 0.037589803182564364
    outer loop
      vertex -0.003126207485522622 0.018172605623989188 0.11170502126831176
      vertex -0.0030078109259797934 0.018012889413198542 0.11153265818931708
      vertex -0.0026807581597344983 0.017653425801087176 0.11240662752496859
    endloop
  endfacet
  facet normal -0.7931477287455491 -0.6065662998552607 0.054717495060311185
    outer loop
      vertex -0.003126207485522622 0.018172605623989188 0.11170502126831176
      vertex -0.0026807581597344983 0.017653425801087176 0.11240662752496859
      vertex -0.00278870368590595 0.017809633518867954 0.11257355016025962
    endloop
  endfacet
  facet normal -0.7856816361571808 -0.6177580705764075 0.03285320141309662
    outer loop
      vertex -0.0030078109259797934 0.018012889413198542 0.11153265818931708
      vertex -0.002889422071228264 0.017853157096420203 0.11136037730117589
      vertex -0.0025728049287717368 0.017497234189294077 0.11223962269882408
    endloop
  endfacet
  facet normal -0.795961619069763 -0.603301507632881 0.0497231521098008
    outer loop
      vertex -0.0030078109259797934 0.018012889413198542 0.11153265818931708
      vertex -0.0025728049287717368 0.017497234189294077 0.11223962269882408
      vertex -0.0026807581597344983 0.017653425801087176 0.11240662752496859
    endloop
  endfacet
  facet normal -0.7883854249494343 -0.6145384475969294 0.028123267101385435
    outer loop
      vertex -0.002889422071228264 0.017853157096420203 0.11136037730117589
      vertex -0.0027710434003420732 0.01769340986629746 0.11118817838706957
      vertex -0.0024648415139436465 0.017341057490845403 0.11207253589864469
    endloop
  endfacet
  facet normal -0.7987349237457327 -0.6000177452734351 0.0447350751187669
    outer loop
      vertex -0.002889422071228264 0.017853157096420203 0.11136037730117589
      vertex -0.0024648415139436465 0.017341057490845403 0.11207253589864469
      vertex -0.0025728049287717368 0.017497234189294077 0.11223962269882408
    endloop
  endfacet
  facet normal -0.7910542028440752 -0.6112983437110452 0.02340049441481066
    outer loop
      vertex -0.0027710434003420732 0.01769340986629746 0.11118817838706957
      vertex -0.0026526773293051383 0.017533648911596533 0.11101606112496952
      vertex -0.0023568654992662907 0.017184894516974893 0.111905367446459
    endloop
  endfacet
  facet normal -0.8014675068484749 -0.5967155584480232 0.039753965489666296
    outer loop
      vertex -0.0027710434003420732 0.01769340986629746 0.11118817838706957
      vertex -0.0023568654992662907 0.017184894516974893 0.111905367446459
      vertex -0.0024648415139436465 0.017341057490845403 0.11207253589864469
    endloop
  endfacet
  facet normal -0.7523163694042423 -0.6586495252620007 -0.014173327010999041
    outer loop
      vertex -0.0026526773293051383 0.017533648911596533 0.11101606112496952
      vertex -0.0025248368478034697 0.017391401084498215 0.11084073015882175
      vertex -0.0022395827807679645 0.017046339201216072 0.11173491269832107
    endloop
  endfacet
  facet normal -0.763056282700604 -0.646331948725952 0.00034855021073280907
    outer loop
      vertex -0.0026526773293051383 0.017533648911596533 0.11101606112496952
      vertex -0.0022395827807679645 0.017046339201216072 0.11173491269832107
      vertex -0.0023568654992662907 0.017184894516974893 0.111905367446459
    endloop
  endfacet
  facet normal -0.7548182551534628 -0.6556790475874631 -0.018286285622823164
    outer loop
      vertex -0.0025248368478034697 0.017391401084498215 0.11084073015882175
      vertex -0.002397017267146696 0.01724914252442401 0.11066548430893876
      vertex -0.0021222791614247333 0.01690779461843313 0.11156437283391833
    endloop
  endfacet
  facet normal -0.7656078381999337 -0.6432950910589404 -0.004007980325996904
    outer loop
      vertex -0.0025248368478034697 0.017391401084498215 0.11084073015882175
      vertex -0.0021222791614247333 0.01690779461843313 0.11156437283391833
      vertex -0.0022395827807679645 0.017046339201216072 0.11173491269832107
    endloop
  endfacet
  facet normal -0.757293105742249 -0.6526911582680676 -0.022392050239927724
    outer loop
      vertex -0.002397017267146696 0.01724914252442401 0.11066548430893876
      vertex -0.0022692208795521136 0.017106874475588098 0.11049032278318002
      vertex -0.00200495234901932 0.016769259524411904 0.1113937486453914
    endloop
  endfacet
  facet normal -0.7681272523641456 -0.6402426813568028 -0.008356622796313112
    outer loop
      vertex -0.002397017267146696 0.01724914252442401 0.11066548430893876
      vertex -0.00200495234901932 0.016769259524411904 0.1113937486453914
      vertex -0.0021222791614247333 0.01690779461843313 0.11156437283391833
    endloop
  endfacet
  facet normal -0.7597407811875775 -0.6496862392235203 -0.026490299433725172
    outer loop
      vertex -0.0022692208795521136 0.017106874475588098 0.11049032278318002
      vertex -0.0021414498871060966 0.016964598162608008 0.11031524469789718
      vertex -0.001887600141465332 0.01663073269453485 0.11122304101638851
    endloop
  endfacet
  facet normal -0.7706144560283545 -0.6371751321855714 -0.012696892707385233
    outer loop
      vertex -0.0022692208795521136 0.017106874475588098 0.11049032278318002
      vertex -0.001887600141465332 0.01663073269453485 0.11122304101638851
      vertex -0.00200495234901932 0.016769259524411904 0.1113937486453914
    endloop
  endfacet
  facet normal -0.7586461198691644 -0.6506912150985181 -0.03251165023611773
    outer loop
      vertex -0.0021414498871060966 0.016964598162608008 0.11031524469789718
      vertex -0.0020141753263337404 0.016822503670415805 0.11018923713215086
      vertex -0.001769855325576979 0.016492097686727058 0.11110090572499197
    endloop
  endfacet
  facet normal -0.7702720072838861 -0.6374312330521561 -0.01903832777479871
    outer loop
      vertex -0.0021414498871060966 0.016964598162608008 0.11031524469789718
      vertex -0.001769855325576979 0.016492097686727058 0.11110090572499197
      vertex -0.001887600141465332 0.01663073269453485 0.11122304101638851
    endloop
  endfacet
  facet normal -0.7603227110420767 -0.6485144518201845 -0.03658388790153779
    outer loop
      vertex -0.0020141753263337404 0.016822503670415805 0.11018923713215086
      vertex -0.0018869057659027055 0.0166803968455095 0.11006329077077891
      vertex -0.0016521055093472942 0.016353475011633364 0.11097870922922105
    endloop
  endfacet
  facet normal -0.7719966073408663 -0.6351987559157278 -0.023319063817055268
    outer loop
      vertex -0.0020141753263337404 0.016822503670415805 0.11018923713215086
      vertex -0.0016521055093472942 0.016353475011633364 0.11097870922922105
      vertex -0.001769855325576979 0.016492097686727058 0.11110090572499197
    endloop
  endfacet
  facet normal -0.7619803891670731 -0.6463229313185295 -0.04065162944605426
    outer loop
      vertex -0.0018869057659027055 0.0166803968455095 0.11006329077077891
      vertex -0.001759642924655579 0.01653827849310135 0.1099374055541927
      vertex -0.0015343489739337122 0.01621486386404152 0.11085645158866443
    endloop
  endfacet
  facet normal -0.7736985232526445 -0.6329526705337457 -0.027595506534154372
    outer loop
      vertex -0.0018869057659027055 0.0166803968455095 0.11006329077077891
      vertex -0.0015343489739337122 0.01621486386404152 0.11085645158866443
      vertex -0.0016521055093472942 0.016353475011633364 0.11097870922922105
    endloop
  endfacet
  facet normal -0.7636190740278227 -0.6441168466368168 -0.04471462467173511
    outer loop
      vertex -0.001759642924655579 0.01653827849310135 0.1099374055541927
      vertex -0.0016323884919491843 0.01639614941990823 0.10981158135976125
      vertex -0.0014165840299793868 0.016076263437234634 0.11073413292595301
    endloop
  endfacet
  facet normal -0.7753776918624676 -0.6306931987922453 -0.031867286662621036
    outer loop
      vertex -0.001759642924655579 0.01653827849310135 0.1099374055541927
      vertex -0.0014165840299793868 0.016076263437234634 0.11073413292595301
      vertex -0.0015343489739337122 0.01621486386404152 0.11085645158866443
    endloop
  endfacet
  facet normal -0.7437868407014617 -0.6655304025854465 -0.06205174319704508
    outer loop
      vertex -0.0016323884919491843 0.01639614941990823 0.10981158135976125
      vertex -0.0014843726023297268 0.016240883419393375 0.10970267181532299
      vertex -0.0012788708881702792 0.015924859509178064 0.11062889961324841
    endloop
  endfacet
  facet normal -0.7557744174141183 -0.6529499480821023 -0.049612450876064376
    outer loop
      vertex -0.0016323884919491843 0.01639614941990823 0.10981158135976125
      vertex -0.0012788708881702792 0.015924859509178064 0.11062889961324841
      vertex -0.0014165840299793868 0.016076263437234634 0.11073413292595301
    endloop
  endfacet
  facet normal -0.7450664291968875 -0.6636787878234295 -0.0663813428383489
    outer loop
      vertex -0.0014843726023297268 0.016240883419393375 0.10970267181532299
      vertex -0.0013363549589183459 0.016085600736467944 0.10959382866826087
      vertex -0.0011411595001530822 0.015773472263532057 0.11052359990316768
    endloop
  endfacet
  facet normal -0.7571059289401109 -0.6510437542226013 -0.05415387752943225
    outer loop
      vertex -0.0014843726023297268 0.016240883419393375 0.10970267181532299
      vertex -0.0011411595001530822 0.015773472263532057 0.11052359990316768
      vertex -0.0012788708881702792 0.015924859509178064 0.11062889961324841
    endloop
  endfacet
  facet normal -0.7463286171159528 -0.661811226066968 -0.07070711651259885
    outer loop
      vertex -0.0013363549589183459 0.016085600736467944 0.10959382866826087
      vertex -0.001188337684343816 0.015930302291665373 0.10948505215380595
      vertex -0.0010034477432990469 0.015622100779763205 0.11041823356047974
    endloop
  endfacet
  facet normal -0.7584161769063473 -0.6491225901996981 -0.058692124677805005
    outer loop
      vertex -0.0013363549589183459 0.016085600736467944 0.10959382866826087
      vertex -0.0010034477432990469 0.015622100779763205 0.11041823356047974
      vertex -0.0011411595001530822 0.015773472263532057 0.11052359990316768
    endloop
  endfacet
  facet normal -0.7475733366674944 -0.6599278636724633 -0.07502880148668194
    outer loop
      vertex -0.001188337684343816 0.015930302291665373 0.10948505215380595
      vertex -0.001040322884159099 0.015774989017184465 0.10937634242553515
      vertex -0.0008657335120551863 0.015470744125672677 0.11031280043160768
    endloop
  endfacet
  facet normal -0.7597050933091644 -0.647186637300939 -0.06322679573738281
    outer loop
      vertex -0.001188337684343816 0.015930302291665373 0.10948505215380595
      vertex -0.0008657335120551863 0.015470744125672677 0.11031280043160768
      vertex -0.0010034477432990469 0.015622100779763205 0.11041823356047974
    endloop
  endfacet
  facet normal -0.708118657603593 -0.6989917345625594 -0.09989255110822845
    outer loop
      vertex -0.001040322884159099 0.015774989017184465 0.10937634242553515
      vertex -0.0008683588432170011 0.015612346641910286 0.10929540275854262
      vertex -0.0007048528529972917 0.015312394036661152 0.11023524009860021
    endloop
  endfacet
  facet normal -0.7202036968461357 -0.6879977329421978 -0.08925107571091469
    outer loop
      vertex -0.001040322884159099 0.015774989017184465 0.10937634242553515
      vertex -0.0007048528529972917 0.015312394036661152 0.11023524009860021
      vertex -0.0008657335120551863 0.015470744125672677 0.11031280043160768
    endloop
  endfacet
  facet normal -0.7088371940557111 -0.6976427153372274 -0.1041368045415573
    outer loop
      vertex -0.0008683588432170011 0.015612346641910286 0.10929540275854262
      vertex -0.0006963817923635934 0.015449681160668085 0.10921453469099884
      vertex -0.000543985203850692 0.015154067053617633 0.110157608166144
    endloop
  endfacet
  facet normal -0.7209732617844876 -0.6865986433889205 -0.09370090014685453
    outer loop
      vertex -0.0008683588432170011 0.015612346641910286 0.10929540275854262
      vertex -0.000543985203850692 0.015154067053617633 0.110157608166144
      vertex -0.0007048528529972917 0.015312394036661152 0.11023524009860021
    endloop
  endfacet
  facet normal -0.709542232900134 -0.6962786420790276 -0.1083783756829642
    outer loop
      vertex -0.0006963817923635934 0.015449681160668085 0.10921453469099884
      vertex -0.0005243942779211539 0.015286993570987367 0.10913373895156049
      vertex -0.000383128018293139 0.01499576217901264 0.11007990390558235
    endloop
  endfacet
  facet normal -0.721725701055631 -0.68518519656128 -0.09814916631860851
    outer loop
      vertex -0.0006963817923635934 0.015449681160668085 0.10921453469099884
      vertex -0.000383128018293139 0.01499576217901264 0.11007990390558235
      vertex -0.000543985203850692 0.015154067053617633 0.110157608166144
    endloop
  endfacet
  facet normal -0.7102337400684257 -0.6948995858084165 -0.11261705071483205
    outer loop
      vertex -0.0005243942779211539 0.015286993570987367 0.10913373895156049
      vertex -0.0003523988589728727 0.015124284900126104 0.10905301616910756
      vertex -0.0002222787372414128 0.014837478385588184 0.11000212668803527
    endloop
  endfacet
  facet normal -0.7224609585216875 -0.6837575018495796 -0.10259552659032714
    outer loop
      vertex -0.0005243942779211539 0.015286993570987367 0.10913373895156049
      vertex -0.0002222787372414128 0.014837478385588184 0.11000212668803527
      vertex -0.000383128018293139 0.01499576217901264 0.11007990390558235
    endloop
  endfacet
  facet normal -0.6929006234847559 -0.7102651001698971 -0.12414593611988403
    outer loop
      vertex -0.0003523988589728727 0.015124284900126104 0.10905301616910756
      vertex -0.0001698770179812918 0.014953415345540384 0.10901188058079553
      vertex -5.109404966156921e-05 0.014671146225888195 0.10996383370491875
    endloop
  endfacet
  facet normal -0.7053477327441465 -0.6995228102024776 -0.11468397411635513
    outer loop
      vertex -0.0003523988589728727 0.015124284900126104 0.10905301616910756
      vertex -5.109404966156921e-05 0.014671146225888195 0.10996383370491875
      vertex -0.0002222787372414128 0.014837478385588184 0.11000212668803527
    endloop
  endfacet
  facet normal -0.6930093218769976 -0.7094054968754846 -0.1283819332867002
    outer loop
      vertex -0.0001698770179812918 0.014953415345540384 0.10901188058079553
      vertex 1.2673287573142578e-05 0.014782515855846166 0.10897081540968107
      vertex 0.00012006217335543662 0.014504844001296686 0.10992547030460462
    endloop
  endfacet
  facet normal -0.7055071237770276 -0.6986201553501203 -0.11912001023522155
    outer loop
      vertex -0.0001698770179812918 0.014953415345540384 0.10901188058079553
      vertex 0.00012006217335543662 0.014504844001296686 0.10992547030460462
      vertex -5.109404966156921e-05 0.014671146225888195 0.10996383370491875
    endloop
  endfacet
  facet normal -0.693106012900309 -0.7085315511330398 -0.13261634865447455
    outer loop
      vertex 1.2673287573142578e-05 0.014782515855846166 0.10897081540968107
      vertex 0.00019524952723726533 0.014611587273783049 0.1089298220012745
      vertex 0.0002911924622627384 0.01433857086907409 0.10988703514158261
    endloop
  endfacet
  facet normal -0.7056510960777496 -0.6977036498592198 -0.12355625268432979
    outer loop
      vertex 1.2673287573142578e-05 0.014782515855846166 0.10897081540968107
      vertex 0.0002911924622627384 0.01433857086907409 0.10988703514158261
      vertex 0.00012006217335543662 0.014504844001296686 0.10992547030460462
    endloop
  endfacet
  facet normal -0.6931906974291238 -0.7076432806148845 -0.13684898391412645
    outer loop
      vertex 0.00019524952723726533 0.014611587273783049 0.1089298220012745
      vertex 0.00037784910986530694 0.014440630491667215 0.1088889016105473
      vertex 0.00046229940820612136 0.014172325936904215 0.10984852696088125
    endloop
  endfacet
  facet normal -0.7057796024070697 -0.6967733514424906 -0.12799238081119396
    outer loop
      vertex 0.00019524952723726533 0.014611587273783049 0.1089298220012745
      vertex 0.00046229940820612136 0.014172325936904215 0.10984852696088125
      vertex 0.0002911924622627384 0.01433857086907409 0.10988703514158261
    endloop
  endfacet
  facet normal -0.715590232726401 -0.6856079151858145 -0.13368771619388228
    outer loop
      vertex 0.00037784910986530694 0.014440630491667215 0.1088889016105473
      vertex 0.0005614991505778917 0.014254285491681172 0.10886153508404689
      vertex 0.0006342008532078304 0.01399083632974739 0.1098234649159531
    endloop
  endfacet
  facet normal -0.7289117889104405 -0.673266873189479 -0.12409400248619515
    outer loop
      vertex 0.00037784910986530694 0.014440630491667215 0.1088889016105473
      vertex 0.0006342008532078304 0.01399083632974739 0.1098234649159531
      vertex 0.00046229940820612136 0.014172325936904215 0.10984852696088125
    endloop
  endfacet
  facet normal -0.715442715927318 -0.6848158134933731 -0.13845223658703573
    outer loop
      vertex 0.0005614991505778917 0.014254285491681172 0.10886153508404689
      vertex 0.0007451786727599877 0.014067908712059552 0.10883424473215025
      vertex 0.0008060728167400123 0.013809378502226162 0.10979832669642114
    endloop
  endfacet
  facet normal -0.7288159023804308 -0.672432741902186 -0.12907977399773515
    outer loop
      vertex 0.0005614991505778917 0.014254285491681172 0.10886153508404689
      vertex 0.0008060728167400123 0.013809378502226162 0.10979832669642114
      vertex 0.0006342008532078304 0.01399083632974739 0.1098234649159531
    endloop
  endfacet
  facet normal -0.7152794428973519 -0.6840063962606666 -0.1432151124810156
    outer loop
      vertex 0.0007451786727599877 0.014067908712059552 0.10883424473215025
      vertex 0.0009288848897517182 0.013881501089735456 0.10880703199951551
      vertex 0.0009779180854625757 0.01362795151740739 0.10977311085762732
    endloop
  endfacet
  facet normal -0.7287001842050957 -0.6715819667017071 -0.13406604171275663
    outer loop
      vertex 0.0007451786727599877 0.014067908712059552 0.10883424473215025
      vertex 0.0009779180854625757 0.01362795151740739 0.10977311085762732
      vertex 0.0008060728167400123 0.013809378502226162 0.10979832669642114
    endloop
  endfacet
  facet normal -0.7151004246401831 -0.6831796761139375 -0.14797605490174787
    outer loop
      vertex 0.0009288848897517182 0.013881501089735456 0.10880703199951551
      vertex 0.0011126149430842958 0.01369506361922127 0.10877989822818628
      vertex 0.0011497395178442758 0.013446554380778726 0.109747816057528
    endloop
  endfacet
  facet normal -0.7285645864911399 -0.6707146059651063 -0.13905236659642525
    outer loop
      vertex 0.0009288848897517182 0.013881501089735456 0.10880703199951551
      vertex 0.0011497395178442758 0.013446554380778726 0.109747816057528
      vertex 0.0009779180854625757 0.01362795151740739 0.10977311085762732
    endloop
  endfacet
  facet normal -0.5780062080365367 -0.7948545957195255 -0.18470245026737886
    outer loop
      vertex 0.0011126149430842958 0.01369506361922127 0.10877989822818628
      vertex 0.0013281587266759578 0.013548273217755693 0.10873708006418364
      vertex 0.0013525766199669086 0.013305185853672867 0.10970677707867349
    endloop
  endfacet
  facet normal -0.5867038993067737 -0.7894981724750192 -0.18019758654552542
    outer loop
      vertex 0.0011126149430842958 0.01369506361922127 0.10877989822818628
      vertex 0.0013525766199669086 0.013305185853672867 0.10970677707867349
      vertex 0.0011497395178442758 0.013446554380778726 0.109747816057528
    endloop
  endfacet
  facet normal -0.5780744101685686 -0.7941908871611307 -0.18732541487603283
    outer loop
      vertex 0.0013281587266759578 0.013548273217755693 0.10873708006418364
      vertex 0.0015437045098028197 0.013401459393676646 0.10869435601492518
      vertex 0.0015554117225543233 0.013163840749180493 0.10966564398507482
    endloop
  endfacet
  facet normal -0.5867801093129437 -0.7888047553882722 -0.1829649179256448
    outer loop
      vertex 0.0013281587266759578 0.013548273217755693 0.10873708006418364
      vertex 0.0015554117225543233 0.013163840749180493 0.10966564398507482
      vertex 0.0013525766199669086 0.013305185853672867 0.10970677707867349
    endloop
  endfacet
  facet normal -0.5781391875190626 -0.7935208156718596 -0.18994682137447005
    outer loop
      vertex 0.0015437045098028197 0.013401459393676646 0.10869435601492518
      vertex 0.001759248594024473 0.01325462375527653 0.10865172647200945
      vertex 0.0017582485240469647 0.013022517459009173 0.10962441638513341
    endloop
  endfacet
  facet normal -0.5868506461154297 -0.7881055467925357 -0.18573089745311866
    outer loop
      vertex 0.0015437045098028197 0.013401459393676646 0.10869435601492518
      vertex 0.0017582485240469647 0.013022517459009173 0.10962441638513341
      vertex 0.0015554117225543233 0.013163840749180493 0.10966564398507482
    endloop
  endfacet
  facet normal -0.578200538816101 -0.7928443867084239 -0.19256665177987994
    outer loop
      vertex 0.001759248594024473 0.01325462375527653 0.10865172647200945
      vertex 0.0019747872888050645 0.01310776794672383 0.10860919166177302
      vertex 0.0019610907149806497 0.012881214338990452 0.10958309405251271
    endloop
  endfacet
  facet normal -0.5869155099304962 -0.787400573588319 -0.18849541351399426
    outer loop
      vertex 0.001759248594024473 0.01325462375527653 0.10865172647200945
      vertex 0.0019610907149806497 0.012881214338990452 0.10958309405251271
      vertex 0.0017582485240469647 0.013022517459009173 0.10962441638513341
    endloop
  endfacet
  facet normal -0.6329232485294094 -0.7511386126438282 -0.18761382162965604
    outer loop
      vertex 0.0019747872888050645 0.01310776794672383 0.10860919166177302
      vertex 0.0021948241401315424 0.012919971755228013 0.10861875669267873
      vertex 0.0021676064636541818 0.012699380959057689 0.10959374330732127
    endloop
  endfacet
  facet normal -0.644518211046593 -0.7426549028519845 -0.18182401078847832
    outer loop
      vertex 0.0019747872888050645 0.01310776794672383 0.10860919166177302
      vertex 0.0021676064636541818 0.012699380959057689 0.10959374330732127
      vertex 0.0019610907149806497 0.012881214338990452 0.10958309405251271
    endloop
  endfacet
  facet normal -0.6323147662511285 -0.7506758987625458 -0.19147775692707752
    outer loop
      vertex 0.0021948241401315424 0.012919971755228013 0.10861875669267873
      vertex 0.002414891572729576 0.012732136353669404 0.10862842685861046
      vertex 0.002374091631056138 0.012517586789187733 0.10960428742710382
    endloop
  endfacet
  facet normal -0.6439245488890314 -0.742163057505422 -0.18589021333104433
    outer loop
      vertex 0.0021948241401315424 0.012919971755228013 0.10861875669267873
      vertex 0.002374091631056138 0.012517586789187733 0.10960428742710382
      vertex 0.0021676064636541818 0.012699380959057689 0.10959374330732127
    endloop
  endfacet
  facet normal -0.6316974527818217 -0.7502005682377312 -0.19533928320935134
    outer loop
      vertex 0.002414891572729576 0.012732136353669404 0.10862842685861046
      vertex 0.002634985245678222 0.012544263306064871 0.1086382039728859
      vertex 0.002580550558107502 0.012335830265363688 0.10961472459854268
    endloop
  endfacet
  facet normal -0.6433183280949352 -0.7416592615668696 -0.18995543811437277
    outer loop
      vertex 0.002414891572729576 0.012732136353669404 0.10862842685861046
      vertex 0.002580550558107502 0.012335830265363688 0.10961472459854268
      vertex 0.002374091631056138 0.012517586789187733 0.10960428742710382
    endloop
  endfacet
  facet normal -0.6310713481155906 -0.7497126113936893 -0.19919827786611535
    outer loop
      vertex 0.002634985245678222 0.012544263306064871 0.1086382039728859
      vertex 0.002855100704891033 0.012356354274154664 0.1086480896579051
      vertex 0.002786987698894682 0.012154109725845332 0.10962505319923777
    endloop
  endfacet
  facet normal -0.6426995468504377 -0.7411435502948777 -0.19401940710801605
    outer loop
      vertex 0.002634985245678222 0.012544263306064871 0.1086382039728859
      vertex 0.002786987698894682 0.012154109725845332 0.10962505319923777
      vertex 0.002580550558107502 0.012335830265363688 0.10961472459854268
    endloop
  endfacet
  facet normal -0.5843992081686255 -0.7847560171234313 -0.20648379859071844
    outer loop
      vertex 0.002855100704891033 0.012356354274154664 0.1086480896579051
      vertex 0.003093538686090754 0.012175176075244125 0.10866183269428643
      vertex 0.0030110325696056854 0.011979500281898722 0.10963902444857072
    endloop
  endfacet
  facet normal -0.5940780467244585 -0.778482308042963 -0.20257485150964155
    outer loop
      vertex 0.002855100704891033 0.012356354274154664 0.1086480896579051
      vertex 0.0030110325696056854 0.011979500281898722 0.10963902444857072
      vertex 0.002786987698894682 0.012154109725845332 0.10962505319923777
    endloop
  endfacet
  facet normal -0.5838615423071001 -0.7843190452713689 -0.2096409660333185
    outer loop
      vertex 0.003093538686090754 0.012175176075244125 0.10866183269428643
      vertex 0.0033319898146870796 0.01199396252418556 0.10867569828412972
      vertex 0.0032350642929200634 0.011804926190100151 0.1096528731444417
    endloop
  endfacet
  facet normal -0.5935358984662132 -0.7780215727564428 -0.20590670109905654
    outer loop
      vertex 0.003093538686090754 0.012175176075244125 0.10866183269428643
      vertex 0.0032350642929200634 0.011804926190100151 0.1096528731444417
      vertex 0.0030110325696056854 0.011979500281898722 0.10963902444857072
    endloop
  endfacet
  facet normal -0.5833188271899513 -0.78387308500987 -0.212795987844811
    outer loop
      vertex 0.0033319898146870796 0.01199396252418556 0.10867569828412972
      vertex 0.0035704486381511677 0.011812715865485733 0.10868968753409983
      vertex 0.0034590883213666997 0.011630385205942829 0.1096665981801859
    endloop
  endfacet
  facet normal -0.5929855397442807 -0.7775525915335909 -0.20923698777601626
    outer loop
      vertex 0.0033319898146870796 0.01199396252418556 0.10867569828412972
      vertex 0.0034590883213666997 0.011630385205942829 0.1096665981801859
      vertex 0.0032350642929200634 0.011804926190100151 0.1096528731444417
    endloop
  endfacet
  facet normal -0.5827710842499785 -0.7834181310504331 -0.21594882565911577
    outer loop
      vertex 0.0035704486381511677 0.011812715865485733 0.10868968753409983
      vertex 0.003808909640788431 0.011631438437994948 0.10870380127784862
      vertex 0.0036831101706401408 0.011455874990576478 0.10968019872215137
    endloop
  endfacet
  facet normal -0.5924269818606545 -0.7770753941844294 -0.21256552617155366
    outer loop
      vertex 0.0035704486381511677 0.011812715865485733 0.10868968753409983
      vertex 0.0036831101706401408 0.011455874990576478 0.10968019872215137
      vertex 0.0034590883213666997 0.011630385205942829 0.1096665981801859
    endloop
  endfacet
endsolid mitral_outer_annulus_smoothed_pm0p5mm
