0.0000000025
-0.0000183289
0.0000357671
-0.0000258967
0.0000383119
0.0000044273
-0.0000056898
-0.0000006956
0.0000146621
0.0000004494
-0.0000214164
0.0000198824
0.0000431384
0.0000340463
0.0000514381
-0.0000032527
0.0000013134
0.0000178176
0.0000024558
0.0000128192
0.0000173390
0.0000016654
0.0000095536
-0.0000015847
0.0000095797
-0.0000061399
0.0000163272
-0.0000335191
0.0000298691
-0.0000092900
-0.0000285384
-0.0000000307
0.0000285288
0.0000051172
-0.0000285150
0.0000002622
0.0000285171
0.0000013871
0.0000339592
-0.0000004193
0.0000339544
-0.0000029372
-0.0000291158
0.0000007585
-0.0000291174
0.0000019215
0.0000349411
-0.0000060116
-0.0000349461
0.0000095062
0.0000442253
0.0000317508
-0.0000442212
0.0000315273
0.0000442852
0.0000295697
-0.0000442811
0.0000271903
0.0000402818
0.0000280662
0.0000402789
0.0000262741
-0.0000494838
0.0000134459
0.0000494846
0.0000087418
0.0000414661
0.0000177811
-0.0000414632
0.0000240358
0.0000427663
0.0000276377
-0.0000427595
0.0000276989
0.0000460309
0.0000255915
0.0000460342
0.0000173179
0.0000294166
0.0000202034
0.0000178440
0.0000244267
0.0000212407
0.0000244281
-0.0000068620
-0.0000100130
0.0000056266
0.0000080734
0.0000016390
0.0000107229
-0.0000078722
0.0000016215
0.0000270814
-0.0000135341
0.0000210708
-0.0000347257
-0.0000227177
-0.0000182382
0.0000086904
-0.0000318487
0.0000632603
0.0000801343
0.0000560921
-0.0000560904
-0.0000449015
0.0000000062
-0.0000107875
-0.0000178914
-0.0000757613
-0.0000083344
-0.0000757698
-0.0000026880
0.0000400943
-0.0000272841
-0.0000615808
0.0000107665
-0.0000000072
-0.0000247264
-0.0000086733
0.0000000103
0.0000131603
-0.0000206290
-0.0000054151
-0.0000321372
0.0000079899
0.0000000055
-0.0000153085
-0.0000135470
-0.0000224997
-0.0000075002
0.0000435042
-0.0000075651
-0.0000312232
-0.0000119842
0.0000312172
-0.0000000070
0.0000213513
-0.0000241723
-0.0000059789
-0.0000123059
0.0000250957
0.0000000078
-0.0000158179
0.0000000080
-0.0000031309
-0.0000044140
0.0000032930
-0.0000017474
0.0000045825
0.0000060227
0.0000084737
-0.0000135357
-0.0000169355
-0.0000538008
0.0000215752
-0.0000039049
-0.0000295914
0.0000361559
-0.0000236208
0.0000000029
0.0000362708
-0.0000788082
-0.0000351727
0.0000420396
-0.0000627070
-0.0000788124
-0.0000803200
-0.0000233509
-0.0000256077
-0.0000989593
0.0000566809
0.0000989650
0.0000434139
-0.0000787480
0.0000497310
0.0000787474
0.0000530310
-0.0000749179
-0.0000982886
0.0000749089
-0.0000923179
0.0000618397
-0.0000846637
0.0000093182
-0.0000541052
-0.0000499592
-0.0000462042
-0.0000520033
-0.0000000021
-0.0000561280
0.0000092204
0.0000159104
0.0000322765
0.0000251275
-0.0000145758
0.0000148134
0.0000072822
0.0000049236
0.0000324206
-0.0000229518
0.0000153796
-0.0000041313
0.0000085682
0.0000073018
0.0000102064
0.0000067659
0.0000096193
-0.0000000021
-0.0000015928
0.0000017130
0.0000024153
-0.0000032714
0.0000000063
0.0000007702
0.0000201476
0.0000010363
-0.0000053684
-0.0000221153
-0.0000108049
-0.0000221205
-0.0000359418
0.0000180365
-0.0000494061
0.0000193644
0.0000423980
-0.0000540950
0.0001134439
0.0000380140
0.0000574859
0.0000574859
-0.0000311062
0.0000795347
0.0000000088
0.0000951734
0.0000779637
0.0000556348
-0.0000556288
-0.0000243540
0.0000252301
-0.0000486610
0.0000904844
0.0000481034
0.0000026531
0.0000212586
0.0000025567
-0.0000093429
-0.0000116433
-0.0000186974
-0.0000297292
0.0000100297
-0.0139397841
-0.0139575857
-0.0139605199
-0.0139556403
-0.0139377908
-0.0139805693
-0.0139993491
-0.0139153062
-0.0139977009
-0.0138325324
-0.0137223183
-0.0138784400
-0.0130164917
-0.0129673820
-0.0129934150
-0.0129420559
-0.0129005636
-0.0128021995
-0.0126919230
-0.0127372607
-0.0127821986
-0.0126550964
-0.0126352904
-0.0125315955
-0.0126548744
-0.0130916837
-0.0129976818
-0.0129591546
-0.0128885537
-0.0128306130
-0.0133941688
-0.0133185586
-0.0132651030
-0.0136098530
-0.0136157646
-0.0135695924
-0.0135781551
-0.0135340712
-0.0135023047
-0.0134225257
-0.0134479583
-0.0134259953
-0.0134479181
-0.0134642676
-0.0134859581
-0.0134406210
-0.0135261445
-0.0134946096
-0.0135237357
-0.0134889454
-0.0134584558
-0.0134156880
-0.0133072440
-0.0133205138
-0.0133557556
-0.0132643450
-0.0132884317
-0.0131690802
-0.0131226067
-0.0131848392
-0.0131257826
-0.0131729761
-0.0131822314
-0.0131554292
-0.0131853328
-0.0130891514
-0.0131507061
-0.0131063617
-0.0131420747
-0.0130903353
-0.0129710095
-0.0129020940
-0.0130848251
-0.0131124131
-0.0129268361
-0.0130816734
-0.0131131731
-0.0131489872
-0.0131688677
-0.0133171674
-0.0131798716
-0.0120596093
-0.0119751670
-0.0119638732
-0.0119060984
-0.0108103791
-0.0109134168
-0.0109742917
-0.0119116021
-0.0117076290
-0.0117966629
-0.0117312724
-0.0119676745
-0.0117789376
-0.0125433286
-0.0125925372
-0.0126237755
-0.0127325540
-0.0129825155
-0.0128897742
-0.0130871426
-0.0131642358
-0.0131682782
-0.0132892609
-0.0129805744
-0.0129303909
-0.0131896838
-0.0132480866
-0.0132608411
-0.0132716979
-0.0133591396
-0.0132733700
-0.0135690160
-0.0136228654
-0.0136010750
-0.0136764254
-0.0137136087
-0.0139892524
-0.0139860403
-0.0139878652
-0.0136283221
-0.0135384121
-0.0136244919
-0.0128934904
-0.0127155221
-0.0130679715
-0.0124599375
-0.0122731481
-0.0122374077
-0.0120635843
-0.0120833062
-0.0117829111
-0.0116359310
-0.0118857172
-0.0109440677
-0.0107994862
-0.0112249085
-0.0105283394
-0.0104241293
-0.0103425723
-0.0097681788
-0.0095319488
-0.0098423439
-0.0092599965
-0.0091751470
-0.0091462819
-0.0094437796
-0.0089643647
-0.0092719641
-0.0092468135
-0.0090736241
-0.0095933140
-0.0091786208
-0.0103299047
-0.0102495520
-0.0102497785
-0.0130409230
-0.0139886107
-0.0139828755
-0.0139879436
-0.0139785276
-0.0139758876
-0.0139705822
-0.0137610511
-0.0125376605
-0.0125483591
-0.0124550842
-0.0124124268
-0.0123057307
-0.0120207158
-0.0117104337
-0.0108765547
-0.0115952535
-0.0109124026
-0.0110748441
-0.0108432228
-0.0110545020
-0.0110241192
-0.0109485243
-0.0109055502
-0.0111197743
-0.0112425719
-0.0112312063
-0.0115141465
-0.0114458721
-0.0117927350
-0.0118205249
-0.0117832172
-0.0119296782
-0.0118892714
-0.0117831466
-0.0130667050
-0.0132048870
-0.0132983232
-0.0134645155
-0.0135877339
-0.0136548541
-0.0137129903
-0.0136901031
-0.0135931241
-0.0137098291
-0.0088104997
-0.0086951134
-0.0081632387
-0.0083296775
-0.0077585846
-0.0073633914
-0.0084383388
-0.0076654242
-0.0072617229
-0.0070274677
-0.0065662836
-0.0060391755
-0.0060398706
-0.0051401005
-0.0057205987
-0.0054711596
-0.0076172657
-0.0079767674
-0.0073059255
-0.0087936524
-0.0093451676
-0.0089688289
-0.0083935339
-0.0084390088
-0.0077854747
-0.0036498953
-0.0034012137
-0.0031522943
-0.0071921385
-0.0066593337
-0.0065326422
-0.0094445192
-0.0100368564
-0.0094202370
-0.0014570511
-0.0013853918
-0.0019870710
-0.0043388608
-0.0046432510
-0.0050201184
-0.0033949515
-0.0028935317
-0.0036484859
0.0000183261
-0.0000259286
0.0000059397
-0.0000091714
0.0000183253
0.0000259072
-0.0000040592
-0.0000129632
0.0000081099
0.0000044277
0.0000084832
0.0000084828
-0.0000052394
-0.0000006237
0.0000012615
0.0000000007
0.0000000081
0.0000074923
0.0000154185
-0.0000235705
0.0000155648
-0.0000155596
-0.0000000033
0.0000397560
-0.0000514418
-0.0000514330
-0.0000000035
0.0000141527
-0.0000141567
0.0000212826
-0.0000074111
-0.0000399589
-0.0000283038
0.0000028958
0.0000000056
0.0000110526
0.0000199904
0.0000215281
-0.0000267176
0.0000430281
-0.0000333977
-0.0000270326
0.0000123696
0.0000135061
-0.0000267196
0.0000346920
-0.0000191134
-0.0000191125
-0.0000191322
0.0000000034
-0.0000285095
0.0000000034
-0.0000000062
-0.0000285310
-0.0000285380
0.0000285103
-0.0000000079
-0.0000000064
0.0000339593
-0.0000000039
0.0000145651
0.0000291195
-0.0000000008
0.0000349411
0.0000000055
-0.0000000000
-0.0000442195
0.0000442199
-0.0000442852
0.0000442894
-0.0000402821
0.0000402858
0.0000000024
-0.0000494857
-0.0000414684
-0.0000000055
0.0000414681
0.0000427619
-0.0000427640
-0.0000000004
0.0000230181
0.0000294152
-0.0000294162
0.0000294192
0.0000244308
-0.0000000035
0.0000100199
-0.0000100160
-0.0000276740
0.0000000065
-0.0000008627
0.0000000043
-0.0000107233
-0.0000107251
-0.0000135326
0.0000270846
0.0000534413
0.0000534496
-0.0000534255
-0.0000000055
0.0000461815
-0.0000230787
-0.0000390663
0.0000540792
-0.0000270416
0.0000186904
0.0000540838
-0.0000366891
0.0000637213
-0.0000560906
0.0000560852
-0.0000510116
-0.0000336664
0.0000673291
-0.0000654114
-0.0000010869
-0.0000673420
0.0000431150
-0.0000357778
0.0000341524
0.0000757709
0.0000757649
0.0000734213
-0.0000734254
-0.0000000030
0.0000734222
0.0000000030
-0.0000000119
-0.0000545402
0.0000247276
-0.0000130385
0.0000494482
-0.0000586069
-0.0000119485
0.0000586059
-0.0000292952
-0.0000586035
0.0000320875
0.0000490890
-0.0000490833
0.0000022967
0.0000490852
-0.0000200050
0.0000000056
-0.0000285270
-0.0000412342
0.0000000087
-0.0000131639
-0.0000321353
-0.0000160699
-0.0000435052
-0.0000434980
-0.0000156178
0.0000241784
0.0000241720
-0.0000120876
0.0000250937
0.0000000042
0.0000021986
0.0000023777
-0.0000044113
0.0000120593
-0.0000084748
0.0000169345
0.0000215893
-0.0000379358
-0.0000189654
0.0000095894
-0.0000379283
-0.0000189717
-0.0000000112
-0.0000296088
0.0000415913
0.0000000056
-0.0000415996
-0.0000788128
-0.0000787943
0.0000891294
0.0000891354
-0.0000891303
-0.0000215753
0.0000891388
-0.0000884808
0.0000217935
-0.0000000075
-0.0000969579
0.0000884835
-0.0000885078
-0.0000884932
0.0000803206
-0.0000803130
0.0000989761
0.0000803102
-0.0000989514
-0.0000000071
0.0000393703
-0.0000749140
0.0000000072
0.0000309000
-0.0000529675
-0.0000000082
0.0000372059
-0.0000185929
-0.0000231094
-0.0000322709
-0.0000322847
0.0000145791
-0.0000145813
-0.0000229567
0.0000114724
0.0000073066
0.0000073035
0.0000067674
-0.0000042058
0.0000050735
0.0000050798
0.0000053250
0.0000010678
-0.0000010719
0.0000001706
-0.0000010882
0.0000000095
-0.0000050217
-0.0000000285
0.0000000117
0.0000030529
-0.0000049649
0.0000061175
0.0000000034
0.0000000032
0.0000008912
0.0000201383
-0.0000201465
-0.0000100857
-0.0000221176
0.0000000060
-0.0000221170
-0.0000180426
-0.0000423982
-0.0000212194
-0.0000423929
-0.0000301399
-0.0000602766
-0.0000602677
0.0000643079
0.0000602658
0.0000351220
-0.0000000044
-0.0000574829
0.0000310969
0.0000000008
-0.0000659650
-0.0000329731
0.0000659681
0.0000612468
0.0000695021
0.0000870410
0.0000695002
0.0000192563
-0.0000250805
0.0001064174
0.0000695021
-0.0000640066
-0.0000649992
-0.0000650003
-0.0000650025
0.0000225210
-0.0000504386
-0.0000504437
-0.0000267691
0.0000073095
0.0000502379
-0.0000251190
0.0000502419
0.0000401713
-0.0000000037
-0.0000456537
-0.0000368390
-0.0000435236
0.0000456520
-0.0000456511
-0.0000214580
-0.0000000038
-0.0000214577
-0.0000240521
-0.0000000083
-0.0000213368
-0.0000000075
-0.0000185014
-0.0000064146
0.0000373909
0.0000181193
-0.0000302455
-0.0000138653
-0.0000302560
-0.0000302620
-0.0136443106
-0.0136992781
-0.0137725750
-0.0137725669
-0.0138074048
-0.0138685985
-0.0138685883
-0.0139182754
-0.0139486880
-0.0139741806
-0.0139857583
-0.0139899938
-0.0139598973
-0.0139490280
-0.0139314279
-0.0139515275
-0.0139703958
-0.0139291020
-0.0137893667
-0.0137462178
-0.0136060763
-0.0136216428
-0.0135390441
-0.0134884775
-0.0134180313
-0.0133395928
-0.0131109634
-0.0131614780
-0.0130885539
-0.0133095314
-0.0130670126
-0.0131441767
-0.0130193090
-0.0129485449
-0.0129257273
-0.0128421621
-0.0126146907
-0.0125800852
-0.0126014954
-0.0124277837
-0.0129612716
-0.0128749462
-0.0128548505
-0.0127829086
-0.0128301320
-0.0129045226
-0.0127585985
-0.0129112999
-0.0127768808
-0.0133397657
-0.0132053645
-0.0135586707
-0.0135496155
-0.0134880484
-0.0133704019
-0.0134139502
-0.0134350189
-0.0134679031
-0.0134654980
-0.0133885532
-0.0134758274
-0.0133846111
-0.0134110217
-0.0134553246
-0.0135032031
-0.0134691748
-0.0133203966
-0.0134391314
-0.0132830304
-0.0132496633
-0.0130885164
-0.0131445497
-0.0130845310
-0.0131521639
-0.0130612145
-0.0131130791
-0.0131530783
-0.0131092386
-0.0131420980
-0.0129710140
-0.0129880853
-0.0129351548
-0.0128960141
-0.0130537678
-0.0131163986
-0.0131311134
-0.0130816536
-0.0131500129
-0.0131133724
-0.0131729017
-0.0132233547
-0.0131839012
-0.0129304920
-0.0133229668
-0.0127341332
-0.0120488813
-0.0119442832
-0.0119939151
-0.0119020157
-0.0113512432
-0.0114859141
-0.0112739314
-0.0113248832
-0.0109445602
-0.0110074383
-0.0109756309
-0.0107878631
-0.0108462165
-0.0110195318
-0.0108557750
-0.0108926159
-0.0108695335
-0.0108810097
-0.0108435691
-0.0109778753
-0.0108204725
-0.0109051699
-0.0108394518
-0.0108943767
-0.0110855305
-0.0112964523
-0.0111811000
-0.0114130587
-0.0113631393
-0.0113800520
-0.0113744888
-0.0113881040
-0.0114254620
-0.0114254627
-0.0115890315
-0.0117284666
-0.0117284692
-0.0116668250
-0.0119200785
-0.0116969367
-0.0118827873
-0.0120343007
-0.0120795080
-0.0120853174
-0.0121339689
-0.0121710636
-0.0122313164
-0.0121826581
-0.0124683650
-0.0124488879
-0.0125215946
-0.0124943161
-0.0126276050
-0.0124785882
-0.0130470408
-0.0131701421
-0.0128545580
-0.0129775974
-0.0128935743
-0.0130585157
-0.0131203782
-0.0132383221
-0.0132417195
-0.0131753015
-0.0132698810
-0.0133038401
-0.0133846243
-0.0134604255
-0.0134917218
-0.0133795953
-0.0134775432
-0.0135556031
-0.0135643554
-0.0135279337
-0.0135793758
-0.0135726666
-0.0136764226
-0.0137731439
-0.0137731394
-0.0138150228
-0.0138726036
-0.0138726172
-0.0139089303
-0.0139553215
-0.0139553294
-0.0139756586
-0.0139760088
-0.0139760044
-0.0139838347
-0.0139618409
-0.0139378203
-0.0139197286
-0.0139188317
-0.0138906079
-0.0139257560
-0.0138977957
-0.0138711868
-0.0137547661
-0.0138626431
-0.0137353543
-0.0137116012
-0.0135201410
-0.0135472442
-0.0134063676
-0.0132606750
-0.0133638274
-0.0131718815
-0.0129351071
-0.0126263400
-0.0123041724
-0.0123767742
-0.0120996776
-0.0119176587
-0.0117516100
-0.0114270260
-0.0115155001
-0.0111172733
-0.0106871016
-0.0105665966
-0.0103637578
-0.0101738607
-0.0101438108
-0.0097288053
-0.0094758044
-0.0093744353
-0.0090296632
-0.0088589556
-0.0092582312
-0.0091624969
-0.0093231380
-0.0092546434
-0.0092240965
-0.0093072923
-0.0092522783
-0.0092328928
-0.0090057949
-0.0090922170
-0.0095090027
-0.0096089553
-0.0102680325
-0.0102267266
-0.0103526760
-0.0102066116
-0.0103314822
-0.0103235393
-0.0104550019
-0.0104290191
-0.0104174777
-0.0103371635
-0.0103142092
-0.0102349413
-0.0130344450
-0.0137633718
-0.0137525319
-0.0137477450
-0.0139598366
-0.0139564524
-0.0139785492
-0.0139710565
-0.0139659740
-0.0139634475
-0.0139898740
-0.0139828578
-0.0139959239
-0.0139959351
-0.0139958925
-0.0139828957
-0.0139709587
-0.0139662704
-0.0139727986
-0.0138373490
-0.0138342927
-0.0126520836
-0.0125499144
-0.0124106442
-0.0120246830
-0.0120246891
-0.0116005917
-0.0109793861
-0.0108830642
-0.0108906064
-0.0108214856
-0.0107782264
-0.0108764949
-0.0108091849
-0.0107640020
-0.0111147839
-0.0108476442
-0.0109620076
-0.0109620440
-0.0109860654
-0.0110337735
-0.0110687901
-0.0111758810
-0.0113821874
-0.0114669970
-0.0115078989
-0.0116060065
-0.0117487221
-0.0117374494
-0.0116514029
-0.0120806829
-0.0119877819
-0.0121747248
-0.0124255974
-0.0120434305
-0.0123512956
-0.0126296016
-0.0127428979
-0.0126533605
-0.0129250319
-0.0129270316
-0.0130329157
-0.0128463616
-0.0131385878
-0.0129185889
-0.0129903122
-0.0130075513
-0.0128940423
-0.0130880185
-0.0131086910
-0.0133621649
-0.0132405793
-0.0132762695
-0.0133660331
-0.0133605682
-0.0134183264
-0.0135503367
-0.0136445763
-0.0135537503
-0.0136053346
-0.0135296813
-0.0135837937
-0.0068645634
-0.0062921188
-0.0061299187
-0.0052991718
-0.0054815935
-0.0059208741
-0.0087163650
-0.0086741671
-0.0082320293
-0.0114133971
-0.0118153747
-0.0120509909
-0.0090915709
-0.0087443844
-0.0085171612
-0.0113335984
-0.0115164102
-0.0107857190
-0.0086916499
-0.0081101968
-0.0081953029
-0.0034583869
-0.0036726881
-0.0029680508
-0.0109792151
-0.0107283721
-0.0103000630
-0.0069767310
-0.0065544102
-0.0063941022
-0.0055525804
-0.0053514563
-0.0048878738
-0.0051978272
-0.0046985203
-0.0045511472
-0.0077541791
-0.0069838496
-0.0074183007
-0.0052166589
-0.0055123999
-0.0055527832
-0.0050044060
-0.0108491726
-0.0101581427
-0.0105095604
-0.0074385738
-0.0080954889
-0.0081139781
-0.0110601054
-0.0105152007
-0.0087017691
-0.0077486627
-0.0080618806
-0.0093321377
-0.0090489445
-0.0086717533
-0.0034274400
-0.0032716799
-0.0028734237
-0.0054550444
-0.0058414607
-0.0051832432
-0.0055534355
-0.0055608481
-0.0050251663
-0.0032704943
-0.0038122792
-0.0035130021
-0.0100657335
-0.0093614804
-0.0103194015
-0.0061990399
-0.0068332413
-0.0065613632
-0.0047003483
-0.0051884527
-0.0045189170
-0.0089480635
-0.0085873545
-0.0083446310
-0.0083048886
-0.0040395692
-0.0039408918
-0.0043804307
-0.0059794106
-0.0058004067
-0.0063699360
-0.0048855716
-0.0054626986
-0.0052288785
-0.0063737714
-0.0065862652
-0.0062030148
-0.0084682171
-0.0082825561
-0.0077233756
-0.0051159337
-0.0050838305
-0.0044841528
-0.0065817646
-0.0062619535
-0.0059849735
-0.0128931307
-0.0101220746
-0.0106337370
-0.0100666423
-0.0047715321
-0.0050472391
-0.0054712077
-0.0072868088
-0.0069682590
-0.0065742338
-0.0075245527
-0.0071607613
-0.0068204829
-0.0053679157
-0.0052835637
-0.0048721420
-0.0041932460
-0.0038395888
-0.0035861614
-0.0084587947
-0.0085787045
-0.0081145645
-0.0016211211
-0.0020127851
-0.0021645954
-0.0056976650
-0.0051752750
-0.0058485964
-0.0086495127
-0.0087369798
-0.0091556819
-0.0034995242
-0.0031798514
-0.0038075612
-0.0009773135
-0.0011487282
-0.0016805610
-0.0075259794
-0.0071301980
-0.0069089212
-0.0019291336
-0.0017076199
-0.0012329059
-0.0048314460
-0.0043460620
-0.0043315539
-0.0111838981
-0.0117139639
-0.0116716203
-0.0072968971
-0.0066116525
-0.0040559163
-0.0045916529
-0.0039614731
-0.0087682637
-0.0127126135
-0.0122276075
-0.0121124152
-0.0019519005
-0.0023674318
-0.0026501165
-0.0094377798
-0.0101185500
-0.0095969514
-0.0072422298
-0.0075151090
-0.0078634392
-0.0044698539
-0.0051429777
-0.0042015624
-0.0123951697
-0.0122665260
-0.0115592924
-0.0020890825
-0.0018544288
-0.0016135733
-0.0018008185
-0.0020361855
-0.0025299097
-0.0049734015
-0.0046037048
-0.0051462587
-0.0058462698
-0.0051659149
-0.0053719825
-0.0036593592
-0.0037677081
-0.0041655367
-0.0114190713
-0.0109642501
-0.0105073918
-0.0055597111
-0.0051933356
-0.0057578742
-0.0034938032
-0.0036349561
-0.0031211067
-0.0081864314
-0.0081427508
-0.0076870241
-0.0015809148
-0.0011624867
-0.0010828084
-0.0081175350
-0.0083166740
-0.0076850410
-0.0030594613
-0.0028610662
-0.0034201785
-0.0061637003
-0.0053890213
-0.0059424187
-0.0053764441
-0.0048939224
-0.0053094763
-0.0092145502
-0.0089396132
-0.0087348170
-0.0107473852
-0.0106013002
-0.0111673254
-0.0028796417
-0.0034301229
-0.0032362310
-0.0112049007
-0.0107851081
-0.0104820573
-0.0017493310
-0.0021450242
-0.0023653591
-0.0105661337
-0.0111447392
-0.0107692895
-0.0110337837
-0.0074539213
-0.0076492032
-0.0115265373
-0.0108639978
-0.0112697256
-0.0124850215
-0.0119173926
-0.0120690826
-0.0007166620
-0.0004446471
-0.0111518497
-0.0104339657
-0.0108530388
-0.0018951235
-0.0021786627
-0.0014885626
-0.0020813193
-0.0022640495
-0.0015921520
-0.0032773342
-0.0039238176
-0.0037672563
-0.0054952383
-0.0054207567
-0.0048542448
-0.0106325110
-0.0106411492
-0.0112492831
-0.0126070459
-0.0127463800
-0.0132365817
-0.0092159906
-0.0098361104
-0.0095700448
-0.0093121306
-0.0099331815
-0.0094227921
-0.0117421593
-0.0112554292
-0.0088551947
-0.0084816422
-0.0081936720
-0.0039828421
-0.0036766358
-0.0033189139
-0.0031886408
-0.0025379180
-0.0071197277
-0.0066768948
-0.0034719414
-0.0034282823
-0.0040124928
-0.0042103200
-0.0042471628
-0.0036791656
-0.0065462297
-0.0071093035
-0.0070252756
-0.0103820391
-0.0109277031
-0.0105009264
-0.0084134804
-0.0089382622
-0.0098629863
-0.0097340402
-0.0012193379
-0.0006222350
-0.0012834127
-0.0027307259
-0.0033249740
-0.0032690721
-0.0032368402
-0.0032383370
-0.0037825282
-0.0125965632
-0.0123797932
-0.0120679996
-0.0092638852
-0.0098748229
-0.0093833983
-0.0081729217
-0.0075157437
-0.0088112014
-0.0090397715
-0.0094502193
-0.0044526542
-0.0050063236
-0.0050632314
-0.0017860589
-0.0016318883
-0.0011570205
-0.0052286063
-0.0037806593
-0.0040743641
-0.0036919731
-0.0134050643
-0.0134779755
-0.0007220607
-0.0006583576
-0.0082223644
-0.0089263120
-0.0070686071
-0.0076828941
-0.0076827392
-0.0007420170
-0.0005959222
-0.0016188458
-0.0012421641
-0.0009063457
-0.0093530972
-0.0100370488
-0.0097039972
-0.0109067898
-0.0103041023
-0.0110101821
-0.0122198608
-0.0115845237
-0.0118525253
-0.0124216341
-0.0130883514
-0.0130969101
-0.0019727904
-0.0016086421
-0.0014029437
-0.0038007483
-0.0030817667
-0.0036337369
-0.0124681239
-0.0121598367
-0.0118557126
-0.0117581835
-0.0113251533
-0.0112846353
-0.0029286322
-0.0084424663
-0.0085254577
-0.0101149367
-0.0101691215
-0.0095278894
-0.0070941685
-0.0071963598
-0.0086018395
-0.0080535166
-0.0085613701
-0.0077015526
-0.0082638904
-0.0079429698
-0.0068714266
-0.0061747168
-0.0064806022
-0.0037008139
-0.0033816304
-0.0033482104
-0.0020200072
-0.0023839895
-0.0024078068
-0.0099783268
-0.0097196166
-0.0103526394
-0.0062800800
-0.0067916224
-0.0062505703
-0.0069782177
-0.0076567623
-0.0074376255
-0.0049884662
-0.0045604843
-0.0042827982
-0.0090041707
-0.0095863728
-0.0089433685
-0.0060556114
-0.0063036207
-0.0064330501
-0.0096262058
-0.0097991759
-0.0104078446
-0.0029841089
-0.0025504967
-0.0030513919
-0.0064172638
-0.0060089031
-0.0046131113
-0.0040511135
-0.0042271735
-0.0031910758
-0.0033783175
-0.0038498449
-0.0050550940
-0.0049553398
-0.0054047993
-0.0097485645
-0.0092182975
-0.0091346081
-0.0020512675
-0.0024118932
-0.0018411200
-0.0101501213
-0.0041131719
-0.0040908745
-0.0048093868
-0.0067521596
-0.0075147656
-0.0069916087
-0.0035611854
-0.0041574448
-0.0041232390
-0.0046484359
-0.0051066172
-0.0014527093
-0.0010335101
-0.0010428381
-0.0114532598
-0.0108050754
-0.0110739529
-0.0052668820
-0.0044266460
-0.0050714930
-0.0024791027
-0.0027879153
-0.0031512093
-0.0036634203
-0.0043107403
-0.0042172569
-0.0049065053
-0.0045665372
-0.0101106701
-0.0038966945
-0.0040194332
-0.0044232549
-0.0120467394
-0.0114930877
-0.0114129333
-0.0077751680
-0.0071699549
-0.0072955427
-0.0080481934
-0.0074976571
-0.0076192460
-0.0094174966
-0.0089893991
-0.0089989547
-0.0023775901
-0.0029554280
-0.0029978838
-0.0042891529
-0.0046695772
-0.0040178971
-0.0049784876
-0.0056444220
-0.0056273147
-0.0132828688
-0.0132093235
-0.0084743780
-0.0090456088
-0.0084078682
-0.0119354229
-0.0119885425
-0.0124317137
-0.0024107640
-0.0030344395
-0.0027582925
-0.0090994136
-0.0003906222
-0.0004702611
-0.0133223080
-0.0134935673
-0.0092373089
-0.0096305254
-0.0098209081
0.0000556198
-0.0116186807
-0.0043031727
-0.0039346233
-0.0073519081
-0.0069052438
-0.0072758612
-0.0060657012
-0.0054092711
-0.0060640148
-0.0064804246
-0.0069466015
-0.0071378824
-0.0075022057
-0.0071628795
-0.0062561667
-0.0056342641
-0.0060312562
-0.0073412228
-0.0066343977
-0.0026655654
-0.0030779618
-0.0033045256
-0.0061807769
-0.0068304198
-0.0066750532
-0.0049546331
-0.0042028906
-0.0043527249
-0.0027024272
-0.0019926766
-0.0024348000
-0.0023615999
-0.0018593668
-0.0067468322
-0.0070310461
-0.0073311891
-0.0046042258
-0.0040292125
-0.0044325523
-0.0114331391
-0.0119926741
-0.0120850976
-0.0051742785
-0.0055613648
-0.0057302121
-0.0056360314
-0.0059891186
-0.0062688600
-0.0076459390
-0.0076012458
-0.0090922029
-0.0091405135
-0.0085416451
-0.0047201031
-0.0040570105
-0.0043438974
-0.0072250069
-0.0068150101
-0.0070876584
-0.0067411305
-0.0064571950
-0.0089663586
-0.0095807661
-0.0091126988
-0.0074165683
-0.0069644547
-0.0074211775
-0.0069689430
-0.0069408941
-0.0087799163
-0.0063153033
-0.0069395486
-0.0068353515
-0.0057580211
-0.0051183077
-0.0052208356
-0.0035712069
-0.0036997574
-0.0039553119
-0.0011481862
-0.0006900538
-0.0004771804
-0.0086972302
-0.0081578147
-0.0083294552
-0.0034188693
-0.0036212144
-0.0070101708
-0.0063938822
-0.0063384685
-0.0013113524
-0.0014998888
-0.0019557195
-0.0040218992
-0.0018990452
-0.0012470588
-0.0024619219
-0.0029492037
-0.0030559527
-0.0062063243
-0.0058210297
-0.0055852090
-0.0052592405
-0.0056297418
-0.0056494883
-0.0018378552
-0.0022362567
-0.0024446855
-0.0097669329
-0.0103728034
-0.0102703843
-0.0090865255
-0.0085791502
-0.0084882155
0.0000651525
0.0000456497
-0.0123592743
-0.0093596205
-0.0087097074
-0.0089799407
-0.0084490808
-0.0109050515
-0.0102660787
-0.0108654998
-0.0113790370
-0.0117038451
-0.0064372693
-0.0069276998
-0.0071146343
-0.0063128744
-0.0042047365
-0.0044626527
-0.0048618723
-0.0050180341
-0.0052736252
-0.0115992742
-0.0094576015
-0.0102703438
-0.0100532233
-0.0039517993
-0.0045810936
-0.0041582434
-0.0102415539
-0.0106938934
-0.0109125983
-0.0096432322
-0.0088591939
-0.0094517200
-0.0088828089
-0.0086358297
-0.0089060322
-0.0083793272
-0.0114912724
-0.0121456316
-0.0118151491
-0.0037717468
-0.0044446456
-0.0095403579
-0.0089644497
-0.0099362004
-0.0105783179
-0.0104715871
-0.0097484714
-0.0092090230
-0.0092871454
-0.0102547741
-0.0024680230
-0.0026232553
-0.0086360817
-0.0042292401
-0.0047036441
-0.0055048361
-0.0050042716
-0.0048735765
-0.0061508348
-0.0107573179
-0.0101051453
-0.0098400182
-0.0027718238
-0.0092682153
-0.0113580793
-0.0118442040
-0.0112869159
-0.0038726733
-0.0100409899
-0.0105815559
-0.0097584641
-0.0051845531
-0.0046134144
-0.0041615550
-0.0030734053
-0.0034604024
-0.0037087430
-0.0041374747
-0.0048427419
-0.0044757834
-0.0045588283
-0.0038942655
-0.0083197449
-0.0082473116
-0.0089206477
-0.0108357101
-0.0105589297
-0.0101995592
-0.0045363683
-0.0048815287
-0.0042875840
-0.0027425322
-0.0033242982
-0.0035923864
-0.0057144045
-0.0063610235
-0.0059658916
-0.0096075905
-0.0090935134
-0.0093368922
-0.0067291667
-0.0071953067
-0.0072509795
-0.0109277880
-0.0101095256
-0.0096704084
-0.0103834623
-0.0108589399
-0.0111351623
-0.0084033250
-0.0089390171
-0.0090420804
-0.0100699970
-0.0107625456
-0.0108465200
-0.0094922131
-0.0069070144
-0.0063156172
-0.0068993621
-0.0088695577
-0.0081365477
-0.0093578083
-0.0058741059
-0.0055372968
-0.0054169815
-0.0087981746
-0.0084102843
-0.0090641289
-0.0089211759
-0.0027251522
-0.0033673050
-0.0029945958
-0.0055801139
-0.0062475424
-0.0060139853
-0.0038821405
-0.0044555016
-0.0044502417
-0.0031104293
-0.0035939743
-0.0034374214
-0.0102043284
-0.0095058474
-0.0099001298
-0.0055788653
-0.0061529358
-0.0089372787
-0.0084309236
-0.0087618647
-0.0091849881
-0.0085838721
-0.0090061341
-0.0039798856
-0.0044636397
-0.0045101686
-0.0082277209
-0.0075825366
-0.0080619594
-0.0048805090
-0.0053312704
-0.0087711065
-0.0058838485
-0.0064194784
-0.0081690571
-0.0036441087
-0.0042672192
-0.0036203997
-0.0026004504
-0.0031806515
-0.0031453497
-0.0090349962
-0.0087457720
-0.0041942761
-0.0035132075
-0.0009143038
-0.0013241888
-0.0041688071
-0.0038366768
-0.0077676006
-0.0084365402
-0.0028951765
-0.0033325519
-0.0035574447
-0.0039207506
-0.0045736007
-0.0084074404
-0.0080990790
-0.0086623681
-0.0087612922
-0.0037078208
-0.0033339176
-0.0041225937
-0.0043394323
-0.0040582812
-0.0020118398
-0.0018490395
-0.0014800422
-0.0084662734
-0.0085609019
-0.0029080083
-0.0033365710
-0.0029596605
-0.0089477405
-0.0092468500
-0.0093746703
-0.0029684347
-0.0035161174
-0.0031630652
-0.0035642295
-0.0036134987
-0.0041991554
-0.0099326787
-0.0102510681
-0.0095393368
-0.0105355102
-0.0109075363
-0.0072030854
-0.0079197559
-0.0053041733
-0.0054538612
-0.0058881909
-0.0055215507
-0.0031606742
-0.0034821392
-0.0035841043
-0.0034805524
-0.0038466332
-0.0078733647
-0.0082727294
-0.0094597208
-0.0100370867
-0.0098826512
-0.0023734019
-0.0029888583
-0.0028543726
-0.0088879840
-0.0089098613
-0.0095385558
-0.0038839914
-0.0040823522
-0.0044609820
-0.0098608099
-0.0093441513
-0.0091739384
-0.0035974192
-0.0041959381
-0.0042734848
-0.0091773177
-0.0085982216
-0.0088803812
-0.0070110691
-0.0075268088
-0.0063443526
-0.0063858950
-0.0057914070
-0.0123103447
-0.0127441571
-0.0128566116
-0.0086457939
-0.0093873004
-0.0090581378
-0.0056275145
-0.0037810329
-0.0035692833
-0.0044625028
-0.0089513260
-0.0097436905
-0.0063849408
-0.0058790940
-0.0063778559
-0.0050639562
-0.0045335999
-0.0085777403
-0.0085893392
-0.0091837773
-0.0105654328
-0.0101128714
-0.0098573337
-0.0051270545
-0.0055084611
-0.0049523447
-0.0039616896
-0.0038825305
-0.0045491798
-0.0041316233
-0.0093320695
-0.0086155523
-0.0089204757
-0.0053759549
-0.0046719933
-0.0010248807
-0.0006227354
-0.0005765894
-0.0091211419
-0.0097339244
-0.0095390038
-0.0089153640
-0.0042763659
-0.0066875159
-0.0061864346
-0.0061177102
-0.0026350093
-0.0030383573
-0.0033436097
-0.0033193468
-0.0036929413
-0.0095494787
-0.0078900110
-0.0073425720
-0.0074750970
-0.0079964716
-0.0084783606
-0.0087672903
-0.0088778659
-0.0084131696
-0.0056646806
-0.0050565879
-0.0051123919
-0.0034436735
-0.0031512665
-0.0035840839
-0.0096783914
-0.0103108770
-0.0113902637
-0.0114509431
-0.0079598339
-0.0020655875
-0.0028870714
-0.0032446304
-0.0054599752
-0.0050262063
-0.0048111426
-0.0090819823
-0.0084633091
-0.0074130572
-0.0075638173
-0.0092759556
-0.0093488583
-0.0081251738
-0.0113279382
-0.0107607564
-0.0109172873
-0.0043865992
-0.0046254257
-0.0006515314
-0.0005275483
-0.0013487060
-0.0020534118
-0.0017366454
-0.0076651555
-0.0071242277
-0.0073632040
-0.0081002948
-0.0073696053
-0.0078446397
-0.0072863729
-0.0078711004
-0.0068787171
-0.0056478946
-0.0063620542
-0.0061033530
-0.0055396674
-0.0052875370
-0.0045604831
-0.0022680690
-0.0023078190
-0.0027558666
-0.0062185464
-0.0055606217
-0.0062993019
-0.0069323359
-0.0062925145
-0.0058896651
-0.0056557747
-0.0024137021
-0.0020085516
-0.0018040883
-0.0082724184
-0.0080660798
-0.0086782346
-0.0066043647
-0.0064671671
-0.0087269301
-0.0075040227
-0.0076899670
-0.0060505612
-0.0004388523
-0.0004136815
-0.0086053028
-0.0093270661
-0.0018071393
-0.0014788481
-0.0011166730
-0.0127057490
-0.0059436440
-0.0060149005
-0.0062046675
-0.0124837922
-0.0119016841
-0.0118356808
-0.0055180933
-0.0058451337
-0.0062432643
-0.0044037187
-0.0039269616
-0.0060499498
-0.0062630194
-0.0099893530
-0.0093158129
-0.0094601803
-0.0040894267
-0.0106065071
-0.0108752101
-0.0107728186
-0.0102710087
-0.0130451661
-0.0127323539
-0.0124838684
-0.0121113410
-0.0115665741
-0.0119100907
-0.0038924652
-0.0044123323
-0.0068026591
-0.0074236833
-0.0074425505
-0.0095126029
-0.0093103333
-0.0097855647
-0.0063733240
-0.0061945462
-0.0064772980
-0.0059648275
-0.0066414333
-0.0059413832
-0.0061468111
-0.0086232011
-0.0088292156
-0.0093718615
-0.0042657154
-0.0055053948
-0.0052238671
-0.0049183280
-0.0015102129
-0.0009378275
-0.0050044353
-0.0052499098
-0.0056104626
-0.0039902669
-0.0047438026
-0.0053573243
-0.0049572644
-0.0067145825
-0.0060979614
-0.0060869214
-0.0077266156
-0.0063252283
-0.0061154713
-0.0043969858
-0.0040428558
-0.0067999716
-0.0060885224
-0.0019919038
-0.0026049375
-0.0025759347
-0.0105648361
-0.0101172254
-0.0098767167
-0.0050771414
-0.0055416889
-0.0049695444
-0.0054723946
-0.0048435380
-0.0071970257
-0.0076894976
-0.0056043928
-0.0062873996
-0.0059242449
-0.0032394136
-0.0038518837
-0.0054166200
-0.0060994716
-0.0058567026
-0.0028665425
-0.0026984010
-0.0021599335
-0.0070804116
-0.0075825199
-0.0071579192
-0.0027443641
-0.0021179105
-0.0024053549
-0.0086769650
-0.0026894135
-0.0022281948
-0.0021157517
-0.0103486348
-0.0098226032
-0.0104012626
-0.0051814647
-0.0057723156
-0.0051552965
-0.0010912391
-0.0006603009
-0.0005910567
-0.0038256909
-0.0042816718
-0.0042626181
-0.0057957809
-0.0064455082
-0.0055808288
-0.0050004252
-0.0056084455
-0.0063654005
-0.0096368099
-0.0100107161
-0.0103255987
-0.0098216357
-0.0092236823
-0.0057336101
-0.0056262662
-0.0052964982
-0.0056784407
-0.0059666640
-0.0045738796
-0.0049671173
-0.0049894049
-0.0103119880
-0.0095256325
-0.0098424081
-0.0068918204
-0.0075225915
-0.0015837273
-0.0017267168
-0.0021475202
-0.0100531777
-0.0096542712
-0.0094239782
-0.0018363374
-0.0015334178
-0.0013996527
-0.0018509750
-0.0025284143
-0.0023097606
-0.0088699091
-0.0083665671
-0.0086449975
-0.0074691060
-0.0079127988
-0.0059798435
-0.0054274588
-0.0055761720
-0.0039731134
-0.0044882249
-0.0039945747
-0.0038632977
-0.0044751713
-0.0047771386
-0.0046805746
-0.0005626064
-0.0005218180
-0.0025968882
-0.0021417919
-0.0019112087
-0.0018732586
-0.0022971836
-0.0025909057
-0.0003732494
-0.0069098057
-0.0066479841
-0.0075338588
-0.0074015995
-0.0077972877
-0.0054582864
-0.0057186654
-0.0005013651
-0.0005284826
-0.0010508554
-0.0025658356
-0.0027592449
-0.0024782382
-0.0089881732
-0.0094815148
-0.0037124605
-0.0041520736
-0.0036083708
-0.0034722962
-0.0031791780
-0.0028766996
-0.0070175725
-0.0087644217
-0.0078449482
-0.0073330273
-0.0072318756
-0.0029261007
-0.0033338568
-0.0027130068
-0.0068622293
-0.0061764800
-0.0114723366
-0.0110941270
-0.0079866050
-0.0081785196
-0.0086661353
-0.0013662806
-0.0009563611
-0.0097970846
-0.0097784786
-0.0071615970
-0.0064884839
-0.0081132339
-0.0077085001
-0.0105497787
-0.0099547083
-0.0022849540
-0.0028963604
-0.0024386699
-0.0020798848
-0.0019407172
-0.0070271395
-0.0076645058
-0.0061450937
-0.0062232153
-0.0124408028
-0.0117657400
-0.0120326325
-0.0067582558
-0.0110591500
-0.0107862155
-0.0104425793
-0.0058185408
-0.0051560602
-0.0053274561
-0.0093912934
-0.0088484170
-0.0082718781
-0.0081627205
-0.0086631875
-0.0005600347
-0.0057002506
-0.0089115347
-0.0092798738
-0.0092443141
-0.0091154289
-0.0090629416
-0.0081319653
-0.0077411134
-0.0083765010
-0.0016721580
-0.0072612745
-0.0079051106
-0.0099297728
-0.0097599978
-0.0129222052
-0.0135243724
-0.0134020354
-0.0124677828
-0.0121187680
-0.0011663485
-0.0011254775
-0.0129158735
-0.0129889778
-0.0124811403
-0.0118766958
-0.0118006726
-0.0095657475
-0.0096970278
-0.0028146630
-0.0023094179
-0.0075189515
-0.0049770960
-0.0005940016
-0.0010051328
-0.0005952287
-0.0005564634
-0.0013446661
-0.0020442645
-0.0052256071
-0.0058802252
-0.0044993000
-0.0108236319
-0.0108362917
-0.0079439517
-0.0073315589
-0.0076488971
-0.0032636335
-0.0027108745
-0.0030345293
-0.0038236902
-0.0037667382
-0.0036224674
-0.0042523917
-0.0121425711
-0.0126294776
-0.0040543175
-0.0044580032
-0.0057437493
-0.0050714488
-0.0122633926
-0.0117254844
-0.0098730835
-0.0100828042
-0.0027363103
-0.0020727673
-0.0024624790
-0.0133607832
-0.0128476427
-0.0075181940
-0.0132163422
-0.0133867647
-0.0049164246
-0.0051987184
-0.0054427488
-0.0023276433
-0.0016228477
-0.0013924644
-0.0109495726
-0.0111796893
-0.0019168857
-0.0013658485
-0.0013000265
-0.0086045967
-0.0081958041
-0.0021350404
-0.0045273726
-0.0038481888
-0.0039387190
-0.0048713497
-0.0080245068
-0.0082023045
-0.0010201944
-0.0005713339
-0.0031959863
-0.0031071806
-0.0077847779
-0.0134364821
-0.0007617166
-0.0004903216
-0.0073351498
-0.0076601567
-0.0053293535
-0.0059021682
-0.0020454200
-0.0050832405
-0.0049653722
-0.0072908041
-0.0079204476
-0.0075876683
-0.0030026421
-0.0027235521
-0.0050533562
-0.0057230122
-0.0126304665
-0.0119063667
-0.0096593845
-0.0102529317
-0.0097406594
-0.0065825206
-0.0014350186
-0.0018978771
-0.0020682483
-0.0009848407
-0.0015285055
-0.0008017133
-0.0077645932
-0.0114464731
-0.0026047819
-0.0100888022
-0.0133095701
-0.0116278795
-0.0127459015
-0.0006149455
-0.0008227666
-0.0105193657
-0.0099682401
-0.0094669145
-0.0023687183
-0.0030254932
-0.0027173580
-0.0133700829
-0.0127759709
-0.0133655170
-0.0121240193
-0.0034669820
-0.0031868670
-0.0028864354
-0.0043421471
-0.0025618024
-0.0113132697
-0.0118771860
-0.0115324619
-0.0115808212
-0.0099752915
-0.0110496179
-0.0026531474
-0.0058564602
-0.0056607434
-0.0004185966
-0.0096750198
-0.0021313235
-0.0084593435
-0.0081537495
-0.0099715169
-0.0121384260
-0.0055094079
-0.0049791455
-0.0069929749
-0.0115357886
-0.0005895964
-0.0005779423
-0.0022649620
-0.0023014207
-0.0012800761
-0.0061790382
-0.0061062829
-0.0023656790
-0.0021621931
-0.0014352866
-0.0019755636
-0.0056071697
-0.0050156326
-0.0114275530
-0.0017252313
-0.0016587708
-0.0012119390
-0.0056489871
-0.0069419167
-0.0132738554
-0.0133491113
-0.0111022491
-0.0107445473
-0.0101782700
-0.0105320205
-0.0019395549
-0.0014422550
-0.0119616720
-0.0125003699
-0.0122816633
-0.0105315387
-0.0051400017
-0.0058608074
-0.0086060048
-0.0079184118
-0.0038767371
-0.0127011138
-0.0121415087
-0.0017239062
-0.0012144734
-0.0117379774
-0.0020328845
-0.0022651905
-0.0115309740
-0.0113885789
-0.0121628809
-0.0124401557
-0.0126146264
-0.0005784694
-0.0077944471
-0.0026165256
-0.0025038587
-0.0031930328
-0.0027026633
-0.0099225948
-0.0105075660
-0.0113015343
-0.0116484184
-0.0066580090
-0.0082964653
-0.0076160629
-0.0081687856
-0.0111896243
-0.0106262031
-0.0105440425
-0.0018034134
-0.0094718805
-0.0087847651
-0.0092757924
-0.0077243289
-0.0076255137
-0.0098760053
-0.0091695105
-0.0088165958
-0.0088993261
-0.0082930230
-0.0082632404
-0.0057502463
-0.0063176773
-0.0115770129
-0.0119836238
-0.0110858152
-0.0047252414
-0.0045795165
-0.0053598559
-0.0019591733
-0.0128932131
-0.0131350452
-0.0127968936
-0.0107948639
-0.0005170946
-0.0004908744
-0.0079741503
-0.0081162765
-0.0076322133
-0.0080392020
-0.0082588652
-0.0085555416
-0.0118902658
-0.0125435724
-0.0123230611
-0.0050326262
-0.0056585637
-0.0056509632
-0.0010938104
-0.0005346732
-0.0007479526
-0.0050691667
-0.0057019751
-0.0050728054
-0.0114379439
-0.0072396028
-0.0075022712
-0.0086698936
-0.0116970786
-0.0080676100
-0.0103774396
-0.0107380085
-0.0102674414
-0.0074538096
-0.0073789509
-0.0067657384
-0.0023070943
-0.0020293658
-0.0106166497
-0.0019319791
-0.0013234195
-0.0014129285
-0.0115955317
-0.0113102949
-0.0103273720
-0.0096887735
-0.0071226027
-0.0073215795
-0.0086077211
-0.0092561519
-0.0094375700
-0.0074439746
-0.0070298253
-0.0073706830
-0.0019725325
-0.0025516538
-0.0125724889
-0.0118687711
-0.0124877822
-0.0054027370
-0.0006505559
-0.0003230806
-0.0076016070
-0.0070584657
-0.0073037301
-0.0022785385
-0.0018134493
-0.0021246834
-0.0104026146
-0.0097818842
-0.0100209385
-0.0023138013
-0.0017050128
-0.0017151813
-0.0066394886
-0.0070188419
-0.0006854449
-0.0080964207
-0.0106328083
-0.0102748765
-0.0080966504
-0.0086383591
-0.0006578656
-0.0005287364
-0.0025267178
-0.0020268185
-0.0026108273
-0.0011532034
-0.0005342373
-0.0008124803
-0.0066123558
-0.0069303526
-0.0124745659
-0.0125193929
-0.0088282126
-0.0091282023
-0.0092426511
-0.0107594975
-0.0101799320
-0.0081362034
-0.0094885290
-0.0089982751
-0.0008529020
-0.0014875830
-0.0011803373
-0.0065396935
-0.0070173653
-0.0071076713
-0.0068168574
-0.0062296897
-0.0065297589
-0.0024170501
-0.0033323433
-0.0062209582
-0.0032223310
-0.0026052210
-0.0005450155
-0.0006148074
-0.0004939786
-0.0073727888
-0.0067113816
-0.0072633906
-0.0058136722
-0.0058457630
-0.0046439524
-0.0049591706
-0.0043678907
-0.0125010032
-0.0113685682
-0.0109585439
-0.0006627930
-0.0006819291
-0.0112543571
-0.0107696995
-0.0023731921
-0.0016253435
-0.0020314574
-0.0005325145
-0.0009842183
-0.0118843656
-0.0113064187
-0.0118427286
-0.0057343407
-0.0034874537
-0.0038918936
-0.0016922814
-0.0012726491
-0.0003803044
-0.0005898295
-0.0025107562
-0.0017377610
-0.0023342112
-0.0104601637
-0.0105263464
-0.0101332450
-0.0006640552
-0.0031685213
-0.0065780508
-0.0058712715
-0.0006612980
-0.0121810736
-0.0115088707
-0.0122218886
-0.0006629159
-0.0018464113
-0.0005922757
-0.0006858958
-0.0006856524
-0.0006396054
-0.0029050876
-0.0023260047
-0.0025568996
-0.0076906514
-0.0075657239
-0.0071145512
-0.0029862014
-0.0058135466
-0.0053592578
-0.0053407883
-0.0005317144
-0.0004721800
-0.0008879909
-0.0003498413
-0.0005192323
-0.0065358653
-0.0034204830
-0.0029881151
-0.0036830239
-0.0081450956
-0.0074383044
-0.0020848308
-0.0017516577
-0.0016804809
-0.0022870144
-0.0028623967
-0.0004654942
-0.0006762071
-0.0007195758
-0.0074493685
-0.0079904028
-0.0081168589
-0.0039435571
-0.0040197233
-0.0035407670
-0.0053199405
-0.0055382520
-0.0058461857
-0.0102680940
-0.0108502000
-0.0101972525
-0.0117311474
-0.0119748173
-0.0123609488
-0.0005655009
-0.0006491812
-0.0012008377
-0.0009023524
-0.0006650849
-0.0078645591
-0.0109059094
-0.0105986646
-0.0103027096
-0.0006084778
-0.0078608116
-0.0106289634
-0.0049665504
-0.0050473588
-0.0028127982
-0.0024633722
-0.0022740014
-0.0048450443
-0.0053776558
-0.0050163195
-0.0080490975
-0.0081899316
-0.0086673977
-0.0110590715
-0.0106095120
-0.0005551938
-0.0006791091
-0.0003044806
-0.0076166072
-0.0068375189
-0.0071705391
-0.0091484066
-0.0096568882
-0.0099062125
-0.0008909910
-0.0006758300
-0.0102687483
-0.0109194270
-0.0110729946
-0.0113336391
-0.0115288140
-0.0007101992
-0.0052150287
-0.0044380083
-0.0004230726
-0.0006001744
-0.0094887436
-0.0089249132
-0.0091283161
-0.0105472985
-0.0110845689
-0.0123167473
-0.0123749570
-0.0119900091
-0.0004623530
-0.0073918117
-0.0065586715
-0.0065838438
-0.0088129224
-0.0088437197
-0.0006216225
-0.0046711248
-0.0049964149
-0.0044853367
-0.0005983704
-0.0071053592
-0.0006720530
-0.0005316849
-0.0011082474
-0.0114209570
-0.0110074864
-0.0107920083
-0.0009975143
-0.0013657759
-0.0013276296
-0.0043904514
-0.0051070852
-0.0047556325
-0.0006797318
-0.0007339073
-0.0004745021
-0.0013372779
-0.0007116837
-0.0013386427
-0.0019470213
-0.0019430191
-0.0007519193
-0.0047950119
-0.0052229323
-0.0029098534
-0.0046870044
-0.0008112582
-0.0113124443
-0.0105021755
-0.0110239687
-0.0095723816
-0.0093802325
-0.0099334568
-0.0024600778
-0.0021275840
-0.0027283771
-0.0007089334
-0.0006333498
-0.0007056272
-0.0023645536
-0.0021920865
-0.0026283196
-0.0007015450
-0.0055346635
-0.0034887125
-0.0038612203
-0.0005984229
-0.0095232040
-0.0096962773
-0.0100548980
-0.0127727743
-0.0080914580
-0.0086814268
-0.0086466159
-0.0071879178
-0.0075051516
-0.0069481242
-0.0125425097
-0.0107923364
-0.0106390115
-0.0024588272
-0.0030054328
-0.0029980217
-0.0034664512
-0.0030340369
-0.0028401308
-0.0008217314
-0.0005443235
-0.0124962246
-0.0118529597
-0.0112097745
-0.0118413057
-0.0019787567
-0.0020462554
-0.0111443028
-0.0103723382
-0.0109839438
-0.0074994635
-0.0041229943
-0.0039520123
-0.0044300234
-0.0026417877
-0.0019806558
-0.0023302869
-0.0010114410
-0.0004738939
-0.0006789241
-0.0024650324
-0.0024345197
-0.0123924310
-0.0129574398
-0.0127969843
-0.0009181879
-0.0004613093
-0.0009227778
-0.0031991536
-0.0037286732
-0.0094454520
-0.0099331998
-0.0101323288
-0.0083421894
-0.0076454045
-0.0079149027
-0.0024367709
-0.0020402651
-0.0025154154
-0.0039326048
-0.0042507279
-0.0025610896
-0.0018124816
-0.0021963865
-0.0128899695
-0.0005645184
-0.0005149862
-0.0103990526
-0.0107044944
-0.0085556832
-0.0081991295
-0.0079681085
-0.0048653581
-0.0044070800
-0.0043117639
-0.0097464194
-0.0118398758
-0.0048937610
-0.0096087416
-0.0006685877
-0.0006009706
-0.0027919362
-0.0023482038
-0.0024070216
-0.0077545499
-0.0070971852
-0.0075242421
-0.0109166948
-0.0109276134
-0.0077100582
-0.0072207536
-0.0070030257
-0.0017573486
-0.0075850529
-0.0069207931
-0.0071453547
-0.0079912397
-0.0079972129
-0.0086473345
-0.0003788281
-0.0126440506
-0.0123305007
-0.0127281073
-0.0027970569
-0.0025229003
-0.0005216159
-0.0007223698
-0.0123031984
-0.0115966505
-0.0121203693
-0.0042099467
-0.0043382518
-0.0048423363
-0.0035880964
-0.0036639040
-0.0032015369
-0.0128037354
-0.0016651513
-0.0018493106
-0.0007360711
-0.0005903483
-0.0011833202
-0.0074406679
-0.0006512931
-0.0005247149
-0.0033988895
-0.0039856905
-0.0008963497
-0.0004077261
-0.0008022629
-0.0036208164
-0.0040296857
-0.0042792120
-0.0117241337
-0.0120316405
-0.0114476319
-0.0096611272
-0.0090336540
-0.0093134035
-0.0106047816
-0.0099530694
-0.0109996945
-0.0099446634
-0.0101376157
-0.0047317388
-0.0051072138
-0.0045337453
-0.0041092318
-0.0047663804
-0.0026274943
-0.0030515005
-0.0016297862
-0.0023541829
-0.0119204905
-0.0112117997
-0.0113692556
-0.0091995411
-0.0103341441
-0.0104926287
-0.0109846861
-0.0079532219
-0.0080200433
-0.0020829838
-0.0005814403
-0.0010725878
-0.0011523411
-0.0109107468
-0.0103609835
-0.0125751707
-0.0010896213
-0.0016832443
-0.0015758011
-0.0130366685
-0.0114620930
-0.0115991337
-0.0110489682
-0.0109588237
-0.0092358080
-0.0082752251
-0.0080257112
-0.0076580191
-0.0093473182
-0.0032865921
-0.0038087780
-0.0075150445
-0.0036582868
-0.0035734677
-0.0031434038
-0.0009288204
-0.0009907629
-0.0037235054
-0.0032898987
-0.0039880254
-0.0035730089
-0.0045280778
-0.0048332405
-0.0051244768
-0.0075792228
-0.0047552445
-0.0052840074
-0.0027406806
-0.0026147134
-0.0031644871
-0.0017824097
-0.0016763369
-0.0013596901
-0.0025274157
-0.0031079161
-0.0029309509
-0.0074997379
-0.0064736667
-0.0064567390
-0.0037372640
-0.0037168957
-0.0034328873
-0.0085441032
-0.0040399472
-0.0095763910
-0.0091604933
-0.0070941179
-0.0072864958
-0.0025872123
-0.0021294659
-0.0069436467
-0.0071650602
-0.0076203185
-0.0043718206
-0.0037327207
-0.0038177215
-0.0053689299
-0.0059124832
-0.0076652079
-0.0077378343
-0.0071229539
-0.0081687287
-0.0037015068
-0.0039170302
-0.0024689549
-0.0019825994
-0.0067220550
-0.0072327942
-0.0033849118
-0.0039802912
-0.0093518708
-0.0051211627
-0.0084801483
-0.0083251650
-0.0078378843
-0.0030347936
-0.0132653084
-0.0133585735
-0.0127381000
-0.0080984926
-0.0086965469
-0.0079310753
-0.0030176138
-0.0038328216
-0.0098528119
-0.0087765404
-0.0049511011
-0.0060532597
-0.0055955608
-0.0119432026
-0.0109483689
-0.0104357468
-0.0048074893
-0.0054153021
-0.0046757475
-0.0050354483
-0.0076883267
-0.0022281091
-0.0026259844
-0.0037465823
-0.0106055161
-0.0105227378
-0.0100226452
-0.0061359341
-0.0080338492
-0.0061940434
-0.0129661018
-0.0090041558
-0.0090086159
-0.0085428570
-0.0053454118
-0.0068156536
-0.0073189014
-0.0074401510
-0.0084040395
-0.0077155133
-0.0051634561
-0.0123451892
-0.0128283567
-0.0050353442
-0.0054890860
-0.0079645879
-0.0050458187
-0.0049059822
-0.0046958907
-0.0053844306
-0.0052892579
-0.0029316527
-0.0027794897
-0.0025865262
-0.0036305747
-0.0038142785
-0.0040744614
-0.0089519337
-0.0084279775
-0.0066842453
-0.0086686649
-0.0028810262
-0.0031537699
-0.0025356156
-0.0073247777
-0.0059093401
-0.0063511248
-0.0058738540
-0.0052934790
-0.0046573424
-0.0045659409
-0.0080944136
-0.0065975915
-0.0067893105
-0.0062182118
-0.0036725949
-0.0041139981
-0.0036415635
-0.0042363094
-0.0049545064
-0.0050673821
-0.0034621863
-0.0040085344
-0.0073249776
-0.0131039930
-0.0128174868
-0.0100359913
-0.0073218997
-0.0067418390
-0.0029996785
-0.0029778210
-0.0089981309
-0.0083453515
-0.0085047887
-0.0089029744
-0.0091826594
-0.0068069074
-0.0064878913
-0.0064282577
-0.0075613210
-0.0069517567
-0.0038724635
-0.0103316455
-0.0073464115
-0.0071161622
-0.0058377107
-0.0061660355
-0.0045700774
-0.0047275629
-0.0051332677
-0.0125999377
-0.0124074751
-0.0111430233
-0.0062942108
-0.0062471272
-0.0068762507
-0.0079255328
-0.0073683992
-0.0047787408
-0.0047491089
-0.0114592264
-0.0026653795
-0.0070618822
-0.0103443750
-0.0046604445
-0.0051933213
-0.0023377952
-0.0029714103
-0.0036111520
-0.0034011669
-0.0094341473
-0.0101351960
-0.0098217274
-0.0075536474
-0.0069749642
-0.0069371879
-0.0016872490
-0.0083222468
-0.0075590232
-0.0073089824
-0.0014629280
-0.0111349331
-0.0065519980
-0.0049660839
-0.0047600777
-0.0045003416
-0.0051333497
-0.0079222972
-0.0080942614
-0.0084800565
-0.0129072423
-0.0107239784
-0.0100894061
-0.0103931754
-0.0030993164
-0.0033103009
-0.0044012841
-0.0090464868
-0.0047265487
-0.0043843253
-0.0104815174
-0.0098871315
-0.0110597023
-0.0034828785
-0.0030471625
-0.0026360110
-0.0055892536
-0.0033946375
-0.0048378402
-0.0104036385
-0.0098425470
-0.0100249686
-0.0004107093
-0.0008750294
-0.0055139175
-0.0046187545
-0.0070753240
-0.0045286126
-0.0040029182
-0.0021570420
-0.0015386950
-0.0050324684
-0.0041003351
-0.0080453338
-0.0065972809
-0.0048132722
-0.0042082378
-0.0044199144
-0.0072018070
-0.0066935647
-0.0072879779
-0.0099597215
-0.0093088484
-0.0096356349
-0.0050915646
-0.0043741879
-0.0049377558
-0.0111940218
-0.0106513215
-0.0117249919
-0.0119968340
-0.0123297816
-0.0044689052
-0.0093018733
-0.0098172862
-0.0093037818
-0.0036624904
-0.0048755340
-0.0042274884
-0.0045568172
-0.0014071223
-0.0017266930
-0.0021097152
-0.0004865024
-0.0029359052
-0.0032389242
-0.0034021657
-0.0039067290
-0.0041676888
-0.0041320713
-0.0036942627
-0.0034073195
-0.0060447087
-0.0060424272
-0.0065712456
-0.0041067918
-0.0036663210
-0.0041860279
-0.0040872974
-0.0034827197
-0.0046301087
-0.0040900735
-0.0042549387
-0.0041101169
-0.0034631658
-0.0040890761
-0.0043865463
-0.0041692925
-0.0035825707
-0.0038495236
-0.0032761964
-0.0037685138
-0.0042260281
-0.0036396657
-0.0020628786
-0.0027679437
-0.0025199241
-0.0032316851
-0.0035478684
-0.0078888459
-0.0079398568
-0.0085940400
-0.0042996186
-0.0036041158
-0.0046137133
-0.0031508776
-0.0037865346
-0.0043587617
-0.0037065579
-0.0043072043
-0.0041248893
-0.0039380788
-0.0031734525
-0.0037781056
-0.0035665304
-0.0029107576
-0.0030714960
-0.0044019190
-0.0037698466
-0.0041000905
-0.0034925719
-0.0032196681
-0.0037549341
-0.0044331188
-0.0036962185
-0.0035699483
-0.0040482085
-0.0035658498
-0.0035895493
-0.0030917994
-0.0032071403
-0.0054595491
-0.0050403521
-0.0099400956
-0.0045620068
-0.0038294780
-0.0029927578
-0.0041558211
-0.0034073905
-0.0046016284
-0.0038702127
-0.0041404114
-0.0035820024
-0.0040417547
-0.0047017551
-0.0040107468
-0.0035757581
-0.0042480132
-0.0036523386
-0.0061988601
-0.0064044174
-0.0068544314
-0.0043079621
-0.0030654729
-0.0035275063
-0.0048601323
-0.0041154460
-0.0044766909
-0.0037407270
-0.0029311493
-0.0035926376
-0.0045361013
-0.0038724856
-0.0100332877
-0.0104862241
-0.0029540829
-0.0030420436
-0.0046723702
-0.0039112020
-0.0048191629
-0.0041867125
-0.0067647906
-0.0071327605
-0.0067773962
-0.0033343001
-0.0042354426
-0.0023586335
-0.0028133554
-0.0036547652
-0.0042837733
-0.0071026532
-0.0047801183
-0.0047644562
-0.0089426626
-0.0090310434
-0.0094169243
-0.0052473438
-0.0045559257
-0.0096894657
-0.0048109059
-0.0065633464
-0.0027617886
-0.0029367487
-0.0034066003
-0.0050196288
-0.0042632732
-0.0046830770
-0.0044584336
-0.0046551371
-0.0025367073
-0.0098761720
-0.0054908757
-0.0013260202
-0.0020081914
-0.0018617319
-0.0098735422
-0.0048884875
-0.0042342274
-0.0045874989
-0.0053875536
-0.0050619367
-0.0064207373
-0.0029197351
-0.0026902923
-0.0044732271
-0.0045181205
-0.0051413631
-0.0092160955
-0.0095021638
-0.0100242331
-0.0093451383
-0.0098718697
-0.0044359661
-0.0044012687
-0.0018143270
-0.0011169699
-0.0044875872
-0.0040754546
-0.0036885840
-0.0038011574
-0.0026891326
-0.0031679032
-0.0031494926
-0.0097572661
-0.0090751510
-0.0046976869
-0.0044682384
-0.0051697278
-0.0071863933
-0.0065147025
-0.0071363928
-0.0131022171
-0.0130465230
-0.0008141009
-0.0009294503
-0.0045715426
-0.0088944232
-0.0014045468
-0.0017492457
-0.0129909307
-0.0127352944
-0.0113177814
-0.0018093993
-0.0023884640
-0.0121695138
-0.0123704782
-0.0119159573
-0.0125993864
-0.0092114929
-0.0088753494
-0.0095044794
-0.0117455762
-0.0112043553
-0.0113500341
-0.0088194693
-0.0032788404
-0.0027386207
-0.0116205092
-0.0010736835
-0.0124170303
-0.0007559056
-0.0006189125
-0.0090775499
-0.0131343012
-0.0124276304
-0.0113970375
-0.0108233817
-0.0006888174
-0.0097083206
-0.0121959334
-0.0122063643
-0.0117450513
-0.0087651248
-0.0093322453
-0.0079008153
-0.0014624172
-0.0008060884
-0.0116203306
-0.0119614423
-0.0012946180
-0.0018252779
-0.0106591361
-0.0016746124
-0.0021068856
-0.0019232762
-0.0121446266
-0.0121550004
-0.0116271875
-0.0018525688
-0.0018569659
-0.0085386019
-0.0088609897
-0.0056583767
-0.0088353098
-0.0026773009
-0.0030723673
-0.0012593954
-0.0132245878
-0.0033500164
-0.0110782220
-0.0115805870
-0.0109598250
-0.0019194182
-0.0012524540
-0.0026128092
-0.0082890034
-0.0017299953
-0.0099906980
-0.0113676913
-0.0111637335
-0.0112074621
-0.0106862256
-0.0019366748
-0.0005209520
-0.0063511405
-0.0070248052
-0.0128276637
-0.0122911147
-0.0126004072
-0.0020810443
-0.0025461858
-0.0100155224
-0.0087745375
-0.0124787867
-0.0129617913
-0.0123660270
-0.0085148194
-0.0090290988
-0.0087503422
-0.0022551979
-0.0107809800
-0.0037362723
-0.0062557603
-0.0031024792
-0.0020569540
-0.0026786997
-0.0014415494
-0.0009090852
-0.0014893518
-0.0042662359
-0.0125525606
-0.0130452025
-0.0019323077
-0.0025289488
-0.0116897959
-0.0116167494
-0.0110787976
-0.0048708446
-0.0042551525
-0.0044362798
-0.0018461923
-0.0023945219
-0.0018085184
-0.0077772293
-0.0096885753
-0.0107957528
-0.0032800778
-0.0030712492
-0.0025994211
-0.0094331352
-0.0014238300
-0.0017028621
-0.0109099577
-0.0080681147
-0.0095360125
-0.0098274884
-0.0093335061
-0.0010880409
-0.0036625156
-0.0094722372
-0.0030719059
-0.0090356076
-0.0037836084
-0.0038830139
-0.0059406565
-0.0019100220
-0.0015860620
-0.0020733303
-0.0013526027
-0.0129835906
-0.0125373408
-0.0106834264
-0.0112651264
-0.0106433222
-0.0032060957
-0.0038302020
-0.0034252321
-0.0041991063
-0.0038199228
-0.0017791902
-0.0011436618
-0.0068137334
-0.0070994955
-0.0065074651
-0.0119075391
-0.0119752158
-0.0081038594
-0.0080314964
-0.0027900758
-0.0033774514
-0.0015206014
-0.0070507330
-0.0064572533
-0.0012987648
-0.0019521082
-0.0015865033
-0.0112159341
-0.0118796883
-0.0115500763
-0.0055687544
-0.0053819741
-0.0040578981
-0.0036333578
-0.0014746929
-0.0016695382
-0.0011194986
-0.0006125615
-0.0006309292
-0.0018715462
-0.0018952842
-0.0013627997
-0.0023242183
-0.0027031586
-0.0095448892
-0.0091540943
-0.0035992041
-0.0065593281
-0.0070428859
-0.0064113266
-0.0011347513
-0.0015999188
-0.0012974380
-0.0020083728
-0.0016978652
-0.0071590145
-0.0078191908
-0.0073229214
-0.0086525454
-0.0086924679
-0.0013589408
-0.0018992184
-0.0012862283
-0.0071926138
-0.0066194542
-0.0067581817
-0.0090849185
-0.0096513286
-0.0095045230
-0.0020109262
-0.0075997724
-0.0071891652
-0.0019122265
-0.0015600620
-0.0074467362
-0.0082391516
-0.0079870107
-0.0011429022
-0.0014917522
-0.0071274601
-0.0048902769
-0.0045063783
-0.0096428936
-0.0093528423
-0.0073377347
-0.0067303372
-0.0093581869
-0.0099637029
-0.0095578596
-0.0106329059
-0.0111917351
-0.0108106211
-0.0052509902
-0.0053091618
-0.0072895743
-0.0080355861
-0.0088721957
-0.0082985713
-0.0019593597
-0.0017829126
-0.0074062555
-0.0067071155
-0.0094087167
-0.0100053839
-0.0099807868
-0.0105730792
-0.0111078506
-0.0067220878
-0.0073010526
-0.0070867630
-0.0050027185
-0.0046895360
-0.0066286408
-0.0061813140
-0.0068812373
-0.0061715480
-0.0059679939
-0.0012110361
-0.0011678816
-0.0072598971
-0.0066469539
-0.0094477269
-0.0094742108
-0.0012355876
-0.0017611619
-0.0010794349
-0.0070428066
-0.0078165135
-0.0013775487
-0.0018729080
-0.0012947866
-0.0068360914
-0.0075693648
-0.0103282047
-0.0109324926
-0.0014374290
-0.0081376467
-0.0032090424
-0.0026759829
-0.0034999215
-0.0034005947
-0.0017705051
-0.0011919234
-0.0072876079
-0.0068961003
-0.0012411337
-0.0067522424
-0.0073056761
-0.0013717385
-0.0018600531
-0.0014954418
-0.0022448366
-0.0099789652
-0.0105836842
-0.0028035326
-0.0069027743
-0.0015313832
-0.0009570465
-0.0010198562
-0.0099793450
-0.0104863601
-0.0099915256
-0.0065357981
-0.0072000927
-0.0096291091
-0.0102274722
-0.0012794984
-0.0018544433
-0.0013195117
-0.0010821342
-0.0016928472
-0.0007942482
-0.0048551991
-0.0048453388
-0.0010545458
-0.0015792642
-0.0063320287
-0.0070608457
-0.0064713152
-0.0072243704
-0.0065076009
-0.0096809243
-0.0103362165
-0.0016827908
-0.0094381216
-0.0098536705
-0.0019210431
-0.0013955353
-0.0071063560
-0.0065748000
-0.0092195524
-0.0097455736
-0.0090638160
-0.0067461949
-0.0074278233
-0.0070345186
-0.0011421897
-0.0071012918
-0.0065123601
-0.0081749626
-0.0099818698
-0.0105986840
-0.0101217060
-0.0012308496
-0.0018042315
-0.0091103123
-0.0096219395
-0.0018978912
-0.0012178233
-0.0035610629
-0.0032545192
-0.0046680465
-0.0044357765
-0.0076684722
-0.0071077437
-0.0058644463
-0.0061925143
-0.0059962963
-0.0071476342
-0.0065251643
-0.0094062961
-0.0101280653
-0.0096945074
-0.0080572926
-0.0091601173
-0.0089882374
-0.0040931589
-0.0106694669
-0.0100903696
-0.0011018038
-0.0017036170
-0.0093170045
-0.0067138299
-0.0115101321
-0.0121092393
-0.0116844071
-0.0057648173
-0.0059860151
-0.0063263346
-0.0092090185
-0.0089180060
-0.0086549152
-0.0094220408
-0.0088201782
-0.0077992499
-0.0071467322
-0.0014403768
-0.0047145364
-0.0045008324
-0.0041774957
-0.0011596452
-0.0016525220
-0.0014810042
-0.0072291411
-0.0068392964
-0.0112717693
-0.0086582448
-0.0080053526
-0.0078268722
-0.0072454455
-0.0107700109
-0.0100937976
-0.0011634744
-0.0018115277
-0.0085126030
-0.0079099660
-0.0073156211
-0.0100910588
-0.0104910597
-0.0100874578
-0.0084342595
-0.0079423277
-0.0012464338
-0.0018734942
-0.0012167348
-0.0108626569
-0.0102807574
-0.0057970315
-0.0063243580
-0.0058933330
-0.0068895449
-0.0010076615
-0.0015065184
-0.0011040196
-0.0079186661
-0.0083818079
-0.0012217736
-0.0017636677
-0.0012644923
-0.0069714785
-0.0075389077
-0.0069234245
-0.0107040698
-0.0104044432
-0.0019124336
-0.0012405988
-0.0078411308
-0.0073508094
-0.0109837497
-0.0105584159
-0.0079542606
-0.0031574968
-0.0030967920
-0.0027121817
-0.0088951784
-0.0087152534
-0.0082210308
-0.0079540587
-0.0072775124
-0.0010292279
-0.0015416727
-0.0056388713
-0.0029746958
-0.0112402022
-0.0107862267
-0.0053085044
-0.0058085355
-0.0080020194
-0.0084307266
-0.0018270571
-0.0012925477
-0.0109522954
-0.0104243373
-0.0080511424
-0.0074022081
-0.0012470605
-0.0017829408
-0.0018826891
-0.0013642771
-0.0107526063
-0.0102789860
-0.0045284436
-0.0046416134
-0.0050565293
-0.0058975349
-0.0063176718
-0.0085064304
-0.0082170288
-0.0081841882
-0.0078720665
-0.0018005370
-0.0012911635
-0.0109947988
-0.0117209310
-0.0113189274
-0.0012654955
-0.0018138657
-0.0082004421
-0.0086636399
-0.0080228271
-0.0108183375
-0.0104473208
-0.0043177322
-0.0011119431
-0.0017907995
-0.0080499259
-0.0086934409
-0.0018861487
-0.0012503512
-0.0072984871
-0.0080558657
-0.0072191022
-0.0013532996
-0.0019210583
-0.0014509336
-0.0076447369
-0.0083858738
-0.0079663437
-0.0116131630
-0.0114654410
-0.0118623736
-0.0052638111
-0.0057868461
-0.0056531316
-0.0079771900
-0.0072832620
-0.0110712072
-0.0105876117
-0.0082317288
-0.0084235850
-0.0060664919
-0.0058174845
-0.0055709273
-0.0075410440
-0.0078808389
-0.0012394003
-0.0016279754
-0.0079571499
-0.0072769695
-0.0110901777
-0.0105133885
-0.0071084489
-0.0065273259
-0.0066312213
-0.0106224017
-0.0103181493
-0.0102123142
-0.0097023250
-0.0087365318
-0.0085369591
-0.0056458541
-0.0061688518
-0.0074802705
-0.0078576365
-0.0083927681
-0.0018166766
-0.0021820719
-0.0018355719
-0.0034564447
-0.0028654925
-0.0022710591
-0.0017278187
-0.0113117291
-0.0111340620
-0.0120145611
-0.0124328012
-0.0125047688
-0.0064640783
-0.0020883736
-0.0025929309
-0.0042801510
-0.0036215998
-0.0040905682
-0.0042449842
-0.0045591544
-0.0032082712
-0.0009768597
-0.0014054985
-0.0079133320
-0.0079543179
-0.0084921180
-0.0012856022
-0.0013631306
-0.0074610954
-0.0078476157
-0.0078226336
-0.0112085132
-0.0108546927
-0.0091538800
-0.0020524172
-0.0017939678
-0.0084225140
-0.0114299946
-0.0012846140
-0.0018582140
-0.0016466487
-0.0075706345
-0.0081541787
-0.0074925727
-0.0078257892
-0.0111127924
-0.0082383638
-0.0046400390
-0.0077301791
-0.0082761827
-0.0083948801
-0.0116588986
-0.0121175444
-0.0111703130
-0.0100882868
-0.0095943591
-0.0082792375
-0.0088156911
-0.0078175861
-0.0049649401
-0.0028752216
-0.0024127139
-0.0093867725
-0.0090062327
-0.0091160149
-0.0036080506
-0.0074733665
-0.0078547738
-0.0078971067
-0.0021376645
-0.0023527642
-0.0018085159
-0.0010902009
-0.0012317603
-0.0016064813
-0.0076533577
-0.0082608961
-0.0083205330
-0.0024678419
-0.0018748834
-0.0013541946
-0.0019876464
-0.0031167549
-0.0036216726
-0.0083297895
-0.0089366770
-0.0083215610
-0.0089574721
-0.0083763286
-0.0084095846
-0.0098741833
-0.0097915304
-0.0057012091
-0.0051103238
-0.0080853797
-0.0087766485
-0.0083036018
-0.0044916829
-0.0046976277
-0.0098718011
-0.0125225747
-0.0120400808
-0.0118511447
-0.0112917023
-0.0117209323
-0.0086008336
-0.0092668527
-0.0087212632
-0.0035778023
-0.0037207878
-0.0016963721
-0.0018736104
-0.0010967834
-0.0011553831
-0.0021290362
-0.0042039694
-0.0047653991
-0.0041859938
-0.0014029025
-0.0091187641
-0.0017660986
-0.0114455824
-0.0015360066
-0.0021048587
-0.0025732664
-0.0026508396
-0.0032782709
-0.0031888104
-0.0129753172
-0.0120987867
-0.0126536830
-0.0121715327
-0.0111811313
-0.0106735866
-0.0102388992
-0.0063489610
-0.0068498748
-0.0010181912
-0.0005875719
-0.0043190410
-0.0059172512
-0.0059571898
-0.0019232508
-0.0025154025
-0.0023959310
-0.0016953570
-0.0015206564
-0.0062855062
-0.0080731981
-0.0078418798
-0.0083976255
-0.0005541080
-0.0055164517
-0.0091808283
-0.0089454486
-0.0099975309
-0.0022450142
-0.0080127070
-0.0071561810
-0.0071613044
-0.0078916153
-0.0090916399
-0.0100096822
-0.0096495088
-0.0067018664
-0.0096239551
-0.0096629537
-0.0060911138
-0.0065663155
-0.0076364808
-0.0013553162
-0.0006928860
-0.0009301024
-0.0044018251
-0.0040634509
-0.0030491826
-0.0077392951
-0.0053553583
-0.0051581381
-0.0080475544
-0.0073742512
-0.0104630202
-0.0108960530
-0.0114988912
-0.0062013387
-0.0031990016
-0.0005242123
-0.0004868251
-0.0027710909
-0.0032985618
-0.0061350767
-0.0065563020
-0.0059990573
-0.0054647934
-0.0054106997
-0.0050843992
-0.0006428365
-0.0003756717
-0.0051300005
-0.0049087978
-0.0005635646
-0.0010912394
-0.0009396190
-0.0041666338
-0.0046349745
-0.0072003047
-0.0071824424
-0.0042047811
-0.0046098062
-0.0056773970
-0.0051797072
-0.0059460386
-0.0004982128
-0.0050490780
-0.0039284562
-0.0004906807
-0.0005226678
-0.0011055396
-0.0038222031
-0.0025309335
-0.0026203758
-0.0031955648
-0.0056101153
-0.0079823260
-0.0075523466
-0.0073346421
-0.0019642690
-0.0019837824
-0.0025168891
-0.0056200175
-0.0083976922
-0.0083098096
-0.0080984630
-0.0004981664
-0.0010301701
-0.0006339514
-0.0006007484
-0.0106789033
-0.0059052785
-0.0057975794
-0.0070724277
-0.0075853052
-0.0075091816
-0.0037158499
-0.0057013234
-0.0006725762
-0.0007996139
-0.0017259368
-0.0023070354
-0.0021512325
-0.0108346983
-0.0114117152
-0.0113158905
-0.0094859974
-0.0068406164
-0.0074352255
-0.0064644692
-0.0069785160
-0.0057571185
-0.0060993289
-0.0056386780
-0.0067213996
-0.0064657667
-0.0026133973
-0.0020121138
-0.0073249371
-0.0033746987
-0.0032074943
-0.0037872877
-0.0024229495
-0.0011485448
-0.0005192579
-0.0006056183
-0.0064537786
-0.0051056483
-0.0059778784
-0.0123873379
-0.0126314154
-0.0091481218
-0.0096903782
-0.0082930795
-0.0076687611
-0.0000065179
-0.0044766707
-0.0042032386
-0.0039875831
-0.0095869646
-0.0090889653
-0.0037593921
-0.0032449864
-0.0037950271
-0.0094337154
-0.0088751041
-0.0094322507
-0.0033242307
-0.0037571937
-0.0039847390
-0.0027300491
-0.0048326879
-0.0045621732
-0.0042110448
-0.0097514065
-0.0103311032
-0.0097842809
-0.0092659124
-0.0098975950
-0.0135218781
-0.0065182849
-0.0077778241
-0.0066217536
-0.0075712158
-0.0084849016
-0.0032669139
-0.0037982874
-0.0057389367
-0.0054434537
-0.0053531673
-0.0102804187
-0.0098483212
-0.0092930161
-0.0098258830
-0.0098857089
-0.0036799954
-0.0058972054
-0.0104117263
-0.0108188580
-0.0101443176
-0.0039212603
-0.0034516347
-0.0040342586
-0.0032634910
-0.0037096224
-0.0130464864
-0.0131524694
-0.0067401392
-0.0103373147
-0.0098155341
-0.0094002895
-0.0098511182
-0.0085570891
-0.0048409989
-0.0035185924
-0.0114576717
-0.0111784391
-0.0080684101
-0.0076935875
-0.0032585788
-0.0037041386
-0.0104379973
-0.0105614814
-0.0033549878
-0.0056592297
-0.0088669710
-0.0135557367
-0.0135145606
-0.0102852493
-0.0068933131
-0.0038771249
-0.0034298122
-0.0104412323
-0.0099370694
-0.0093913378
-0.0099482484
-0.0038172077
-0.0041441479
-0.0111102967
-0.0096584457
-0.0032523346
-0.0037044042
-0.0095903029
-0.0090680838
-0.0105739659
-0.0104873490
-0.0093096064
-0.0099520396
-0.0036399942
-0.0032614472
-0.0037517912
-0.0043345196
-0.0094255017
-0.0099110560
-0.0073779369
-0.0086597574
-0.0033119237
-0.0039109896
-0.0043430381
-0.0043636518
-0.0038521067
-0.0099755577
-0.0093900594
-0.0112015236
-0.0105763899
-0.0101885404
-0.0097843798
-0.0105224798
-0.0094561143
-0.0088992112
-0.0087292376
-0.0037451615
-0.0040854331
-0.0104598804
-0.0096715856
-0.0071813685
-0.0117508228
-0.0033920425
-0.0037908355
-0.0088596537
-0.0094609456
-0.0038915635
-0.0035179409
-0.0121066985
-0.0117468211
-0.0079578233
-0.0091181483
-0.0093141843
-0.0086327422
-0.0116521769
-0.0068471887
-0.0073325507
-0.0044397679
-0.0037960437
-0.0039662404
-0.0089680137
-0.0096148357
-0.0091625830
-0.0098117547
-0.0030989283
-0.0037815391
-0.0036634599
-0.0038716607
-0.0036657243
-0.0033119117
-0.0089987632
-0.0093994257
-0.0094009641
-0.0103442499
-0.0063817744
-0.0070532304
-0.0102244466
-0.0022677877
-0.0009825806
-0.0013501092
-0.0033686280
-0.0038673096
-0.0099938143
-0.0120954801
-0.0087646349
-0.0090364266
-0.0084962505
-0.0094052480
-0.0099498525
-0.0034985253
-0.0041720693
-0.0045762665
-0.0087375586
-0.0088714696
-0.0083730560
-0.0031828334
-0.0037699972
-0.0099332077
-0.0104350206
-0.0076039726
-0.0074787742
-0.0043074115
-0.0031903370
-0.0034715282
-0.0097061490
-0.0091239474
-0.0089454872
-0.0103855433
-0.0063367803
-0.0099430999
-0.0093247028
-0.0031269499
-0.0073066267
-0.0079024043
-0.0036064255
-0.0033847635
-0.0026491698
-0.0020284549
-0.0023973957
-0.0026389425
-0.0024924981
-0.0027508980
-0.0076677118
-0.0094550494
-0.0100213561
-0.0068290917
-0.0075014589
-0.0086935458
-0.0026670720
-0.0032193424
-0.0032579988
-0.0097450079
-0.0093892243
-0.0036856987
-0.0039784070
-0.0096868594
-0.0097502195
-0.0084521029
-0.0088237499
-0.0082261068
-0.0039545272
-0.0068939752
-0.0071835820
-0.0018503767
-0.0076777291
-0.0094429247
-0.0069566512
-0.0077992574
-0.0035431305
-0.0082149198
-0.0084552831
-0.0102428622
-0.0105095783
-0.0037404147
-0.0076988080
-0.0031391726
-0.0030180295
-0.0082884164
-0.0078887420
-0.0032342427
-0.0033848340
-0.0037731315
-0.0032121907
-0.0036888916
-0.0054943287
-0.0084099835
-0.0090193386
-0.0085287318
-0.0079980103
-0.0073896282
-0.0077318349
-0.0078663806
-0.0089493633
-0.0078888845
-0.0086276949
-0.0095617158
-0.0090693942
-0.0028195217
-0.0034258762
-0.0027829512
-0.0024852074
-0.0022828800
-0.0079682714
-0.0075088176
-0.0018516699
-0.0013564498
-0.0017916554
-0.0020265390
-0.0020980278
-0.0015975079
-0.0082961939
-0.0081328794
-0.0076452192
-0.0080100567
-0.0071167189
-0.0077145873
-0.0036630608
-0.0040042502
-0.0045422470
-0.0099930513
-0.0095993999
-0.0093667959
-0.0079221396
-0.0077717378
-0.0092802515
-0.0098613762
-0.0092853072
-0.0078383594
-0.0025882198
-0.0078281264
-0.0078304785
-0.0040631045
-0.0035689702
-0.0034420173
-0.0030821817
-0.0083340947
-0.0026079990
-0.0068725062
-0.0075267171
-0.0036012046
-0.0031073308
-0.0037063160
-0.0084999290
-0.0083127666
-0.0093835442
-0.0087739389
-0.0079974432
-0.0073087839
-0.0008790267
-0.0005283461
-0.0004616619
-0.0005904568
-0.0026118691
-0.0079820140
-0.0077267003
-0.0032559171
-0.0038968738
-0.0100501362
-0.0106166620
-0.0098083158
-0.0023361170
-0.0012516928
-0.0018347221
-0.0031214486
-0.0026240939
-0.0015565634
-0.0009376080
-0.0022141954
-0.0026801233
-0.0034120178
-0.0038895168
-0.0104355242
-0.0099632487
-0.0084867193
-0.0090107728
-0.0010104608
-0.0011514859
-0.0015904649
-0.0069023469
-0.0065797037
-0.0070534590
-0.0083039033
-0.0077505459
-0.0034237459
-0.0038998483
-0.0089622276
-0.0095681760
-0.0086497001
-0.0026131335
-0.0025447438
-0.0083350585
-0.0077201587
-0.0092645962
-0.0033418032
-0.0038391461
-0.0093122644
-0.0098408468
-0.0087562266
-0.0028918708
-0.0022532694
-0.0039967443
-0.0038459950
-0.0094833222
-0.0023888230
-0.0060474544
-0.0067672739
-0.0093088727
-0.0097837096
-0.0088731275
-0.0088843873
-0.0084584107
-0.0033160237
-0.0038282760
-0.0062033098
-0.0067048200
-0.0097167394
-0.0103461273
-0.0089749116
-0.0100759983
-0.0091072339
-0.0060806754
-0.0066580369
-0.0088574911
-0.0033561815
-0.0038497201
-0.0064419169
-0.0060740599
-0.0060741563
-0.0065775365
-0.0086474693
-0.0084928613
-0.0034528042
-0.0038689952
-0.0090944608
-0.0096637803
-0.0055027133
-0.0104101820
-0.0021612926
-0.0026666056
-0.0020724982
-0.0085958961
-0.0083652003
-0.0096708226
-0.0102356312
-0.0049368969
-0.0004295133
-0.0010040766
-0.0034139633
-0.0038691537
-0.0111600026
-0.0106042722
-0.0106525972
-0.0015230599
-0.0019356024
-0.0097264109
-0.0102977598
-0.0095478120
-0.0045944372
-0.0049543259
-0.0042153715
-0.0040530108
-0.0036747408
-0.0089197430
-0.0083448564
-0.0034057714
-0.0038591686
-0.0052492500
-0.0045833777
-0.0060743680
-0.0055215600
-0.0044014198
-0.0037340758
-0.0034760503
-0.0097139301
-0.0102897083
-0.0066420230
-0.0098521267
-0.0033946397
-0.0038431078
-0.0071882343
-0.0074235944
-0.0068003900
-0.0096997617
-0.0103351769
-0.0042254061
-0.0037089019
-0.0083183815
-0.0088849583
-0.0033890616
-0.0038503696
-0.0086568842
-0.0096893676
-0.0102663205
-0.0068182788
-0.0071733224
-0.0063292497
-0.0067008828
-0.0033977553
-0.0038634363
-0.0032539297
-0.0030664687
-0.0033814240
-0.0087545656
-0.0097005387
-0.0102634379
-0.0058788763
-0.0034017074
-0.0038545595
-0.0056327191
-0.0050929543
-0.0100847944
-0.0095726186
-0.0094891924
-0.0054491639
-0.0060155944
-0.0073285361
-0.0044248534
-0.0097609436
-0.0102721962
-0.0033996612
-0.0037907418
-0.0112499362
-0.0117229539
-0.0096347356
-0.0101825462
-0.0097309267
-0.0033904537
-0.0038355966
-0.0058830789
-0.0074677797
-0.0069440933
-0.0065142383
-0.0097305933
-0.0103163491
-0.0104505185
-0.0035896131
-0.0031130208
-0.0036743424
-0.0040625955
-0.0037874091
-0.0101792690
-0.0097870661
-0.0099496157
-0.0033806827
-0.0038434923
-0.0092734101
-0.0081085525
-0.0073919358
-0.0068554243
-0.0098842247
-0.0104204283
-0.0098528187
-0.0033682707
-0.0037705936
-0.0096248643
-0.0102734417
-0.0054804094
-0.0041374228
-0.0041063459
-0.0104301403
-0.0097748343
-0.0038550938
-0.0033297548
-0.0038944015
-0.0082556062
-0.0093877917
-0.0032757716
-0.0037807291
-0.0095910262
-0.0101713838
-0.0023299994
-0.0018641821
-0.0024939151
-0.0039616502
-0.0034870337
-0.0040732140
-0.0032623180
-0.0038792926
-0.0033172334
-0.0038054066
-0.0095547596
-0.0101354512
-0.0035827142
-0.0032317226
-0.0039976212
-0.0037808153
-0.0086107809
-0.0094701680
-0.0100309584
-0.0007338917
-0.0042881709
-0.0048725107
-0.0038765797
-0.0011466238
-0.0018067611
-0.0033546240
-0.0037960231
-0.0067817702
-0.0039766557
-0.0033274716
-0.0039573418
-0.0093937405
-0.0099865091
-0.0094935088
-0.0094788381
-0.0100383480
-0.0033631650
-0.0038496827
-0.0123360314
-0.0125575687
-0.0128109771
-0.0100490775
-0.0095245521
-0.0094889471
-0.0100468579
-0.0033729209
-0.0037829982
-0.0029464985
-0.0028377738
-0.0074017161
-0.0067481813
-0.0024490430
-0.0107939892
-0.0101252411
-0.0104226486
-0.0095023955
-0.0100510850
-0.0037374270
-0.0097260726
-0.0096907859
-0.0100819679
-0.0095643836
-0.0033379431
-0.0037630720
-0.0101579968
-0.0088479516
-0.0094241803
-0.0068989974
-0.0066566524
-0.0101844114
-0.0096839861
-0.0032358679
-0.0036977483
-0.0103393132
-0.0097913235
-0.0048777926
-0.0044418554
-0.0092517669
-0.0042391388
-0.0088600653
-0.0036053714
-0.0099552929
-0.0092656559
-0.0053873268
-0.0047318649
-0.0052550909
-0.0054404006
-0.0047570951
-0.0053177602
-0.0047691353
-0.0053619646
-0.0059684989
-0.0065916933
-0.0054612079
-0.0054039850
-0.0098500900
-0.0032393199
-0.0037576460
-0.0037331829
-0.0055105551
-0.0049847774
-0.0048146770
-0.0053589644
-0.0067315026
-0.0049693927
-0.0068197478
-0.0066803191
-0.0065114367
-0.0051683777
-0.0064095144
-0.0058662044
-0.0062256186
-0.0093007431
-0.0099796866
-0.0097038178
-0.0048178958
-0.0053513077
-0.0061079818
-0.0055142094
-0.0048130360
-0.0053496430
-0.0004786753
-0.0014093728
-0.0011762071
-0.0027036670
-0.0071166942
-0.0066421331
-0.0008878889
-0.0129418055
-0.0060694202
-0.0066191165
-0.0069290031
-0.0059748918
-0.0063122208
-0.0115258093
-0.0120669943
-0.0126139381
-0.0047236081
-0.0052894603
-0.0129510271
-0.0069308572
-0.0063251900
-0.0055447104
-0.0047257244
-0.0053402692
-0.0067483404
-0.0067653111
-0.0047705746
-0.0054089202
-0.0066773902
-0.0061584228
-0.0055794728
-0.0050399791
-0.0049175694
-0.0055275491
-0.0116946761
-0.0110155478
-0.0129139599
-0.0134668712
-0.0133386927
-0.0050291380
-0.0055489767
-0.0113241197
-0.0062167829
-0.0054689536
-0.0132864667
-0.0125914757
-0.0119874791
-0.0013889718
-0.0059670888
-0.0052351014
-0.0065690677
-0.0053792247
-0.0129389195
-0.0123533990
-0.0110917014
-0.0065965203
-0.0059827546
-0.0061796576
-0.0069565408
-0.0059955867
-0.0094597368
-0.0095925284
-0.0054807623
-0.0049080655
-0.0067695022
-0.0097191964
-0.0094024836
-0.0115778826
-0.0064930225
-0.0040560134
-0.0046813408
-0.0042943477
-0.0048266639
-0.0053573903
-0.0055812298
-0.0050331059
-0.0055446451
-0.0011303613
-0.0005118446
-0.0004148364
-0.0127121434
-0.0046228359
-0.0041043356
-0.0091066678
-0.0004536065
-0.0007539333
-0.0049312545
-0.0054276255
-0.0066677654
-0.0047037531
-0.0053224337
-0.0112689270
-0.0121930620
-0.0104914274
-0.0095617296
-0.0090748347
-0.0111215104
-0.0115998566
-0.0119421870
-0.0081512949
-0.0065312099
-0.0062128195
-0.0046419328
-0.0052691985
-0.0064254771
-0.0043747179
-0.0004355226
-0.0005206001
-0.0043472724
-0.0068846023
-0.0045034910
-0.0047380460
-0.0052094830
-0.0056960234
-0.0062137734
-0.0057644623
-0.0058207155
-0.0067518300
-0.0064457675
-0.0074402485
-0.0055398096
-0.0052758469
-0.0058717586
-0.0096752105
-0.0088813249
-0.0091027612
-0.0050195014
-0.0055794059
-0.0049189978
-0.0052820197
-0.0122587780
-0.0128860869
-0.0126988706
-0.0120633783
-0.0113804416
-0.0115547186
-0.0109370287
-0.0103245638
-0.0045137468
-0.0059706447
-0.0056252668
-0.0061482373
-0.0077478456
-0.0084280619
-0.0081355951
-0.0011802067
-0.0005165821
-0.0053711725
-0.0047880476
-0.0049451827
-0.0055907535
-0.0043542158
-0.0062623561
-0.0056122178
-0.0048285250
-0.0048794858
-0.0053139778
-0.0047090829
-0.0049602788
-0.0055046848
-0.0049692024
-0.0044401863
-0.0050178474
-0.0116777437
-0.0110906940
-0.0118099074
-0.0017275413
-0.0012496307
-0.0031776042
-0.0034256522
-0.0041614729
-0.0046169788
-0.0046585642
-0.0060803991
-0.0050152313
-0.0044024964
-0.0089817229
-0.0100570093
-0.0095277905
-0.0045631907
-0.0050205734
-0.0047952022
-0.0052305585
-0.0046371118
-0.0047396321
-0.0055950727
-0.0054340574
-0.0056173167
-0.0054618613
-0.0047205458
-0.0045928334
-0.0057736629
-0.0051489960
-0.0058049816
-0.0061403869
-0.0008931193
-0.0004769393
-0.0020669148
-0.0021026674
-0.0016854615
-0.0028924512
-0.0033869579
-0.0045136683
-0.0047236350
-0.0051335060
-0.0054583366
-0.0048583161
-0.0056991088
-0.0050723263
-0.0054116279
-0.0085550091
-0.0044465336
-0.0042203470
-0.0048534138
-0.0051392932
-0.0047312919
-0.0067562575
-0.0062087007
-0.0055168961
-0.0048278964
-0.0045541669
-0.0041731810
-0.0044411955
-0.0062209656
-0.0051860141
-0.0043641627
-0.0050277734
-0.0042966171
-0.0061561796
-0.0055493071
-0.0010346782
-0.0004684188
-0.0010072296
-0.0105016317
-0.0106085009
-0.0055077507
-0.0049185055
-0.0049560062
-0.0054180828
-0.0047712770
-0.0055015105
-0.0060273680
-0.0042940017
-0.0055912359
-0.0049830328
-0.0050075598
-0.0053580341
-0.0046904383
-0.0052824989
-0.0071289127
-0.0020197076
-0.0122794532
-0.0014429402
-0.0020085175
-0.0015763601
-0.0056582284
-0.0050359677
-0.0052896688
-0.0048103693
-0.0112401628
-0.0037391010
-0.0037769416
-0.0032931737
-0.0027280717
-0.0043273215
-0.0043472008
-0.0064818356
-0.0062501479
-0.0064867081
-0.0112951326
-0.0058117755
-0.0051734919
-0.0042377600
-0.0053369639
-0.0047488937
-0.0058567299
-0.0063527983
-0.0018850250
-0.0059230419
-0.0052222668
-0.0048288249
-0.0052923485
-0.0048074189
-0.0055711847
-0.0057351756
-0.0114701299
-0.0103833765
-0.0048443346
-0.0040344176
-0.0041428933
-0.0045366846
-0.0122590757
-0.0124120109
-0.0119389671
-0.0058988622
-0.0053047143
-0.0053957941
-0.0048382449
-0.0052299284
-0.0049705361
-0.0055594139
-0.0060164820
-0.0054007003
-0.0035138093
-0.0040739139
-0.0048073864
-0.0049577254
-0.0055428160
-0.0113450444
-0.0068470074
-0.0074677185
-0.0080964418
-0.0015675873
-0.0013885234
-0.0022982520
-0.0059822460
-0.0055622867
-0.0045382047
-0.0039633350
-0.0050592893
-0.0085052811
-0.0088549974
-0.0041398136
-0.0050136292
-0.0055078899
-0.0044521489
-0.0058664180
-0.0052302553
-0.0056276443
-0.0050642066
-0.0052823907
-0.0048682139
-0.0054397286
-0.0120231586
-0.0127647167
-0.0120645481
-0.0102375207
-0.0109419552
-0.0107221299
-0.0040253956
-0.0032843837
-0.0014626478
-0.0017888144
-0.0114171855
-0.0115494896
-0.0061277257
-0.0054620042
-0.0046598719
-0.0041469373
-0.0059664463
-0.0054011436
-0.0013495103
-0.0009699204
-0.0014889652
-0.0045844395
-0.0041934243
-0.0048470175
-0.0054396529
-0.0051410882
-0.0045994468
-0.0043458740
-0.0014908443
-0.0119078057
-0.0112026683
-0.0115637614
-0.0060823551
-0.0054630145
-0.0063945667
-0.0056875764
-0.0048875673
-0.0055011543
-0.0003402942
-0.0077719865
-0.0059804908
-0.0054065935
-0.0054376362
-0.0063605961
-0.0064995063
-0.0059274541
-0.0054032623
-0.0034695252
-0.0041231284
-0.0048150588
-0.0048905411
-0.0054999415
-0.0048125367
-0.0076522583
-0.0104066874
-0.0108318132
-0.0068505078
-0.0064902904
-0.0061917207
-0.0054943185
-0.0048907289
-0.0054942395
-0.0086688629
-0.0085400729
-0.0007346516
-0.0066172458
-0.0063165782
-0.0007682870
-0.0004374585
-0.0050404414
-0.0053547572
-0.0055004991
-0.0056969761
-0.0058660248
-0.0036645165
-0.0042370922
-0.0061399376
-0.0056181291
-0.0048773480
-0.0054795790
-0.0061434307
-0.0059081425
-0.0054806928
-0.0080204976
-0.0056882229
-0.0014389159
-0.0118873799
-0.0031364459
-0.0036228267
-0.0035978178
-0.0053282314
-0.0046642935
-0.0048124000
-0.0049842072
-0.0053316704
-0.0048769552
-0.0045474968
-0.0061487329
-0.0056537757
-0.0048739037
-0.0054907028
-0.0075742816
-0.0076339953
-0.0081166378
-0.0084601180
-0.0079975589
-0.0083845404
-0.0121678551
-0.0127551884
-0.0051516698
-0.0087114931
-0.0090573085
-0.0024063576
-0.0021563693
-0.0049161708
-0.0044929360
-0.0060961652
-0.0055256548
-0.0057064984
-0.0048870026
-0.0055043208
-0.0052984346
-0.0045649563
-0.0053121768
-0.0049464702
-0.0054906900
-0.0053376128
-0.0010995149
-0.0013767278
-0.0053382494
-0.0046890416
-0.0049277793
-0.0054658781
-0.0017152988
-0.0033837396
-0.0014496133
-0.0007405986
-0.0009409202
-0.0020018027
-0.0019740581
-0.0105377895
-0.0053837676
-0.0047379458
-0.0048681656
-0.0042836428
-0.0043097211
-0.0087113764
-0.0091190318
-0.0085320441
-0.0063329813
-0.0068399697
-0.0091378152
-0.0128394547
-0.0126568530
-0.0123369101
-0.0117467733
-0.0102601547
-0.0030225037
-0.0081281695
-0.0128865198
-0.0129459394
-0.0124563427
-0.0061395984
-0.0055561060
-0.0060550977
-0.0050075830
-0.0044058142
-0.0050624616
-0.0066506295
-0.0060374427
-0.0064562278
-0.0057009766
-0.0048576138
-0.0054650053
-0.0032755738
-0.0026276617
-0.0055114274
-0.0047978965
-0.0046317920
-0.0051511513
-0.0057509645
-0.0060562323
-0.0078276190
-0.0118404095
-0.0111848389
-0.0122575532
-0.0118635488
-0.0048824355
-0.0054867032
-0.0055017510
-0.0050126320
-0.0050299176
-0.0056087181
-0.0053538107
-0.0048782049
-0.0057381308
-0.0056273477
-0.0050129618
-0.0056243502
-0.0053736188
-0.0060779236
-0.0058314137
-0.0048147801
-0.0053490402
-0.0014678282
-0.0008589905
-0.0012188884
-0.0057981232
-0.0051557149
-0.0047600543
-0.0051192557
-0.0048229788
-0.0053804105
-0.0066945574
-0.0061629955
-0.0064090947
-0.0057669913
-0.0047700752
-0.0054265172
-0.0076517744
-0.0080150892
-0.0106032800
-0.0051683848
-0.0045110434
-0.0048379101
-0.0053644286
-0.0049988473
-0.0056468567
-0.0052414262
-0.0045918905
-0.0048884841
-0.0054788035
-0.0054197584
-0.0047767501
-0.0042407089
-0.0125546133
-0.0046727955
-0.0048015739
-0.0052410828
-0.0119270676
-0.0114369064
-0.0018958246
-0.0025477670
-0.0058818516
-0.0048821669
-0.0103540722
-0.0060435986
-0.0053345512
-0.0059297154
-0.0056244454
-0.0056717421
-0.0070732947
-0.0012618905
-0.0060650918
-0.0013231918
-0.0010507294
-0.0005513891
-0.0009591921
-0.0134956101
-0.0130523338
-0.0130608203
-0.0012017131
-0.0018421890
-0.0011995840
-0.0067902482
-0.0072331289
-0.0068563658
-0.0077251772
-0.0082293056
-0.0077918697
-0.0110888235
-0.0116353440
-0.0110972335
-0.0108010069
-0.0110031740
-0.0113900725
-0.0025391252
-0.0014133096
-0.0102469125
-0.0029034749
-0.0035031686
-0.0030501295
-0.0070933980
-0.0075838765
-0.0071594043
-0.0115038250
-0.0120246209
-0.0115020537
-0.0028773224
-0.0023335231
-0.0028763061
-0.0126703392
-0.0121255942
-0.0126632616
-0.0029463980
-0.0030033975
-0.0122172721
-0.0116540363
-0.0118234767
-0.0112462241
-0.0114362558
-0.0092519154
-0.0099256493
-0.0074049213
-0.0058038557
-0.0047893053
-0.0019529333
-0.0026801273
-0.0027233905
-0.0004056236
-0.0008749701
-0.0122377218
-0.0011371894
-0.0017846637
-0.0012334530
-0.0080958133
-0.0087020730
-0.0081406408
-0.0011997028
-0.0017557162
-0.0068177943
-0.0072627904
-0.0077525320
-0.0082579907
-0.0109179264
-0.0115453466
-0.0081502337
-0.0088108822
-0.0083232701
-0.0064294535
-0.0029999486
-0.0116122442
-0.0082159944
-0.0035454157
-0.0029566101
-0.0019083167
-0.0013626718
-0.0076320221
-0.0071533645
-0.0131314389
-0.0120566133
-0.0114372111
-0.0023310800
-0.0027878034
-0.0121168232
-0.0125726498
-0.0036490591
-0.0031524307
-0.0133280165
-0.0100222032
-0.0105855771
-0.0111486587
-0.0116156021
-0.0029159696
-0.0005129979
-0.0010947143
-0.0128265141
-0.0005334099
-0.0011686572
-0.0124064644
-0.0092588949
-0.0026443314
-0.0087454591
-0.0082639872
-0.0011962491
-0.0017532002
-0.0069924652
-0.0073716863
-0.0078432980
-0.0083658254
-0.0109390788
-0.0114706220
-0.0012177049
-0.0018633452
-0.0069761904
-0.0103365057
-0.0102383304
-0.0005806595
-0.0132334032
-0.0120762537
-0.0115423523
-0.0023294626
-0.0027831150
-0.0119443688
-0.0124963121
-0.0016831328
-0.0029307484
-0.0019001270
-0.0013054800
-0.0077189042
-0.0071403378
-0.0011968773
-0.0017471053
-0.0068991410
-0.0073614631
-0.0078330052
-0.0083551606
-0.0110226549
-0.0114881734
-0.0007609122
-0.0123853169
-0.0130087010
-0.0004665294
-0.0048168796
-0.0123261598
-0.0094354510
-0.0004538755
-0.0008772361
-0.0006722531
-0.0133173893
-0.0121840554
-0.0116698924
-0.0023230029
-0.0027746455
-0.0119649873
-0.0125159880
-0.0084734462
-0.0010367981
-0.0124336448
-0.0028492970
-0.0018656073
-0.0012772339
-0.0077901908
-0.0071906710
-0.0081118316
-0.0087654179
-0.0082782803
-0.0012160739
-0.0017650372
-0.0068177788
-0.0072710251
-0.0077549355
-0.0082705557
-0.0109542643
-0.0115774506
-0.0129334798
-0.0024541578
-0.0029318217
-0.0031197422
-0.0133249802
-0.0123209390
-0.0128655886
-0.0121796763
-0.0029933098
-0.0133993308
-0.0132838863
-0.0022401605
-0.0027823293
-0.0121557083
-0.0126215615
-0.0006845692
-0.0008711940
-0.0080947617
-0.0043627056
-0.0024252390
-0.0012869713
-0.0018658075
-0.0068479277
-0.0072894226
-0.0077817231
-0.0082978069
-0.0055732123
-0.0134087938
-0.0133094885
-0.0109251129
-0.0111220459
-0.0004931150
-0.0006622948
-0.0006641484
-0.0125718228
-0.0117768315
-0.0110915488
-0.0028675738
-0.0120918625
-0.0126585745
-0.0104137762
-0.0110375665
-0.0025083038
-0.0031942813
-0.0029907169
-0.0109879263
-0.0128743091
-0.0134783475
-0.0122544432
-0.0122974179
-0.0134878814
-0.0069068490
-0.0073346478
-0.0074405555
-0.0078759376
-0.0072183033
-0.0128357867
-0.0005226010
-0.0012910857
-0.0006147343
-0.0012532309
-0.0077650492
-0.0120534413
-0.0126294719
-0.0104740592
-0.0110700378
-0.0054758616
-0.0005994625
-0.0012654564
-0.0082885146
-0.0008994423
-0.0087155399
-0.0085244179
-0.0093258661
-0.0022796225
-0.0029365528
-0.0006318072
-0.0012614649
-0.0068942485
-0.0073224654
-0.0065437151
-0.0058667236
-0.0061381540
-0.0029564995
-0.0104568788
-0.0024923323
-0.0025749380
-0.0135508590
-0.0131653085
-0.0009928184
-0.0078739206
-0.0121131748
-0.0126559323
-0.0077611940
-0.0070563498
-0.0118841305
-0.0019364182
-0.0004853965
-0.0006417054
-0.0011807099
-0.0071485972
-0.0076264524
-0.0081400792
-0.0085392771
-0.0100421269
-0.0116660037
-0.0113775589
-0.0033684274
-0.0029340804
-0.0018823258
-0.0012923624
-0.0086851794
-0.0077912119
-0.0104325489
-0.0098724117
-0.0100509964
-0.0101982506
-0.0108449142
-0.0111248304
-0.0072355454
-0.0065976109
-0.0106588600
-0.0007428309
-0.0003659639
-0.0072970972
-0.0068239797
-0.0116084987
-0.0103010270
-0.0098324150
-0.0132866896
-0.0023793893
-0.0004792936
-0.0029330157
-0.0134577788
-0.0040848100
-0.0021757722
-0.0006168827
-0.0125482699
-0.0118456669
-0.0120870762
-0.0034049826
-0.0028712557
-0.0018777704
-0.0013130538
-0.0079403545
-0.0073314694
-0.0030867687
-0.0107686627
-0.0055951101
-0.0049289272
-0.0053320581
-0.0005315166
-0.0012640364
-0.0012251238
-0.0068420181
-0.0063692712
-0.0106504422
-0.0072195099
-0.0134117719
-0.0111117343
-0.0105500116
-0.0005169481
-0.0029131994
-0.0007356119
-0.0008688348
-0.0003804734
-0.0018124188
-0.0012993631
-0.0078542756
-0.0072907466
-0.0100274980
-0.0004877701
-0.0010052370
-0.0005202103
-0.0015622543
-0.0072340852
-0.0077942462
-0.0083811316
-0.0088678400
-0.0106528258
-0.0112662145
-0.0028370332
-0.0012495918
-0.0018670457
-0.0070077954
-0.0085662987
-0.0034977032
-0.0017547290
-0.0098421342
-0.0067412879
-0.0076348701
-0.0072085869
-0.0105542703
-0.0117603278
-0.0118664614
-0.0010562071
-0.0010420301
-0.0014938181
-0.0121513627
-0.0079833261
-0.0085261791
-0.0125722077
-0.0130661731
-0.0066529013
-0.0000091952
-0.0031652328
-0.0033162488
-0.0028070886
-0.0017843573
-0.0012483197
-0.0004323823
-0.0014530503
-0.0008994438
-0.0134196630
-0.0012273490
-0.0018955630
-0.0093983436
-0.0099612747
-0.0063985032
-0.0075882605
-0.0024209651
-0.0123061927
-0.0062609608
-0.0066535519
-0.0013832492
-0.0071982498
-0.0076940092
-0.0082414858
-0.0109147216
-0.0113053577
-0.0119681678
-0.0070122650
-0.0074993512
-0.0079496256
-0.0085961418
-0.0025627531
-0.0020110310
-0.0019892947
-0.0016259761
-0.0010783877
-0.0075344197
-0.0071254594
-0.0103216088
-0.0096212157
-0.0088884676
-0.0081597668
-0.0088166284
-0.0012625398
-0.0018108654
-0.0115034257
-0.0108921234
-0.0112567819
-0.0068105939
-0.0064673332
-0.0006389318
-0.0028180347
-0.0023278117
-0.0099744667
-0.0004589977
-0.0009111067
-0.0076106013
-0.0130646654
-0.0032241980
-0.0081612555
-0.0079025105
-0.0085526276
-0.0009837379
-0.0012977872
-0.0044599052
-0.0067757926
-0.0014366233
-0.0131688358
-0.0086977684
-0.0093965940
-0.0078288202
-0.0084334480
-0.0061316938
-0.0064819260
-0.0067093117
-0.0030104675
-0.0027510755
-0.0114430724
-0.0120744121
-0.0114893471
-0.0012189309
-0.0112037489
-0.0006026570
-0.0005205439
-0.0013215518
-0.0014948532
-0.0101093451
-0.0108291723
-0.0105081510
-0.0109330118
-0.0007637890
-0.0003661970
-0.0075162930
-0.0036875600
-0.0029352293
-0.0034143931
-0.0005995816
-0.0081028469
-0.0049917323
-0.0007206647
-0.0004464758
-0.0022544873
-0.0084703980
-0.0089756873
-0.0102703459
-0.0028047724
-0.0029108371
-0.0091042154
-0.0100307679
-0.0093870771
-0.0016011934
-0.0058741940
-0.0113779499
-0.0113040199
-0.0108595406
-0.0044353844
-0.0051434627
-0.0081634272
-0.0007629232
-0.0010852695
-0.0063638564
-0.0062615591
-0.0009538704
-0.0113839018
-0.0109249203
-0.0036787582
-0.0043722023
-0.0022566863
-0.0066718437
-0.0069692340
-0.0065263344
-0.0078808423
-0.0073286170
-0.0068700964
-0.0075077724
-0.0047701339
-0.0009567751
-0.0014832776
-0.0032783730
-0.0121926173
-0.0060172669
-0.0084118077
-0.0086251011
-0.0090515703
-0.0003556984
-0.0113279421
-0.0031397628
-0.0026124510
-0.0067499287
-0.0062663526
-0.0073326681
-0.0068505019
-0.0113862511
-0.0108062201
-0.0026360269
-0.0075042479
-0.0098830843
-0.0109017623
-0.0073068415
-0.0070635084
-0.0094512290
-0.0095007415
-0.0126425164
-0.0085748099
-0.0093871839
-0.0017521622
-0.0102286371
-0.0107436588
-0.0012237067
-0.0018274773
-0.0011215635
-0.0099875311
-0.0103472390
-0.0097567706
-0.0105530703
-0.0101221983
-0.0100710248
-0.0012286792
-0.0007824224
-0.0007389696
-0.0022447325
-0.0087689656
-0.0087030365
-0.0005782070
-0.0004302360
-0.0011619101
-0.0008738332
-0.0005829152
-0.0079139419
-0.0024769399
-0.0065769616
-0.0072033768
-0.0062570357
-0.0058409020
-0.0063363418
-0.0058966052
-0.0107049114
-0.0004987792
-0.0061317966
-0.0062738749
-0.0101841413
-0.0100079626
-0.0088057246
-0.0085581120
-0.0092071377
-0.0090383054
-0.0077612245
-0.0012705679
-0.0029385467
-0.0096291600
-0.0056246400
-0.0076139024
-0.0108365749
-0.0115677712
-0.0110063501
-0.0006672569
-0.0011341369
-0.0007539676
-0.0067616009
-0.0091921974
-0.0098547409
-0.0021299650
-0.0027064115
-0.0025377690
-0.0061344523
-0.0085269975
-0.0006093040
-0.0066149704
-0.0071175233
-0.0069364398
-0.0017789075
-0.0025980897
-0.0031340248
-0.0058435060
-0.0068629932
-0.0063335335
-0.0005802065
-0.0010518398
-0.0012493740
-0.0077444274
-0.0101477974
-0.0096071851
-0.0107123958
-0.0029231225
-0.0022281171
-0.0081892528
-0.0102491487
-0.0009775663
-0.0061315747
-0.0058765180
-0.0065333650
-0.0117872201
-0.0096276041
-0.0098848475
-0.0094479907
-0.0084309516
-0.0083127397
-0.0068644610
-0.0101299309
-0.0005926345
-0.0009131793
-0.0112955988
-0.0024739248
-0.0038514186
-0.0085240379
-0.0088877467
-0.0073459819
-0.0049533856
-0.0038540054
-0.0087043130
-0.0087515753
-0.0062865514
-0.0063169766
-0.0094376890
-0.0100115193
-0.0025339415
-0.0023951724
-0.0029155974
-0.0005911543
-0.0008843771
-0.0070281645
-0.0092762401
-0.0096903626
-0.0005488825
-0.0007429781
-0.0060478713
-0.0059775965
-0.0088776554
-0.0083908947
-0.0089073908
-0.0101226463
-0.0101480441
-0.0106161534
-0.0072897094
-0.0080327723
-0.0080365238
-0.0087535174
-0.0083884885
-0.0104992402
-0.0099960889
-0.0097236061
-0.0104076651
-0.0099867229
-0.0082573465
-0.0088759476
-0.0096608240
-0.0061097039
-0.0064667446
-0.0058165638
-0.0009584736
-0.0003950415
-0.0070344598
-0.0075414612
-0.0074826008
-0.0042392723
-0.0047870721
-0.0024509230
-0.0004757419
-0.0006718091
-0.0051191088
-0.0060301173
-0.0022046123
-0.0090487538
-0.0059747300
-0.0032524348
-0.0027670931
-0.0031662076
-0.0083780496
-0.0058997801
-0.0059151467
-0.0086966919
-0.0093137196
-0.0056633840
-0.0065738587
-0.0059628054
-0.0004969660
-0.0005077844
-0.0102481897
-0.0080992918
-0.0077565462
-0.0100830321
-0.0094701153
-0.0011211905
-0.0026716173
-0.0084243463
-0.0076127128
-0.0082095714
-0.0081125855
-0.0109786675
-0.0116715775
-0.0113306868
-0.0009522033
-0.0010601906
-0.0003921966
-0.0085520923
-0.0090126865
-0.0059370071
-0.0088463267
-0.0094617920
-0.0056261299
-0.0084975125
-0.0089839587
-0.0007580220
-0.0114040399
-0.0108564526
-0.0053258471
-0.0007465195
-0.0086523673
-0.0092897072
-0.0086466016
-0.0026454034
-0.0096710825
-0.0005442303
-0.0119286994
-0.0007484910
-0.0091491805
-0.0093044447
-0.0021502631
-0.0084272728
-0.0058878586
-0.0058797244
-0.0086191885
-0.0010417009
-0.0015898759
-0.0013507574
-0.0073796883
-0.0067138760
-0.0099089198
-0.0061765953
-0.0063225349
-0.0053477707
-0.0009197637
-0.0081608072
-0.0080215464
-0.0086444496
-0.0122125539
-0.0125144478
-0.0097646140
-0.0092596248
-0.0064620032
-0.0058896738
-0.0063703651
-0.0009850296
-0.0006916566
-0.0004820926
-0.0068475946
-0.0010097782
-0.0012054077
-0.0094151998
-0.0021030971
-0.0082266808
-0.0059285450
-0.0028166328
-0.0026018736
-0.0013207249
-0.0026209690
-0.0022638057
-0.0020082825
-0.0046525605
-0.0055742466
-0.0002465761
-0.0063784214
-0.0048767941
-0.0052276921
-0.0048870178
-0.0004420660
-0.0006900181
-0.0112441114
-0.0108232354
-0.0072885966
-0.0116722924
-0.0010557243
-0.0094352642
-0.0021785914
-0.0057346342
-0.0084144103
-0.0087584694
-0.0061228712
-0.0085161276
-0.0091536455
-0.0069353251
-0.0056239237
-0.0096416368
-0.0053732964
-0.0047001823
-0.0004931767
-0.0009407171
-0.0029240253
-0.0006668278
-0.0012879510
-0.0065337781
-0.0065507000
-0.0019781566
-0.0046823280
-0.0041382468
-0.0021815917
-0.0020103756
-0.0068396176
-0.0093970419
-0.0095179345
-0.0029541644
-0.0098921218
-0.0006610905
-0.0012852965
-0.0074554856
-0.0075526533
-0.0087925946
-0.0080546793
-0.0085592805
-0.0004461126
-0.0065172112
-0.0074041087
-0.0068204750
-0.0075997586
-0.0055275695
-0.0059435401
-0.0091840404
-0.0089786652
-0.0029043331
-0.0072054743
-0.0082095978
-0.0084869243
-0.0079391403
-0.0124552241
-0.0119722673
-0.0129003809
-0.0108143188
-0.0112860060
-0.0013800743
-0.0048687296
-0.0073815677
-0.0007028489
-0.0012117108
-0.0043942777
-0.0095328207
-0.0088795444
-0.0072152840
-0.0077042345
-0.0128339876
-0.0106580400
-0.0111859665
-0.0014047820
-0.0049700692
-0.0056211919
-0.0091890734
-0.0118261136
-0.0112268309
-0.0101521776
-0.0107290512
-0.0095211024
-0.0099909818
-0.0052471178
-0.0006984247
-0.0012670362
-0.0081893486
-0.0045032931
-0.0004374496
-0.0016738369
-0.0104067867
-0.0049485188
-0.0069129551
-0.0074094575
-0.0054814792
-0.0059175165
-0.0062184647
-0.0063008085
-0.0085773193
-0.0092370665
-0.0087174165
-0.0098332664
-0.0099427876
-0.0012704297
-0.0017525779
-0.0071261868
-0.0076682841
-0.0082190274
-0.0087399352
-0.0109386267
-0.0115128209
-0.0082579647
-0.0111979623
-0.0091272995
-0.0006966600
-0.0077569267
-0.0007307890
-0.0008961979
-0.0028434002
-0.0027558833
-0.0126035427
-0.0131362628
-0.0043141309
-0.0025354141
-0.0067453175
-0.0065997342
-0.0048395310
-0.0051212245
-0.0054487619
-0.0087864798
-0.0088129077
-0.0094276616
-0.0098030949
-0.0071238474
-0.0080724258
-0.0086649570
-0.0109097340
-0.0114749712
-0.0079935753
-0.0058665582
-0.0011897270
-0.0008583610
-0.0004073362
-0.0018381887
-0.0068849207
-0.0071938641
-0.0064334950
-0.0071951014
-0.0066325285
-0.0092930707
-0.0006477532
-0.0012717109
-0.0131256309
-0.0011460328
-0.0033347547
-0.0031120071
-0.0013924518
-0.0006430772
-0.0093188327
-0.0098776041
-0.0023895920
-0.0029648653
-0.0070705861
-0.0075540355
-0.0108710316
-0.0114363383
-0.0050595470
-0.0081698693
-0.0059792190
-0.0064631735
-0.0063008966
-0.0115774587
-0.0076833874
-0.0007027903
-0.0051041980
-0.0071471024
-0.0078266891
-0.0067323539
-0.0006407621
-0.0012721550
-0.0080079717
-0.0004154272
-0.0025281764
-0.0028361665
-0.0023903369
-0.0015368020
-0.0072030982
-0.0070435581
-0.0088640888
-0.0101621557
-0.0029450009
-0.0070758197
-0.0075568139
-0.0125606216
-0.0130548750
-0.0107939250
-0.0113221474
-0.0074393917
-0.0030798935
-0.0041824048
-0.0109146085
-0.0010383625
-0.0103758927
-0.0105912113
-0.0110086934
-0.0074926505
-0.0095384800
-0.0006434399
-0.0012787709
-0.0080203869
-0.0129427552
-0.0010612857
-0.0012579874
-0.0007407553
-0.0018203208
-0.0061087215
-0.0059700739
-0.0044826217
-0.0048097181
-0.0121571812
-0.0117757770
-0.0005421651
-0.0013308609
-0.0051999085
-0.0066397784
-0.0069572062
-0.0011325959
-0.0065340142
-0.0066755756
-0.0096828201
-0.0101407847
-0.0012748363
-0.0018617672
-0.0071339218
-0.0076204763
-0.0080804133
-0.0086043349
-0.0107396889
-0.0113286060
-0.0006077207
-0.0012379320
-0.0087574396
-0.0111606264
-0.0123251149
-0.0079393647
-0.0004786671
-0.0006010222
-0.0047655670
-0.0047398282
-0.0074939337
-0.0090123380
-0.0023853658
-0.0029198175
-0.0130039650
-0.0025077361
-0.0032871290
-0.0034653048
-0.0007605470
-0.0004329766
-0.0004504549
-0.0023231434
-0.0013150648
-0.0018594677
-0.0112419728
-0.0115723756
-0.0118596064
-0.0101293110
-0.0108499885
-0.0096950816
-0.0104268421
-0.0100733209
-0.0068232834
-0.0074151014
-0.0069029577
-0.0071254854
-0.0076169511
-0.0080710457
-0.0085965816
-0.0107473782
-0.0113959788
-0.0004849397
-0.0120181888
-0.0114278918
-0.0096431090
-0.0101547526
-0.0023626356
-0.0029040605
-0.0006042880
-0.0012157025
-0.0130496447
-0.0113884606
-0.0119715990
-0.0056513447
-0.0046289222
-0.0050968774
-0.0120288867
-0.0125164682
-0.0125889861
-0.0114301352
-0.0109165017
-0.0113749721
-0.0047853439
-0.0051951558
-0.0054856357
-0.0062374047
-0.0057229528
-0.0089670202
-0.0095303163
-0.0105121006
-0.0012251682
-0.0018589843
-0.0071094290
-0.0076048728
-0.0080556172
-0.0086383959
-0.0005060109
-0.0067798769
-0.0023570123
-0.0029097971
-0.0130332236
-0.0114345242
-0.0120142993
-0.0114525979
-0.0112380046
-0.0044562210
-0.0049994521
-0.0032109604
-0.0030038292
-0.0071667614
-0.0079966133
-0.0081031076
-0.0126077596
-0.0119760793
-0.0112891029
-0.0107967838
-0.0053152049
-0.0075447716
-0.0076257416
-0.0012939765
-0.0018688542
-0.0070962100
-0.0075892141
-0.0080430930
-0.0086251499
-0.0117042718
-0.0084289323
-0.0013724035
-0.0014470338
-0.0059212948
-0.0083414042
-0.0087848690
-0.0084170605
-0.0008066515
-0.0009803214
-0.0014026778
-0.0099460384
-0.0103167654
-0.0023649973
-0.0029213441
-0.0130238174
-0.0108541898
-0.0114200939
-0.0120037010
-0.0105775671
-0.0024294149
-0.0027919053
-0.0005947894
-0.0064924871
-0.0068680398
-0.0067428319
-0.0012877799
-0.0018628480
-0.0071055727
-0.0075879972
-0.0080550885
-0.0085700529
-0.0029820234
-0.0040344696
-0.0034416506
-0.0056745656
-0.0090998061
-0.0073372853
-0.0092755769
-0.0092488499
-0.0098111549
-0.0023685583
-0.0029148794
-0.0130156026
-0.0113601702
-0.0119369055
-0.0034451495
-0.0063595166
-0.0018714149
-0.0021653097
-0.0069455274
-0.0075173682
-0.0069990719
-0.0086032246
-0.0079803474
-0.0118987650
-0.0112595207
-0.0012394188
-0.0012315530
-0.0081111842
-0.0084923399
-0.0012156956
-0.0018508616
-0.0071722117
-0.0075961359
-0.0081194225
-0.0085785998
-0.0123599220
-0.0073804173
-0.0068367514
-0.0029588952
-0.0022217935
-0.0018552943
-0.0011673196
-0.0129035615
-0.0131047209
-0.0011408068
-0.0065056531
-0.0080250402
-0.0084878054
-0.0068102532
-0.0023591762
-0.0028987199
-0.0129489321
-0.0113675365
-0.0119410182
-0.0015016275
-0.0064571105
-0.0059712669
-0.0084461397
-0.0081258386
-0.0077791816
-0.0062102376
-0.0068006934
-0.0058873639
-0.0059447031
-0.0006220606
-0.0012577939
-0.0009064257
-0.0075011201
-0.0070040186
-0.0085981195
-0.0080796171
-0.0119179744
-0.0113935313
-0.0029266798
-0.0032898597
-0.0029507673
-0.0067175665
-0.0061144988
-0.0066812984
-0.0070055528
-0.0012125149
-0.0018497620
-0.0071507483
-0.0075897498
-0.0080946228
-0.0086239827
-0.0124578922
-0.0118302545
-0.0076036195
-0.0090564381
-0.0063482257
-0.0058955044
-0.0057777328
-0.0025345203
-0.0075754525
-0.0062791596
-0.0004889835
-0.0054640796
-0.0015277763
-0.0006068584
-0.0023495829
-0.0028928193
-0.0130654748
-0.0114069501
-0.0119914786
-0.0127983676
-0.0120474599
-0.0114930397
-0.0066208252
-0.0077708897
-0.0074687520
-0.0032242451
-0.0033458641
-0.0011887989
-0.0018326953
-0.0070566770
-0.0075615404
-0.0079961378
-0.0085865681
-0.0061513496
-0.0006481690
-0.0012383739
-0.0118684296
-0.0118057495
-0.0015929457
-0.0020060009
-0.0013403569
-0.0076143831
-0.0071815643
-0.0098903725
-0.0094265861
-0.0100055127
-0.0087540141
-0.0083182913
-0.0081430018
-0.0071526200
-0.0023371526
-0.0028698818
-0.0130067548
-0.0113599599
-0.0119469790
-0.0013457933
-0.0016427712
-0.0121053035
-0.0114066938
-0.0005804394
-0.0006571359
-0.0088988658
-0.0035274802
-0.0079541357
-0.0082984039
-0.0011254892
-0.0018332066
-0.0070320798
-0.0075295458
-0.0079659757
-0.0085572056
-0.0085184419
-0.0096340013
-0.0090635144
-0.0085372878
-0.0091329854
-0.0102604717
-0.0019572785
-0.0013376024
-0.0076927671
-0.0072211646
-0.0081782289
-0.0087916464
-0.0082080204
-0.0131914774
-0.0130668132
-0.0095651150
-0.0099237371
-0.0099949296
-0.0091688682
-0.0084352187
-0.0023266259
-0.0028763390
-0.0128791456
-0.0133933055
-0.0112666075
-0.0118412658
-0.0131418409
-0.0130687316
-0.0087409410
-0.0092415150
-0.0095512862
-0.0093764808
-0.0089468137
-0.0011222992
-0.0120660691
-0.0102568426
-0.0109587363
-0.0029770526
-0.0035696143
-0.0029957097
-0.0119240880
-0.0115319858
-0.0082251918
-0.0082576403
-0.0075936143
-0.0030687837
-0.0012103800
-0.0018287932
-0.0069942002
-0.0074998038
-0.0079301665
-0.0085218639
-0.0097679822
-0.0008691808
-0.0014510466
-0.0132033003
-0.0011934719
-0.0003939125
-0.0068534156
-0.0082210697
-0.0098600635
-0.0014375430
-0.0013106069
-0.0109312475
-0.0023279483
-0.0028765793
-0.0128227449
-0.0112774678
-0.0118614907
-0.0087856973
-0.0087326456
-0.0123155443
-0.0061085240
-0.0028212953
-0.0024014879
-0.0029420948
-0.0072286182
-0.0077050345
-0.0071256934
-0.0093438627
-0.0097835340
-0.0084363695
-0.0078466063
-0.0012125771
-0.0018302934
-0.0069028293
-0.0073899613
-0.0078430214
-0.0084348562
-0.0107794339
-0.0102352891
-0.0006479817
-0.0012907038
-0.0014198156
-0.0019738747
-0.0013424456
-0.0072066054
-0.0072964726
-0.0067953013
-0.0023287520
-0.0028770772
-0.0126532950
-0.0111079782
-0.0116051919
-0.0058162987
-0.0050802191
-0.0074045166
-0.0080252335
-0.0117108245
-0.0105931374
-0.0124428424
-0.0094127654
-0.0098996220
-0.0094098836
-0.0083753441
-0.0077922388
-0.0012095819
-0.0018371370
-0.0069965122
-0.0073919300
-0.0078495438
-0.0084407441
-0.0125259865
-0.0091420477
-0.0096608588
-0.0104468764
-0.0100751577
-0.0106736707
-0.0005329466
-0.0053699641
-0.0029903842
-0.0023622243
-0.0023814731
-0.0005779105
-0.0005358215
-0.0019582973
-0.0013177005
-0.0068091731
-0.0110150106
-0.0115427303
-0.0111161298
-0.0023343552
-0.0028871299
-0.0126099195
-0.0111222230
-0.0116480850
-0.0009798347
-0.0127734869
-0.0030099929
-0.0034942446
-0.0029296449
-0.0082901152
-0.0078144636
-0.0127135331
-0.0127434864
-0.0012169417
-0.0018300649
-0.0070079832
-0.0074881132
-0.0079464687
-0.0084498580
-0.0100661900
-0.0107084073
-0.0108547155
-0.0115365331
-0.0118503090
-0.0112786139
-0.0096194661
-0.0102111044
-0.0078574364
-0.0077607099
-0.0122384661
-0.0118239551
-0.0019588636
-0.0014820965
-0.0072572499
-0.0068574297
-0.0116848773
-0.0111258595
-0.0023358156
-0.0028771174
-0.0126427071
-0.0111287660
-0.0116842638
-0.0019573233
-0.0024334335
-0.0036913598
-0.0068726335
-0.0075208751
-0.0069749957
-0.0079801817
-0.0114665326
-0.0084739101
-0.0078995454
-0.0128381574
-0.0011271269
-0.0018149154
-0.0070161876
-0.0074081488
-0.0079478772
-0.0084528674
-0.0057279614
-0.0050813220
-0.0053724765
-0.0090913748
-0.0085659929
-0.0085079610
-0.0014099897
-0.0034046841
-0.0028191449
-0.0010586276
-0.0012088477
-0.0073977196
-0.0069032130
-0.0117018042
-0.0112183576
-0.0023227089
-0.0028541599
-0.0127253453
-0.0111246650
-0.0116859000
-0.0126255207
-0.0119119153
-0.0122408242
-0.0052722848
-0.0024942579
-0.0006740474
-0.0110096571
-0.0125148388
-0.0085056707
-0.0079077058
-0.0012053443
-0.0017413976
-0.0070035377
-0.0074912669
-0.0079342630
-0.0084451374
-0.0113847583
-0.0104295558
-0.0033958013
-0.0028990206
-0.0018347154
-0.0010843038
-0.0118483387
-0.0113557354
-0.0022223208
-0.0027819358
-0.0126167650
-0.0111156956
-0.0117180697
-0.0044981849
-0.0027956948
-0.0120490643
-0.0073508926
-0.0043717415
-0.0021549029
-0.0073893199
-0.0069569361
-0.0011639741
-0.0017948830
-0.0069277776
-0.0073977574
-0.0078674247
-0.0084550254
-0.0005573493
-0.0004810006
-0.0076202228
-0.0071030340
-0.0086794107
-0.0081002753
-0.0005382609
-0.0023131674
-0.0023783118
-0.0018182755
-0.0013592620
-0.0075159968
-0.0085671719
-0.0081402874
-0.0129826561
-0.0109126358
-0.0022672886
-0.0028486797
-0.0018359927
-0.0073962226
-0.0083911854
-0.0122357296
-0.0126577063
-0.0116485426
-0.0074082912
-0.0127906290
-0.0133419290
-0.0019057917
-0.0025878237
-0.0031021918
-0.0086674347
-0.0081657701
-0.0075909606
-0.0076931272
-0.0076414901
-0.0027319475
-0.0070232047
-0.0071400622
-0.0065422482
-0.0038362879
-0.0038960274
-0.0035933427
-0.0022358412
-0.0027413462
-0.0022522702
-0.0025204158
-0.0026374771
-0.0030268561
-0.0030223766
-0.0078048646
-0.0064922299
-0.0049074721
-0.0038957980
-0.0042454896
-0.0024655793
-0.0020086237
-0.0019326613
-0.0042808718
-0.0062305723
-0.0046905824
-0.0044491671
-0.0049443702
-0.0061831598
-0.0054739476
-0.0059353741
-0.0057059531
-0.0060296293
-0.0044028703
-0.0125001355
-0.0125102954
-0.0120020374
-0.0098605555
-0.0083234242
-0.0088281249
-0.0103458680
-0.0108824258
-0.0068393285
-0.0064027918
-0.0063349817
-0.0065868215
-0.0068868263
-0.0007620260
-0.0005505883
-0.0056681669
-0.0043971083
-0.0044132501
-0.0044241838
-0.0049165891
-0.0040367057
-0.0036113562
-0.0066255376
-0.0070300644
-0.0063288683
-0.0032313734
-0.0112486251
-0.0033395386
-0.0083861375
-0.0040224341
-0.0026727159
-0.0049751819
-0.0047977292
-0.0024470594
-0.0029120559
-0.0018566967
-0.0036555014
-0.0032592998
-0.0033859785
-0.0064958945
-0.0096279166
-0.0096767026
-0.0075984741
-0.0073953013
-0.0080933211
-0.0063232303
-0.0062392919
-0.0039528730
-0.0044950220
-0.0044605535
-0.0011950293
-0.0017732306
-0.0018431548
-0.0014808028
-0.0068420499
-0.0045442656
-0.0041366443
-0.0034601477
-0.0040161305
-0.0064300777
-0.0049523761
-0.0053001613
-0.0118675114
-0.0074569836
-0.0068060819
-0.0072347166
-0.0064990573
-0.0083415839
-0.0071742457
-0.0070925003
-0.0016779186
-0.0069233302
-0.0053951318
-0.0051389681
-0.0047853545
-0.0078421454
-0.0049831708
-0.0040839908
-0.0037141874
-0.0038335820
-0.0087102357
-0.0077094285
-0.0071566110
-0.0069430718
-0.0064032798
-0.0026145567
-0.0061091467
-0.0111679656
-0.0033989532
-0.0093301818
-0.0106193521
-0.0080678010
-0.0027022618
-0.0063876179
-0.0056508534
-0.0113380436
-0.0114639116
-0.0027817084
-0.0014919579
-0.0062749509
-0.0094319217
-0.0089298587
-0.0008637349
-0.0012775342
-0.0116694741
-0.0031282357
-0.0092485962
-0.0087077527
-0.0075078287
-0.0082281298
-0.0076961622
-0.0018224021
-0.0023409988
-0.0064439806
-0.0040444753
-0.0046450231
-0.0040502624
-0.0087103708
-0.0043030847
-0.0087957815
-0.0047763464
-0.0042904682
-0.0041466641
-0.0041194127
-0.0092475749
-0.0043255313
-0.0087269406
-0.0092994941
-0.0043247518
-0.0044628380
-0.0087528162
-0.0042352972
-0.0088413751
-0.0049347639
-0.0043975967
-0.0042295164
-0.0049156445
-0.0043678422
-0.0092710332
-0.0093069622
-0.0088341329
-0.0062895566
-0.0057289526
-0.0060587318
-0.0088436114
-0.0042458247
-0.0087648839
-0.0126870671
-0.0129278376
-0.0107719930
-0.0042757862
-0.0038093503
-0.0037038795
-0.0043045992
-0.0049899542
-0.0036992640
-0.0044618996
-0.0044976324
-0.0114667899
-0.0084240894
-0.0090109558
-0.0049900791
-0.0084294909
-0.0090731147
-0.0048233039
-0.0042196499
-0.0081785774
-0.0045334739
-0.0038408807
-0.0130416008
-0.0044680481
-0.0043634167
-0.0089118303
-0.0094194136
-0.0040636275
-0.0036797952
-0.0041577485
-0.0041921103
-0.0094706885
-0.0091102576
-0.0093520037
-0.0048249903
-0.0038367765
-0.0084686065
-0.0078441695
-0.0044672571
-0.0042102884
-0.0040810891
-0.0075444624
-0.0037245484
-0.0037183469
-0.0036239209
-0.0086134432
-0.0080168704
-0.0083503201
-0.0090632887
-0.0038044306
-0.0089602174
-0.0077526451
-0.0078055781
-0.0085542217
-0.0091315523
-0.0090319563
-0.0003852185
-0.0031087559
-0.0087320454
-0.0087118972
-0.0016415484
-0.0018501735
-0.0013250737
-0.0030456391
-0.0042107649
-0.0047014808
-0.0047122655
-0.0043078045
-0.0056249006
-0.0044496302
-0.0044307990
-0.0085153346
-0.0044717289
-0.0087879181
-0.0043604736
-0.0091950013
-0.0043058139
-0.0043963581
-0.0013618697
-0.0085363090
-0.0090984612
-0.0088734611
-0.0044071943
-0.0039761339
-0.0085418228
-0.0091029791
-0.0044066989
-0.0030781977
-0.0091537144
-0.0034733691
-0.0044010095
-0.0031533285
-0.0043950507
-0.0036759402
-0.0091392199
-0.0034835107
-0.0043897797
-0.0058086406
-0.0091250308
-0.0092511029
-0.0066353404
-0.0044008869
-0.0092275277
-0.0057389908
-0.0090586561
-0.0040290317
-0.0044045783
-0.0028342501
-0.0091420727
-0.0037234911
-0.0038920929
-0.0041075135
-0.0090690548
-0.0023256748
-0.0028102055
-0.0069622513
-0.0068337099
-0.0050478393
-0.0039926322
-0.0062063238
-0.0070319569
-0.0043899116
-0.0123513429
-0.0120792560
-0.0086918809
-0.0036368684
-0.0091265449
-0.0041447573
-0.0092956136
-0.0039338716
-0.0043816183
-0.0090925221
-0.0043770228
-0.0041037107
-0.0093033301
-0.0044895452
-0.0090535402
-0.0035208614
-0.0030598720
-0.0026309860
-0.0020003732
-0.0014473086
-0.0016592730
-0.0044813858
-0.0037689412
-0.0091816098
-0.0042987883
-0.0117326714
-0.0115652477
-0.0044826425
-0.0087966915
-0.0043282196
-0.0090187097
-0.0044964202
-0.0091434441
-0.0047109834
-0.0089320612
-0.0040770091
-0.0042477329
-0.0089127292
-0.0088746777
-0.0066845670
-0.0066972449
-0.0061419625
-0.0046120675
-0.0042233792
-0.0089177159
-0.0040510390
-0.0042774687
-0.0043131187
-0.0039576684
-0.0090070225
-0.0043882594
-0.0089270590
-0.0094845917
-0.0090501628
-0.0043536042
-0.0089352962
-0.0038392224
-0.0042618346
-0.0040336926
-0.0091712676
-0.0046687229
-0.0041878057
-0.0047025376
-0.0086749850
-0.0065147101
-0.0058746962
-0.0063640314
-0.0060583156
-0.0063348667
-0.0058153747
-0.0060904012
-0.0066438334
-0.0060512172
-0.0063610886
-0.0059282000
-0.0015692647
-0.0019983713
-0.0019926639
-0.0064543577
-0.0059214750
-0.0117027673
-0.0117887227
-0.0066568356
-0.0064462025
-0.0059166934
-0.0066177190
-0.0065879850
-0.0060438556
-0.0062749477
-0.0058533271
-0.0062965971
-0.0058963662
-0.0063391816
-0.0058682682
-0.0064089304
-0.0060923161
-0.0066003447
-0.0060935687
-0.0064708363
-0.0070475914
-0.0060078414
-0.0066790781
-0.0061592118
-0.0059216010
-0.0064527163
-0.0058244618
-0.0052167720
-0.0057108351
-0.0065093293
-0.0059545515
-0.0066020096
-0.0060765579
-0.0058894154
-0.0064556547
-0.0015791439
-0.0010119526
-0.0060444683
-0.0054162109
-0.0022586467
-0.0016540648
-0.0058794537
-0.0057719749
-0.0062818480
-0.0054959329
-0.0032406464
-0.0038768213
-0.0083201463
-0.0089522315
-0.0021111993
-0.0021481602
-0.0039061375
-0.0051049618
-0.0015102313
-0.0015427642
-0.0013189028
-0.0075446962
-0.0043045961
-0.0053752891
-0.0090489511
-0.0100279289
-0.0106517611
-0.0075426936
-0.0081687002
-0.0085603627
-0.0047185139
-0.0055776551
-0.0042524937
-0.0058963623
-0.0065228257
-0.0064740032
-0.0061580644
-0.0066491949
-0.0061460020
-0.0036709028
-0.0032991426
-0.0066596918
-0.0061141863
-0.0079267270
-0.0066239830
-0.0060365940
-0.0065136750
-0.0060401292
-0.0065784818
-0.0060449874
-0.0082374455
-0.0065804918
-0.0061002036
-0.0041139712
-0.0044405115
-0.0065755672
-0.0060884949
-0.0045173507
-0.0066156887
-0.0060727068
-0.0026567287
-0.0092157975
-0.0087369785
-0.0088638877
-0.0062424084
-0.0066004133
-0.0060059602
-0.0066231750
-0.0068459623
-0.0078071537
-0.0083776983
-0.0065472745
-0.0060206263
-0.0018581724
-0.0049629043
-0.0064036995
-0.0058016582
-0.0057567703
-0.0065604509
-0.0060891808
-0.0053588688
-0.0055224330
-0.0064140889
-0.0066138280
-0.0060678913
-0.0058957312
-0.0065104623
-0.0065857345
-0.0060457169
-0.0036578804
-0.0058086363
-0.0060669842
-0.0063591231
-0.0064965668
-0.0059817050
-0.0066670763
-0.0061607008
-0.0064692165
-0.0059734405
-0.0096591630
-0.0067592543
-0.0057334063
-0.0062082603
-0.0064508614
-0.0058831598
-0.0064057969
-0.0058556509
-0.0062727571
-0.0056894308
-0.0057641128
-0.0064575189
-0.0060323966
-0.0059324651
-0.0105277188
-0.0110979479
-0.0063523538
-0.0062110699
-0.0064647150
-0.0059667685
-0.0064685671
-0.0059769864
-0.0116043062
-0.0108468405
-0.0063079275
-0.0057721010
-0.0057865706
-0.0064755765
-0.0058793779
-0.0073303301
-0.0066076494
-0.0092515988
-0.0094159310
-0.0089433933
-0.0065833544
-0.0081563684
-0.0015960181
-0.0005512851
-0.0064012176
-0.0109743729
-0.0068820054
-0.0071883551
-0.0077686722
-0.0084478811
-0.0082275633
-0.0005243224
-0.0005050751
-0.0099873846
-0.0105494388
-0.0105576375
-0.0012585165
-0.0006488246
-0.0004490449
-0.0124990240
-0.0125831972
-0.0023257736
-0.0122174897
-0.0018533623
-0.0023602482
-0.0023881716
-0.0024631858
-0.0108530270
-0.0099846412
-0.0104618644
-0.0134984876
-0.0129568490
-0.0125356621
-0.0105925541
-0.0109240393
-0.0069312768
-0.0122045718
-0.0128839315
-0.0127239741
-0.0019673579
-0.0024465362
-0.0020115460
-0.0103897051
-0.0013835257
-0.0126373210
-0.0108996854
-0.0010163756
-0.0023916788
-0.0007031514
-0.0104110185
-0.0033718998
-0.0127406344
-0.0110108234
-0.0023590452
-0.0104903183
-0.0019705716
-0.0077639725
-0.0123214510
-0.0128438974
-0.0111017120
-0.0103692962
-0.0022664291
-0.0023297199
-0.0116015619
-0.0017688741
-0.0018533703
-0.0024236151
-0.0024188696
-0.0092526311
-0.0115713125
-0.0099824783
-0.0104255499
-0.0023983667
-0.0127002731
-0.0022680060
-0.0023903439
-0.0076246128
-0.0110330774
-0.0128299862
-0.0115526286
-0.0023140683
-0.0006906934
-0.0112227401
-0.0119279214
-0.0117226702
-0.0022581230
-0.0095301390
-0.0093749395
-0.0022763982
-0.0025118919
-0.0106346297
-0.0046310652
-0.0041339473
-0.0044889731
-0.0102823549
-0.0014664563
-0.0008171549
-0.0020148844
-0.0101073133
-0.0024168335
-0.0127169754
-0.0099998494
-0.0119756570
-0.0121351009
-0.0106286141
-0.0036607600
-0.0072697470
-0.0067112331
-0.0086641607
-0.0093287449
-0.0090366679
-0.0022808426
-0.0022879028
-0.0009331800
-0.0047364432
-0.0070460136
-0.0120634930
-0.0012637259
-0.0049933985
-0.0021900965
-0.0094100720
-0.0016756325
-0.0021097661
-0.0104352206
-0.0023463862
-0.0080985630
-0.0074855679
-0.0078533538
-0.0016462678
-0.0108921825
-0.0103810262
-0.0118628222
-0.0124414818
-0.0120566523
-0.0123327639
-0.0062871920
-0.0056657778
-0.0058792536
-0.0116892578
-0.0067519353
-0.0117625297
-0.0012619728
-0.0016710983
-0.0079290966
-0.0077816362
-0.0088433993
-0.0102811818
-0.0065949577
-0.0071068486
-0.0108523737
-0.0088151290
-0.0087375815
-0.0103921754
-0.0081907846
-0.0020161727
-0.0123256782
-0.0118655437
-0.0063324948
-0.0068892540
-0.0018889715
-0.0012040180
-0.0017652699
-0.0018556781
-0.0022466827
-0.0090000782
-0.0021730123
-0.0018750261
-0.0023781645
-0.0093248742
-0.0095526471
-0.0099738144
-0.0018841918
-0.0024031869
-0.0114562980
-0.0007992156
-0.0118486786
-0.0122886518
-0.0102881157
-0.0020826651
-0.0018661636
-0.0023454220
-0.0100654848
-0.0076782768
-0.0080697847
-0.0081611751
-0.0037151461
-0.0117954681
-0.0023129859
-0.0019022099
-0.0103850327
-0.0007628901
-0.0120877347
-0.0125999083
-0.0103913453
-0.0120485364
-0.0023023130
-0.0017766826
-0.0021930470
-0.0018863190
-0.0024599118
-0.0119723993
-0.0124480232
-0.0003375086
-0.0102289083
-0.0014294188
-0.0021115984
-0.0088940821
-0.0039666425
-0.0071932997
-0.0078815429
-0.0076337217
-0.0018779855
-0.0119178853
-0.0124523038
-0.0018083032
-0.0016040609
-0.0007258777
-0.0010602280
-0.0119215343
-0.0125070029
-0.0016299606
-0.0020491224
-0.0016277741
-0.0082309601
-0.0085325872
-0.0108110952
-0.0012611008
-0.0019087028
-0.0082456336
-0.0018509006
-0.0124913152
-0.0108582015
-0.0117226652
-0.0087912626
-0.0114781864
-0.0064020394
-0.0125348307
-0.0013747517
-0.0075360575
-0.0086967354
-0.0088778851
-0.0076138397
-0.0125266876
-0.0123153047
-0.0024414027
-0.0107594101
-0.0100931008
-0.0094535988
-0.0019273347
-0.0124681136
-0.0011714358
-0.0008076279
-0.0106764404
-0.0024589312
-0.0021546730
-0.0124717985
-0.0107204365
-0.0107521989
-0.0025604511
-0.0107835844
-0.0071397239
-0.0018321462
-0.0021887404
-0.0117391149
-0.0121179657
-0.0096140819
-0.0094061382
-0.0071554846
-0.0124656767
-0.0108545249
-0.0109519717
-0.0126063229
-0.0027312332
-0.0124967132
-0.0108216707
-0.0025242958
-0.0026045853
-0.0109370383
-0.0027578136
-0.0019378523
-0.0124584563
-0.0124436570
-0.0107124947
-0.0108552197
-0.0019458520
-0.0021675934
-0.0090130002
-0.0123541117
-0.0106810684
-0.0115754049
-0.0018682597
-0.0103734674
-0.0025595424
-0.0118261093
-0.0009222209
-0.0111767401
-0.0104757942
-0.0087736658
-0.0099217327
-0.0105225635
-0.0104104201
-0.0106452222
-0.0020381689
-0.0027422104
-0.0025444539
-0.0121734206
-0.0082670653
-0.0105477077
-0.0104699371
-0.0024991080
-0.0006393655
-0.0122358404
-0.0097312814
-0.0091750381
-0.0092319301
-0.0052161490
-0.0048763664
-0.0055552418
-0.0105524264
-0.0121027882
-0.0121026915
-0.0105662977
-0.0019486378
-0.0024147088
-0.0122551386
-0.0105920840
-0.0121183047
-0.0105694740
-0.0108725287
-0.0106276072
-0.0102711794
-0.0022518913
-0.0023892343
-0.0124082276
-0.0122114513
-0.0105650487
-0.0107551607
-0.0125288464
-0.0035590591
-0.0038959972
-0.0031962988
-0.0119184156
-0.0099758477
-0.0019468162
-0.0025093406
-0.0060586009
-0.0074219990
-0.0069155678
-0.0089494859
-0.0085107641
-0.0090498392
-0.0026073926
-0.0018169049
-0.0010915148
-0.0004405306
-0.0056180424
-0.0099866372
-0.0098652683
-0.0094685890
-0.0083649140
-0.0060202360
-0.0017015710
-0.0111745865
-0.0040599731
-0.0097274845
-0.0057392620
-0.0095493885
-0.0088439638
-0.0061616446
-0.0073989033
-0.0054572023
-0.0050958955
-0.0057959618
-0.0070832506
-0.0086544803
-0.0062612830
-0.0064766971
-0.0045291395
-0.0030379854
-0.0109716827
-0.0099590476
-0.0023577486
-0.0091278345
-0.0065707853
-0.0063550272
-0.0095612057
-0.0099283598
-0.0101424535
-0.0094173691
-0.0022128037
-0.0014748627
-0.0083886347
-0.0086550915
-0.0079711811
-0.0011850915
-0.0035883342
-0.0032619391
-0.0076725240
-0.0079768419
-0.0026564820
-0.0031064814
-0.0045718950
-0.0034169024
-0.0046920779
-0.0126456473
-0.0121141629
-0.0041783996
-0.0057301116
-0.0055242289
-0.0006733871
-0.0004418504
-0.0025104733
-0.0055722700
-0.0112508536
-0.0066594138
-0.0054497413
-0.0037379294
-0.0031372738
-0.0037876159
-0.0094489156
-0.0094662465
-0.0091261604
-0.0046966067
-0.0069080425
-0.0030555805
-0.0047887045
-0.0026305524
-0.0045587961
-0.0041159716
-0.0037995515
-0.0042476277
-0.0038998928
-0.0079881569
-0.0065627376
-0.0033992453
-0.0031820869
-0.0038434553
-0.0036577253
-0.0031407681
-0.0069067382
-0.0032331281
-0.0093585636
-0.0036471258
-0.0037382352
-0.0037280000
-0.0037946633
-0.0052220799
-0.0042147504
-0.0035604163
-0.0032086401
-0.0039467145
-0.0111943374
-0.0117910074
-0.0115520740
-0.0075300899
-0.0027441519
-0.0050129958
-0.0040462304
-0.0050928708
-0.0057943869
-0.0063280344
-0.0039697515
-0.0041223586
-0.0058026251
-0.0024985599
-0.0099958916
-0.0005892387
-0.0059421631
-0.0103344509
-0.0106509430
-0.0093346057
-0.0087594850
-0.0098269720
-0.0008906759
-0.0111532544
-0.0083111064
-0.0017841095
-0.0010806583
-0.0004160811
-0.0017852983
-0.0004951925
-0.0036910604
-0.0029724363
-0.0084272579
-0.0102555375
-0.0037625832
-0.0033524457
-0.0013886638
-0.0079455286
-0.0075080387
-0.0037899195
-0.0102698539
-0.0098088150
-0.0055619436
-0.0076269508
-0.0056843776
-0.0078287954
-0.0115520612
-0.0122328769
-0.0019101778
-0.0112427481
-0.0099611669
-0.0019818141
-0.0103313402
-0.0075989122
-0.0075831299
-0.0023306552
-0.0007729784
-0.0008495001
-0.0003757286
-0.0026844192
-0.0022374389
-0.0022790299
-0.0101932330
-0.0015618740
-0.0116791024
-0.0070261729
-0.0110633432
-0.0067662528
-0.0017583048
-0.0073873441
-0.0113956716
-0.0087962529
-0.0032367831
-0.0064277638
-0.0071009750
-0.0019432930
-0.0107744495
-0.0066934643
-0.0070942523
-0.0071487540
-0.0064820121
-0.0052584511
-0.0050238865
-0.0020690971
-0.0016233035
-0.0018965996
-0.0065104103
-0.0021141591
-0.0065901048
-0.0019235722
-0.0052813974
-0.0077127699
-0.0071067948
-0.0065496396
-0.0062719502
-0.0044380118
-0.0019612129
-0.0018444531
-0.0060223385
-0.0055245001
-0.0117511391
-0.0072304302
-0.0019562893
-0.0114878952
-0.0085142220
-0.0018136592
-0.0019343480
-0.0020074205
-0.0063185103
-0.0029803345
-0.0068608683
-0.0017018400
-0.0023648129
-0.0095919823
-0.0062791610
-0.0066876402
-0.0120735769
-0.0076871031
-0.0107384807
-0.0064596093
-0.0054873701
-0.0009504857
-0.0089071924
-0.0089821749
-0.0019033012
-0.0088281188
-0.0115640581
-0.0120166226
-0.0114264586
-0.0059226135
-0.0053951526
-0.0059478408
-0.0082720714
-0.0089086868
-0.0094880893
-0.0106624531
-0.0070160558
-0.0066522991
-0.0007356383
-0.0009903930
-0.0071811651
-0.0065304432
-0.0117589545
-0.0029334460
-0.0133050710
-0.0096570478
-0.0101096803
-0.0095270708
-0.0096131042
-0.0016874492
-0.0095150906
-0.0050008766
-0.0004437659
-0.0079365094
-0.0073487582
-0.0075725861
-0.0110034764
-0.0009014521
-0.0072925924
-0.0085789199
-0.0022947245
-0.0022606476
-0.0070533712
-0.0078815155
-0.0015445162
-0.0062378290
-0.0010235368
-0.0121370718
-0.0106407811
-0.0093076188
-0.0015834074
-0.0017817383
-0.0005660537
-0.0004599214
-0.0016157570
-0.0022928881
-0.0045148446
-0.0004799993
-0.0005115522
-0.0008481648
-0.0011591688
-0.0114234783
-0.0118960798
-0.0123414555
-0.0128894230
-0.0036368001
-0.0102729722
-0.0074074218
-0.0060809315
-0.0090754857
-0.0124892808
-0.0134358587
-0.0092283954
-0.0097551695
-0.0097724529
-0.0071925687
-0.0079178137
-0.0076101428
-0.0087962366
-0.0081596262
-0.0085789873
-0.0053351695
-0.0035058230
-0.0039102796
-0.0067685184
-0.0122141010
-0.0103919285
-0.0105363061
-0.0096230191
-0.0031995730
-0.0090726387
-0.0084873734
-0.0036328908
-0.0094637260
-0.0085712213
-0.0014356751
-0.0097508415
-0.0079863511
-0.0034537070
-0.0032265210
-0.0092594784
-0.0096790837
-0.0038585837
-0.0032172645
-0.0032500944
-0.0029804745
-0.0080430750
-0.0030124246
-0.0106763498
-0.0035991460
-0.0032512138
-0.0021396915
-0.0080784863
-0.0079590215
-0.0016222992
-0.0029726084
-0.0028560364
-0.0029412336
-0.0009328239
-0.0005683784
-0.0032773573
-0.0030046498
-0.0027312503
-0.0027130947
-0.0030644850
-0.0079605917
-0.0031719860
-0.0032346554
-0.0021626602
-0.0004604758
-0.0025979677
-0.0029137011
-0.0033936450
-0.0040570814
-0.0035951851
-0.0030495129
-0.0020968072
-0.0015439027
-0.0076958743
-0.0020166819
-0.0025481948
-0.0010794770
-0.0031191702
-0.0071500947
-0.0030139359
-0.0031131197
-0.0114791681
-0.0110556760
-0.0089520632
-0.0026077590
-0.0006609549
-0.0032027879
-0.0084573976
-0.0027889180
-0.0079063437
-0.0107710885
-0.0108857093
-0.0030100443
-0.0035995633
-0.0027841763
-0.0016385996
-0.0032302161
-0.0033315557
-0.0090100034
-0.0028478980
-0.0064897036
-0.0029572632
-0.0093227577
-0.0032548795
-0.0078646233
-0.0067597396
-0.0034463569
-0.0030636444
-0.0082853877
-0.0031458183
-0.0035309089
-0.0034812564
-0.0032068477
-0.0088416337
-0.0093667587
-0.0092018157
-0.0031856852
-0.0083658739
-0.0040672849
-0.0034832622
-0.0098055019
-0.0030669499
-0.0034102912
-0.0116899150
-0.0024583451
-0.0026436714
-0.0042146270
-0.0012874286
-0.0016616949
-0.0094494406
-0.0097681380
-0.0027840326
-0.0030271543
-0.0061654644
-0.0036617224
-0.0032491885
-0.0096786873
-0.0101622996
-0.0102364673
-0.0065838164
-0.0070302460
-0.0070212558
-0.0084263399
-0.0008520695
-0.0004575374
-0.0035242249
-0.0032265742
-0.0030119027
-0.0034441578
-0.0097014801
-0.0090159311
-0.0029648412
-0.0095315903
-0.0080107087
-0.0071497693
-0.0011078152
-0.0052835344
-0.0014516887
-0.0124620711
-0.0130484316
-0.0095752275
-0.0034243134
-0.0105526811
-0.0020857693
-0.0025199378
-0.0052469482
-0.0035418962
-0.0034575596
-0.0054079670
-0.0033091068
-0.0103923821
-0.0104446634
-0.0053905027
-0.0032845457
-0.0006297498
-0.0034785830
-0.0104446916
-0.0023656241
-0.0007763040
-0.0131969694
-0.0129195160
-0.0108780971
-0.0130507857
-0.0133392403
-0.0051225649
-0.0047148496
-0.0125672273
-0.0010831729
-0.0017377602
-0.0015078975
-0.0016481556
-0.0082817864
-0.0079750735
-0.0086160264
-0.0043930849
-0.0032548279
-0.0122863014
-0.0000045977
-0.0040351724
-0.0051762525
-0.0027858979
-0.0127262481
-0.0089154266
-0.0083215122
-0.0104132420
-0.0021421018
-0.0011223075
-0.0106575931
-0.0103779137
-0.0109200378
-0.0062050481
-0.0124725513
-0.0054238895
-0.0090217789
-0.0068924594
-0.0071574163
-0.0017568027
-0.0027572955
-0.0094906943
-0.0038831389
-0.0109474038
-0.0109231495
-0.0115207249
-0.0078912577
-0.0097291036
-0.0046999377
-0.0037141824
-0.0104723164
-0.0105705442
-0.0094142613
-0.0071157377
-0.0054684780
-0.0082471638
-0.0004394084
-0.0039436152
-0.0060820922
-0.0106825907
-0.0106828274
-0.0097388013
-0.0091847247
-0.0004879262
-0.0104097746
-0.0097395226
-0.0100091155
-0.0103698033
-0.0009159805
-0.0005939768
-0.0030205713
-0.0051542903
-0.0047198064
-0.0081815003
-0.0022329010
-0.0009041301
-0.0010919466
-0.0101362537
-0.0102832676
-0.0097925386
-0.0023294320
-0.0052191580
-0.0028453420
-0.0030624048
-0.0052346426
-0.0117166736
-0.0124279863
-0.0046461614
-0.0008677476
-0.0013589795
-0.0059412205
-0.0051948925
-0.0047052569
-0.0059789816
-0.0119766727
-0.0124216339
-0.0127509656
-0.0121561700
-0.0006038770
-0.0050893803
-0.0065928471
-0.0072880277
-0.0077498035
-0.0063885000
-0.0066176707
-0.0063314229
-0.0112460247
-0.0119662407
-0.0116404594
-0.0030734690
-0.0129768118
-0.0128439041
-0.0125603405
-0.0037921099
-0.0032683492
-0.0012268624
-0.0076953289
-0.0103484978
-0.0048335284
-0.0041886305
-0.0008898181
-0.0005939204
-0.0005952636
-0.0124194143
-0.0015994657
-0.0126283717
-0.0133008413
-0.0005821231
-0.0005935966
-0.0064674427
-0.0006313766
-0.0120189604
-0.0005961316
-0.0005931609
-0.0005420469
-0.0013103459
-0.0042693706
-0.0005879983
-0.0009379610
-0.0004184860
-0.0119096450
-0.0005951402
-0.0006708607
-0.0004263514
-0.0126111045
-0.0032206931
-0.0006783717
-0.0042506488
-0.0117318606
-0.0043834440
-0.0074237104
-0.0079395425
-0.0079948704
-0.0005915929
-0.0024081253
-0.0132399383
-0.0100777399
-0.0054924991
-0.0049924929
-0.0079896770
-0.0075029900
-0.0068686945
-0.0006089600
-0.0031534096
-0.0005641284
-0.0013117656
-0.0007684502
-0.0103775755
-0.0083400209
-0.0017794360
-0.0028054925
-0.0004144997
-0.0009585232
-0.0011098105
-0.0015497297
-0.0004565380
-0.0098052313
-0.0103644497
-0.0105682350
-0.0030284124
-0.0004967231
-0.0007950101
-0.0009587168
-0.0060820479
-0.0108768547
-0.0099529521
-0.0105501547
-0.0010989657
-0.0100216401
-0.0106009214
-0.0006038523
-0.0015338055
-0.0009020632
-0.0123821770
-0.0097586746
-0.0102141374
-0.0100470260
-0.0103560383
-0.0089181728
-0.0084253773
-0.0107594577
-0.0103116199
-0.0094701770
-0.0123295482
-0.0104499479
-0.0013185318
-0.0101988662
-0.0004190183
-0.0103629873
-0.0084981694
-0.0089613115
-0.0102186828
-0.0103523213
-0.0007083351
-0.0069557761
-0.0104595180
-0.0105348632
-0.0084114540
-0.0098457547
-0.0104004300
-0.0087295166
-0.0122061133
-0.0112110369
-0.0067051900
-0.0088786596
-0.0062019164
-0.0077947567
-0.0011829620
-0.0012072807
-0.0097337797
-0.0102150083
-0.0105355666
-0.0004836582
-0.0010609451
-0.0004572319
-0.0108238022
-0.0020068646
-0.0021164505
-0.0025893627
-0.0116661363
-0.0102585150
-0.0116931262
-0.0122211559
-0.0107520042
-0.0086971954
-0.0093523725
-0.0056011805
-0.0055721068
-0.0109468721
-0.0114702205
-0.0082852372
-0.0042881050
-0.0080684077
-0.0064290804
-0.0119920444
-0.0024749893
-0.0104267410
-0.0109341177
-0.0111186766
-0.0105388420
-0.0053650625
-0.0004009337
-0.0095185989
-0.0090222345
-0.0098583394
-0.0092179234
-0.0037342752
-0.0013986185
-0.0006098038
-0.0023758811
-0.0025615510
-0.0107538455
-0.0053428128
-0.0009034951
-0.0011260769
-0.0010477852
-0.0076541611
-0.0104273770
-0.0104767053
-0.0030645438
-0.0112291820
-0.0030790409
-0.0022735252
-0.0111488961
-0.0113162747
-0.0103753957
-0.0005067344
-0.0058543813
-0.0017644748
-0.0102965426
-0.0087638847
-0.0078149474
-0.0072243165
-0.0004420933
-0.0009713204
-0.0003870527
-0.0098859081
-0.0111720116
-0.0101713555
-0.0095580492
-0.0005941495
-0.0005734715
-0.0011215696
-0.0088117436
-0.0058929137
-0.0078722317
-0.0113272883
-0.0108560017
-0.0110021456
-0.0057153283
-0.0096494619
-0.0080990871
-0.0064550159
-0.0005139317
-0.0026695149
-0.0013221962
-0.0114792270
-0.0112274431
-0.0005407735
-0.0007625508
-0.0118128655
-0.0022529074
-0.0063497363
-0.0113870430
-0.0005660270
-0.0024644341
-0.0043197393
-0.0017564170
-0.0097243330
-0.0120939219
-0.0018973097
-0.0096149980
-0.0067196071
-0.0112880648
-0.0006564900
-0.0061521516
-0.0017701972
-0.0017570140
-0.0075330994
-0.0072956468
-0.0113520932
-0.0073020774
-0.0123649220
-0.0102802779
-0.0115335396
-0.0124733893
-0.0006410430
-0.0017313043
-0.0026366628
-0.0022322376
-0.0099498588
-0.0090770562
-0.0116156070
-0.0110042287
-0.0103754673
-0.0117724764
-0.0083825146
-0.0062401348
-0.0019658895
-0.0089869052
-0.0006540594
-0.0005161013
-0.0058216869
-0.0005826869
-0.0020002545
-0.0074228579
-0.0021726226
-0.0077605362
-0.0074448186
-0.0088113397
-0.0019115515
-0.0024235961
-0.0024970788
-0.0006057702
-0.0119133469
-0.0112150827
-0.0089314073
-0.0070572370
-0.0006118336
-0.0005918965
-0.0079466865
-0.0005007577
-0.0065384741
-0.0120586326
-0.0121967737
-0.0006141308
-0.0004498100
-0.0076434124
-0.0076057200
-0.0082442093
-0.0130370117
-0.0013004346
-0.0014511913
-0.0019452325
-0.0024062794
-0.0025080612
-0.0116978422
-0.0123898438
-0.0006083065
-0.0053558265
-0.0075502790
-0.0118722694
-0.0125260400
-0.0103559874
-0.0003468607
-0.0126831206
-0.0025611155
-0.0005112786
-0.0005551566
-0.0019465463
-0.0025086951
-0.0071614529
-0.0102458419
-0.0006035134
-0.0069143027
-0.0005810291
-0.0004631154
-0.0009965856
-0.0009800561
-0.0005893856
-0.0004402782
-0.0107540445
-0.0112790191
-0.0105955472
-0.0006027052
-0.0030816799
-0.0010185965
-0.0004403247
-0.0077972099
-0.0125747086
-0.0008653323
-0.0107528077
-0.0006022546
-0.0011178427
-0.0108483534
-0.0101344174
-0.0067320998
-0.0111799258
-0.0004896102
-0.0007210070
-0.0005599556
-0.0062597460
-0.0008889553
-0.0005784195
-0.0128247821
-0.0007207444
-0.0123175552
-0.0120132247
-0.0113233915
-0.0107368355
-0.0125434075
-0.0005791790
-0.0076670946
-0.0101053148
-0.0071362664
-0.0007241009
-0.0118855977
-0.0112097798
-0.0132070950
-0.0009886511
-0.0005747282
-0.0085066296
-0.0110178552
-0.0013929516
-0.0006036506
-0.0126618526
-0.0121528220
-0.0125129767
-0.0082280654
-0.0071996570
-0.0072743302
-0.0005389722
-0.0005986706
-0.0063104344
-0.0029478208
-0.0035394178
-0.0097917647
-0.0124128881
-0.0006105235
-0.0004863619
-0.0006029164
-0.0005488520
-0.0005647233
-0.0006397234
-0.0006486978
-0.0078273602
-0.0124113803
-0.0118504006
-0.0124621899
-0.0108209233
-0.0120199794
-0.0109548067
-0.0077049904
-0.0111651297
-0.0023598601
-0.0043627226
-0.0061448278
-0.0083503297
-0.0082121447
-0.0062722828
-0.0061043300
-0.0079358462
-0.0111985947
-0.0107048658
-0.0069372257
-0.0065047395
-0.0066519548
-0.0060452245
-0.0073846198
-0.0043058159
-0.0077707414
-0.0042450070
-0.0037530142
-0.0041340474
-0.0046476615
-0.0047345686
-0.0105634026
-0.0116914024
-0.0111991009
-0.0071505001
-0.0076277693
-0.0071308467
-0.0057222613
-0.0051252490
-0.0049912230
-0.0082227091
-0.0084588358
-0.0104465996
-0.0034060638
-0.0018010936
-0.0025788496
-0.0045406659
-0.0039406744
-0.0010013660
-0.0117749661
-0.0009159728
-0.0051001135
-0.0091537146
-0.0027537704
-0.0045847425
-0.0039255455
-0.0038700446
-0.0041797627
-0.0093685753
-0.0092573235
-0.0092018364
-0.0098813966
-0.0053181672
-0.0051037480
-0.0047829738
-0.0025843877
-0.0029872725
-0.0023171607
-0.0033057413
-0.0108323170
-0.0022077309
-0.0018628052
-0.0109656625
-0.0019065033
-0.0013092434
-0.0112223949
-0.0007698339
-0.0011421482
-0.0015369774
-0.0113714648
-0.0078422617
-0.0126182178
-0.0010963547
-0.0005859154
-0.0008360248
-0.0116567754
-0.0029541708
-0.0113740413
-0.0123615853
-0.0122933328
-0.0028437547
-0.0042021539
-0.0030576108
-0.0024209069
-0.0021198722
-0.0034995095
-0.0035938344
-0.0005830527
-0.0041017775
-0.0036015637
-0.0034963545
-0.0119926610
-0.0034856717
-0.0040607733
-0.0015398021
-0.0006244588
-0.0016215393
-0.0122119432
-0.0119273842
-0.0020453009
-0.0021646804
-0.0080253221
-0.0083137947
-0.0086081418
-0.0022232323
-0.0076119629
-0.0107116983
-0.0058228567
-0.0072657392
-0.0054829459
-0.0030894348
-0.0034298003
-0.0113633016
-0.0026165492
-0.0025139981
-0.0030315426
-0.0105853531
-0.0103249665
-0.0061426135
-0.0066382261
-0.0057853028
-0.0054959110
-0.0060242360
-0.0083370260
-0.0086079643
-0.0032235144
-0.0037990560
-0.0039146614
-0.0025049832
-0.0024620654
-0.0024318315
-0.0085609702
-0.0102972377
-0.0023987452
-0.0022547491
-0.0111664344
-0.0040302377
-0.0023245622
-0.0019209944
-0.0024971392
-0.0025825410
-0.0102972202
-0.0096019301
-0.0105691217
-0.0025748948
-0.0102737381
-0.0104382045
-0.0105940176
-0.0057775186
-0.0060056018
-0.0089526367
-0.0083407145
-0.0026084450
-0.0024058120
-0.0026690900
-0.0025372590
-0.0027042666
-0.0023039814
-0.0023817555
-0.0023063433
-0.0094839871
-0.0025901821
-0.0023257227
-0.0025775468
-0.0025134095
-0.0027138194
-0.0023940084
-0.0024926451
-0.0024584889
-0.0025288992
-0.0024672221
-0.0026274816
-0.0012581483
-0.0006847180
-0.0027697460
-0.0027610367
-0.0124475250
-0.0025491551
-0.0130744681
-0.0094058041
-0.0116164492
-0.0098430479
-0.0049406154
-0.0132796750
-0.0071376542
-0.0029689985
-0.0035937169
-0.0067629691
-0.0056805999
-0.0047422596
-0.0080566396
-0.0056787077
-0.0061472179
-0.0074124462
-0.0014853160
-0.0043516013
-0.0055549451
-0.0054664226
-0.0068273263
-0.0069297653
-0.0064959891
-0.0032980866
-0.0039929349
-0.0043024725
-0.0083782713
-0.0011799746
-0.0111192576
-0.0057508344
-0.0047827274
-0.0053482683
-0.0060516576
-0.0079785483
-0.0072764715
-0.0074504138
-0.0101244698
-0.0066557275
-0.0065609322
-0.0086266775
-0.0059216718
-0.0061559696
-0.0052483926
-0.0012677643
-0.0044634102
-0.0089112200
-0.0095808658
-0.0034117423
-0.0051844331
-0.0043193705
-0.0040339480
-0.0038110192
-0.0006346680
-0.0010699269
-0.0026278152
-0.0011550310
-0.0004880255
-0.0051948352
-0.0066131370
-0.0068066529
-0.0086909604
-0.0067117020
-0.0013744601
-0.0019329385
-0.0032017294
-0.0050378430
-0.0045887694
-0.0092140483
-0.0093463128
-0.0087301890
-0.0109517317
-0.0046524517
-0.0015377442
-0.0011870265
-0.0097501139
-0.0087655457
-0.0078620775
-0.0006011535
-0.0013253936
-0.0019676700
-0.0024777645
-0.0111848804
-0.0104317841
-0.0110237304
-0.0111009288
-0.0107460434
-0.0095563686
-0.0010920907
-0.0004035927
-0.0004067688
-0.0010809759
-0.0017881792
-0.0015786904
-0.0012170303
-0.0030298682
-0.0135063455
-0.0013498110
-0.0006467084
-0.0012135812
-0.0036683165
-0.0116094882
-0.0028125287
-0.0029269948
-0.0005696376
-0.0025978679
-0.0005265392
-0.0029170887
-0.0030891897
-0.0031064451
-0.0031473609
-0.0030406377
-0.0029520596
-0.0005597338
-0.0129563100
-0.0021834002
-0.0024970084
-0.0028453860
-0.0033039815
-0.0014649427
-0.0005315488
-0.0010522148
-0.0069024590
-0.0073985075
-0.0104882776
-0.0098824766
-0.0067767948
-0.0104872485
-0.0099035822
-0.0089040941
-0.0093744050
-0.0047224956
-0.0108754432
-0.0115093251
-0.0122643862
-0.0114996371
-0.0004335190
-0.0008772839
-0.0004555458
-0.0006798972
-0.0112109048
-0.0123978799
-0.0004222090
-0.0119092026
-0.0072524991
-0.0068826137
-0.0111947596
-0.0116023515
-0.0106247678
-0.0043402116
-0.0031548190
-0.0006196174
-0.0023231615
-0.0016286746
-0.0079454610
-0.0049216106
-0.0065019392
-0.0028118700
-0.0003941013
-0.0121382150
-0.0109382273
-0.0115559737
-0.0060797036
-0.0108130133
-0.0006658730
-0.0110989266
-0.0105786293
-0.0016751758
-0.0116136553
-0.0104623293
-0.0126306504
-0.0099497765
-0.0029904400
-0.0004444775
-0.0128363999
-0.0130429673
-0.0126636410
-0.0122498794
-0.0022979445
-0.0024074587
-0.0134107845
-0.0122471151
-0.0019635938
-0.0052576142
-0.0055996608
-0.0058991798
-0.0062653054
-0.0074257278
-0.0011828324
-0.0016144175
-0.0060325017
-0.0067710671
-0.0064787648
-0.0078099039
-0.0003750717
-0.0004147457
-0.0088429249
-0.0012106192
-0.0030426269
-0.0101816289
-0.0120942006
-0.0101308358
-0.0007047946
-0.0027642055
-0.0026598038
-0.0018149569
-0.0075378963
-0.0050587231
-0.0048550556
-0.0043043996
-0.0019765075
-0.0025579587
-0.0027055828
-0.0106281385
-0.0099938184
-0.0007586052
-0.0022292552
-0.0005542252
-0.0005484934
-0.0085961220
-0.0082724536
-0.0086675497
-0.0011993718
-0.0053544962
-0.0060795473
-0.0019403338
-0.0091871404
-0.0049320488
-0.0127497784
-0.0067605738
-0.0011159353
-0.0027981889
-0.0059383154
-0.0110760226
-0.0114750780
-0.0010717323
-0.0116508921
-0.0098517824
-0.0035999962
-0.0046600056
-0.0052058793
-0.0100180086
-0.0111227140
-0.0064322996
-0.0044671597
-0.0079250271
-0.0023487621
-0.0098607726
-0.0026813184
-0.0104821788
