0.0000000000
0.0000000000
0.0004686026
0.0000000000
0.0004567612
0.0000000000
0.0005438794
0.0005122509
0.0000000000
0.0005699861
0.0004851899
0.0000000000
0.0004688922
0.0004966968
0.0000000000
0.0004510528
0.0004501140
0.0000000000
0.0004565977
0.0004848282
0.0000000000
0.0005109503
0.0000000000
0.0004581153
0.0000000000
0.0005452552
0.0000000000
0.0005664445
0.0000000000
0.0004436695
0.0000000000
0.0005126633
0.0000000000
0.0005208814
0.0000000000
0.0005210839
0.0000000000
0.0004271315
0.0000000000
0.0005197335
0.0000000000
0.0005391007
0.0000000000
0.0005399157
0.0000000000
0.0005137333
0.0000000000
0.0005382188
0.0000000000
0.0004757623
0.0000000000
0.0005641705
0.0000000000
0.0005570933
0.0000000000
0.0005549934
0.0000000000
0.0005539676
0.0000000000
0.0005496614
0.0000000000
0.0005275949
0.0000000000
0.0005300350
0.0000000000
0.0005090420
0.0000000000
0.0004538329
0.0000000000
0.0005112740
0.0000000000
0.0005224449
0.0000000000
0.0005135292
0.0000000000
0.0005722419
0.0000000000
0.0005428241
0.0000000000
0.0005176932
0.0005125426
0.0000000000
0.0005221102
0.0000000000
0.0005331006
0.0000000000
0.0004421737
0.0000000000
0.0005109330
0.0000000000
0.0004646982
0.0004960756
0.0000000000
0.0000000000
0.0004896006
0.0005476845
0.0000000000
0.0004379362
0.0005524448
0.0000000000
0.0005033060
0.0004396163
0.0000000000
0.0000000000
0.0004958113
0.0000000000
0.0005208343
0.0005355901
0.0000000000
0.0005455064
0.0000000000
0.0005395131
0.0000000000
0.0004460678
0.0005135544
0.0005221083
0.0000000000
0.0000000000
0.0005479446
0.0000000000
0.0000000000
0.0000000000
0.0004573376
0.0000000000
0.0005083925
0.0000000000
0.0005236192
0.0005210817
0.0000000000
0.0005222742
0.0000000000
0.0005234088
0.0000000000
0.0005309685
0.0000000000
0.0000000000
0.0004635787
0.0000000000
0.0005567998
0.0005233754
0.0000000000
0.0000000000
0.0004476771
0.0000000000
0.0005125714
0.0000000000
0.0005654751
0.0005269478
0.0005526885
0.0000000000
0.0000000000
0.0005407545
0.0000000000
0.0005234576
0.0000000000
0.0005244828
0.0000000000
0.0005187289
0.0004671821
0.0000000000
0.0004925413
0.0000000000
0.0005573304
0.0004659650
0.0004782917
0.0000000000
0.0000000000
0.0004990896
0.0003919278
0.0000000000
0.0004854076
0.0000000000
0.0004751259
0.0000000000
0.0005225544
0.0000000000
0.0004955057
0.0000000000
0.0004805893
0.0000000000
0.0004869181
0.0000000000
0.0004881696
0.0000000000
0.0004924237
0.0005236588
0.0000000000
0.0004859336
0.0000000000
0.0004994033
0.0000000000
0.0005114493
0.0000000000
0.0004987587
0.0000000000
0.0004954953
0.0000000000
0.0004762230
0.0005212586
0.0000000000
0.0005717954
0.0000000000
0.0004995106
0.0000000000
0.0005051731
0.0000000000
0.0005219300
0.0000000000
0.0005528161
0.0000000000
0.0005933339
0.0000000000
0.0000000000
0.0005089935
0.0000000000
0.0005416060
0.0005482399
0.0000000000
0.0004291456
0.0000000000
0.0004851179
0.0000000000
0.0004724563
0.0005160942
0.0000000000
0.0004624182
0.0004354150
0.0004909117
0.0000000000
0.0000000000
0.0000000000
0.0004960505
0.0000000000
0.0004729690
0.0004680214
0.0000000000
0.0000000000
0.0005088818
0.0000000000
0.0005016153
0.0005336246
0.0000000000
0.0004746810
0.0004846532
0.0000000000
0.0000000000
0.0004435943
0.0000000000
0.0005151621
0.0005536052
0.0145681034
0.0146352217
0.0150491741
0.0147416738
0.0149668086
0.0150756867
0.0145303049
0.0145609816
0.0150518270
0.0144357121
0.0148210943
0.0149134694
0.0140261101
0.0145082564
0.0145401271
0.0140238863
0.0145157228
0.0140316506
0.0144742837
0.0140034116
0.0140191846
0.0143334065
0.0139130470
0.0144814735
0.0144114627
0.0139358987
0.0144919359
0.0142103137
0.0146483692
0.0144633531
0.0144302233
0.0148030677
0.0146235139
0.0147224729
0.0147191697
0.0144550091
0.0147525254
0.0144640168
0.0148217848
0.0145516704
0.0149185122
0.0146031776
0.0148794983
0.0146353013
0.0148726338
0.0148022336
0.0148852474
0.0148693372
0.0149935905
0.0149723844
0.0151043411
0.0149508022
0.0152591063
0.0146800092
0.0147587332
0.0152013910
0.0146486622
0.0152952458
0.0148168616
0.0153126567
0.0147590151
0.0151673890
0.0146681262
0.0149010441
0.0144308192
0.0144946661
0.0150130062
0.0144581844
0.0150325073
0.0144703689
0.0150517233
0.0145727412
0.0151080766
0.0147018089
0.0147487642
0.0151005591
0.0147753543
0.0147388119
0.0146237535
0.0148037846
0.0149649383
0.0143170474
0.0141087210
0.0143377087
0.0141688058
0.0134430118
0.0130169962
0.0133317252
0.0132766061
0.0138016008
0.0136521197
0.0133184110
0.0138846688
0.0138132220
0.0142277389
0.0138150964
0.0142077981
0.0138326297
0.0137253083
0.0141577135
0.0142403875
0.0137301706
0.0143114295
0.0137870232
0.0138820219
0.0143835118
0.0147005917
0.0142328778
0.0147563159
0.0141442035
0.0145774520
0.0146154895
0.0146517870
0.0141025906
0.0146183425
0.0142247851
0.0147937208
0.0144988190
0.0145851523
0.0149750091
0.0146089343
0.0147370030
0.0147970665
0.0140160839
0.0143592937
0.0146689163
0.0136588109
0.0139100284
0.0131299270
0.0129463398
0.0135988300
0.0129135104
0.0132372173
0.0133487228
0.0124934450
0.0129614450
0.0130651491
0.0128128633
0.0122459963
0.0125215641
0.0120164969
0.0121105548
0.0124906442
0.0121897803
0.0122977371
0.0124559813
0.0122658936
0.0126000420
0.0126162836
0.0126280490
0.0130324021
0.0128743371
0.0132118915
0.0144116878
0.0144997246
0.0145946948
0.0144657821
0.0150602137
0.0146532853
0.0146462652
0.0145228929
0.0150772252
0.0150585087
0.0148729506
0.0145071277
0.0147094269
0.0144654861
0.0146303345
0.0142801288
0.0143184734
0.0138273440
0.0139085864
0.0140891763
0.0133184816
0.0134838572
0.0134692656
0.0132123283
0.0134171010
0.0130821782
0.0132265025
0.0132162261
0.0132439347
0.0133078881
0.0132292780
0.0133497518
0.0134573492
0.0134268762
0.0135318913
0.0133828359
0.0133945891
0.0138215383
0.0145703091
0.0140753763
0.0147091038
0.0148210471
0.0143063593
0.0148902257
0.0145264833
0.0146426527
0.0152217007
0.0151707323
0.0091302274
0.0091154292
0.0085702664
0.0091512324
0.0085256928
0.0081353221
0.0092543572
0.0078539431
0.0075472986
0.0071902623
0.0072446133
0.0066235336
0.0066020778
0.0055862932
0.0062646047
0.0062038250
0.0083515373
0.0087664384
0.0080606427
0.0097405503
0.0102691142
0.0097592889
0.0091758701
0.0092591085
0.0085463421
0.0043330566
0.0043021703
0.0037356629
0.0073401884
0.0068454410
0.0066649815
0.0102715789
0.0109928572
0.0103047028
0.0015330154
0.0014017160
0.0020862116
0.0046132108
0.0048981240
0.0053051232
0.0035596194
0.0031120067
0.0038750798
0.0000000000
0.0005499172
0.0005095552
0.0000000000
0.0000000000
0.0000000000
0.0000000000
0.0000000000
0.0000000000
0.0000000000
0.0000000000
0.0000000000
0.0005341646
0.0000000000
0.0000000000
0.0000000000
0.0000000000
0.0005275412
0.0000000000
0.0005695870
0.0000000000
0.0000000000
0.0000000000
0.0000000000
0.0000000000
0.0000000000
0.0000000000
0.0000000000
0.0000000000
0.0005073910
0.0003775008
0.0000000000
0.0000000000
0.0005699159
0.0000000000
0.0000000000
0.0000000000
0.0000000000
0.0005101991
0.0000000000
0.0004430202
0.0000000000
0.0005355164
0.0000000000
0.0000000000
0.0000000000
0.0000000000
0.0000000000
0.0000000000
0.0000000000
0.0000000000
0.0000000000
0.0000000000
0.0000000000
0.0000000000
0.0000000000
0.0000000000
0.0000000000
0.0000000000
0.0000000000
0.0000000000
0.0000000000
0.0000000000
0.0000000000
0.0000000000
0.0000000000
0.0000000000
0.0000000000
0.0000000000
0.0000000000
0.0000000000
0.0000000000
0.0000000000
0.0000000000
0.0000000000
0.0000000000
0.0000000000
0.0000000000
0.0000000000
0.0000000000
0.0000000000
0.0000000000
0.0000000000
0.0000000000
0.0000000000
0.0000000000
0.0000000000
0.0000000000
0.0000000000
0.0000000000
0.0000000000
0.0000000000
0.0000000000
0.0000000000
0.0000000000
0.0000000000
0.0000000000
0.0000000000
0.0000000000
0.0000000000
0.0000000000
0.0000000000
0.0005564497
0.0000000000
0.0000000000
0.0005731817
0.0000000000
0.0000000000
0.0000000000
0.0000000000
0.0000000000
0.0005238240
0.0000000000
0.0000000000
0.0005462144
0.0000000000
0.0000000000
0.0005507619
0.0000000000
0.0000000000
0.0000000000
0.0000000000
0.0000000000
0.0000000000
0.0000000000
0.0000000000
0.0000000000
0.0000000000
0.0000000000
0.0000000000
0.0005360619
0.0000000000
0.0000000000
0.0005427279
0.0000000000
0.0000000000
0.0000000000
0.0005451704
0.0000000000
0.0000000000
0.0005183606
0.0000000000
0.0000000000
0.0000000000
0.0005324993
0.0000000000
0.0000000000
0.0000000000
0.0000000000
0.0000000000
0.0000000000
0.0000000000
0.0000000000
0.0000000000
0.0000000000
0.0000000000
0.0000000000
0.0000000000
0.0000000000
0.0000000000
0.0000000000
0.0000000000
0.0000000000
0.0000000000
0.0000000000
0.0000000000
0.0000000000
0.0005279948
0.0000000000
0.0000000000
0.0000000000
0.0000000000
0.0000000000
0.0000000000
0.0000000000
0.0000000000
0.0000000000
0.0000000000
0.0000000000
0.0000000000
0.0005176001
0.0000000000
0.0000000000
0.0005200290
0.0000000000
0.0004718902
0.0000000000
0.0000000000
0.0000000000
0.0000000000
0.0000000000
0.0000000000
0.0000000000
0.0000000000
0.0000000000
0.0000000000
0.0000000000
0.0000000000
0.0000000000
0.0000000000
0.0000000000
0.0000000000
0.0000000000
0.0000000000
0.0000000000
0.0000000000
0.0000000000
0.0000000000
0.0000000000
0.0000000000
0.0000000000
0.0000000000
0.0000000000
0.0000000000
0.0000000000
0.0000000000
0.0005542991
0.0000000000
0.0000000000
0.0005443615
0.0000000000
0.0000000000
0.0004736600
0.0004841950
0.0000000000
0.0000000000
0.0004036416
0.0000000000
0.0000000000
0.0000000000
0.0005035277
0.0000000000
0.0000000000
0.0000000000
0.0000000000
0.0000000000
0.0000000000
0.0000000000
0.0000000000
0.0000000000
0.0000000000
0.0000000000
0.0000000000
0.0000000000
0.0004664456
0.0000000000
0.0004781563
0.0000000000
0.0000000000
0.0000000000
0.0000000000
0.0000000000
0.0000000000
0.0000000000
0.0004618036
0.0000000000
0.0004963163
0.0000000000
0.0000000000
0.0000000000
0.0005083609
0.0000000000
0.0005159099
0.0000000000
0.0000000000
0.0000000000
0.0005425707
0.0000000000
0.0000000000
0.0000000000
0.0004786460
0.0000000000
0.0000000000
0.0000000000
0.0005113680
0.0000000000
0.0000000000
0.0004938403
0.0005315603
0.0000000000
0.0000000000
0.0000000000
0.0000000000
0.0000000000
0.0000000000
0.0000000000
0.0000000000
0.0000000000
0.0004840405
0.0000000000
0.0000000000
0.0000000000
0.0000000000
0.0005571269
0.0000000000
0.0000000000
0.0147217743
0.0146898029
0.0145023908
0.0145932149
0.0150346451
0.0145886074
0.0145055836
0.0150603319
0.0144830905
0.0150736255
0.0148281446
0.0144934799
0.0145002270
0.0146715058
0.0144085647
0.0149669696
0.0145451931
0.0144312492
0.0142654235
0.0143523695
0.0142364018
0.0142446056
0.0147518204
0.0142269847
0.0141971645
0.0147102230
0.0140328376
0.0146108354
0.0145704850
0.0141999317
0.0140423910
0.0140684120
0.0139979654
0.0140657004
0.0139991437
0.0139832226
0.0139308262
0.0138416389
0.0138780657
0.0139619843
0.0140568958
0.0139491641
0.0144841080
0.0138642428
0.0140164259
0.0140788497
0.0144126726
0.0141119058
0.0139276427
0.0143006764
0.0142130245
0.0140717451
0.0138852537
0.0139910040
0.0139877205
0.0140387542
0.0142441525
0.0143767915
0.0144515414
0.0144266739
0.0153210516
0.0144141116
0.0149329528
0.0143789078
0.0153167501
0.0147906288
0.0142358359
0.0142734832
0.0141516989
0.0141098296
0.0142959803
0.0143377952
0.0142019542
0.0149333692
0.0139993065
0.0141194735
0.0139283463
0.0139889433
0.0140093697
0.0140588874
0.0150835747
0.0141927152
0.0142270315
0.0142566903
0.0151812588
0.0142018047
0.0142410268
0.0148995744
0.0143262727
0.0148146746
0.0147109983
0.0144770524
0.0144404475
0.0143203669
0.0143040066
0.0144499369
0.0137952930
0.0136994915
0.0140228194
0.0134711167
0.0138570337
0.0138547022
0.0136660602
0.0131845467
0.0136040591
0.0133645367
0.0129207630
0.0134122291
0.0132389837
0.0134608252
0.0132152866
0.0129176574
0.0134602257
0.0132100774
0.0134737970
0.0129230734
0.0131310961
0.0128704574
0.0127822524
0.0130387886
0.0133490152
0.0127385540
0.0129966210
0.0130878581
0.0133957489
0.0135164655
0.0127878164
0.0131680040
0.0129577861
0.0135344518
0.0132589495
0.0130058678
0.0132904249
0.0132399554
0.0132775904
0.0133405744
0.0134299492
0.0140976879
0.0135499213
0.0135539346
0.0140677044
0.0136835882
0.0135529706
0.0137369748
0.0141306382
0.0138677631
0.0136515352
0.0137313018
0.0136948820
0.0137652878
0.0138668929
0.0140605106
0.0144466011
0.0143455699
0.0140234922
0.0144567665
0.0146662352
0.0141864560
0.0147294820
0.0141531618
0.0147040717
0.0140474352
0.0147281321
0.0146003364
0.0145601140
0.0142018999
0.0147395900
0.0142019605
0.0146452592
0.0141802185
0.0147916359
0.0147732290
0.0143491265
0.0146742360
0.0148955150
0.0143195933
0.0145215888
0.0149204893
0.0144679033
0.0145611947
0.0149858807
0.0144178216
0.0145160196
0.0146381832
0.0151589603
0.0146337644
0.0145038105
0.0150753777
0.0144391123
0.0145945054
0.0146865236
0.0149080994
0.0148340169
0.0143428275
0.0147099708
0.0142886915
0.0145656110
0.0142380443
0.0142535150
0.0144265592
0.0147764291
0.0142320062
0.0141270979
0.0138797275
0.0133391261
0.0136121225
0.0132822755
0.0131036065
0.0127417162
0.0127114373
0.0127071640
0.0125265686
0.0124590531
0.0123658771
0.0121968413
0.0120139876
0.0121293879
0.0119356876
0.0124948271
0.0119190173
0.0120726860
0.0122615186
0.0127940247
0.0123668764
0.0123205103
0.0128804013
0.0123926909
0.0123982330
0.0129072865
0.0124594445
0.0126424042
0.0128006513
0.0133368433
0.0131307683
0.0131685325
0.0135945259
0.0133346441
0.0133959488
0.0138775323
0.0136225288
0.0136982331
0.0141780997
0.0138311630
0.0142440815
0.0140230765
0.0142235942
0.0147269068
0.0145696042
0.0144252217
0.0149028465
0.0145602086
0.0145124383
0.0149754355
0.0145149372
0.0147236131
0.0144874291
0.0150436280
0.0144991495
0.0146069044
0.0144439877
0.0150257092
0.0145497041
0.0144974794
0.0146080155
0.0146190941
0.0144266061
0.0144752459
0.0142939865
0.0142423559
0.0141874426
0.0140629719
0.0138979008
0.0136183916
0.0136692115
0.0134106873
0.0137759850
0.0132530957
0.0135261213
0.0135887345
0.0133825162
0.0130286543
0.0129796109
0.0129210296
0.0132401533
0.0127336484
0.0131129482
0.0131817950
0.0132917510
0.0127606744
0.0128576104
0.0128110121
0.0134328532
0.0132069196
0.0136920265
0.0132703351
0.0131715108
0.0138632771
0.0134143628
0.0135945226
0.0140454833
0.0133121245
0.0135090173
0.0137203353
0.0142106436
0.0136565832
0.0138253810
0.0141416429
0.0143849553
0.0139453533
0.0142163046
0.0144679957
0.0141317997
0.0145805743
0.0142054428
0.0143905685
0.0140527169
0.0141999303
0.0145337289
0.0147114642
0.0147530570
0.0147947256
0.0142575297
0.0147730833
0.0148275544
0.0150433056
0.0146726704
0.0147834555
0.0147752311
0.0071850374
0.0065409544
0.0064378682
0.0056806538
0.0059063779
0.0064095160
0.0090762197
0.0090186536
0.0085102892
0.0118124791
0.0121764403
0.0124754236
0.0094438685
0.0090581899
0.0088413600
0.0118077969
0.0119575579
0.0112235709
0.0094506368
0.0088041961
0.0088623653
0.0035258761
0.0038899486
0.0031772360
0.0116365051
0.0113885888
0.0109426382
0.0077745792
0.0072475773
0.0070994012
0.0059038145
0.0057486176
0.0052046597
0.0057422527
0.0051269813
0.0050635840
0.0082121005
0.0074093182
0.0079902724
0.0057666017
0.0059090277
0.0058883935
0.0053302176
0.0113197109
0.0106272395
0.0109904064
0.0078422593
0.0085329593
0.0085450487
0.0114964801
0.0109392878
0.0089411576
0.0079830123
0.0085387438
0.0097949515
0.0095901850
0.0091456803
0.0036721490
0.0035397258
0.0030712316
0.0057205760
0.0061411846
0.0054322767
0.0058750579
0.0060567740
0.0054054918
0.0034045594
0.0039976738
0.0037849324
0.0111276147
0.0105264973
0.0108543106
0.0069390914
0.0076037545
0.0074325398
0.0051099447
0.0056935477
0.0049980965
0.0105409150
0.0103272127
0.0097966847
0.0090383517
0.0045467084
0.0045226578
0.0050661552
0.0072304278
0.0069351211
0.0076258269
0.0059658436
0.0065952293
0.0062670356
0.0084193481
0.0085416893
0.0079991578
0.0095436642
0.0094143433
0.0088381175
0.0053511067
0.0053168273
0.0047192678
0.0073519126
0.0070051655
0.0066778450
0.0134711979
0.0107014483
0.0113596640
0.0108396355
0.0051350788
0.0055145577
0.0058374854
0.0077615524
0.0075604636
0.0070485051
0.0078429453
0.0075676028
0.0071156541
0.0055980799
0.0055452143
0.0050491281
0.0045260889
0.0041054709
0.0038959369
0.0087905729
0.0090288115
0.0084777000
0.0017196448
0.0021286470
0.0021867504
0.0058731039
0.0052251031
0.0059130655
0.0091457616
0.0092397200
0.0096829985
0.0036549765
0.0033764348
0.0040030089
0.0011562412
0.0013057190
0.0018629753
0.0078117759
0.0073530558
0.0071609998
0.0019665979
0.0017930940
0.0012645209
0.0052199965
0.0046624739
0.0046689797
0.0116306406
0.0122101440
0.0120698050
0.0076811814
0.0069921047
0.0043903062
0.0050747399
0.0042882058
0.0092502482
0.0132094633
0.0125984184
0.0125670808
0.0020687950
0.0026086597
0.0027671996
0.0097983605
0.0104948395
0.0099991595
0.0091325215
0.0094131327
0.0097861941
0.0051736159
0.0057662127
0.0045656819
0.0134002136
0.0134072425
0.0125638093
0.0026551115
0.0020518692
0.0018700377
0.0019741410
0.0022549510
0.0027041587
0.0055290635
0.0048403170
0.0055742431
0.0069170518
0.0063155345
0.0063405365
0.0045168574
0.0044368950
0.0050043407
0.0121920606
0.0116758124
0.0115627325
0.0059005957
0.0054433460
0.0060550932
0.0044017735
0.0047908388
0.0042208963
0.0110812671
0.0111752242
0.0105471821
0.0016621390
0.0012759146
0.0011238506
0.0088133585
0.0089442570
0.0082401501
0.0037535331
0.0036833223
0.0043313685
0.0084070097
0.0077731724
0.0078678225
0.0068688114
0.0071085803
0.0075641015
0.0120994985
0.0116078546
0.0120967824
0.0116443155
0.0113900702
0.0120834376
0.0031847585
0.0037885042
0.0035324511
0.0115685685
0.0112568336
0.0108455458
0.0019167729
0.0022765094
0.0025060226
0.0114599967
0.0120386149
0.0117044685
0.0126301259
0.0077659140
0.0079885844
0.0121301640
0.0114200150
0.0117487958
0.0131005907
0.0125072898
0.0126479574
0.0007227569
0.0005223259
0.0114859605
0.0107567796
0.0113300325
0.0020093608
0.0024961631
0.0017951895
0.0022167148
0.0024898549
0.0017637493
0.0036560426
0.0043043412
0.0041595342
0.0056808832
0.0056739902
0.0050252039
0.0118172334
0.0117328110
0.0124027399
0.0130873391
0.0133109337
0.0137304964
0.0095504533
0.0101874687
0.0099417551
0.0095890047
0.0102152642
0.0098311519
0.0129736502
0.0121782052
0.0091586591
0.0087340438
0.0084889872
0.0041509546
0.0038040685
0.0034868513
0.0033521546
0.0027195047
0.0078252211
0.0074300824
0.0039030758
0.0037621064
0.0044205385
0.0044825965
0.0045438558
0.0039243319
0.0070491099
0.0076301654
0.0076051495
0.0108019164
0.0114599541
0.0111376585
0.0089377955
0.0095188298
0.0104600842
0.0102042362
0.0013289587
0.0006245690
0.0013528939
0.0029721297
0.0036592488
0.0035952896
0.0033283515
0.0033547944
0.0039136916
0.0131613139
0.0130447416
0.0126303375
0.0099484967
0.0104529594
0.0098719240
0.0084522194
0.0077943081
0.0092478547
0.0095007392
0.0099014272
0.0047551709
0.0054120767
0.0053873753
0.0018943239
0.0016819372
0.0012018581
0.0056333492
0.0040589521
0.0044372729
0.0039633464
0.0138963212
0.0140932325
0.0007155871
0.0007532049
0.0087731272
0.0095070810
0.0075832531
0.0082209140
0.0082369239
0.0007573321
0.0006517436
0.0016515763
0.0012925652
0.0009257502
0.0100283097
0.0107104019
0.0102847713
0.0122165427
0.0115848714
0.0117425759
0.0126413007
0.0119828065
0.0123355390
0.0129532456
0.0136594581
0.0136970515
0.0022163726
0.0017497961
0.0015841120
0.0040707490
0.0033309750
0.0037712052
0.0128986146
0.0128328248
0.0122844738
0.0130525524
0.0125730341
0.0124808711
0.0031299331
0.0105262473
0.0100416427
0.0124964110
0.0126415261
0.0119419277
0.0079894396
0.0074828579
0.0096497563
0.0090390923
0.0097504236
0.0085185313
0.0091671802
0.0086316846
0.0082038341
0.0074835507
0.0076754046
0.0046903108
0.0041606979
0.0041565476
0.0022472655
0.0027428592
0.0026790551
0.0109007138
0.0105970540
0.0112516680
0.0078141615
0.0084003811
0.0081006192
0.0084192216
0.0091232089
0.0089963607
0.0053404603
0.0049425145
0.0045724153
0.0098605899
0.0104987494
0.0099524679
0.0073158030
0.0073593900
0.0078440592
0.0103523971
0.0103989779
0.0111069707
0.0037140426
0.0032833532
0.0038393874
0.0085419328
0.0079548525
0.0051385264
0.0044612420
0.0048924681
0.0037005879
0.0037939929
0.0043599163
0.0063978710
0.0062941966
0.0068632900
0.0100304601
0.0096337164
0.0093867515
0.0026554612
0.0030781812
0.0024928904
0.0109842893
0.0044795886
0.0044041212
0.0051898082
0.0090598880
0.0097414332
0.0090461934
0.0038352264
0.0044849029
0.0045377543
0.0049780369
0.0055658243
0.0016584870
0.0011050261
0.0012118986
0.0121008577
0.0114512128
0.0116809265
0.0056706080
0.0048729981
0.0055629451
0.0025759661
0.0030319556
0.0033063968
0.0038479318
0.0045628637
0.0044732032
0.0051630003
0.0049644933
0.0105282206
0.0043468787
0.0044445670
0.0048741437
0.0128337305
0.0122159422
0.0121703984
0.0082399164
0.0077193830
0.0077367653
0.0086566043
0.0081041238
0.0080836219
0.0101906750
0.0096730144
0.0098243093
0.0024395092
0.0029882548
0.0030784335
0.0045780180
0.0048777872
0.0042064643
0.0053121036
0.0059807162
0.0060167852
0.0140720794
0.0138055048
0.0089633212
0.0095830018
0.0088884893
0.0125373925
0.0126467239
0.0131309593
0.0025722845
0.0031962309
0.0029284389
0.0095961077
0.0005123949
0.0005551852
0.0140327645
0.0142111057
0.0098006690
0.0103609168
0.0104785319
0.0000000000
0.0129465973
0.0047047955
0.0043986844
0.0081696613
0.0076005125
0.0081808215
0.0062829716
0.0055984126
0.0063290885
0.0070381197
0.0075257966
0.0077169825
0.0083418292
0.0078506154
0.0064807067
0.0060175517
0.0065822819
0.0078166715
0.0071822294
0.0028515802
0.0032780311
0.0034992081
0.0065338338
0.0072114923
0.0070743559
0.0050922397
0.0043244394
0.0044300606
0.0027790001
0.0020509531
0.0025827752
0.0025117413
0.0020057935
0.0072837239
0.0074330540
0.0078816723
0.0049185101
0.0043328129
0.0045930717
0.0121529231
0.0127545461
0.0128371435
0.0060840612
0.0066823845
0.0066528337
0.0067832276
0.0072661009
0.0074625120
0.0090360023
0.0091153325
0.0101278050
0.0100111982
0.0094240810
0.0059078092
0.0051720710
0.0053822320
0.0080780165
0.0074895213
0.0085091875
0.0081808605
0.0077264959
0.0097592212
0.0104055849
0.0099577535
0.0090405067
0.0088276685
0.0082658331
0.0077275008
0.0076684456
0.0091876579
0.0067080891
0.0073338748
0.0073766675
0.0061952239
0.0055614184
0.0056492354
0.0038933905
0.0041046702
0.0043821107
0.0013191785
0.0007224380
0.0006106928
0.0092801370
0.0087369844
0.0087238650
0.0037597860
0.0038916458
0.0074451686
0.0068491292
0.0067430129
0.0014061495
0.0016390609
0.0021306918
0.0042608456
0.0020066863
0.0013453687
0.0027259719
0.0032638128
0.0034151976
0.0067859219
0.0061143270
0.0061199397
0.0057236801
0.0060715474
0.0061320718
0.0019637131
0.0024421633
0.0025824196
0.0101415491
0.0108368781
0.0106876123
0.0097476290
0.0091375433
0.0091051004
0.0000000000
0.0000000000
0.0135450117
0.0094490694
0.0087986858
0.0092328832
0.0088388547
0.0113418913
0.0106578392
0.0113588408
0.0118691313
0.0122419727
0.0067390049
0.0071563704
0.0074375375
0.0064891043
0.0046483046
0.0049465363
0.0053884863
0.0051917793
0.0055444646
0.0120792261
0.0096544578
0.0106654378
0.0104815257
0.0042025154
0.0048470534
0.0044620492
0.0106622099
0.0111695886
0.0113427558
0.0100106171
0.0099162287
0.0105580965
0.0098851551
0.0091464034
0.0093214928
0.0088073875
0.0118790105
0.0125497404
0.0122360612
0.0040402799
0.0047211755
0.0098795146
0.0093035991
0.0108411545
0.0114916053
0.0113667324
0.0106114184
0.0100553245
0.0101677516
0.0111316705
0.0025720229
0.0026744729
0.0094139677
0.0045086642
0.0050581828
0.0056953886
0.0051903384
0.0049840462
0.0063884707
0.0114275942
0.0107700820
0.0103553279
0.0028227260
0.0098457705
0.0119181183
0.0124933095
0.0119080178
0.0042211477
0.0105038206
0.0111276339
0.0103042179
0.0055555032
0.0049788197
0.0044671136
0.0032412717
0.0037223766
0.0039339521
0.0043994819
0.0051059492
0.0047013729
0.0047874790
0.0040797714
0.0085339109
0.0085069991
0.0092334875
0.0113646695
0.0108610099
0.0107058836
0.0048265159
0.0052833594
0.0046815600
0.0028638762
0.0033725821
0.0037139101
0.0058693619
0.0065227023
0.0062486938
0.0101255243
0.0095465098
0.0098060694
0.0069437849
0.0074225809
0.0075465666
0.0114054571
0.0107080710
0.0108407476
0.0107938276
0.0112420181
0.0115590888
0.0088433492
0.0092408731
0.0095237184
0.0106956683
0.0118625016
0.0114307784
0.0104461151
0.0073142437
0.0066116451
0.0072418069
0.0099493831
0.0093047345
0.0098136926
0.0068631669
0.0066569657
0.0063166231
0.0097418647
0.0094056198
0.0112746066
0.0111683272
0.0030141977
0.0036713517
0.0034606709
0.0060113949
0.0066098142
0.0064956465
0.0041338058
0.0048168332
0.0047708257
0.0034611203
0.0039869283
0.0038068844
0.0120834677
0.0113846415
0.0115734342
0.0062805130
0.0069421476
0.0097438442
0.0091744759
0.0093770446
0.0098796618
0.0092727862
0.0099126779
0.0043460745
0.0049267777
0.0049670848
0.0093568362
0.0090490566
0.0096562697
0.0054049267
0.0059385668
0.0097020170
0.0064925555
0.0069636942
0.0088982803
0.0041337474
0.0048505656
0.0041364199
0.0034305316
0.0039885038
0.0039791947
0.0098480680
0.0095281591
0.0047866907
0.0040563715
0.0011996867
0.0017279673
0.0044711486
0.0040732840
0.0086209869
0.0093129818
0.0032516085
0.0037554956
0.0038564646
0.0043543782
0.0049894449
0.0093158641
0.0089330510
0.0096136532
0.0094148066
0.0041798199
0.0036657260
0.0043637228
0.0048594636
0.0045113899
0.0022171867
0.0018972614
0.0016375708
0.0095423341
0.0092806084
0.0036582411
0.0043812375
0.0036920240
0.0099184579
0.0101212320
0.0103640905
0.0037914758
0.0045389173
0.0041160344
0.0037959858
0.0037987239
0.0044353641
0.0110089294
0.0115023162
0.0107871674
0.0117074839
0.0121594132
0.0083574085
0.0091081761
0.0062201772
0.0063710088
0.0069174541
0.0073017986
0.0037028059
0.0042347916
0.0042056360
0.0044322091
0.0049439805
0.0088057845
0.0091234036
0.0106934802
0.0112757039
0.0111805192
0.0036655514
0.0040027724
0.0042277588
0.0095787639
0.0096388476
0.0103205679
0.0044414152
0.0045974593
0.0050586603
0.0104408270
0.0099641917
0.0097632423
0.0040350942
0.0046716432
0.0046007583
0.0102729024
0.0096184403
0.0097800980
0.0075842195
0.0081898441
0.0068506971
0.0069105229
0.0062506430
0.0131458813
0.0134581406
0.0136530402
0.0091870271
0.0099348292
0.0096606749
0.0060954340
0.0040309549
0.0044111803
0.0047307891
0.0095189530
0.0102818525
0.0069167428
0.0063283000
0.0069081257
0.0055695386
0.0049229077
0.0090208951
0.0091286807
0.0096924924
0.0112352302
0.0107081415
0.0104990771
0.0056228471
0.0061333323
0.0055163538
0.0041941741
0.0043959473
0.0048522800
0.0044513128
0.0097959858
0.0091400611
0.0092941306
0.0058217687
0.0051141290
0.0011631718
0.0006573425
0.0006126928
0.0096381446
0.0102514435
0.0101674632
0.0095431182
0.0044504881
0.0071238961
0.0065957045
0.0064809389
0.0028976988
0.0031732792
0.0035704822
0.0034117843
0.0038374959
0.0104652750
0.0086098326
0.0079608513
0.0082711629
0.0088811637
0.0092091954
0.0096150677
0.0096211884
0.0090582322
0.0058516903
0.0052363760
0.0052371529
0.0036205184
0.0032255355
0.0038192514
0.0101198321
0.0107847829
0.0119316357
0.0119701409
0.0083805259
0.0022602240
0.0032159448
0.0033797838
0.0057428571
0.0052478685
0.0050819656
0.0092436035
0.0086226783
0.0076897274
0.0078439371
0.0096691100
0.0097022922
0.0083884138
0.0117807276
0.0112300160
0.0112813485
0.0045368770
0.0046721501
0.0006711103
0.0006024892
0.0013804957
0.0021713656
0.0018518063
0.0081183544
0.0075772970
0.0078409417
0.0083390772
0.0076006143
0.0080029760
0.0075971930
0.0082188384
0.0070919880
0.0059704688
0.0067136843
0.0064166289
0.0060982234
0.0057602980
0.0050140323
0.0025381247
0.0026535639
0.0031115385
0.0064661753
0.0057898718
0.0069809013
0.0075943024
0.0068748950
0.0064105921
0.0058582753
0.0025131458
0.0020742727
0.0018837089
0.0086641608
0.0083246326
0.0089550852
0.0069628725
0.0066698873
0.0095184713
0.0081662479
0.0082922306
0.0067779554
0.0005219586
0.0005538808
0.0089807978
0.0097026714
0.0019739788
0.0015258725
0.0012785446
0.0137928531
0.0064425095
0.0064318172
0.0066183456
0.0129086768
0.0123347668
0.0122494189
0.0059105055
0.0061271143
0.0066770671
0.0045764602
0.0040475938
0.0064288533
0.0066791222
0.0102714590
0.0095836998
0.0099637037
0.0041840960
0.0109653483
0.0114605754
0.0112506704
0.0108006947
0.0136603995
0.0132231166
0.0130988748
0.0125979946
0.0120269637
0.0125242282
0.0041800703
0.0047961685
0.0071598976
0.0078040274
0.0078408420
0.0098278268
0.0097604340
0.0102979952
0.0068792848
0.0065495509
0.0067900551
0.0063942908
0.0068978966
0.0062334216
0.0063051560
0.0090818343
0.0094504112
0.0098309254
0.0044137445
0.0056558340
0.0055154044
0.0050686890
0.0016719018
0.0010993977
0.0054049771
0.0055221371
0.0060123107
0.0041814887
0.0049526128
0.0055666582
0.0051866307
0.0069396367
0.0064014476
0.0062979638
0.0081286240
0.0067272247
0.0065947116
0.0045886229
0.0043159801
0.0071593468
0.0064798258
0.0021117707
0.0027994979
0.0027941003
0.0118471993
0.0113352740
0.0112378269
0.0058243649
0.0063301462
0.0056934300
0.0062313189
0.0054534153
0.0083062841
0.0087846491
0.0063499815
0.0070398202
0.0065251669
0.0035545589
0.0042119526
0.0060407526
0.0068031352
0.0063972003
0.0031575521
0.0029423683
0.0024361417
0.0077741755
0.0082868508
0.0077880709
0.0031332872
0.0025065798
0.0026490728
0.0094970027
0.0030895059
0.0025250524
0.0024534319
0.0112463327
0.0106686878
0.0113427025
0.0058892498
0.0065863772
0.0060859500
0.0013194988
0.0007178849
0.0006231183
0.0043635792
0.0048276195
0.0048700978
0.0062814708
0.0069017321
0.0061374654
0.0056326832
0.0062368769
0.0069998047
0.0104493846
0.0109587005
0.0112086014
0.0108231773
0.0102100529
0.0063849863
0.0062450073
0.0062852031
0.0065831752
0.0069917293
0.0050214065
0.0055101747
0.0055235308
0.0122517517
0.0113116811
0.0118039842
0.0084224132
0.0090973892
0.0019263797
0.0020520609
0.0025912628
0.0118238724
0.0114118067
0.0111279373
0.0024570176
0.0019635897
0.0018439234
0.0019447259
0.0026263438
0.0025742697
0.0104151503
0.0097965883
0.0101564292
0.0094293546
0.0096853123
0.0079715633
0.0072196565
0.0073016420
0.0052113728
0.0058391464
0.0052226618
0.0051075960
0.0057958019
0.0050003282
0.0049122081
0.0006808812
0.0007326990
0.0029907484
0.0026186924
0.0021571858
0.0020584255
0.0024295052
0.0027801010
0.0005329615
0.0091690730
0.0090696773
0.0099513271
0.0100275098
0.0106235095
0.0056027461
0.0060079043
0.0006155627
0.0007622671
0.0012542421
0.0036146188
0.0040971568
0.0035727671
0.0092677354
0.0098545340
0.0054643658
0.0059608986
0.0052661341
0.0038265269
0.0037286933
0.0032243995
0.0075651610
0.0095166358
0.0085867280
0.0079769925
0.0078577680
0.0033267395
0.0035239045
0.0028255293
0.0073950168
0.0067079988
0.0119344916
0.0117302053
0.0085279646
0.0087113744
0.0092116152
0.0014665132
0.0010136381
0.0131532848
0.0128660826
0.0076002203
0.0068806597
0.0083787576
0.0080541057
0.0109762664
0.0103811042
0.0024693651
0.0031659860
0.0026062421
0.0022621326
0.0020081999
0.0073435363
0.0080167290
0.0063820147
0.0065376913
0.0133565549
0.0126472596
0.0130355774
0.0069992194
0.0119050256
0.0115845166
0.0112829592
0.0060601182
0.0053807142
0.0055609476
0.0097221873
0.0091540560
0.0088947624
0.0087894679
0.0093128469
0.0005665405
0.0059486270
0.0095407221
0.0100676740
0.0099138541
0.0095426776
0.0094045112
0.0082208573
0.0079926106
0.0086287762
0.0018333663
0.0075077694
0.0081884211
0.0101239521
0.0100027224
0.0133996644
0.0140050978
0.0138617617
0.0128289940
0.0125955885
0.0012613514
0.0012324951
0.0133947331
0.0135800577
0.0129978460
0.0123868985
0.0123311228
0.0099901081
0.0100572308
0.0028581516
0.0024364050
0.0075956859
0.0053481359
0.0006346332
0.0011184079
0.0006216667
0.0005828591
0.0014082883
0.0021599782
0.0054236560
0.0061044516
0.0046878019
0.0111900961
0.0113160248
0.0082848347
0.0076721080
0.0080065191
0.0034767934
0.0028474334
0.0031179785
0.0040890653
0.0041209033
0.0037200755
0.0043580341
0.0125973778
0.0131365116
0.0042198721
0.0046634866
0.0059923386
0.0053082155
0.0127946823
0.0122813239
0.0109631856
0.0112064978
0.0028004533
0.0021153878
0.0026531543
0.0137831076
0.0132660921
0.0078712446
0.0137422005
0.0140316898
0.0052452712
0.0054908570
0.0057973368
0.0025364191
0.0018060597
0.0014194515
0.0112874676
0.0116089383
0.0020328821
0.0014149427
0.0013806408
0.0089207634
0.0085545933
0.0023956706
0.0050085820
0.0043206404
0.0043826193
0.0055115195
0.0085347319
0.0087823490
0.0011009189
0.0006029385
0.0033581238
0.0032940744
0.0080218909
0.0139374302
0.0007820805
0.0004903455
0.0075929773
0.0079848974
0.0057667662
0.0063894864
0.0021021336
0.0052280409
0.0052287493
0.0076532664
0.0082879130
0.0079091439
0.0031288363
0.0028874587
0.0056576259
0.0063361872
0.0133584274
0.0125766524
0.0099663097
0.0105235684
0.0099955558
0.0068903528
0.0017059249
0.0022660260
0.0022931300
0.0010014622
0.0015437225
0.0007990599
0.0083027992
0.0121397787
0.0026759115
0.0104874351
0.0138291434
0.0131014154
0.0132647891
0.0006413054
0.0008199254
0.0114534643
0.0109563327
0.0101292233
0.0026319026
0.0032914925
0.0030574382
0.0139032928
0.0132943724
0.0139387298
0.0136924003
0.0035514499
0.0033534968
0.0029702220
0.0045224082
0.0029096166
0.0117945511
0.0123599783
0.0120035642
0.0119556378
0.0112080570
0.0115201876
0.0029055716
0.0064815198
0.0062994639
0.0005313599
0.0101853504
0.0024712200
0.0089172987
0.0085888403
0.0103745581
0.0126503607
0.0057302926
0.0051048719
0.0072236925
0.0120485492
0.0007002176
0.0006740038
0.0023450485
0.0024515925
0.0013821380
0.0069099287
0.0066529909
0.0025653268
0.0022755802
0.0015392143
0.0019990121
0.0059244152
0.0052418301
0.0120608814
0.0019389502
0.0018839689
0.0013554729
0.0060494991
0.0073605795
0.0138869741
0.0138529436
0.0114050726
0.0117451899
0.0112112311
0.0116623335
0.0019994521
0.0014579625
0.0125982468
0.0131373826
0.0127961545
0.0109663217
0.0054333174
0.0061808098
0.0089556795
0.0082661236
0.0042025523
0.0133000303
0.0128030249
0.0017686355
0.0013307989
0.0122327023
0.0020689894
0.0023212540
0.0120658015
0.0120482642
0.0132589554
0.0137098170
0.0137473639
0.0006544384
0.0081802439
0.0029212622
0.0026189115
0.0035898676
0.0030089249
0.0103434993
0.0109285893
0.0119702567
0.0124030385
0.0069412886
0.0087578161
0.0080487408
0.0086340009
0.0116236297
0.0110107694
0.0109559720
0.0019028049
0.0100463715
0.0093582383
0.0097579495
0.0080270986
0.0080875933
0.0102636813
0.0095570912
0.0098303442
0.0093218006
0.0086635052
0.0086817949
0.0059491057
0.0065195176
0.0130032560
0.0126358352
0.0123896187
0.0050934179
0.0048343872
0.0058344036
0.0020529885
0.0135187540
0.0135756696
0.0132186924
0.0114221507
0.0005135118
0.0004881937
0.0083822740
0.0084785825
0.0079364744
0.0084170204
0.0085275439
0.0089353625
0.0123684824
0.0130221657
0.0127983244
0.0052155659
0.0058757530
0.0058660742
0.0011552373
0.0005536206
0.0007466670
0.0052656975
0.0059765479
0.0053608037
0.0121069706
0.0074822146
0.0078708391
0.0090813439
0.0131361545
0.0085484785
0.0114451097
0.0118934121
0.0119487842
0.0087990564
0.0086031973
0.0080743937
0.0027537329
0.0023139937
0.0125834440
0.0020825387
0.0014105221
0.0014689523
0.0136371670
0.0130638817
0.0127979331
0.0120387568
0.0080712635
0.0077823526
0.0106580073
0.0104830124
0.0112313000
0.0080335610
0.0075516862
0.0079417479
0.0022396318
0.0028601062
0.0134692050
0.0127076030
0.0134098885
0.0059395792
0.0007160316
0.0004578738
0.0083762227
0.0077360980
0.0079816842
0.0025846704
0.0021032566
0.0023476546
0.0112075065
0.0105744683
0.0108764235
0.0027167963
0.0019839111
0.0020419332
0.0075984435
0.0081272724
0.0007692574
0.0088742810
0.0115244313
0.0110581876
0.0100119010
0.0106869116
0.0007019194
0.0005862894
0.0029091019
0.0023045599
0.0029146393
0.0012249493
0.0005911894
0.0010905793
0.0072629962
0.0077903372
0.0136082794
0.0136024087
0.0107720858
0.0113068506
0.0109926618
0.0117869832
0.0111239726
0.0089788829
0.0114109154
0.0107702150
0.0010618460
0.0017182956
0.0013590586
0.0078946578
0.0083584073
0.0085763696
0.0085983191
0.0078583423
0.0081301109
0.0025857480
0.0036290212
0.0069847048
0.0036493739
0.0029274389
0.0006626650
0.0006383220
0.0005152025
0.0081996329
0.0074474837
0.0079836691
0.0071765031
0.0073080664
0.0057915799
0.0062947420
0.0056664538
0.0135624501
0.0124229635
0.0119452930
0.0006950032
0.0007385850
0.0122026762
0.0117155677
0.0026514903
0.0017838000
0.0023184594
0.0007461351
0.0010760775
0.0129358151
0.0123946090
0.0130349267
0.0065889078
0.0044841235
0.0047738901
0.0019279046
0.0014006416
0.0004789961
0.0006203353
0.0026292588
0.0018523870
0.0026010484
0.0124555163
0.0126439590
0.0121446505
0.0008670961
0.0033439137
0.0078148049
0.0070624592
0.0008159210
0.0133283828
0.0125757366
0.0133711453
0.0007692505
0.0020745736
0.0007803967
0.0008086692
0.0007724673
0.0007489428
0.0037392571
0.0030893056
0.0031028027
0.0085346322
0.0086451520
0.0079499789
0.0034115558
0.0071281055
0.0064524782
0.0065082806
0.0007454558
0.0007421205
0.0010519190
0.0005407345
0.0006154051
0.0079925154
0.0038709496
0.0034754878
0.0043906455
0.0087713122
0.0080644751
0.0026454337
0.0021127626
0.0020725073
0.0024679694
0.0030433618
0.0006585210
0.0007849692
0.0007933138
0.0087926705
0.0093168038
0.0095981159
0.0048634115
0.0048614913
0.0041826762
0.0063945162
0.0067150421
0.0070992409
0.0115744183
0.0117222540
0.0110221600
0.0126563404
0.0128633450
0.0133439141
0.0007430070
0.0006769071
0.0012655912
0.0010774286
0.0007553291
0.0091989006
0.0119581089
0.0116358910
0.0113366941
0.0007576004
0.0088256880
0.0116961440
0.0065813310
0.0065833634
0.0033610421
0.0028707209
0.0026597760
0.0058413011
0.0065618451
0.0061118627
0.0088999784
0.0090049160
0.0095260154
0.0119745242
0.0116210011
0.0006223427
0.0007065758
0.0004326322
0.0081414420
0.0076491464
0.0076240624
0.0102322238
0.0106749813
0.0109530833
0.0010757909
0.0007939519
0.0113758878
0.0120683814
0.0120620184
0.0123115705
0.0125993110
0.0007843581
0.0053844275
0.0046954882
0.0007435631
0.0007638744
0.0114371996
0.0107719317
0.0113057080
0.0120630186
0.0126006615
0.0137707756
0.0133075826
0.0131450859
0.0007612040
0.0085340662
0.0075908274
0.0076642619
0.0100593913
0.0100898804
0.0006844470
0.0055158290
0.0060488237
0.0053589691
0.0007171700
0.0095921947
0.0007546959
0.0006122742
0.0013465179
0.0127260356
0.0122805717
0.0121923240
0.0013409312
0.0019539107
0.0018154720
0.0044963326
0.0052513814
0.0048947376
0.0007821502
0.0008165079
0.0005863353
0.0015651259
0.0011043116
0.0017412923
0.0022776293
0.0023181047
0.0008010208
0.0056589057
0.0060220566
0.0034919185
0.0054083950
0.0010877094
0.0127061948
0.0118943383
0.0123048368
0.0105279757
0.0105510680
0.0111432102
0.0025429393
0.0022128662
0.0028568757
0.0007634791
0.0007539509
0.0007733364
0.0025980180
0.0022850052
0.0027826479
0.0007534127
0.0070248098
0.0037540537
0.0043935048
0.0006823536
0.0106256588
0.0105742398
0.0110935264
0.0133132310
0.0085883325
0.0091841827
0.0092623326
0.0099681004
0.0099962952
0.0092830811
0.0135704542
0.0116784536
0.0115824112
0.0026095246
0.0031701171
0.0031784380
0.0037630936
0.0032461170
0.0030952549
0.0008836170
0.0006980640
0.0133630189
0.0129850630
0.0122572313
0.0129223523
0.0020652576
0.0022191726
0.0119137234
0.0111617891
0.0116798548
0.0097514294
0.0050573228
0.0049612561
0.0055861786
0.0028909729
0.0022195170
0.0027269507
0.0011444217
0.0005859035
0.0007232253
0.0026350960
0.0026261140
0.0131558345
0.0136798028
0.0136711653
0.0010617839
0.0005324827
0.0011408106
0.0033917270
0.0039415874
0.0102863150
0.0108368613
0.0109513400
0.0089412846
0.0082380468
0.0084509010
0.0026879126
0.0021744737
0.0027565744
0.0042653911
0.0045394506
0.0027377551
0.0019886935
0.0024286408
0.0135710014
0.0006239408
0.0006083005
0.0110002072
0.0113020980
0.0093143457
0.0091453644
0.0087168659
0.0053096359
0.0048485805
0.0046673736
0.0126942194
0.0122761147
0.0052425300
0.0126120775
0.0006922931
0.0006766921
0.0031303210
0.0025874122
0.0026286279
0.0083777767
0.0076976507
0.0079537002
0.0115672636
0.0115473726
0.0086049326
0.0079382983
0.0078883215
0.0018977446
0.0078841179
0.0072010011
0.0075810627
0.0112841138
0.0115057035
0.0107646287
0.0003797059
0.0134951690
0.0132369960
0.0135674896
0.0031364654
0.0026631144
0.0005103429
0.0007440171
0.0137019315
0.0129944053
0.0132676754
0.0044207295
0.0044583399
0.0050811328
0.0038203177
0.0039089100
0.0034335665
0.0136284575
0.0018251099
0.0020478093
0.0007633100
0.0007015011
0.0014098185
0.0077161235
0.0006972365
0.0005407160
0.0036428829
0.0043121952
0.0008961062
0.0004024395
0.0008159520
0.0039410811
0.0043755890
0.0046472780
0.0126181447
0.0129697593
0.0123857388
0.0104627806
0.0098322316
0.0099454672
0.0119739385
0.0112890395
0.0116321051
0.0108057209
0.0110662246
0.0050601636
0.0055216792
0.0049476448
0.0045300581
0.0052177079
0.0027599364
0.0032732384
0.0017860584
0.0025112949
0.0127750122
0.0120661819
0.0121473944
0.0100688328
0.0111959837
0.0113347533
0.0118524963
0.0084126964
0.0085378642
0.0022498512
0.0006148755
0.0011778079
0.0012133008
0.0114357390
0.0109256185
0.0132710851
0.0011872819
0.0017817697
0.0016802536
0.0136586780
0.0121344735
0.0122825496
0.0116712797
0.0117953739
0.0097618315
0.0091334383
0.0085867456
0.0084305049
0.0096971105
0.0035364849
0.0038588576
0.0077744610
0.0038952689
0.0037699855
0.0032584474
0.0010995916
0.0010871774
0.0038669704
0.0040961347
0.0048311801
0.0042174343
0.0055338452
0.0059676867
0.0061082636
0.0082667611
0.0054649596
0.0066109632
0.0032292816
0.0030722454
0.0037342715
0.0019922759
0.0018693727
0.0014891802
0.0028944266
0.0035574359
0.0032271911
0.0083073894
0.0071204221
0.0071376323
0.0046925068
0.0047132437
0.0041572320
0.0095044499
0.0051180504
0.0099561384
0.0095996690
0.0078535159
0.0080807607
0.0032731253
0.0029624796
0.0075921039
0.0077679865
0.0083585836
0.0046045776
0.0038272779
0.0039896612
0.0060419874
0.0064942500
0.0082804106
0.0084976703
0.0077337445
0.0085165502
0.0042589355
0.0044500011
0.0026511020
0.0020832932
0.0072334554
0.0078292974
0.0039034398
0.0042978645
0.0098916719
0.0055344982
0.0089883178
0.0088798575
0.0082839925
0.0032650605
0.0141625854
0.0139484685
0.0133212256
0.0088389560
0.0096483881
0.0088065628
0.0031723287
0.0039770607
0.0102066377
0.0090511102
0.0052062920
0.0063305605
0.0059146381
0.0124342448
0.0113193318
0.0107904204
0.0051590124
0.0058192075
0.0048611135
0.0051799874
0.0080713595
0.0023559745
0.0027762872
0.0039132990
0.0110330164
0.0109056868
0.0104158288
0.0066333755
0.0086079722
0.0065595192
0.0136342235
0.0099534818
0.0098712189
0.0094610533
0.0059066121
0.0071774497
0.0078684937
0.0078462349
0.0086565567
0.0079662939
0.0054341511
0.0137332085
0.0135221938
0.0054541294
0.0058038072
0.0094666043
0.0060454314
0.0058009545
0.0053701604
0.0060475227
0.0055222511
0.0033432563
0.0032906004
0.0030716653
0.0043388743
0.0046047086
0.0049057978
0.0107032078
0.0100394509
0.0083377585
0.0094831533
0.0035818476
0.0037110326
0.0030869768
0.0087878081
0.0065382872
0.0070953147
0.0065316591
0.0058623503
0.0059465108
0.0059313659
0.0087510256
0.0071538595
0.0073187849
0.0066704660
0.0043053697
0.0049054157
0.0043939784
0.0044217816
0.0066778923
0.0066259679
0.0046517130
0.0053353742
0.0082292778
0.0134321045
0.0132910180
0.0109121557
0.0079900145
0.0073489343
0.0032521181
0.0032095554
0.0097913099
0.0091384367
0.0092581544
0.0096864058
0.0099469347
0.0090540721
0.0090795610
0.0069377337
0.0080588975
0.0073578352
0.0042584474
0.0109242914
0.0077103039
0.0074525679
0.0061527509
0.0063711343
0.0049866280
0.0050626273
0.0056207914
0.0135380918
0.0133713176
0.0120098185
0.0066889872
0.0066778425
0.0073089393
0.0083736764
0.0077071535
0.0051117631
0.0051523248
0.0119157203
0.0028226983
0.0072194848
0.0107628624
0.0048002852
0.0053393740
0.0024435498
0.0033184369
0.0040466688
0.0037594233
0.0099381451
0.0106476766
0.0103588812
0.0080167739
0.0072973896
0.0073238960
0.0019460653
0.0086556607
0.0081390311
0.0078188931
0.0017192684
0.0115273818
0.0070542015
0.0053564128
0.0051498023
0.0048196320
0.0054557850
0.0083180718
0.0084266497
0.0088763208
0.0134222149
0.0110735931
0.0104307959
0.0109057115
0.0033410787
0.0034471835
0.0047774464
0.0093013683
0.0053005482
0.0046372628
0.0110633361
0.0104679455
0.0116760843
0.0038544424
0.0033233206
0.0027924591
0.0058465942
0.0035757190
0.0052868515
0.0108228173
0.0102609005
0.0103911032
0.0005267284
0.0010977452
0.0059090414
0.0052649815
0.0085380092
0.0054645958
0.0047857621
0.0025469448
0.0018079247
0.0055374211
0.0045459093
0.0087978139
0.0071551031
0.0053580565
0.0047024251
0.0049104695
0.0080227633
0.0074817011
0.0080074475
0.0109056728
0.0102482694
0.0105162363
0.0057461478
0.0049421037
0.0056154097
0.0121911924
0.0116359694
0.0127329178
0.0130552693
0.0133545893
0.0050109836
0.0101947017
0.0107131243
0.0101903478
0.0039831200
0.0052186362
0.0045390860
0.0051300442
0.0015682453
0.0020244326
0.0023366501
0.0005467601
0.0031736789
0.0034719673
0.0036628728
0.0044630390
0.0048758187
0.0045857770
0.0043827388
0.0038230246
0.0065927329
0.0065268194
0.0072039413
0.0049727517
0.0045851793
0.0051497032
0.0050581810
0.0042945657
0.0054211114
0.0047885283
0.0049784454
0.0050573078
0.0043113638
0.0047867703
0.0049324235
0.0048629872
0.0041487820
0.0047757062
0.0040078638
0.0047681773
0.0049159075
0.0041989750
0.0024130275
0.0031331266
0.0030266954
0.0040307416
0.0045892982
0.0097592283
0.0096501332
0.0102832985
0.0049670435
0.0043162196
0.0049954735
0.0040469318
0.0048037233
0.0049457337
0.0042812129
0.0051421288
0.0048864907
0.0047691870
0.0040434270
0.0048104748
0.0042081772
0.0031759242
0.0032235880
0.0051018219
0.0043581226
0.0049196735
0.0041520384
0.0041098474
0.0048210851
0.0051052369
0.0043553893
0.0045913201
0.0048504056
0.0042044356
0.0048174536
0.0041740649
0.0041572307
0.0071444284
0.0065562152
0.0109590912
0.0051314719
0.0043837299
0.0039547442
0.0049380208
0.0041705256
0.0051154400
0.0043692730
0.0049039152
0.0041725467
0.0042349551
0.0051667852
0.0043873765
0.0045920743
0.0049720423
0.0042746334
0.0066007869
0.0067156865
0.0072655047
0.0050809135
0.0039158672
0.0045970013
0.0053605394
0.0045297467
0.0050845160
0.0043371615
0.0039376193
0.0047234444
0.0051077666
0.0043241430
0.0104063346
0.0107722877
0.0040870344
0.0046348186
0.0051871264
0.0044186710
0.0053476958
0.0046146152
0.0092073120
0.0098797939
0.0092793032
0.0048483084
0.0047110497
0.0026285064
0.0031395979
0.0042257646
0.0048737424
0.0096137078
0.0051618242
0.0052359783
0.0097271350
0.0097574826
0.0102677751
0.0056789468
0.0050095272
0.0102950749
0.0052254955
0.0084572049
0.0031801808
0.0032588854
0.0038299335
0.0054792205
0.0047105454
0.0051232390
0.0050279497
0.0049898310
0.0028095475
0.0102261724
0.0058077569
0.0014255356
0.0021127186
0.0019377717
0.0103854026
0.0052504292
0.0045904567
0.0050469191
0.0057525870
0.0052753482
0.0068664787
0.0031619984
0.0028660905
0.0047593465
0.0047322797
0.0054351622
0.0100763580
0.0103173061
0.0107631504
0.0101325304
0.0107178358
0.0045523008
0.0045330651
0.0019623784
0.0012612135
0.0046019475
0.0045064861
0.0040324472
0.0041723314
0.0029463409
0.0035074404
0.0034483341
0.0101761383
0.0094710063
0.0051346537
0.0048412451
0.0056512969
0.0078272093
0.0070714347
0.0075615737
0.0139846606
0.0140739803
0.0010933190
0.0011109038
0.0049829456
0.0093156245
0.0014166048
0.0018628408
0.0133812980
0.0131824959
0.0117855548
0.0019740345
0.0025548493
0.0127119445
0.0135941917
0.0129060982
0.0136287349
0.0095852812
0.0092947394
0.0099246450
0.0123700117
0.0117979212
0.0120529721
0.0091784076
0.0036563610
0.0030057326
0.0128486464
0.0012119228
0.0128515818
0.0007635775
0.0006895981
0.0094539588
0.0139122362
0.0131663038
0.0117131103
0.0111010969
0.0007212804
0.0100861776
0.0132793047
0.0132173880
0.0127250377
0.0092329065
0.0098152496
0.0082737589
0.0015939194
0.0010351924
0.0125345603
0.0126952515
0.0013786412
0.0019726000
0.0110842128
0.0017285963
0.0022491657
0.0022110520
0.0132201646
0.0126222584
0.0122265210
0.0019826704
0.0020543829
0.0092745972
0.0093347602
0.0057968027
0.0091160828
0.0027154072
0.0031693702
0.0013156617
0.0138702133
0.0036972997
0.0124382912
0.0130652910
0.0124237098
0.0020742582
0.0013232104
0.0027538492
0.0088448558
0.0018636557
0.0103362640
0.0117457288
0.0116117201
0.0130415294
0.0123667298
0.0020589524
0.0005491954
0.0067920480
0.0074670838
0.0139894004
0.0134659102
0.0133659635
0.0022285082
0.0027327904
0.0103555122
0.0090515084
0.0133359718
0.0138591132
0.0132023354
0.0088989686
0.0096816362
0.0092166179
0.0024358793
0.0120205595
0.0040668954
0.0065176773
0.0032392825
0.0023881295
0.0028796898
0.0014778208
0.0009450848
0.0015950559
0.0046674690
0.0134080287
0.0139786425
0.0020753541
0.0026795540
0.0121428492
0.0121411400
0.0115744308
0.0049414920
0.0043227098
0.0046623808
0.0022907850
0.0028127251
0.0019178588
0.0087577647
0.0112766281
0.0126074478
0.0039836342
0.0036721644
0.0029589312
0.0118210488
0.0016681417
0.0021394284
0.0113630060
0.0084863239
0.0116129685
0.0120608132
0.0114592308
0.0012412417
0.0041291328
0.0116251769
0.0037276818
0.0113178495
0.0040053789
0.0041015716
0.0060938790
0.0022911651
0.0018361548
0.0022841071
0.0015170092
0.0140255933
0.0134863875
0.0123420124
0.0129135397
0.0121969271
0.0035367919
0.0042357283
0.0038074108
0.0047595963
0.0042848585
0.0020297131
0.0013196567
0.0080255650
0.0087199223
0.0080065628
0.0129681843
0.0129643637
0.0087509644
0.0086400374
0.0030214251
0.0037850922
0.0017369776
0.0086716945
0.0079050924
0.0014828588
0.0021914146
0.0018052345
0.0121379095
0.0127699215
0.0123665132
0.0069843701
0.0066348904
0.0052154448
0.0045749702
0.0016634706
0.0019529831
0.0012262819
0.0006716281
0.0006418655
0.0019444457
0.0022796380
0.0016957158
0.0028301344
0.0034183079
0.0114306219
0.0108568033
0.0046641576
0.0079337263
0.0086731503
0.0078625730
0.0012744555
0.0017257799
0.0014651525
0.0022457037
0.0019641529
0.0083510322
0.0089976023
0.0083931079
0.0102380814
0.0103763074
0.0014622120
0.0021296671
0.0014745682
0.0085729667
0.0077275326
0.0077101649
0.0109080993
0.0114065967
0.0113816122
0.0020964147
0.0089607194
0.0088244058
0.0022315775
0.0017486755
0.0079792303
0.0087641377
0.0087404929
0.0012691985
0.0017472422
0.0084451537
0.0055552675
0.0048423761
0.0105163722
0.0101797124
0.0084598389
0.0077379531
0.0109312492
0.0116401864
0.0111541689
0.0114067611
0.0121386838
0.0118262098
0.0060382502
0.0061170852
0.0079519978
0.0087116526
0.0097722948
0.0090881399
0.0022826391
0.0021524804
0.0085314753
0.0077511437
0.0108171883
0.0115565793
0.0114279861
0.0112931998
0.0119066832
0.0080283863
0.0086354366
0.0083602575
0.0059899174
0.0055900833
0.0072109972
0.0071418707
0.0078395365
0.0067354814
0.0065817043
0.0014689590
0.0014677409
0.0085390531
0.0077647945
0.0107673931
0.0108743454
0.0014547543
0.0021352808
0.0014044143
0.0079237524
0.0086977727
0.0017060474
0.0022296016
0.0015976510
0.0078431001
0.0085858397
0.0113027498
0.0119085028
0.0016735052
0.0087291050
0.0038734863
0.0032703186
0.0042528945
0.0042201794
0.0022229500
0.0014729007
0.0085418754
0.0078747039
0.0015033391
0.0076981764
0.0083709788
0.0016228423
0.0021323155
0.0017564639
0.0025057813
0.0111074699
0.0117135962
0.0037134680
0.0079821641
0.0018575173
0.0012372710
0.0013891080
0.0112515589
0.0118503668
0.0113148029
0.0075089618
0.0082984348
0.0109204858
0.0115204675
0.0015223160
0.0021938571
0.0014710641
0.0011939760
0.0018160699
0.0010213976
0.0058735311
0.0058815838
0.0014764563
0.0021197843
0.0074383949
0.0082032048
0.0077680698
0.0085127738
0.0077256204
0.0108882043
0.0115612328
0.0021427129
0.0108517650
0.0113934931
0.0021954396
0.0015563365
0.0084429967
0.0077580011
0.0108320999
0.0114062030
0.0106321458
0.0078052072
0.0085081294
0.0079337959
0.0014779918
0.0084496585
0.0077628508
0.0098390833
0.0110869427
0.0118055068
0.0112869214
0.0014466746
0.0022149516
0.0104360909
0.0111603729
0.0021995866
0.0014953785
0.0043947598
0.0040875122
0.0057129727
0.0054333528
0.0086822182
0.0079929313
0.0074461566
0.0079969073
0.0074038197
0.0084685113
0.0077399975
0.0110211406
0.0115515716
0.0109559882
0.0089423362
0.0107961452
0.0105734549
0.0045445999
0.0120601703
0.0113282034
0.0014305417
0.0020772571
0.0109029400
0.0078489608
0.0126457080
0.0132769782
0.0128627196
0.0070481180
0.0071144809
0.0076821932
0.0110987685
0.0106025300
0.0104693196
0.0103127203
0.0096644070
0.0087914155
0.0080323505
0.0017473636
0.0056633789
0.0054071828
0.0049625175
0.0014202561
0.0019260587
0.0016775072
0.0085449938
0.0080875381
0.0123764931
0.0092504078
0.0088726180
0.0087212930
0.0080545637
0.0121047414
0.0114111615
0.0015010540
0.0021743180
0.0106616749
0.0087891222
0.0080402269
0.0113856039
0.0119120769
0.0113594111
0.0097417809
0.0091939056
0.0014868104
0.0021705881
0.0013799183
0.0121838710
0.0114541322
0.0074215719
0.0080977258
0.0075943081
0.0079568298
0.0014445457
0.0019810928
0.0013978453
0.0102757239
0.0110176854
0.0013840493
0.0022163483
0.0014837461
0.0080626823
0.0085448354
0.0077698566
0.0119763982
0.0115226039
0.0021568680
0.0014464735
0.0087604676
0.0082553015
0.0121677353
0.0116883862
0.0103985681
0.0037418212
0.0036908133
0.0032141257
0.0096213534
0.0091827293
0.0089172999
0.0089714267
0.0083235253
0.0014867625
0.0020749092
0.0075508066
0.0039694796
0.0123850325
0.0117828190
0.0071476349
0.0076999166
0.0105065752
0.0111082604
0.0022124887
0.0015756185
0.0121709375
0.0115498139
0.0091136332
0.0083679755
0.0015092371
0.0021992715
0.0022838148
0.0015372601
0.0122134045
0.0116154749
0.0059947567
0.0062159773
0.0066301623
0.0080166270
0.0086167718
0.0088919263
0.0085172961
0.0091781956
0.0087969530
0.0022084592
0.0014941547
0.0118968559
0.0126235914
0.0120413763
0.0015293879
0.0022090920
0.0107349079
0.0111827279
0.0104575182
0.0122734151
0.0118126874
0.0049370927
0.0014429461
0.0021365734
0.0105549106
0.0111997431
0.0022282673
0.0014705205
0.0080433880
0.0088285467
0.0082047842
0.0014628411
0.0022078805
0.0016237041
0.0083960754
0.0091434372
0.0086319673
0.0126763096
0.0123129680
0.0126366230
0.0071305515
0.0078242080
0.0073225345
0.0089834659
0.0083284212
0.0124367916
0.0119122572
0.0089597235
0.0092404026
0.0081500515
0.0077012187
0.0075114861
0.0078803526
0.0080743429
0.0015423307
0.0020747378
0.0091246203
0.0083687006
0.0124448843
0.0117249203
0.0080625342
0.0073630970
0.0075515301
0.0111503897
0.0108431943
0.0106832047
0.0101816207
0.0094308831
0.0092377707
0.0074224175
0.0080958573
0.0099837145
0.0105086762
0.0112249578
0.0020332505
0.0025387972
0.0020561312
0.0038578842
0.0031688567
0.0025800409
0.0019009622
0.0122463426
0.0122214906
0.0129335515
0.0136047209
0.0135949040
0.0085801984
0.0021695792
0.0027996885
0.0046213613
0.0039037361
0.0043893477
0.0044524011
0.0049257345
0.0033446876
0.0011205658
0.0016462189
0.0085790399
0.0085984522
0.0091652616
0.0014988221
0.0014469860
0.0083137456
0.0088754728
0.0089238828
0.0124311100
0.0118022633
0.0100052975
0.0023391781
0.0021822541
0.0091463254
0.0124101456
0.0014220042
0.0020204535
0.0018151790
0.0083590953
0.0089532635
0.0081794308
0.0084794384
0.0119221896
0.0087966393
0.0056696700
0.0084563813
0.0090183019
0.0091229474
0.0123323585
0.0127674241
0.0118106126
0.0108149305
0.0102172685
0.0090457980
0.0095982966
0.0085365901
0.0052292495
0.0031076067
0.0028135616
0.0099795675
0.0094114677
0.0097176658
0.0037980957
0.0080085976
0.0085321323
0.0083499896
0.0023219732
0.0026009789
0.0019857814
0.0011802168
0.0013573004
0.0016969910
0.0081220193
0.0087790568
0.0087046670
0.0026197237
0.0020296585
0.0014810782
0.0021377726
0.0032662034
0.0038565188
0.0093394673
0.0098834847
0.0091458930
0.0096718512
0.0091202259
0.0090558644
0.0105384605
0.0105735452
0.0060906409
0.0054375301
0.0089227661
0.0093925104
0.0087574104
0.0047760628
0.0050757197
0.0106508344
0.0133693440
0.0129468094
0.0126286528
0.0126618970
0.0123866557
0.0090541129
0.0097954718
0.0092379597
0.0039899243
0.0039857343
0.0017545906
0.0020053924
0.0011365673
0.0012549282
0.0021617433
0.0047082766
0.0053149033
0.0046128837
0.0014352738
0.0095682039
0.0018294806
0.0122488726
0.0017025633
0.0023084032
0.0028777997
0.0029784167
0.0035675611
0.0034051986
0.0136885757
0.0130687164
0.0135810182
0.0129219117
0.0119047451
0.0113126147
0.0108765991
0.0065376621
0.0069144786
0.0011132198
0.0006734252
0.0046088204
0.0061978878
0.0062508165
0.0022314277
0.0028313349
0.0026998627
0.0019132044
0.0017367229
0.0064867188
0.0088528651
0.0087843422
0.0093776430
0.0006321141
0.0061677952
0.0094338385
0.0098432333
0.0104195719
0.0022624506
0.0088945951
0.0075417341
0.0077443307
0.0082872410
0.0104242015
0.0109667612
0.0103624882
0.0069798937
0.0105698358
0.0106404325
0.0064118973
0.0071383869
0.0080641666
0.0014047819
0.0006930725
0.0010364797
0.0046501176
0.0042649368
0.0031797004
0.0080778862
0.0054441252
0.0053540946
0.0086185984
0.0080156004
0.0112597821
0.0117493784
0.0124500122
0.0073317122
0.0034714705
0.0005604847
0.0006602973
0.0030845092
0.0037281782
0.0066034245
0.0071652990
0.0069211007
0.0062915546
0.0062377021
0.0062172892
0.0006793144
0.0005457011
0.0064318942
0.0060847745
0.0007105302
0.0012401934
0.0012288419
0.0051723169
0.0057724083
0.0078840449
0.0077608652
0.0050721244
0.0055295595
0.0069194297
0.0062482956
0.0065437675
0.0006156603
0.0053879643
0.0043098000
0.0005013685
0.0005529505
0.0011399734
0.0040083309
0.0025711072
0.0028612860
0.0032739898
0.0060466963
0.0085509321
0.0081755316
0.0078906857
0.0025608414
0.0026679190
0.0031923156
0.0073826668
0.0117346272
0.0112028299
0.0110821910
0.0006538008
0.0010645647
0.0006633035
0.0006423667
0.0115563464
0.0079272505
0.0073904816
0.0073482120
0.0079847984
0.0079884574
0.0038767357
0.0059713214
0.0006726994
0.0008342201
0.0019266000
0.0026093809
0.0025577114
0.0116792358
0.0123484175
0.0122073823
0.0099081505
0.0085147824
0.0092609841
0.0070300233
0.0073908603
0.0061859663
0.0064305323
0.0059237783
0.0070682028
0.0067950053
0.0028493828
0.0021418827
0.0081917221
0.0037111090
0.0034444363
0.0040708684
0.0026526105
0.0013081215
0.0005893537
0.0006658612
0.0067639735
0.0054954685
0.0063401781
0.0131211557
0.0134731709
0.0097171473
0.0103268311
0.0088797768
0.0082547920
0.0000000000
0.0046976096
0.0044776460
0.0041903713
0.0102032015
0.0097022606
0.0041881794
0.0036638414
0.0042840448
0.0107841770
0.0101295247
0.0107816029
0.0033698809
0.0039450346
0.0040313783
0.0029577252
0.0051635678
0.0048449623
0.0045474337
0.0105737784
0.0111536583
0.0105366062
0.0108005490
0.0114414429
0.0139577495
0.0068435269
0.0081861873
0.0068681616
0.0079054471
0.0087684894
0.0037332208
0.0043501616
0.0058856164
0.0058377780
0.0058027188
0.0110852804
0.0105902122
0.0108311021
0.0114719401
0.0102611724
0.0038301542
0.0064509626
0.0109172324
0.0113039893
0.0106415776
0.0043647877
0.0037705297
0.0044382667
0.0038205014
0.0043737902
0.0136382413
0.0136905621
0.0070054018
0.0111678048
0.0107321342
0.0108744697
0.0115164719
0.0089305757
0.0051448996
0.0037997839
0.0119251678
0.0116692546
0.0085466675
0.0081051628
0.0038087372
0.0043673178
0.0107647193
0.0109688355
0.0036049571
0.0058119034
0.0092689075
0.0143478605
0.0141562308
0.0108809353
0.0073046690
0.0044061191
0.0038393093
0.0112847726
0.0106358704
0.0109091891
0.0115606662
0.0040341961
0.0042610400
0.0120072324
0.0102772608
0.0038013934
0.0043786496
0.0104564197
0.0099334624
0.0112764071
0.0110967430
0.0109603959
0.0115965512
0.0038683680
0.0038100648
0.0043844720
0.0047245382
0.0108603024
0.0115564940
0.0077103102
0.0092348993
0.0038127603
0.0043211655
0.0045870705
0.0045302354
0.0040159309
0.0103017227
0.0096983090
0.0116043042
0.0109840424
0.0108160867
0.0103417622
0.0110802701
0.0098255531
0.0093025074
0.0091073296
0.0040629183
0.0044647178
0.0108671686
0.0102813216
0.0075505525
0.0121557451
0.0037292615
0.0042940799
0.0101781977
0.0109241799
0.0042719474
0.0038766660
0.0132022942
0.0127391710
0.0083275599
0.0099028499
0.0104384637
0.0097242535
0.0119716425
0.0070967670
0.0076615100
0.0049029330
0.0042716163
0.0042096847
0.0094535458
0.0108901347
0.0102294039
0.0104444091
0.0032905226
0.0039743214
0.0040612392
0.0041237402
0.0042211836
0.0037411936
0.0101207356
0.0106366328
0.0105678845
0.0109264405
0.0066912107
0.0073794491
0.0108186576
0.0023142725
0.0010132340
0.0013878117
0.0035483256
0.0040987017
0.0104632912
0.0128612903
0.0098937544
0.0105567730
0.0099338119
0.0100295442
0.0106034558
0.0037314672
0.0044882043
0.0047704569
0.0092018456
0.0104127664
0.0098395986
0.0034079651
0.0040529946
0.0106676279
0.0112452976
0.0080054528
0.0078217935
0.0047491508
0.0034713430
0.0039189257
0.0109220894
0.0102734325
0.0105678258
0.0129907981
0.0073151872
0.0107056383
0.0100846195
0.0034870756
0.0086639758
0.0092568613
0.0041035084
0.0036274441
0.0028046248
0.0021905860
0.0025483056
0.0030064762
0.0027828004
0.0031354165
0.0094512646
0.0102616162
0.0119429616
0.0076561691
0.0091228825
0.0094805250
0.0030003074
0.0036758373
0.0036856217
0.0104882833
0.0100667686
0.0042453688
0.0044916981
0.0106205675
0.0105938743
0.0098552132
0.0102649022
0.0095210069
0.0042648142
0.0084547523
0.0086858217
0.0020894779
0.0093846644
0.0103975557
0.0076757293
0.0093795158
0.0038413638
0.0096891093
0.0101121330
0.0122850577
0.0126742802
0.0042362816
0.0090043686
0.0034192311
0.0034598359
0.0095824825
0.0090771511
0.0036003397
0.0035463577
0.0042203382
0.0037647146
0.0043290601
0.0068021524
0.0092142491
0.0098348912
0.0093699761
0.0092315560
0.0088598762
0.0091867394
0.0092768808
0.0095030003
0.0091775360
0.0094304404
0.0104633734
0.0100087438
0.0032101438
0.0038272556
0.0035249197
0.0031645957
0.0027600680
0.0092461183
0.0085226875
0.0024393189
0.0017535648
0.0024178028
0.0024589119
0.0025499630
0.0018341111
0.0093395650
0.0092668535
0.0087815665
0.0091043536
0.0084718808
0.0092193747
0.0043249006
0.0048893979
0.0054921158
0.0115817683
0.0113199504
0.0108456511
0.0090479602
0.0091170653
0.0101645075
0.0106607163
0.0099748532
0.0091985415
0.0033352555
0.0089878959
0.0091837342
0.0049422044
0.0043361812
0.0043233880
0.0036243337
0.0093765417
0.0033608010
0.0084023592
0.0089833631
0.0037573506
0.0033026494
0.0039854385
0.0095523938
0.0092516999
0.0103197494
0.0096592069
0.0093083581
0.0085725702
0.0009848394
0.0006236068
0.0005653382
0.0006296427
0.0033653353
0.0092737346
0.0088554011
0.0035303375
0.0041813884
0.0116182865
0.0121753822
0.0113660397
0.0030204502
0.0016567787
0.0024423318
0.0041634052
0.0035469591
0.0017027604
0.0010409492
0.0029452536
0.0034259358
0.0036451546
0.0042189445
0.0119789181
0.0113695171
0.0098243562
0.0103729968
0.0012735781
0.0014293786
0.0018880874
0.0091180950
0.0085980562
0.0090401904
0.0093413209
0.0087587899
0.0037420827
0.0042975673
0.0099520024
0.0106035289
0.0097804227
0.0030587004
0.0033382795
0.0094543367
0.0088172149
0.0103406477
0.0036859939
0.0043051267
0.0100047054
0.0106265762
0.0099281809
0.0038683558
0.0030412793
0.0048542845
0.0047061318
0.0104179802
0.0031187610
0.0081763216
0.0089052475
0.0100271883
0.0106559569
0.0098072941
0.0099019374
0.0094057630
0.0037215218
0.0042198217
0.0081745917
0.0088682949
0.0107153558
0.0113607329
0.0098256889
0.0110928675
0.0099183971
0.0079257994
0.0087145926
0.0096373936
0.0036035987
0.0041172988
0.0067332915
0.0062324026
0.0080769092
0.0087011443
0.0097761046
0.0087140760
0.0037840925
0.0042790001
0.0100945847
0.0106799918
0.0072098845
0.0117307188
0.0028341221
0.0035037325
0.0029353463
0.0098875238
0.0093931051
0.0106302926
0.0112661206
0.0052066857
0.0004630644
0.0010423129
0.0039017739
0.0044548735
0.0123884119
0.0117333676
0.0117946519
0.0016219737
0.0021236016
0.0106148568
0.0112576172
0.0104166184
0.0059825169
0.0066183042
0.0059732286
0.0056731535
0.0053561113
0.0100468216
0.0093757308
0.0039031922
0.0044278134
0.0057574148
0.0051164041
0.0077040738
0.0073127600
0.0055516681
0.0047897397
0.0050614385
0.0106901315
0.0113384895
0.0084356274
0.0105365170
0.0038739936
0.0043932369
0.0092564584
0.0095848888
0.0088591329
0.0107678066
0.0114155581
0.0045696920
0.0039915116
0.0091454500
0.0097210757
0.0038383860
0.0044055948
0.0095148998
0.0108905862
0.0114897327
0.0090239393
0.0095824216
0.0088216658
0.0094529303
0.0038514557
0.0044285616
0.0039564737
0.0032834793
0.0037072884
0.0096070461
0.0109740150
0.0116207201
0.0063248715
0.0038740213
0.0044310189
0.0060108596
0.0054235790
0.0109924681
0.0103560646
0.0103523344
0.0058015911
0.0064531634
0.0079517744
0.0047357701
0.0110055955
0.0116665999
0.0037407958
0.0042419982
0.0121161541
0.0124432404
0.0108318086
0.0114918092
0.0108971612
0.0038740965
0.0044237637
0.0063913953
0.0094922564
0.0099805360
0.0093135111
0.0110341810
0.0117049834
0.0110518949
0.0040356869
0.0035021133
0.0040778692
0.0045208392
0.0041680445
0.0109230022
0.0104417657
0.0104547678
0.0038636820
0.0044135249
0.0099143882
0.0099989135
0.0105073588
0.0074428431
0.0105502556
0.0113806204
0.0106946324
0.0038143556
0.0043606506
0.0110308729
0.0117071644
0.0058284728
0.0043962392
0.0044439260
0.0113125381
0.0106518988
0.0041037221
0.0034840600
0.0041297880
0.0105709276
0.0105980915
0.0037552016
0.0042849108
0.0109913567
0.0116702290
0.0024550815
0.0019405462
0.0026072622
0.0042910751
0.0038098631
0.0044920089
0.0034862023
0.0041063515
0.0038652726
0.0043670746
0.0110357970
0.0117127866
0.0038518216
0.0033990010
0.0041790153
0.0044038381
0.0091380101
0.0109554699
0.0116336325
0.0007686547
0.0044833683
0.0050678809
0.0040065266
0.0012997202
0.0020401705
0.0038739141
0.0044319746
0.0074907265
0.0041943287
0.0035424064
0.0041065051
0.0105592335
0.0112201213
0.0106084594
0.0109792068
0.0116545438
0.0038753519
0.0044439074
0.0132311611
0.0134753785
0.0137068942
0.0112410559
0.0106015257
0.0109275260
0.0115972663
0.0038662494
0.0043411456
0.0032151988
0.0029946355
0.0079420004
0.0073149704
0.0025126323
0.0112782902
0.0106188752
0.0110169576
0.0108596940
0.0115093709
0.0038025057
0.0103201053
0.0102316277
0.0112075332
0.0105888786
0.0038004500
0.0042805641
0.0109386667
0.0101786946
0.0108087614
0.0073186600
0.0070343178
0.0111961229
0.0105852624
0.0037351449
0.0041789555
0.0112526532
0.0105872623
0.0050634891
0.0046643368
0.0100189597
0.0047716898
0.0101457778
0.0039493030
0.0105349695
0.0098994321
0.0056710587
0.0049651516
0.0055816781
0.0057983744
0.0050662650
0.0059916652
0.0053779213
0.0060613396
0.0063889466
0.0070722058
0.0059063981
0.0057948776
0.0102436728
0.0034292660
0.0040101604
0.0039780544
0.0061215082
0.0055188884
0.0054703231
0.0061875211
0.0070460447
0.0052778455
0.0071189450
0.0068797563
0.0066414316
0.0057058841
0.0068535348
0.0063075628
0.0066304566
0.0096584257
0.0103886122
0.0102046716
0.0055859988
0.0062368154
0.0066760024
0.0060135091
0.0056065588
0.0062319908
0.0005114713
0.0014439557
0.0012593742
0.0027919439
0.0074358884
0.0068789886
0.0010454829
0.0135808773
0.0063848992
0.0069770054
0.0072634327
0.0063308407
0.0066452486
0.0118986201
0.0124737240
0.0137420120
0.0055980650
0.0062592286
0.0133856494
0.0072388213
0.0066310940
0.0059968134
0.0056078049
0.0062347546
0.0072880236
0.0072686401
0.0055307192
0.0061929970
0.0073499311
0.0066385360
0.0060738317
0.0054568045
0.0055501582
0.0061922392
0.0122592893
0.0115756701
0.0134805341
0.0140545883
0.0138069059
0.0055850003
0.0061578934
0.0117557133
0.0067858407
0.0060950550
0.0137623027
0.0130362612
0.0123703536
0.0014192275
0.0064359175
0.0057797719
0.0070542913
0.0057548672
0.0134283571
0.0128406234
0.0115587774
0.0071637168
0.0065460777
0.0065321345
0.0072935184
0.0063369047
0.0097377445
0.0098513560
0.0061549937
0.0055438758
0.0071315961
0.0106468831
0.0100303232
0.0121965950
0.0068790309
0.0044358808
0.0053099768
0.0048373062
0.0051291132
0.0057772819
0.0058965224
0.0053073332
0.0059114798
0.0011989331
0.0005898856
0.0004224275
0.0134740317
0.0052576497
0.0046685024
0.0095206335
0.0005457590
0.0008079038
0.0052526126
0.0058973297
0.0071083216
0.0050580322
0.0057220532
0.0116754744
0.0128079414
0.0119532548
0.0107098994
0.0101590262
0.0132186370
0.0136994413
0.0137015972
0.0090784366
0.0074778780
0.0070366246
0.0050370706
0.0057305832
0.0078363321
0.0052382132
0.0005281493
0.0006618813
0.0048506933
0.0073671974
0.0051117709
0.0051911437
0.0058101715
0.0065190353
0.0066956159
0.0062305747
0.0063555312
0.0072900625
0.0069933454
0.0083033131
0.0066241329
0.0060301905
0.0067587359
0.0104476082
0.0096536498
0.0098819784
0.0058157574
0.0063283093
0.0055094411
0.0057923435
0.0128696093
0.0135429727
0.0135450503
0.0129961420
0.0123623026
0.0122919024
0.0118374122
0.0111530580
0.0052389487
0.0067395828
0.0062435431
0.0069042413
0.0085691843
0.0092866228
0.0090332995
0.0012741118
0.0006003720
0.0066079590
0.0059730295
0.0059361518
0.0062705742
0.0052592499
0.0068523528
0.0061928802
0.0054842243
0.0056994271
0.0064117002
0.0058412822
0.0055143483
0.0058956248
0.0055403578
0.0050173743
0.0056831773
0.0128188078
0.0122080792
0.0129415552
0.0018682650
0.0012955556
0.0034051436
0.0039591564
0.0052114241
0.0051490208
0.0057017855
0.0065263618
0.0056680225
0.0049633804
0.0108684548
0.0121111485
0.0115240783
0.0049204761
0.0054258556
0.0052984734
0.0063941548
0.0057746438
0.0056032718
0.0060005878
0.0059784684
0.0062751662
0.0062874957
0.0057332632
0.0056824863
0.0065798665
0.0058723393
0.0065458051
0.0068017633
0.0011630888
0.0006091311
0.0025922759
0.0026881809
0.0020729783
0.0032877993
0.0038687456
0.0051424640
0.0054833667
0.0058707092
0.0063054020
0.0055885148
0.0064578715
0.0057097880
0.0061995159
0.0095398438
0.0050695621
0.0048473788
0.0055223888
0.0061486207
0.0056624695
0.0081050004
0.0076003138
0.0063979584
0.0056419266
0.0055003750
0.0049570082
0.0051620427
0.0069198834
0.0061300923
0.0055479116
0.0058050255
0.0050803222
0.0068812731
0.0061946665
0.0011987709
0.0005790327
0.0011600564
0.0124730645
0.0126049460
0.0062897226
0.0056990535
0.0062077580
0.0063810001
0.0057926430
0.0065282392
0.0072703713
0.0055366801
0.0063953353
0.0056859268
0.0063152048
0.0063352805
0.0056508175
0.0056079303
0.0078098117
0.0022093952
0.0133022354
0.0016583671
0.0023442604
0.0018027144
0.0065260535
0.0058519487
0.0062613839
0.0056388410
0.0126449111
0.0048296231
0.0048352263
0.0041976692
0.0034694779
0.0055394122
0.0055514245
0.0073164691
0.0068037898
0.0069398467
0.0127509307
0.0065699354
0.0058611378
0.0055077362
0.0062870321
0.0055677116
0.0062507418
0.0069389240
0.0024468067
0.0066757433
0.0058937904
0.0056291961
0.0056768757
0.0052099746
0.0058709620
0.0077499524
0.0127705207
0.0113370804
0.0062573317
0.0047294239
0.0047628791
0.0052330069
0.0133784275
0.0135520087
0.0129835277
0.0065924609
0.0059104403
0.0063055387
0.0056248385
0.0060864978
0.0053945559
0.0060394186
0.0066639718
0.0059551785
0.0046762717
0.0052910945
0.0056823200
0.0054348143
0.0060517153
0.0127089038
0.0074541105
0.0079240181
0.0085581813
0.0016343234
0.0015631565
0.0023708898
0.0067670308
0.0061065879
0.0059884301
0.0053148336
0.0058106669
0.0115995616
0.0113810781
0.0053652554
0.0055568607
0.0060753749
0.0060261492
0.0065723912
0.0058313961
0.0063577876
0.0057936380
0.0060459127
0.0054082981
0.0059792876
0.0125161435
0.0132982830
0.0124977578
0.0106216711
0.0113346329
0.0110967602
0.0041635552
0.0033594031
0.0015440233
0.0018587980
0.0118001358
0.0119825573
0.0068772444
0.0061146351
0.0052981925
0.0053426955
0.0066020322
0.0059271319
0.0018706188
0.0013630747
0.0020486272
0.0058698322
0.0054786987
0.0052143517
0.0059058389
0.0068435612
0.0057736146
0.0055964625
0.0018750648
0.0121945931
0.0114894046
0.0120378015
0.0067765233
0.0060564180
0.0070103881
0.0063033260
0.0052416096
0.0058794863
0.0003864873
0.0104924462
0.0069294332
0.0062381271
0.0060687108
0.0087310105
0.0070733442
0.0064853139
0.0058749133
0.0045035743
0.0052757491
0.0054993880
0.0054280824
0.0060628704
0.0054854461
0.0106334347
0.0110789718
0.0114290462
0.0075152461
0.0070340380
0.0069849414
0.0062865043
0.0056189713
0.0062486396
0.0117417349
0.0119262248
0.0007516332
0.0071996088
0.0069109027
0.0007919901
0.0004669471
0.0055780090
0.0058915752
0.0061926949
0.0062406279
0.0063524022
0.0046446942
0.0054000224
0.0068987295
0.0062765662
0.0055930245
0.0062230753
0.0065875768
0.0064714225
0.0059203191
0.0087615487
0.0062697042
0.0014637330
0.0127385951
0.0033912794
0.0038422437
0.0039071096
0.0058118903
0.0051474281
0.0069863155
0.0064062464
0.0067896250
0.0061199084
0.0059257694
0.0068498282
0.0062488383
0.0055648319
0.0062007946
0.0103094121
0.0106138998
0.0110699585
0.0110156129
0.0104204623
0.0115809185
0.0130060712
0.0136588270
0.0066024558
0.0120713669
0.0123658336
0.0026996049
0.0022677136
0.0054255347
0.0049003779
0.0066762161
0.0060680403
0.0062801016
0.0055880472
0.0062269514
0.0059357424
0.0051475519
0.0058553855
0.0056151143
0.0062520371
0.0058427758
0.0012006765
0.0014409579
0.0059736556
0.0052521892
0.0056155365
0.0062475435
0.0018665182
0.0037921186
0.0015226824
0.0008136149
0.0009878560
0.0021232059
0.0021391930
0.0111549418
0.0060006060
0.0052887833
0.0053885904
0.0047852022
0.0048208744
0.0115762869
0.0121232950
0.0117127766
0.0067127844
0.0075908309
0.0124177919
0.0133293107
0.0131973581
0.0128261257
0.0122869541
0.0110647064
0.0032374092
0.0084759087
0.0138076350
0.0139055787
0.0134468965
0.0067169107
0.0061937093
0.0067404403
0.0055485046
0.0049423223
0.0056846508
0.0070328814
0.0064180177
0.0070345666
0.0062584928
0.0056151102
0.0062328290
0.0034999944
0.0028240126
0.0060004688
0.0052482685
0.0052004698
0.0057938050
0.0059759624
0.0063906815
0.0082009681
0.0123324664
0.0116767199
0.0130651699
0.0127390024
0.0056232221
0.0062357167
0.0059512613
0.0053871308
0.0052976278
0.0059289012
0.0061350542
0.0052457028
0.0062269004
0.0060004487
0.0053310604
0.0059924287
0.0056496606
0.0064075024
0.0062647775
0.0055014543
0.0061635932
0.0016490734
0.0010316297
0.0012761484
0.0061383323
0.0058707784
0.0052052911
0.0055815623
0.0055435165
0.0062452864
0.0071164609
0.0065847516
0.0067746753
0.0059888804
0.0055289854
0.0062214018
0.0084115871
0.0086789210
0.0113951706
0.0058121769
0.0051836553
0.0055849956
0.0062181002
0.0051714794
0.0059051232
0.0057656831
0.0050908520
0.0055342462
0.0061435509
0.0060243176
0.0053776431
0.0046905709
0.0135822086
0.0050743276
0.0054057095
0.0058695069
0.0125534447
0.0120548900
0.0020429431
0.0027788035
0.0065772461
0.0052971291
0.0108515093
0.0065847313
0.0058349542
0.0064204757
0.0060512687
0.0058575451
0.0072862912
0.0013337896
0.0065080974
0.0015422554
0.0011495054
0.0006176672
0.0010791619
0.0141216312
0.0141239478
0.0141415653
0.0013975626
0.0020491406
0.0014038113
0.0077846849
0.0083652781
0.0078140879
0.0089205164
0.0095481158
0.0089301042
0.0126475899
0.0132816161
0.0126346938
0.0114608072
0.0115554470
0.0120691289
0.0026648163
0.0014513718
0.0107064156
0.0031223696
0.0037945419
0.0031702517
0.0075941763
0.0081483072
0.0075906012
0.0123947999
0.0129666483
0.0123376725
0.0031686860
0.0026469353
0.0032614089
0.0144640875
0.0138726831
0.0144920653
0.0032040930
0.0032878581
0.0128919862
0.0122716095
0.0126434277
0.0122207275
0.0121507335
0.0100209193
0.0107491094
0.0081856655
0.0063202061
0.0051980589
0.0021775348
0.0027994959
0.0028992997
0.0004072333
0.0008773264
0.0128217138
0.0013165922
0.0019721111
0.0013508592
0.0087411545
0.0093733588
0.0087064639
0.0013946058
0.0020469147
0.0078405969
0.0083853097
0.0089358519
0.0095640459
0.0126766381
0.0133106073
0.0086545801
0.0092944637
0.0086889570
0.0070461110
0.0033125548
0.0121826328
0.0086046102
0.0038255928
0.0031525988
0.0020257400
0.0014505087
0.0081277638
0.0077394569
0.0142743013
0.0129539227
0.0124240054
0.0026450269
0.0032551672
0.0139015515
0.0145149921
0.0040017890
0.0033543972
0.0139571684
0.0104639581
0.0110861343
0.0116818332
0.0121276738
0.0030446941
0.0005893948
0.0011745696
0.0134238248
0.0006666614
0.0012909650
0.0132372584
0.0103285368
0.0027193486
0.0093879524
0.0089228281
0.0013923616
0.0020456816
0.0078860684
0.0084349049
0.0089812397
0.0095926637
0.0127158672
0.0133528431
0.0013325400
0.0020412726
0.0073337353
0.0106672222
0.0106672723
0.0006645472
0.0142495841
0.0130996860
0.0124335665
0.0026441321
0.0032507005
0.0139445988
0.0145535277
0.0017741572
0.0032059213
0.0020547102
0.0014165688
0.0083275255
0.0078629177
0.0013929179
0.0020461489
0.0080063223
0.0084760988
0.0090208138
0.0096338590
0.0127260469
0.0133813439
0.0007852561
0.0129470499
0.0135732363
0.0006161079
0.0051699559
0.0129617603
0.0098168858
0.0005238275
0.0009988858
0.0007379949
0.0141414720
0.0130624689
0.0123800404
0.0026435219
0.0032541307
0.0139761482
0.0145820717
0.0088437450
0.0010704205
0.0136652901
0.0032469462
0.0019805725
0.0013515563
0.0085015006
0.0077972191
0.0089721408
0.0095439842
0.0088999211
0.0014113255
0.0020658724
0.0080577556
0.0085972326
0.0091526042
0.0096754440
0.0127188477
0.0134443517
0.0133605034
0.0026034268
0.0031542188
0.0033151697
0.0139123833
0.0128966075
0.0135245177
0.0128724730
0.0034077675
0.0141391520
0.0138815677
0.0026516234
0.0032493202
0.0140295948
0.0146418333
0.0007209196
0.0009409558
0.0085581110
0.0044960316
0.0028390777
0.0013900743
0.0020426030
0.0080702991
0.0086259403
0.0091570562
0.0097917294
0.0058598722
0.0139066130
0.0137562794
0.0118202093
0.0121582873
0.0005075239
0.0007113578
0.0006907901
0.0131150668
0.0123780573
0.0116858760
0.0031865387
0.0140709293
0.0146443440
0.0121691918
0.0128190142
0.0026662377
0.0033715638
0.0032502629
0.0124525739
0.0133862193
0.0139097562
0.0127263405
0.0127587777
0.0142092456
0.0080320275
0.0085760604
0.0079075214
0.0085897533
0.0079478745
0.0132333128
0.0005769871
0.0015704763
0.0007034056
0.0013817019
0.0090303005
0.0139939176
0.0144963050
0.0121284953
0.0126540813
0.0057272816
0.0007318861
0.0014091247
0.0087561130
0.0010136383
0.0091725631
0.0088896423
0.0096878621
0.0025061467
0.0032375601
0.0006887227
0.0013486584
0.0079047826
0.0084514653
0.0068683711
0.0061857830
0.0063831254
0.0032967336
0.0118160076
0.0026322838
0.0026675995
0.0140766256
0.0137425256
0.0012055895
0.0090103194
0.0138648568
0.0142298289
0.0081861490
0.0076288645
0.0136425145
0.0020720344
0.0005428136
0.0006882225
0.0012683730
0.0078371283
0.0084208438
0.0089140419
0.0095901834
0.0115402602
0.0133024470
0.0128550126
0.0037454663
0.0032336612
0.0020707356
0.0014038174
0.0092181592
0.0084778391
0.0117730119
0.0111338129
0.0111352654
0.0112325017
0.0119063833
0.0122893350
0.0075805329
0.0069178979
0.0121577008
0.0007508203
0.0003667973
0.0079369049
0.0074013228
0.0133680538
0.0117293785
0.0111180980
0.0139625891
0.0025153734
0.0005090066
0.0029937075
0.0139716954
0.0046445934
0.0024007486
0.0006385662
0.0139520558
0.0130656308
0.0135646971
0.0037802416
0.0032173720
0.0020444417
0.0014013274
0.0089579061
0.0082684131
0.0032509040
0.0114583539
0.0059405277
0.0052295338
0.0056730636
0.0005433886
0.0012763129
0.0013015056
0.0077231969
0.0071990941
0.0130687193
0.0076651124
0.0141905133
0.0116305840
0.0112348655
0.0005662385
0.0031883067
0.0007608490
0.0008958127
0.0003627176
0.0019700870
0.0013483359
0.0088530456
0.0082056306
0.0116231127
0.0005281157
0.0010967777
0.0005818713
0.0016538785
0.0076932487
0.0082786506
0.0088774751
0.0094624488
0.0113223685
0.0120410354
0.0030650599
0.0014193394
0.0020508611
0.0074844408
0.0089639369
0.0035756924
0.0018282188
0.0103421143
0.0076594736
0.0086532703
0.0081066301
0.0129168387
0.0125690421
0.0126860401
0.0011135223
0.0010906689
0.0015648437
0.0128294013
0.0086005288
0.0091454612
0.0131138723
0.0136447811
0.0068200221
0.0000000000
0.0034671432
0.0037800344
0.0031968030
0.0019717149
0.0013395784
0.0005860621
0.0016602923
0.0010690869
0.0143782558
0.0014501098
0.0021661230
0.0116055162
0.0123858993
0.0066175845
0.0078560395
0.0025337378
0.0137838878
0.0071383295
0.0075472016
0.0017143877
0.0077301275
0.0082732484
0.0088241509
0.0117256172
0.0120507128
0.0127657382
0.0075647424
0.0080513811
0.0086254085
0.0093315957
0.0028106943
0.0021780567
0.0021403944
0.0018462726
0.0011524559
0.0087553019
0.0081331138
0.0126149614
0.0112947243
0.0109048258
0.0088850107
0.0095609044
0.0014124958
0.0021527610
0.0121610766
0.0115469866
0.0120870650
0.0080046674
0.0075013505
0.0007223525
0.0031704583
0.0027141202
0.0121749261
0.0005625778
0.0011085878
0.0083172620
0.0140025854
0.0034497450
0.0090509047
0.0085919645
0.0092602118
0.0011311450
0.0013558506
0.0053327344
0.0078830496
0.0016477160
0.0137988002
0.0092761379
0.0100172626
0.0085084232
0.0091736260
0.0069399132
0.0074145101
0.0080166002
0.0035184412
0.0031472382
0.0123504809
0.0129512654
0.0123345038
0.0012848758
0.0120346451
0.0006520962
0.0006217501
0.0016693731
0.0016906932
0.0109182238
0.0116953240
0.0112851651
0.0117469105
0.0007832497
0.0003709535
0.0083464749
0.0041180585
0.0033435523
0.0038946889
0.0006518919
0.0100226491
0.0056058093
0.0007459683
0.0005184171
0.0025255320
0.0103730903
0.0110104624
0.0110632715
0.0030040151
0.0030804979
0.0106017675
0.0116320199
0.0109273503
0.0017098487
0.0072248109
0.0133510523
0.0133594991
0.0117791804
0.0048377892
0.0055771763
0.0089351521
0.0009282740
0.0011961011
0.0073591398
0.0073553979
0.0011185487
0.0123798990
0.0117635355
0.0042213005
0.0048940321
0.0024748718
0.0075469596
0.0077909755
0.0072583603
0.0089114335
0.0082600442
0.0075788349
0.0081082482
0.0055542070
0.0010757028
0.0016408527
0.0034424214
0.0131323082
0.0073309670
0.0101382306
0.0105457634
0.0109333725
0.0005770846
0.0123078093
0.0035529113
0.0029398939
0.0076727127
0.0071429267
0.0086510142
0.0079600183
0.0131131476
0.0126974914
0.0029784377
0.0082934256
0.0106676950
0.0117248879
0.0090161663
0.0087999236
0.0110584181
0.0113493611
0.0136524934
0.0101229082
0.0109369324
0.0018880662
0.0111644541
0.0116610002
0.0012849259
0.0019596489
0.0012777831
0.0114881003
0.0118980715
0.0112417232
0.0125795339
0.0120487066
0.0119652595
0.0014103302
0.0009733089
0.0008801444
0.0026380522
0.0096705855
0.0101346566
0.0006210409
0.0005112795
0.0012447806
0.0009813244
0.0005764782
0.0093352869
0.0027164708
0.0072464301
0.0079088161
0.0077772570
0.0071758647
0.0077467379
0.0071604571
0.0117716999
0.0006045345
0.0072604266
0.0072945887
0.0120331747
0.0120549682
0.0102318361
0.0099925546
0.0106047128
0.0107321342
0.0085067750
0.0014457144
0.0035435467
0.0115475824
0.0066064333
0.0083720854
0.0119459159
0.0126783571
0.0119262801
0.0007433598
0.0012748182
0.0008032970
0.0072123283
0.0100634352
0.0107807783
0.0023960170
0.0030469776
0.0030013382
0.0070528660
0.0101678318
0.0006158857
0.0073915341
0.0079518699
0.0076488772
0.0023178593
0.0033826744
0.0040325224
0.0070803585
0.0074975448
0.0071874891
0.0006941987
0.0011403468
0.0013723798
0.0086145324
0.0111290383
0.0105667739
0.0117748310
0.0038036238
0.0029443623
0.0098623043
0.0111862029
0.0011453228
0.0070398468
0.0067490038
0.0072215589
0.0127342521
0.0102571174
0.0117663656
0.0112264911
0.0091425573
0.0091460543
0.0076652482
0.0107829111
0.0006430606
0.0011459322
0.0123736195
0.0033199116
0.0046500403
0.0102332026
0.0106402112
0.0081693720
0.0057732697
0.0048024440
0.0100204569
0.0100300589
0.0071454670
0.0072307496
0.0102228669
0.0107993552
0.0030130607
0.0027752566
0.0033673754
0.0006494595
0.0010782689
0.0075790909
0.0102860432
0.0106583238
0.0006479509
0.0009937348
0.0069761824
0.0070370939
0.0101745684
0.0100213011
0.0103992703
0.0111605889
0.0112476363
0.0116888588
0.0089683433
0.0095736261
0.0097671596
0.0105233799
0.0101724272
0.0125731722
0.0111873702
0.0106560078
0.0114117554
0.0108806018
0.0094427997
0.0101571118
0.0107064304
0.0073822813
0.0077118879
0.0069948832
0.0011959985
0.0005435930
0.0077256572
0.0083124734
0.0080618167
0.0050320392
0.0056336701
0.0032822703
0.0006148614
0.0007714964
0.0062057459
0.0070414194
0.0027569217
0.0100927662
0.0071903610
0.0039147870
0.0032586187
0.0037002962
0.0095075680
0.0067931560
0.0068260001
0.0098132739
0.0104303742
0.0067964332
0.0077732526
0.0070397902
0.0006050033
0.0005896827
0.0119802542
0.0098340951
0.0092650128
0.0120766261
0.0115218456
0.0013164118
0.0028615226
0.0099455199
0.0084693898
0.0090910541
0.0089734159
0.0118988735
0.0125530830
0.0120161677
0.0011716271
0.0014271482
0.0006034355
0.0104215255
0.0109180071
0.0068248782
0.0099697179
0.0106905974
0.0067235664
0.0097708384
0.0103758335
0.0007922924
0.0122813146
0.0121970418
0.0067493990
0.0008246485
0.0102281359
0.0108174236
0.0100925437
0.0027428261
0.0111392215
0.0005914579
0.0132772286
0.0008984377
0.0102453411
0.0103773613
0.0028148672
0.0097271575
0.0069986865
0.0069915340
0.0100659680
0.0011545557
0.0017193262
0.0013896769
0.0082399559
0.0074807714
0.0109198658
0.0070344521
0.0071976765
0.0068907287
0.0010236660
0.0096708797
0.0093060726
0.0100135806
0.0133987909
0.0136098834
0.0107864352
0.0102804312
0.0079265206
0.0071189995
0.0075689426
0.0012598834
0.0009740687
0.0005448089
0.0081045113
0.0012197414
0.0014315301
0.0105673021
0.0028092608
0.0096944261
0.0069900968
0.0030040848
0.0027737751
0.0013861159
0.0034072035
0.0030398169
0.0025986713
0.0051351285
0.0059910380
0.0004427241
0.0072447627
0.0061432091
0.0068122938
0.0062735178
0.0005284330
0.0007785970
0.0123209266
0.0125034209
0.0088789675
0.0127247321
0.0012329629
0.0105948160
0.0026897698
0.0075081313
0.0102374238
0.0102657295
0.0072002831
0.0096650824
0.0103879858
0.0075584619
0.0060655581
0.0107681714
0.0068398174
0.0061064886
0.0005137543
0.0011021506
0.0031672802
0.0007301731
0.0014467832
0.0073510819
0.0072687832
0.0023449553
0.0057014109
0.0051236971
0.0025661671
0.0023445767
0.0083591898
0.0106941128
0.0109768840
0.0031247502
0.0115365653
0.0007634020
0.0013150371
0.0081628166
0.0081977285
0.0109233228
0.0101465435
0.0104095602
0.0004487059
0.0071969854
0.0096336989
0.0088593648
0.0095966450
0.0065763570
0.0069126233
0.0102480587
0.0101085813
0.0031634468
0.0075885823
0.0087514842
0.0093808966
0.0087632601
0.0136513953
0.0132204248
0.0138491344
0.0117274106
0.0122981455
0.0016695587
0.0064903007
0.0096932970
0.0007257238
0.0013365287
0.0053430009
0.0107646832
0.0114543873
0.0077169287
0.0081892896
0.0140852568
0.0117757066
0.0124338271
0.0019093815
0.0059745849
0.0066768422
0.0097888585
0.0127429356
0.0121191106
0.0109697809
0.0116164537
0.0106431576
0.0110780012
0.0068697192
0.0007174687
0.0012976126
0.0087508774
0.0059067972
0.0005519481
0.0019814082
0.0116896531
0.0064790225
0.0088909711
0.0095726914
0.0063566826
0.0067929328
0.0070294578
0.0070979768
0.0096829009
0.0103535120
0.0096345262
0.0109512671
0.0109692484
0.0013948016
0.0019116950
0.0077658586
0.0083171990
0.0088754779
0.0093976618
0.0117776993
0.0124468384
0.0106393152
0.0126663600
0.0101307209
0.0007883854
0.0098898089
0.0007768604
0.0010532084
0.0030628806
0.0031446137
0.0136126536
0.0142202321
0.0056022446
0.0026190938
0.0075951967
0.0075607834
0.0065936633
0.0066600812
0.0071558561
0.0117881720
0.0116575183
0.0103547992
0.0110223162
0.0078107123
0.0088892762
0.0094722999
0.0118440372
0.0125050792
0.0105711651
0.0059885116
0.0011982510
0.0009245737
0.0004106168
0.0019119271
0.0076344861
0.0095568423
0.0072696614
0.0080379788
0.0072760880
0.0103915103
0.0006836800
0.0013935605
0.0142620997
0.0011559139
0.0034457915
0.0031752422
0.0015014395
0.0007505299
0.0105658516
0.0112425530
0.0026449797
0.0032953057
0.0078419621
0.0083563941
0.0119348046
0.0125770657
0.0055129145
0.0092052633
0.0065482670
0.0070559454
0.0069356071
0.0128955169
0.0079791365
0.0009278125
0.0067110569
0.0094271659
0.0101995386
0.0075012489
0.0006738548
0.0013797626
0.0089128622
0.0005414503
0.0029828293
0.0031289759
0.0029215563
0.0016290342
0.0078288199
0.0093982293
0.0100780913
0.0113836323
0.0033243415
0.0077882268
0.0083876392
0.0137133451
0.0143223574
0.0118994978
0.0125249659
0.0098580241
0.0038347974
0.0054203579
0.0113886105
0.0011252189
0.0111160784
0.0113123448
0.0118048245
0.0099494830
0.0107598933
0.0006782564
0.0013768811
0.0088748972
0.0144076780
0.0011762472
0.0014551187
0.0008730042
0.0019511903
0.0069079555
0.0065625074
0.0048607636
0.0052060279
0.0126370060
0.0123335820
0.0005783170
0.0014358089
0.0067800797
0.0087034226
0.0092686333
0.0013040629
0.0075702487
0.0076277819
0.0108164449
0.0112436341
0.0013972241
0.0020651691
0.0077255933
0.0083344976
0.0088225091
0.0094155769
0.0118465711
0.0125176231
0.0007170592
0.0014462873
0.0116451129
0.0117030546
0.0128960297
0.0086090357
0.0005651825
0.0006941097
0.0066650833
0.0062333380
0.0099950089
0.0100913286
0.0026791549
0.0033004951
0.0143672334
0.0031347805
0.0046824056
0.0044045081
0.0009626497
0.0005259079
0.0004533274
0.0025604526
0.0014553599
0.0019747249
0.0124910686
0.0126517674
0.0131176547
0.0111939809
0.0119292709
0.0105234828
0.0112441197
0.0110655487
0.0091219332
0.0098444099
0.0077520393
0.0076999426
0.0082731623
0.0088005234
0.0093955082
0.0118430985
0.0125005811
0.0004773532
0.0129711029
0.0120144021
0.0106375219
0.0110669566
0.0026417279
0.0032653054
0.0007142090
0.0013957956
0.0143656781
0.0125702944
0.0131767090
0.0061688366
0.0049864754
0.0055431198
0.0132239321
0.0138134722
0.0138184784
0.0125889179
0.0120438782
0.0125215259
0.0071397121
0.0071819105
0.0077191853
0.0082788109
0.0075553089
0.0098633871
0.0103485287
0.0115285259
0.0014072874
0.0020531368
0.0078786812
0.0082475638
0.0088756552
0.0094710534
0.0005164549
0.0076120570
0.0026448748
0.0032717735
0.0143776570
0.0126643680
0.0132606741
0.0123656245
0.0120529511
0.0063341498
0.0062818332
0.0034874643
0.0034134886
0.0078958026
0.0089194741
0.0089955615
0.0139772370
0.0132610264
0.0126128054
0.0119662729
0.0077100400
0.0097969310
0.0102588112
0.0014187849
0.0020643234
0.0080646298
0.0084292462
0.0090659971
0.0095932428
0.0125261675
0.0091469305
0.0015718272
0.0016885791
0.0074460635
0.0108980861
0.0114206591
0.0112513086
0.0009797100
0.0012359512
0.0016232622
0.0108907842
0.0112947073
0.0026540935
0.0032889876
0.0144766040
0.0120754050
0.0127521090
0.0133620695
0.0114829219
0.0025677703
0.0031172757
0.0006985604
0.0080298836
0.0076112380
0.0074510174
0.0014152858
0.0020613689
0.0080507386
0.0086203531
0.0091623283
0.0097580974
0.0032363852
0.0044412904
0.0037621522
0.0072261379
0.0122575954
0.0079859916
0.0101366743
0.0101936149
0.0107130588
0.0026516099
0.0032898072
0.0145860779
0.0128494480
0.0134565965
0.0037721207
0.0080124730
0.0019444448
0.0023987589
0.0076867435
0.0083149547
0.0077421523
0.0096187989
0.0089494075
0.0133290236
0.0126592605
0.0013998738
0.0013701224
0.0103942149
0.0109769850
0.0014131912
0.0020612190
0.0080358473
0.0086055701
0.0091492744
0.0097474919
0.0130333942
0.0081327999
0.0076486833
0.0030696348
0.0023259464
0.0020549398
0.0013014329
0.0143219546
0.0143274469
0.0013127802
0.0082090343
0.0105914476
0.0112101495
0.0074010402
0.0026544140
0.0032905684
0.0146851804
0.0129492242
0.0135580355
0.0017030524
0.0080120401
0.0074620406
0.0110702214
0.0110839730
0.0103983576
0.0090351527
0.0096811517
0.0074360049
0.0063367372
0.0006908221
0.0013273253
0.0009427507
0.0084065261
0.0078572379
0.0096468423
0.0090430608
0.0131145273
0.0124862329
0.0031860808
0.0038041160
0.0033700997
0.0074003579
0.0077892571
0.0084506013
0.0088937936
0.0013839616
0.0020338928
0.0080582046
0.0085892371
0.0091730461
0.0097737251
0.0131091143
0.0124784638
0.0080897950
0.0098156941
0.0070741526
0.0065259237
0.0064680772
0.0028283206
0.0081643492
0.0067730518
0.0005197578
0.0058227348
0.0016224315
0.0006330619
0.0026306629
0.0032614005
0.0148066946
0.0129876792
0.0136553751
0.0137637075
0.0131096352
0.0124981069
0.0073104861
0.0108051743
0.0105897460
0.0036512017
0.0037143184
0.0013291478
0.0019846295
0.0080733316
0.0086089560
0.0091907877
0.0097944307
0.0065747761
0.0007116105
0.0013142518
0.0128469008
0.0127042078
0.0018111655
0.0022595514
0.0015520548
0.0083924459
0.0078380679
0.0127646928
0.0124541693
0.0131851603
0.0120172332
0.0114476352
0.0116258816
0.0077407981
0.0025861882
0.0032102994
0.0149141947
0.0129920572
0.0136619370
0.0014479249
0.0017607922
0.0131239892
0.0125053182
0.0006955089
0.0007501856
0.0111405963
0.0038799642
0.0083816597
0.0086139637
0.0013021328
0.0020218060
0.0080576542
0.0086226338
0.0091806308
0.0097855315
0.0119776750
0.0104115542
0.0098516020
0.0122060854
0.0127111056
0.0111213157
0.0022399777
0.0015454648
0.0083708392
0.0078239173
0.0089916289
0.0096506361
0.0089372152
0.0143017004
0.0142414300
0.0131472041
0.0136964135
0.0111525063
0.0116324948
0.0121063734
0.0026315144
0.0032599693
0.0148591631
0.0152875847
0.0129752443
0.0136468474
0.0137965203
0.0140726545
0.0093811823
0.0099233428
0.0099876317
0.0096797286
0.0093826294
0.0012321098
0.0128784027
0.0109615679
0.0116429451
0.0033880172
0.0039696833
0.0032856851
0.0130900849
0.0124797455
0.0087678335
0.0093765007
0.0086169328
0.0032667079
0.0013055510
0.0020287844
0.0080063268
0.0086119673
0.0091375107
0.0097431498
0.0134022074
0.0009771244
0.0015808410
0.0141480881
0.0013051914
0.0005409976
0.0070699368
0.0086348377
0.0105816988
0.0015307850
0.0014575085
0.0122218132
0.0026453989
0.0032832024
0.0147385393
0.0130407447
0.0136717783
0.0093370464
0.0093476591
0.0131058915
0.0065305667
0.0029466543
0.0026163777
0.0031752804
0.0077125095
0.0081962779
0.0081460310
0.0132251485
0.0139100468
0.0091863629
0.0086802076
0.0013084772
0.0020313193
0.0080494411
0.0085648618
0.0091820043
0.0097877265
0.0117206422
0.0111532829
0.0007311983
0.0013868846
0.0015249824
0.0020769429
0.0014046004
0.0076671055
0.0081433958
0.0075551997
0.0026480246
0.0032869484
0.0145112470
0.0129170420
0.0134185286
0.0062811509
0.0054694148
0.0078519937
0.0085193389
0.0131231283
0.0133301413
0.0138554069
0.0099780496
0.0104350196
0.0106462643
0.0093577695
0.0088112293
0.0012959321
0.0020207645
0.0079807405
0.0086096278
0.0091057373
0.0097102850
0.0129927749
0.0129646678
0.0135757398
0.0110255264
0.0107207802
0.0111628232
0.0005653207
0.0055677671
0.0033176112
0.0025869005
0.0026745326
0.0006260449
0.0005680630
0.0020520527
0.0013415927
0.0077040987
0.0123308779
0.0128595154
0.0124512383
0.0026350641
0.0032720279
0.0147080224
0.0129386032
0.0135720198
0.0011179273
0.0135489615
0.0032547415
0.0038627809
0.0031996590
0.0093394398
0.0087435015
0.0141333498
0.0142328798
0.0012698900
0.0019821343
0.0080132621
0.0085352857
0.0091309171
0.0097361011
0.0110766727
0.0115747981
0.0118744020
0.0125648127
0.0129197111
0.0122966276
0.0104818594
0.0111395963
0.0084933907
0.0084600997
0.0130045392
0.0125116873
0.0020691808
0.0016174436
0.0082343137
0.0075816302
0.0131026280
0.0124798246
0.0025959807
0.0032264127
0.0147448829
0.0128396215
0.0135064323
0.0022834140
0.0026827944
0.0038188504
0.0072334599
0.0079196063
0.0073343218
0.0082565675
0.0119679381
0.0094138122
0.0087228667
0.0142382642
0.0012508664
0.0019548077
0.0079612320
0.0085609602
0.0090698137
0.0096762456
0.0063823920
0.0057340992
0.0059753706
0.0098625503
0.0094065218
0.0092636083
0.0014540793
0.0038560117
0.0032247853
0.0011744815
0.0013372906
0.0081369945
0.0075530528
0.0130919719
0.0124319877
0.0025686379
0.0031837319
0.0146123275
0.0127449886
0.0134179724
0.0134680457
0.0127528841
0.0129016677
0.0055864762
0.0027097226
0.0007061928
0.0116313269
0.0131106514
0.0094068404
0.0087002434
0.0013026832
0.0019472056
0.0078918667
0.0085023837
0.0089853589
0.0095883389
0.0124343356
0.0113328431
0.0038842367
0.0032587947
0.0019947096
0.0011683831
0.0130658611
0.0123855964
0.0025479381
0.0031396926
0.0143947574
0.0126602523
0.0133626825
0.0046893003
0.0029592280
0.0128667087
0.0077293576
0.0046592657
0.0022591062
0.0081128258
0.0075444551
0.0013797270
0.0019694969
0.0078227934
0.0084200921
0.0089671833
0.0095646080
0.0005735447
0.0005243680
0.0083163558
0.0077931181
0.0094096893
0.0086984243
0.0005944165
0.0025660931
0.0027250293
0.0021023406
0.0016005108
0.0081151580
0.0093736301
0.0087726696
0.0140972852
0.0117857387
0.0025433548
0.0031155650
0.0020487155
0.0083814941
0.0095502831
0.0138895928
0.0143830453
0.0132740580
0.0078913232
0.0135514538
0.0141123162
0.0019958448
0.0027283984
0.0032825225
0.0091385714
0.0084797835
0.0079971813
0.0079986707
0.0086432263
0.0033065708
0.0083438207
0.0084806373
0.0078453144
0.0046140443
0.0042341636
0.0041263725
0.0029894646
0.0036608377
0.0028557535
0.0029548978
0.0030567437
0.0036072437
0.0035985545
0.0085068848
0.0072117291
0.0053270841
0.0041700609
0.0045164195
0.0025068540
0.0020735920
0.0019723491
0.0049622417
0.0075437275
0.0051716497
0.0049595146
0.0054864779
0.0067114988
0.0066481463
0.0076781584
0.0065347943
0.0069999731
0.0049982215
0.0128270565
0.0131663500
0.0126580170
0.0106384834
0.0088771238
0.0093478571
0.0110804848
0.0116537360
0.0072369006
0.0068167095
0.0067383170
0.0070398562
0.0073520023
0.0007970740
0.0005939995
0.0061441343
0.0048894365
0.0052129473
0.0052081356
0.0058249448
0.0053073152
0.0046948402
0.0074569263
0.0078196856
0.0070303847
0.0042113136
0.0121150918
0.0036024473
0.0094353381
0.0041474628
0.0028191479
0.0052045789
0.0050703329
0.0025930209
0.0030884879
0.0019672118
0.0037219102
0.0034587100
0.0040141169
0.0082042047
0.0107086735
0.0107788125
0.0083829668
0.0085071704
0.0092075019
0.0077400321
0.0077457752
0.0049230913
0.0054592108
0.0054409393
0.0017308004
0.0023416027
0.0024216334
0.0017644736
0.0083379625
0.0059377023
0.0054467713
0.0045473579
0.0052078891
0.0077215001
0.0057696133
0.0063510572
0.0130173067
0.0084533445
0.0077875742
0.0080625769
0.0079098288
0.0111019576
0.0080931919
0.0079291195
0.0024333372
0.0076798205
0.0061358673
0.0058255593
0.0053518797
0.0084430070
0.0061627008
0.0045461162
0.0042068064
0.0040630228
0.0089993331
0.0083491196
0.0077771232
0.0074986842
0.0068433593
0.0027489019
0.0067819092
0.0118168118
0.0038159186
0.0103475355
0.0126686685
0.0094609621
0.0029602382
0.0070540298
0.0062851752
0.0123569849
0.0125599911
0.0034855334
0.0015358422
0.0084620165
0.0103890171
0.0098328992
0.0011769274
0.0016764122
0.0127667462
0.0034272473
0.0101831549
0.0096227269
0.0081045694
0.0088302376
0.0081514022
0.0019359473
0.0026406992
0.0069891479
0.0043782232
0.0049489412
0.0042779055
0.0094166874
0.0048449170
0.0101311518
0.0052289843
0.0046781494
0.0044906100
0.0043457641
0.0099944217
0.0049311386
0.0101484699
0.0100347506
0.0049933659
0.0049832079
0.0101777583
0.0050118060
0.0102186905
0.0055801409
0.0050101565
0.0049986591
0.0053806989
0.0047748744
0.0101140569
0.0099707582
0.0102547584
0.0065893308
0.0060213762
0.0063256424
0.0094717433
0.0050088195
0.0103465868
0.0131152426
0.0133899381
0.0114351467
0.0044984335
0.0039641808
0.0038761279
0.0049297598
0.0053133683
0.0038169574
0.0049714287
0.0049307606
0.0125539899
0.0096707724
0.0103142148
0.0054704616
0.0094951697
0.0097017976
0.0054338486
0.0048341817
0.0092083740
0.0050753995
0.0043352253
0.0135184881
0.0047406943
0.0046821342
0.0094516629
0.0099892127
0.0043503123
0.0041077086
0.0045489907
0.0046442264
0.0102150225
0.0098739161
0.0101509992
0.0051276195
0.0043499536
0.0095501225
0.0091905142
0.0051595690
0.0047858581
0.0046449583
0.0088320677
0.0043225287
0.0042631700
0.0040867797
0.0093965921
0.0088398812
0.0091766136
0.0098897676
0.0044838881
0.0098401021
0.0084979322
0.0084406479
0.0104767328
0.0110546126
0.0108901059
0.0006261979
0.0036527560
0.0094672031
0.0096830066
0.0019266788
0.0022650860
0.0016798292
0.0033387703
0.0044388093
0.0050333875
0.0050454397
0.0046389474
0.0063937491
0.0048043856
0.0048614169
0.0093584834
0.0050094935
0.0094098104
0.0048277395
0.0100112253
0.0046702661
0.0046965530
0.0016383876
0.0095204261
0.0100423890
0.0101004123
0.0048802066
0.0045388801
0.0094687184
0.0099872227
0.0050660863
0.0039218664
0.0099683137
0.0038681670
0.0049129017
0.0040790667
0.0050400336
0.0046857575
0.0100450234
0.0045162466
0.0050079443
0.0082192404
0.0101603735
0.0102896783
0.0085367240
0.0050274107
0.0102507805
0.0084357482
0.0102914832
0.0044049419
0.0050541605
0.0032917038
0.0102806869
0.0041486241
0.0043558274
0.0049754114
0.0103228729
0.0026902560
0.0031235358
0.0074780400
0.0074318355
0.0053644832
0.0045728120
0.0090268100
0.0086822420
0.0050555624
0.0130929820
0.0125877047
0.0096759778
0.0041479057
0.0103517705
0.0046327910
0.0102892068
0.0044911859
0.0050477734
0.0103759253
0.0049923376
0.0045918176
0.0100353914
0.0047254409
0.0103695139
0.0036827365
0.0033308281
0.0029010290
0.0022095626
0.0016603791
0.0017790961
0.0046921576
0.0039743532
0.0098179329
0.0049262806
0.0126527415
0.0123404791
0.0047404585
0.0100086523
0.0049079992
0.0103281270
0.0048619109
0.0099751086
0.0049506556
0.0099158043
0.0044139536
0.0049593819
0.0103725719
0.0099326570
0.0071733912
0.0072618030
0.0066736793
0.0050222076
0.0049719330
0.0102934818
0.0045932790
0.0050211994
0.0044941340
0.0044970175
0.0100180198
0.0049974654
0.0103193307
0.0100666005
0.0100127629
0.0049121708
0.0102660587
0.0039306729
0.0048658804
0.0044263905
0.0100034503
0.0052708675
0.0047821379
0.0053554349
0.0093384299
0.0069581800
0.0063008656
0.0068805970
0.0063539993
0.0071537028
0.0066521174
0.0065883062
0.0070163997
0.0064833177
0.0072127114
0.0067106246
0.0016664328
0.0021634770
0.0020443490
0.0072631372
0.0068364239
0.0122450029
0.0123266444
0.0071666607
0.0073862230
0.0068780786
0.0072722729
0.0071614197
0.0065939359
0.0074280205
0.0068546236
0.0074370848
0.0068931628
0.0074529184
0.0068690653
0.0074202534
0.0068415403
0.0072870191
0.0067078198
0.0070147039
0.0072972912
0.0067800118
0.0070897991
0.0065317122
0.0063889931
0.0069437764
0.0065626940
0.0058528105
0.0064905423
0.0070050050
0.0064245762
0.0071247765
0.0065578048
0.0068007367
0.0071285160
0.0017110091
0.0011277546
0.0068737422
0.0061698333
0.0024238048
0.0018022283
0.0065479693
0.0065808070
0.0069865984
0.0061929944
0.0035073988
0.0042326594
0.0100586571
0.0107435484
0.0024286042
0.0026101555
0.0042198547
0.0059927612
0.0018989405
0.0018893114
0.0016489139
0.0089867010
0.0051731958
0.0062307156
0.0108370546
0.0119204627
0.0116536404
0.0090236835
0.0097521942
0.0102095798
0.0052808423
0.0062192189
0.0054135855
0.0063543986
0.0086039502
0.0069628554
0.0065314352
0.0070988153
0.0066738165
0.0037752429
0.0034722634
0.0072233940
0.0066766358
0.0104953390
0.0072234703
0.0066874963
0.0072426310
0.0066226029
0.0071829062
0.0065515769
0.0110680096
0.0071162146
0.0065245601
0.0059778464
0.0065278840
0.0070898955
0.0067068256
0.0059108395
0.0072659412
0.0068885616
0.0030571876
0.0100889712
0.0095990027
0.0096459249
0.0067635360
0.0074479338
0.0068699116
0.0071911734
0.0074795378
0.0085213454
0.0117241787
0.0074365673
0.0068549765
0.0021471259
0.0062604073
0.0070338883
0.0064994915
0.0063764021
0.0074235711
0.0068821039
0.0068045811
0.0060707373
0.0071957774
0.0074488071
0.0069031389
0.0066030734
0.0072444272
0.0074658811
0.0068848090
0.0039617247
0.0064824922
0.0066822114
0.0066380963
0.0074405951
0.0068348947
0.0072132689
0.0066352822
0.0073712551
0.0067750378
0.0105579655
0.0072069064
0.0064647563
0.0065881759
0.0074008245
0.0068095054
0.0073235835
0.0067733171
0.0070915140
0.0064652099
0.0064908990
0.0074104574
0.0068956943
0.0068617770
0.0111749357
0.0115724125
0.0066805300
0.0070120919
0.0074015550
0.0067525131
0.0072838757
0.0066814220
0.0122595438
0.0118274240
0.0068730033
0.0062013395
0.0064391432
0.0072575070
0.0066193100
0.0079663741
0.0072097077
0.0099145779
0.0100837938
0.0095463009
0.0071976317
0.0084567286
0.0017041899
0.0005795616
0.0071902607
0.0114844507
0.0072877107
0.0077812358
0.0082442651
0.0089983530
0.0088253450
0.0006837151
0.0005867804
0.0114293111
0.0119990361
0.0120111407
0.0013266980
0.0007423013
0.0004733544
0.0134983977
0.0135124037
0.0025662885
0.0138581590
0.0020026094
0.0025142145
0.0026004770
0.0025832347
0.0116632876
0.0114253434
0.0120138459
0.0140882980
0.0135421408
0.0136327998
0.0114549154
0.0116383667
0.0076274444
0.0128011593
0.0134842861
0.0134113542
0.0020694620
0.0025686885
0.0020785142
0.0120432792
0.0014428451
0.0136883706
0.0117533241
0.0011411180
0.0026017349
0.0007274637
0.0120832362
0.0034885884
0.0136393946
0.0118000084
0.0025654897
0.0121073648
0.0021164086
0.0083825658
0.0130509821
0.0135782051
0.0117424592
0.0121103130
0.0026045614
0.0025884365
0.0134710150
0.0019737426
0.0019864528
0.0025171501
0.0026822479
0.0097470236
0.0133948931
0.0115065650
0.0120091750
0.0026588997
0.0138190972
0.0025089261
0.0025976878
0.0081404491
0.0126927373
0.0135594761
0.0125540684
0.0025776795
0.0007384079
0.0117083642
0.0124159044
0.0122423860
0.0024677765
0.0111174865
0.0109720815
0.0024812935
0.0028049902
0.0111150282
0.0054209491
0.0048777081
0.0046497050
0.0109372181
0.0015592905
0.0008228074
0.0021865033
0.0123305652
0.0027627866
0.0134956295
0.0123249629
0.0128069842
0.0127959109
0.0113953872
0.0043133226
0.0079480790
0.0072957458
0.0093895841
0.0099730451
0.0099167863
0.0024447353
0.0025112690
0.0010129526
0.0052727696
0.0076023327
0.0129190272
0.0015080115
0.0055729252
0.0024616692
0.0108402548
0.0019462719
0.0025419093
0.0126056108
0.0025343596
0.0100699011
0.0093164665
0.0095052848
0.0019113715
0.0125049686
0.0112962816
0.0128194182
0.0133521751
0.0129010363
0.0134106441
0.0075737910
0.0069234156
0.0069685353
0.0128073513
0.0075126463
0.0129286118
0.0013565169
0.0019576204
0.0090922896
0.0084639659
0.0095730787
0.0109183117
0.0073770963
0.0078636305
0.0114934915
0.0105329649
0.0102106816
0.0112612954
0.0095545525
0.0021092384
0.0132077630
0.0129598745
0.0074840293
0.0081348252
0.0020516964
0.0014502040
0.0020903189
0.0021847941
0.0023696187
0.0105331790
0.0025993575
0.0019764313
0.0025394474
0.0104431808
0.0106718086
0.0112641811
0.0019843355
0.0025583661
0.0126913776
0.0010131136
0.0127508187
0.0134177822
0.0112005077
0.0028035387
0.0019681687
0.0025382667
0.0111827102
0.0085416867
0.0089844281
0.0090738961
0.0049001574
0.0130595138
0.0024419119
0.0019984925
0.0112152517
0.0011667967
0.0130824266
0.0136437975
0.0112751791
0.0131467038
0.0027377687
0.0020187035
0.0024910167
0.0020672572
0.0027139484
0.0132246261
0.0137934112
0.0004380579
0.0113163846
0.0016522438
0.0023640308
0.0099734756
0.0043310117
0.0082315605
0.0088912183
0.0087051698
0.0020589190
0.0131782072
0.0137501552
0.0021083462
0.0018020758
0.0008129664
0.0011256165
0.0131732243
0.0137494218
0.0019404573
0.0026963601
0.0021494470
0.0110353755
0.0116082768
0.0118971459
0.0013712798
0.0020980535
0.0110720778
0.0020441305
0.0137586341
0.0119946709
0.0124265247
0.0119033752
0.0125401605
0.0070223375
0.0138495929
0.0014741076
0.0083526354
0.0117376871
0.0119345406
0.0098917580
0.0139560607
0.0136764489
0.0026952280
0.0121561034
0.0110450536
0.0102954893
0.0021533775
0.0140519731
0.0013068650
0.0008062017
0.0114879898
0.0026921243
0.0024193395
0.0136837085
0.0119482598
0.0120680182
0.0028258329
0.0122737408
0.0097584773
0.0020998383
0.0024092152
0.0126556074
0.0130560888
0.0124926634
0.0121041749
0.0100070808
0.0141532533
0.0122855507
0.0119230459
0.0136781125
0.0029227229
0.0142503689
0.0123189298
0.0028743075
0.0029217332
0.0118777896
0.0029139997
0.0022103134
0.0136341053
0.0142545615
0.0123185158
0.0118364383
0.0020721011
0.0022613634
0.0126187657
0.0142349524
0.0122884834
0.0123276165
0.0020639528
0.0116611646
0.0027212785
0.0131611972
0.0011097997
0.0118880188
0.0112162623
0.0127262410
0.0111754468
0.0118224105
0.0117236528
0.0123181266
0.0022000092
0.0029566310
0.0026940395
0.0135277240
0.0090643975
0.0118045064
0.0122546608
0.0026893138
0.0006876708
0.0136612737
0.0101994710
0.0095517765
0.0097500098
0.0054319074
0.0052810624
0.0059951627
0.0118264485
0.0141732412
0.0140320529
0.0122696395
0.0020402067
0.0026070364
0.0136535308
0.0117975799
0.0140963231
0.0121681436
0.0115145280
0.0114000304
0.0110122519
0.0025151474
0.0026736253
0.0135782851
0.0139802814
0.0120794532
0.0117809895
0.0130295734
0.0037964507
0.0040087211
0.0032849280
0.0129967407
0.0114630129
0.0021208763
0.0027430456
0.0064271780
0.0080461937
0.0075199291
0.0105229281
0.0099404344
0.0105333723
0.0027646915
0.0019655124
0.0012202571
0.0005510319
0.0062656518
0.0121630966
0.0120142324
0.0114929283
0.0090793675
0.0067389499
0.0020155283
0.0127065217
0.0049370317
0.0106657957
0.0063659357
0.0106014148
0.0098456374
0.0067543154
0.0079127495
0.0056897014
0.0054361877
0.0061471927
0.0075869499
0.0093838900
0.0065700722
0.0068465025
0.0047588053
0.0030826057
0.0116182834
0.0105951476
0.0026448182
0.0100183055
0.0072909308
0.0072718292
0.0116895567
0.0121654471
0.0116332911
0.0108756171
0.0028731922
0.0019950322
0.0093330447
0.0097733175
0.0090863349
0.0014080573
0.0038590234
0.0035730135
0.0086026599
0.0088870194
0.0031994266
0.0036782013
0.0059984115
0.0041705411
0.0060719704
0.0135795658
0.0130356775
0.0049311384
0.0062475359
0.0059189296
0.0006790494
0.0005544518
0.0028415738
0.0059249563
0.0119258203
0.0071684106
0.0058050339
0.0039577315
0.0032593259
0.0039098252
0.0110671257
0.0110020513
0.0105224182
0.0049201699
0.0071758118
0.0034029962
0.0051905178
0.0028352497
0.0051587834
0.0046295284
0.0043020521
0.0048293587
0.0043544966
0.0087180974
0.0071247433
0.0042163860
0.0036564977
0.0043168898
0.0042251573
0.0037200510
0.0083782487
0.0037695676
0.0104470893
0.0042722102
0.0043852820
0.0045117653
0.0044627917
0.0056078053
0.0054321808
0.0040874913
0.0037329731
0.0045135946
0.0122473407
0.0128814119
0.0128657221
0.0098738933
0.0039790143
0.0056241073
0.0052619083
0.0056230937
0.0063049124
0.0069450582
0.0043758300
0.0045818164
0.0063058442
0.0026734823
0.0106994750
0.0006500478
0.0064061017
0.0108734888
0.0111638146
0.0098400863
0.0095156772
0.0103719936
0.0009580548
0.0117722664
0.0096279028
0.0018624568
0.0011397860
0.0004923553
0.0019377464
0.0005518928
0.0038971365
0.0031735528
0.0089466480
0.0119609140
0.0044972251
0.0039395914
0.0015819634
0.0093052745
0.0087278727
0.0041387701
0.0111342535
0.0106037103
0.0062398032
0.0080797701
0.0061325579
0.0096057134
0.0123887882
0.0133996647
0.0022034780
0.0123451028
0.0118032437
0.0023985856
0.0113655549
0.0090371018
0.0089887617
0.0026575912
0.0007877847
0.0009653652
0.0004808804
0.0030775108
0.0025468235
0.0025159473
0.0116179774
0.0020589895
0.0129118505
0.0083530462
0.0122820537
0.0083085546
0.0022235923
0.0088494729
0.0125241548
0.0098847490
0.0043184685
0.0075774259
0.0082083434
0.0022975102
0.0121224339
0.0076962938
0.0083729281
0.0085820182
0.0077544690
0.0066795247
0.0060206126
0.0022958588
0.0020882081
0.0021796291
0.0079290669
0.0024842882
0.0084396810
0.0022635588
0.0064013807
0.0082995857
0.0076861562
0.0076270641
0.0070546435
0.0052536827
0.0022334180
0.0021970647
0.0072855900
0.0072097716
0.0128751527
0.0082090872
0.0022413709
0.0124848192
0.0094590522
0.0020479304
0.0021284579
0.0022324440
0.0084704930
0.0032370480
0.0076084499
0.0019434501
0.0028758078
0.0105834268
0.0070030742
0.0073150810
0.0132441537
0.0086037649
0.0117983033
0.0071530710
0.0060767093
0.0010733081
0.0117977721
0.0115794786
0.0022398302
0.0092835004
0.0122316971
0.0128084096
0.0125354301
0.0063044783
0.0056885300
0.0062328108
0.0087899490
0.0097100194
0.0104071648
0.0117290039
0.0077693637
0.0072831560
0.0007781501
0.0011240080
0.0074666355
0.0068020312
0.0124839693
0.0033346720
0.0137508587
0.0105549479
0.0118746636
0.0111656056
0.0112220838
0.0018565808
0.0100481498
0.0054559018
0.0005988294
0.0095741722
0.0089475313
0.0091125236
0.0119627121
0.0009404365
0.0085613336
0.0099455466
0.0030022032
0.0030117153
0.0092292852
0.0086916178
0.0023402937
0.0067113606
0.0011439805
0.0132512216
0.0116356687
0.0101716891
0.0018699517
0.0019782521
0.0006495124
0.0005014314
0.0017555920
0.0025230270
0.0048960326
0.0005739819
0.0006070159
0.0010553464
0.0013001108
0.0119609521
0.0123957873
0.0129459963
0.0135670037
0.0037747033
0.0112151532
0.0078207461
0.0065310555
0.0095538286
0.0130462219
0.0140551735
0.0096584370
0.0103239876
0.0102367575
0.0075746602
0.0083005365
0.0079352282
0.0091649169
0.0084985295
0.0089781594
0.0055853740
0.0037932020
0.0041979423
0.0070381290
0.0140596172
0.0111084896
0.0110546437
0.0102767355
0.0036250717
0.0106340564
0.0099970254
0.0039505666
0.0111215405
0.0099552983
0.0014939810
0.0104564786
0.0097742740
0.0039304982
0.0036014946
0.0100426845
0.0105852828
0.0044970767
0.0039101035
0.0037563881
0.0031902468
0.0095375062
0.0035264682
0.0116011604
0.0045682608
0.0040093808
0.0025094340
0.0097140347
0.0095297975
0.0019321916
0.0036230861
0.0035406853
0.0035069739
0.0011563679
0.0006510022
0.0036839899
0.0035684224
0.0034547952
0.0034379754
0.0035120384
0.0090513175
0.0036815874
0.0037285852
0.0025359368
0.0006206712
0.0031005536
0.0035818226
0.0038112097
0.0045155834
0.0038069231
0.0036514723
0.0024837639
0.0019168446
0.0090218970
0.0027550690
0.0034225072
0.0013102642
0.0036040761
0.0090786760
0.0035156432
0.0036926400
0.0129045729
0.0123552566
0.0099845026
0.0031872234
0.0007459065
0.0037107837
0.0092990085
0.0033711402
0.0095705485
0.0123768325
0.0125411867
0.0035934791
0.0042374300
0.0036238535
0.0021957998
0.0036922584
0.0037286955
0.0100379188
0.0034042653
0.0082692947
0.0035337380
0.0115274932
0.0042248576
0.0082609891
0.0070687667
0.0037852744
0.0035294671
0.0092144078
0.0036486098
0.0039356969
0.0039392994
0.0036564932
0.0098935832
0.0100860142
0.0099036354
0.0036731012
0.0094394679
0.0046240835
0.0039434599
0.0105624157
0.0036229787
0.0038360521
0.0130304138
0.0032632975
0.0035201381
0.0061622946
0.0013586857
0.0018088413
0.0104301323
0.0108641343
0.0034517268
0.0039723412
0.0079742292
0.0039531744
0.0034085158
0.0108035422
0.0113311524
0.0113769070
0.0071002882
0.0076479702
0.0076591585
0.0092656569
0.0010382500
0.0005293917
0.0039500182
0.0035826907
0.0033521175
0.0038494923
0.0104642009
0.0097501655
0.0032393996
0.0099923650
0.0100485154
0.0075878592
0.0012271750
0.0056594325
0.0017223447
0.0134158665
0.0140936443
0.0105656706
0.0035841502
0.0113318315
0.0022075015
0.0027249850
0.0057105515
0.0038666478
0.0038790741
0.0058296449
0.0034581823
0.0110113197
0.0110753962
0.0057939169
0.0036597841
0.0006267535
0.0038269719
0.0111492435
0.0024808648
0.0008069432
0.0137693673
0.0134580316
0.0113478201
0.0136076421
0.0139832370
0.0053685423
0.0048922185
0.0130047737
0.0011501331
0.0018094609
0.0016101309
0.0017642298
0.0090731646
0.0092462288
0.0098185812
0.0045605189
0.0034670104
0.0128509151
0.0000000000
0.0041876551
0.0054107081
0.0029666497
0.0133335388
0.0094145791
0.0088192314
0.0109719190
0.0022830979
0.0013459068
0.0116394457
0.0121056035
0.0127805578
0.0069489301
0.0136125016
0.0060125310
0.0108006006
0.0076669984
0.0078641338
0.0018748510
0.0030521131
0.0114092958
0.0042184445
0.0119816630
0.0120509964
0.0127539237
0.0086844953
0.0106640791
0.0055431735
0.0045654031
0.0126366179
0.0125705651
0.0112939803
0.0086079159
0.0063651200
0.0093354348
0.0006764534
0.0050987488
0.0069029538
0.0119753340
0.0120870916
0.0114295099
0.0109637992
0.0006500253
0.0116459740
0.0109611803
0.0110611399
0.0116343642
0.0009552026
0.0005864986
0.0031115276
0.0059731617
0.0054133497
0.0113485280
0.0026456669
0.0010041599
0.0013143259
0.0111893566
0.0113228214
0.0107930214
0.0025179867
0.0058106631
0.0031724242
0.0035233991
0.0058070942
0.0125827358
0.0133383263
0.0056686377
0.0010329653
0.0015436241
0.0064234319
0.0057601743
0.0051663680
0.0085212440
0.0128585431
0.0133383346
0.0135170486
0.0129366920
0.0006187479
0.0056447182
0.0070219316
0.0077131172
0.0082204529
0.0072159974
0.0070130229
0.0069252875
0.0118980138
0.0126287128
0.0121224406
0.0033875648
0.0136397818
0.0135050488
0.0131880450
0.0039565734
0.0034216679
0.0012739909
0.0082320476
0.0108778082
0.0050607781
0.0044262353
0.0011305719
0.0007028904
0.0006967245
0.0129506268
0.0017162300
0.0134765629
0.0139957616
0.0006348406
0.0006852971
0.0070816232
0.0006662251
0.0127038757
0.0005995656
0.0006818499
0.0006087549
0.0013333625
0.0045852163
0.0006781948
0.0010208126
0.0004645116
0.0123810316
0.0006844013
0.0007236860
0.0004722633
0.0137570279
0.0035851983
0.0007185523
0.0045227036
0.0129924711
0.0046527396
0.0087305794
0.0093036625
0.0093557589
0.0007090862
0.0025804298
0.0137210246
0.0118768344
0.0063984794
0.0059272351
0.0093580498
0.0086582226
0.0080699306
0.0006827061
0.0034624043
0.0006963304
0.0013244562
0.0007778593
0.0126456686
0.0101628620
0.0018885897
0.0032034869
0.0005320525
0.0010768524
0.0011935209
0.0017067215
0.0005089087
0.0116923247
0.0124235691
0.0124262386
0.0034138937
0.0005575470
0.0009525789
0.0011073921
0.0075946925
0.0132102645
0.0120645304
0.0127402341
0.0013547953
0.0116827916
0.0123742527
0.0006894707
0.0016105648
0.0009845987
0.0133490181
0.0119389686
0.0112974695
0.0116798230
0.0122765890
0.0103632483
0.0097536959
0.0131663570
0.0127011357
0.0110266135
0.0134448884
0.0125056559
0.0014040020
0.0112270149
0.0004768904
0.0114654719
0.0099362168
0.0104103596
0.0111794937
0.0123499126
0.0007368641
0.0079229157
0.0121627362
0.0120254387
0.0097721848
0.0116688595
0.0123387962
0.0104085171
0.0134425175
0.0122322470
0.0077326673
0.0103734063
0.0073728924
0.0094670467
0.0016761392
0.0013434060
0.0116550382
0.0122912909
0.0127704904
0.0006424509
0.0013293308
0.0006209229
0.0122486371
0.0025705406
0.0027873017
0.0031739605
0.0124679313
0.0125920630
0.0128264556
0.0134559387
0.0118298136
0.0098288140
0.0105142712
0.0061287452
0.0061718911
0.0124088187
0.0124498227
0.0096842179
0.0052664845
0.0090438637
0.0073562491
0.0132277694
0.0029384392
0.0115305292
0.0121244409
0.0122519731
0.0121431828
0.0058773207
0.0004206227
0.0112129374
0.0105696563
0.0110103051
0.0105847872
0.0049368754
0.0018188897
0.0007223210
0.0028300464
0.0028887115
0.0120515377
0.0064465822
0.0012000278
0.0013366680
0.0012839629
0.0090207222
0.0116128115
0.0118850266
0.0040413276
0.0125433176
0.0031810717
0.0025610868
0.0123875406
0.0126118314
0.0119231294
0.0005970024
0.0072800403
0.0021716101
0.0119756789
0.0097995135
0.0089682154
0.0084642297
0.0005732974
0.0012542461
0.0005006829
0.0112925025
0.0126755692
0.0117284691
0.0109863369
0.0006758961
0.0007054495
0.0013325830
0.0099306460
0.0075572138
0.0096559744
0.0127558840
0.0122541229
0.0124251393
0.0073947789
0.0108254151
0.0100984223
0.0076115036
0.0007261866
0.0031082598
0.0015721967
0.0126988281
0.0125021628
0.0006678734
0.0010794062
0.0129657970
0.0026907745
0.0072987364
0.0127068586
0.0006952192
0.0034232280
0.0055859917
0.0021229505
0.0102157918
0.0130910480
0.0025771613
0.0105344281
0.0076284368
0.0127511615
0.0006987072
0.0064581111
0.0026941637
0.0027590453
0.0098081618
0.0093712976
0.0128094925
0.0076532015
0.0132622402
0.0112033500
0.0129974947
0.0133200553
0.0007009588
0.0020411749
0.0029775124
0.0024496705
0.0106708848
0.0117414921
0.0130674064
0.0120688131
0.0114116546
0.0129566386
0.0093716515
0.0070359304
0.0026071569
0.0118261433
0.0007032747
0.0005839970
0.0074485848
0.0007386593
0.0024756254
0.0080971011
0.0028854553
0.0104719039
0.0081966487
0.0118946634
0.0021016382
0.0027488377
0.0027865469
0.0006996285
0.0131732154
0.0123758692
0.0120961052
0.0079693738
0.0007039180
0.0007556018
0.0105664766
0.0005513757
0.0073968146
0.0131693286
0.0131283751
0.0007156005
0.0004875326
0.0083309415
0.0082659093
0.0090202286
0.0139953890
0.0015943269
0.0016759923
0.0022249784
0.0029354052
0.0028863148
0.0124363722
0.0131300013
0.0007118804
0.0068352133
0.0084112352
0.0125057975
0.0131605586
0.0111656298
0.0003402400
0.0131918512
0.0028405383
0.0005605185
0.0006675288
0.0022195154
0.0027249220
0.0077932237
0.0107806850
0.0007072757
0.0086200370
0.0006207930
0.0005609296
0.0011377800
0.0011533516
0.0006390373
0.0005032010
0.0113166929
0.0118540482
0.0111176433
0.0006858065
0.0035278533
0.0011763350
0.0005374324
0.0111167114
0.0133831488
0.0009899582
0.0114999375
0.0006469692
0.0011940222
0.0119502816
0.0112139760
0.0077284178
0.0124839859
0.0006530951
0.0007001207
0.0005829001
0.0070042230
0.0010036363
0.0006610376
0.0136911948
0.0007011283
0.0142310159
0.0137817596
0.0123880640
0.0117009633
0.0138795233
0.0006631627
0.0083500498
0.0109070749
0.0075091439
0.0007025289
0.0123517314
0.0118218507
0.0137373587
0.0011870403
0.0006498176
0.0089745143
0.0116305173
0.0017038825
0.0006613346
0.0136491685
0.0132106329
0.0136785326
0.0090292876
0.0077766569
0.0079097343
0.0005890263
0.0006486869
0.0070540787
0.0033090354
0.0040128771
0.0105030345
0.0136027891
0.0006691491
0.0005364347
0.0006556598
0.0005869728
0.0006497606
0.0007091988
0.0007094170
0.0083686823
0.0134157923
0.0126998485
0.0133372203
0.0113009186
0.0128294480
0.0130220161
0.0085482709
0.0120124468
0.0025695822
0.0045929921
0.0069357824
0.0092106002
0.0086603575
0.0081352897
0.0079730803
0.0087624959
0.0122273718
0.0118756666
0.0072592543
0.0067637244
0.0070097882
0.0063222946
0.0086082239
0.0047373330
0.0093505888
0.0044461652
0.0039317793
0.0042688111
0.0048485362
0.0049248579
0.0115882659
0.0121784609
0.0117926399
0.0084396677
0.0089859200
0.0078125821
0.0067390565
0.0062053585
0.0059765333
0.0089862883
0.0093071527
0.0115625804
0.0035495146
0.0019496201
0.0027275396
0.0050068623
0.0043190657
0.0011246081
0.0124482198
0.0009834878
0.0055055170
0.0106095990
0.0032308452
0.0047217598
0.0041280931
0.0044006391
0.0048062672
0.0111597732
0.0110279400
0.0110002526
0.0116721512
0.0059801783
0.0058004103
0.0054342359
0.0030568825
0.0034440248
0.0027486154
0.0036538249
0.0118712245
0.0024701367
0.0022925657
0.0118140887
0.0023178938
0.0016128120
0.0117873216
0.0009533294
0.0012376599
0.0017103465
0.0122540432
0.0085446253
0.0134497577
0.0014711225
0.0007984487
0.0010712103
0.0127679976
0.0031545976
0.0118687224
0.0130683943
0.0128140909
0.0035834061
0.0051561176
0.0037713278
0.0034719343
0.0032948545
0.0039330753
0.0040998565
0.0006697856
0.0047526597
0.0042798981
0.0040642328
0.0132534138
0.0038972608
0.0044878237
0.0016518790
0.0006158621
0.0019091466
0.0127824934
0.0123640531
0.0021351181
0.0023167817
0.0097447528
0.0099190104
0.0103086831
0.0026974697
0.0084984985
0.0117645075
0.0064078313
0.0079858385
0.0060282521
0.0033063630
0.0035626127
0.0118449931
0.0026953937
0.0026944802
0.0033043131
0.0110000015
0.0107893629
0.0064666462
0.0070231034
0.0064243113
0.0063542073
0.0068735300
0.0098319424
0.0099735304
0.0034657304
0.0042341586
0.0040840499
0.0028421357
0.0027062114
0.0028826807
0.0102643578
0.0113214889
0.0028579520
0.0028646687
0.0122096241
0.0045018814
0.0028671538
0.0023853831
0.0029111306
0.0029634779
0.0122355418
0.0108405774
0.0118444691
0.0029495311
0.0120759755
0.0120998021
0.0120428474
0.0068754491
0.0070576119
0.0102889034
0.0095854281
0.0030499158
0.0028130390
0.0030656656
0.0029567340
0.0031386379
0.0026921543
0.0028898197
0.0027876077
0.0107478846
0.0029450307
0.0028248028
0.0029600827
0.0029720933
0.0030090978
0.0026186436
0.0029230994
0.0028585515
0.0028214311
0.0029672169
0.0029635132
0.0013802142
0.0007367784
0.0031402245
0.0031214511
0.0136780842
0.0029812652
0.0140291309
0.0100727053
0.0122292601
0.0104184266
0.0051602023
0.0137805134
0.0074396113
0.0034715952
0.0041394859
0.0075372149
0.0063692182
0.0052362540
0.0085354866
0.0062942426
0.0064091285
0.0081791729
0.0015427868
0.0046086397
0.0058325443
0.0056862114
0.0090895663
0.0073839330
0.0068472873
0.0034631251
0.0041898055
0.0044792230
0.0100775474
0.0012562810
0.0116338729
0.0060067231
0.0050473397
0.0056138256
0.0066333325
0.0082961642
0.0075915962
0.0077336802
0.0107718711
0.0069488870
0.0071089670
0.0100225919
0.0069508330
0.0073106496
0.0063984378
0.0014382825
0.0048121772
0.0101200730
0.0104128137
0.0037993659
0.0056904933
0.0048865223
0.0043962806
0.0039549739
0.0006745311
0.0011621971
0.0031278624
0.0013313998
0.0005728683
0.0057250162
0.0077725322
0.0081390302
0.0101330440
0.0073219317
0.0017707251
0.0022639627
0.0037148385
0.0056292811
0.0052676792
0.0102563671
0.0103666357
0.0097686362
0.0122633423
0.0051754459
0.0019893220
0.0014518458
0.0109166114
0.0096929075
0.0086711854
0.0006271333
0.0013927714
0.0020869438
0.0026725753
0.0129496812
0.0122352332
0.0128242217
0.0131062766
0.0126296645
0.0114059276
0.0012683645
0.0004522520
0.0005941484
0.0011896494
0.0019129429
0.0016765393
0.0013214868
0.0031703060
0.0140491289
0.0015003746
0.0007164264
0.0013247228
0.0039491289
0.0133970358
0.0031822481
0.0034789531
0.0006415129
0.0029968723
0.0006822020
0.0032350766
0.0034105265
0.0033959615
0.0036943790
0.0034692016
0.0032901549
0.0005443055
0.0135708262
0.0021998710
0.0025729571
0.0029030762
0.0034300609
0.0014916159
0.0005479261
0.0011126001
0.0080053467
0.0081796148
0.0121528621
0.0115396691
0.0075079300
0.0126723818
0.0120926096
0.0107550983
0.0113756539
0.0057357938
0.0126090781
0.0129165175
0.0134413853
0.0126705838
0.0004927438
0.0009735414
0.0005214516
0.0007271790
0.0116457428
0.0128761331
0.0004871542
0.0138827828
0.0076955443
0.0080744932
0.0131061937
0.0136331077
0.0124394205
0.0049908402
0.0033164950
0.0006906899
0.0024983802
0.0017713475
0.0093423172
0.0056929590
0.0075318200
0.0029542954
0.0004087313
0.0133085657
0.0120056779
0.0126409707
0.0066980061
0.0123968528
0.0006665853
0.0128131715
0.0121523526
0.0020524918
0.0127702012
0.0114830456
0.0137678120
0.0109392949
0.0033157405
0.0005036798
0.0137030798
0.0137570666
0.0132879677
0.0128657178
0.0024040785
0.0025323568
0.0139424349
0.0127435025
0.0020341251
0.0054519247
0.0058193366
0.0061070968
0.0064870123
0.0082376059
0.0015070132
0.0019154131
0.0067860080
0.0075546027
0.0072655646
0.0084160845
0.0004513794
0.0005933979
0.0094539159
0.0012785230
0.0032058424
0.0116219255
0.0131922256
0.0114332370
0.0007189983
0.0031769468
0.0030154222
0.0018791365
0.0085398224
0.0052293156
0.0050581197
0.0044852299
0.0020155198
0.0026632636
0.0028224696
0.0123717210
0.0117311512
0.0010930860
0.0026678993
0.0006508318
0.0006228670
0.0089707140
0.0091456070
0.0096275941
0.0012199671
0.0056879202
0.0063112862
0.0023547367
0.0103359307
0.0052354416
0.0132631193
0.0070005958
0.0011828579
0.0030028018
0.0067190742
0.0128575204
0.0133962152
0.0011829271
0.0135640751
0.0114937060
0.0037277453
0.0050914968
0.0057246804
0.0106636852
0.0130136896
0.0075678046
0.0046658906
0.0087699846
0.0025229742
0.0115546223
0.0028512234
0.0117483133

