solid cylinder
  facet normal 9.99847695e-01 1.74524064e-02 0.00000000e+00
    outer loop
      vertex 1.15000000e+00 2.00000000e-01 0.00000000e+00
      vertex 1.14996954e+00 2.01744975e-01 0.00000000e+00
      vertex 1.14996954e+00 2.01744975e-01 1.00000000e-01
    endloop
  endfacet
  facet normal 9.99847695e-01 1.74524064e-02 -0.00000000e+00
    outer loop
      vertex 1.15000000e+00 2.00000000e-01 0.00000000e+00
      vertex 1.14996954e+00 2.01744975e-01 1.00000000e-01
      vertex 1.15000000e+00 2.00000000e-01 1.00000000e-01
    endloop
  endfacet
  facet normal 9.98629535e-01 5.23359562e-02 0.00000000e+00
    outer loop
      vertex 1.14996954e+00 2.01744975e-01 0.00000000e+00
      vertex 1.14987820e+00 2.03487824e-01 0.00000000e+00
      vertex 1.14987820e+00 2.03487824e-01 1.00000000e-01
    endloop
  endfacet
  facet normal 9.98629535e-01 5.23359562e-02 -0.00000000e+00
    outer loop
      vertex 1.14996954e+00 2.01744975e-01 0.00000000e+00
      vertex 1.14987820e+00 2.03487824e-01 1.00000000e-01
      vertex 1.14996954e+00 2.01744975e-01 1.00000000e-01
    endloop
  endfacet
  facet normal 9.96194698e-01 8.71557427e-02 0.00000000e+00
    outer loop
      vertex 1.14987820e+00 2.03487824e-01 0.00000000e+00
      vertex 1.14972609e+00 2.05226423e-01 0.00000000e+00
      vertex 1.14972609e+00 2.05226423e-01 1.00000000e-01
    endloop
  endfacet
  facet normal 9.96194698e-01 8.71557427e-02 -0.00000000e+00
    outer loop
      vertex 1.14987820e+00 2.03487824e-01 0.00000000e+00
      vertex 1.14972609e+00 2.05226423e-01 1.00000000e-01
      vertex 1.14987820e+00 2.03487824e-01 1.00000000e-01
    endloop
  endfacet
  facet normal 9.92546152e-01 1.21869343e-01 0.00000000e+00
    outer loop
      vertex 1.14972609e+00 2.05226423e-01 0.00000000e+00
      vertex 1.14951340e+00 2.06958655e-01 0.00000000e+00
      vertex 1.14951340e+00 2.06958655e-01 1.00000000e-01
    endloop
  endfacet
  facet normal 9.92546152e-01 1.21869343e-01 -0.00000000e+00
    outer loop
      vertex 1.14972609e+00 2.05226423e-01 0.00000000e+00
      vertex 1.14951340e+00 2.06958655e-01 1.00000000e-01
      vertex 1.14972609e+00 2.05226423e-01 1.00000000e-01
    endloop
  endfacet
  facet normal 9.87688341e-01 1.56434465e-01 0.00000000e+00
    outer loop
      vertex 1.14951340e+00 2.06958655e-01 0.00000000e+00
      vertex 1.14924039e+00 2.08682409e-01 0.00000000e+00
      vertex 1.14924039e+00 2.08682409e-01 1.00000000e-01
    endloop
  endfacet
  facet normal 9.87688341e-01 1.56434465e-01 -0.00000000e+00
    outer loop
      vertex 1.14951340e+00 2.06958655e-01 0.00000000e+00
      vertex 1.14924039e+00 2.08682409e-01 1.00000000e-01
      vertex 1.14951340e+00 2.06958655e-01 1.00000000e-01
    endloop
  endfacet
  facet normal 9.81627183e-01 1.90808995e-01 0.00000000e+00
    outer loop
      vertex 1.14924039e+00 2.08682409e-01 0.00000000e+00
      vertex 1.14890738e+00 2.10395585e-01 0.00000000e+00
      vertex 1.14890738e+00 2.10395585e-01 1.00000000e-01
    endloop
  endfacet
  facet normal 9.81627183e-01 1.90808995e-01 -0.00000000e+00
    outer loop
      vertex 1.14924039e+00 2.08682409e-01 0.00000000e+00
      vertex 1.14890738e+00 2.10395585e-01 1.00000000e-01
      vertex 1.14924039e+00 2.08682409e-01 1.00000000e-01
    endloop
  endfacet
  facet normal 9.74370065e-01 2.24951054e-01 0.00000000e+00
    outer loop
      vertex 1.14890738e+00 2.10395585e-01 0.00000000e+00
      vertex 1.14851479e+00 2.12096095e-01 0.00000000e+00
      vertex 1.14851479e+00 2.12096095e-01 1.00000000e-01
    endloop
  endfacet
  facet normal 9.74370065e-01 2.24951054e-01 -0.00000000e+00
    outer loop
      vertex 1.14890738e+00 2.10395585e-01 0.00000000e+00
      vertex 1.14851479e+00 2.12096095e-01 1.00000000e-01
      vertex 1.14890738e+00 2.10395585e-01 1.00000000e-01
    endloop
  endfacet
  facet normal 9.65925826e-01 2.58819045e-01 0.00000000e+00
    outer loop
      vertex 1.14851479e+00 2.12096095e-01 0.00000000e+00
      vertex 1.14806308e+00 2.13781868e-01 0.00000000e+00
      vertex 1.14806308e+00 2.13781868e-01 1.00000000e-01
    endloop
  endfacet
  facet normal 9.65925826e-01 2.58819045e-01 -0.00000000e+00
    outer loop
      vertex 1.14851479e+00 2.12096095e-01 0.00000000e+00
      vertex 1.14806308e+00 2.13781868e-01 1.00000000e-01
      vertex 1.14851479e+00 2.12096095e-01 1.00000000e-01
    endloop
  endfacet
  facet normal 9.56304756e-01 2.92371705e-01 0.00000000e+00
    outer loop
      vertex 1.14806308e+00 2.13781868e-01 0.00000000e+00
      vertex 1.14755283e+00 2.15450850e-01 0.00000000e+00
      vertex 1.14755283e+00 2.15450850e-01 1.00000000e-01
    endloop
  endfacet
  facet normal 9.56304756e-01 2.92371705e-01 -0.00000000e+00
    outer loop
      vertex 1.14806308e+00 2.13781868e-01 0.00000000e+00
      vertex 1.14755283e+00 2.15450850e-01 1.00000000e-01
      vertex 1.14806308e+00 2.13781868e-01 1.00000000e-01
    endloop
  endfacet
  facet normal 9.45518576e-01 3.25568154e-01 0.00000000e+00
    outer loop
      vertex 1.14755283e+00 2.15450850e-01 0.00000000e+00
      vertex 1.14698463e+00 2.17101007e-01 0.00000000e+00
      vertex 1.14698463e+00 2.17101007e-01 1.00000000e-01
    endloop
  endfacet
  facet normal 9.45518576e-01 3.25568154e-01 -0.00000000e+00
    outer loop
      vertex 1.14755283e+00 2.15450850e-01 0.00000000e+00
      vertex 1.14698463e+00 2.17101007e-01 1.00000000e-01
      vertex 1.14755283e+00 2.15450850e-01 1.00000000e-01
    endloop
  endfacet
  facet normal 9.33580426e-01 3.58367950e-01 0.00000000e+00
    outer loop
      vertex 1.14698463e+00 2.17101007e-01 0.00000000e+00
      vertex 1.14635919e+00 2.18730330e-01 0.00000000e+00
      vertex 1.14635919e+00 2.18730330e-01 1.00000000e-01
    endloop
  endfacet
  facet normal 9.33580426e-01 3.58367950e-01 -0.00000000e+00
    outer loop
      vertex 1.14698463e+00 2.17101007e-01 0.00000000e+00
      vertex 1.14635919e+00 2.18730330e-01 1.00000000e-01
      vertex 1.14698463e+00 2.17101007e-01 1.00000000e-01
    endloop
  endfacet
  facet normal 9.20504853e-01 3.90731128e-01 0.00000000e+00
    outer loop
      vertex 1.14635919e+00 2.18730330e-01 0.00000000e+00
      vertex 1.14567727e+00 2.20336832e-01 0.00000000e+00
      vertex 1.14567727e+00 2.20336832e-01 1.00000000e-01
    endloop
  endfacet
  facet normal 9.20504853e-01 3.90731128e-01 -0.00000000e+00
    outer loop
      vertex 1.14635919e+00 2.18730330e-01 0.00000000e+00
      vertex 1.14567727e+00 2.20336832e-01 1.00000000e-01
      vertex 1.14635919e+00 2.18730330e-01 1.00000000e-01
    endloop
  endfacet
  facet normal 9.06307787e-01 4.22618262e-01 0.00000000e+00
    outer loop
      vertex 1.14567727e+00 2.20336832e-01 0.00000000e+00
      vertex 1.14493970e+00 2.21918557e-01 0.00000000e+00
      vertex 1.14493970e+00 2.21918557e-01 1.00000000e-01
    endloop
  endfacet
  facet normal 9.06307787e-01 4.22618262e-01 -0.00000000e+00
    outer loop
      vertex 1.14567727e+00 2.20336832e-01 0.00000000e+00
      vertex 1.14493970e+00 2.21918557e-01 1.00000000e-01
      vertex 1.14567727e+00 2.20336832e-01 1.00000000e-01
    endloop
  endfacet
  facet normal 8.91006524e-01 4.53990500e-01 0.00000000e+00
    outer loop
      vertex 1.14493970e+00 2.21918557e-01 0.00000000e+00
      vertex 1.14414738e+00 2.23473578e-01 0.00000000e+00
      vertex 1.14414738e+00 2.23473578e-01 1.00000000e-01
    endloop
  endfacet
  facet normal 8.91006524e-01 4.53990500e-01 -0.00000000e+00
    outer loop
      vertex 1.14493970e+00 2.21918557e-01 0.00000000e+00
      vertex 1.14414738e+00 2.23473578e-01 1.00000000e-01
      vertex 1.14493970e+00 2.21918557e-01 1.00000000e-01
    endloop
  endfacet
  facet normal 8.74619707e-01 4.84809620e-01 0.00000000e+00
    outer loop
      vertex 1.14414738e+00 2.23473578e-01 0.00000000e+00
      vertex 1.14330127e+00 2.25000000e-01 0.00000000e+00
      vertex 1.14330127e+00 2.25000000e-01 1.00000000e-01
    endloop
  endfacet
  facet normal 8.74619707e-01 4.84809620e-01 -0.00000000e+00
    outer loop
      vertex 1.14414738e+00 2.23473578e-01 0.00000000e+00
      vertex 1.14330127e+00 2.25000000e-01 1.00000000e-01
      vertex 1.14414738e+00 2.23473578e-01 1.00000000e-01
    endloop
  endfacet
  facet normal 8.57167301e-01 5.15038075e-01 0.00000000e+00
    outer loop
      vertex 1.14330127e+00 2.25000000e-01 0.00000000e+00
      vertex 1.14240240e+00 2.26495963e-01 0.00000000e+00
      vertex 1.14240240e+00 2.26495963e-01 1.00000000e-01
    endloop
  endfacet
  facet normal 8.57167301e-01 5.15038075e-01 -0.00000000e+00
    outer loop
      vertex 1.14330127e+00 2.25000000e-01 0.00000000e+00
      vertex 1.14240240e+00 2.26495963e-01 1.00000000e-01
      vertex 1.14330127e+00 2.25000000e-01 1.00000000e-01
    endloop
  endfacet
  facet normal 8.38670568e-01 5.44639035e-01 0.00000000e+00
    outer loop
      vertex 1.14240240e+00 2.26495963e-01 0.00000000e+00
      vertex 1.14145188e+00 2.27959645e-01 0.00000000e+00
      vertex 1.14145188e+00 2.27959645e-01 1.00000000e-01
    endloop
  endfacet
  facet normal 8.38670568e-01 5.44639035e-01 -0.00000000e+00
    outer loop
      vertex 1.14240240e+00 2.26495963e-01 0.00000000e+00
      vertex 1.14145188e+00 2.27959645e-01 1.00000000e-01
      vertex 1.14240240e+00 2.26495963e-01 1.00000000e-01
    endloop
  endfacet
  facet normal 8.19152044e-01 5.73576436e-01 0.00000000e+00
    outer loop
      vertex 1.14145188e+00 2.27959645e-01 0.00000000e+00
      vertex 1.14045085e+00 2.29389263e-01 0.00000000e+00
      vertex 1.14045085e+00 2.29389263e-01 1.00000000e-01
    endloop
  endfacet
  facet normal 8.19152044e-01 5.73576436e-01 -0.00000000e+00
    outer loop
      vertex 1.14145188e+00 2.27959645e-01 0.00000000e+00
      vertex 1.14045085e+00 2.29389263e-01 1.00000000e-01
      vertex 1.14145188e+00 2.27959645e-01 1.00000000e-01
    endloop
  endfacet
  facet normal 7.98635510e-01 6.01815023e-01 0.00000000e+00
    outer loop
      vertex 1.14045085e+00 2.29389263e-01 0.00000000e+00
      vertex 1.13940054e+00 2.30783074e-01 0.00000000e+00
      vertex 1.13940054e+00 2.30783074e-01 1.00000000e-01
    endloop
  endfacet
  facet normal 7.98635510e-01 6.01815023e-01 -0.00000000e+00
    outer loop
      vertex 1.14045085e+00 2.29389263e-01 0.00000000e+00
      vertex 1.13940054e+00 2.30783074e-01 1.00000000e-01
      vertex 1.14045085e+00 2.29389263e-01 1.00000000e-01
    endloop
  endfacet
  facet normal 7.77145961e-01 6.29320391e-01 0.00000000e+00
    outer loop
      vertex 1.13940054e+00 2.30783074e-01 0.00000000e+00
      vertex 1.13830222e+00 2.32139380e-01 0.00000000e+00
      vertex 1.13830222e+00 2.32139380e-01 1.00000000e-01
    endloop
  endfacet
  facet normal 7.77145961e-01 6.29320391e-01 -0.00000000e+00
    outer loop
      vertex 1.13940054e+00 2.30783074e-01 0.00000000e+00
      vertex 1.13830222e+00 2.32139380e-01 1.00000000e-01
      vertex 1.13940054e+00 2.30783074e-01 1.00000000e-01
    endloop
  endfacet
  facet normal 7.54709580e-01 6.56059029e-01 0.00000000e+00
    outer loop
      vertex 1.13830222e+00 2.32139380e-01 0.00000000e+00
      vertex 1.13715724e+00 2.33456530e-01 0.00000000e+00
      vertex 1.13715724e+00 2.33456530e-01 1.00000000e-01
    endloop
  endfacet
  facet normal 7.54709580e-01 6.56059029e-01 -0.00000000e+00
    outer loop
      vertex 1.13830222e+00 2.32139380e-01 0.00000000e+00
      vertex 1.13715724e+00 2.33456530e-01 1.00000000e-01
      vertex 1.13830222e+00 2.32139380e-01 1.00000000e-01
    endloop
  endfacet
  facet normal 7.31353702e-01 6.81998360e-01 0.00000000e+00
    outer loop
      vertex 1.13715724e+00 2.33456530e-01 0.00000000e+00
      vertex 1.13596699e+00 2.34732919e-01 0.00000000e+00
      vertex 1.13596699e+00 2.34732919e-01 1.00000000e-01
    endloop
  endfacet
  facet normal 7.31353702e-01 6.81998360e-01 -0.00000000e+00
    outer loop
      vertex 1.13715724e+00 2.33456530e-01 0.00000000e+00
      vertex 1.13596699e+00 2.34732919e-01 1.00000000e-01
      vertex 1.13715724e+00 2.33456530e-01 1.00000000e-01
    endloop
  endfacet
  facet normal 7.07106781e-01 7.07106781e-01 0.00000000e+00
    outer loop
      vertex 1.13596699e+00 2.34732919e-01 0.00000000e+00
      vertex 1.13473292e+00 2.35966990e-01 0.00000000e+00
      vertex 1.13473292e+00 2.35966990e-01 1.00000000e-01
    endloop
  endfacet
  facet normal 7.07106781e-01 7.07106781e-01 -0.00000000e+00
    outer loop
      vertex 1.13596699e+00 2.34732919e-01 0.00000000e+00
      vertex 1.13473292e+00 2.35966990e-01 1.00000000e-01
      vertex 1.13596699e+00 2.34732919e-01 1.00000000e-01
    endloop
  endfacet
  facet normal 6.81998360e-01 7.31353702e-01 0.00000000e+00
    outer loop
      vertex 1.13473292e+00 2.35966990e-01 0.00000000e+00
      vertex 1.13345653e+00 2.37157241e-01 0.00000000e+00
      vertex 1.13345653e+00 2.37157241e-01 1.00000000e-01
    endloop
  endfacet
  facet normal 6.81998360e-01 7.31353702e-01 -0.00000000e+00
    outer loop
      vertex 1.13473292e+00 2.35966990e-01 0.00000000e+00
      vertex 1.13345653e+00 2.37157241e-01 1.00000000e-01
      vertex 1.13473292e+00 2.35966990e-01 1.00000000e-01
    endloop
  endfacet
  facet normal 6.56059029e-01 7.54709580e-01 0.00000000e+00
    outer loop
      vertex 1.13345653e+00 2.37157241e-01 0.00000000e+00
      vertex 1.13213938e+00 2.38302222e-01 0.00000000e+00
      vertex 1.13213938e+00 2.38302222e-01 1.00000000e-01
    endloop
  endfacet
  facet normal 6.56059029e-01 7.54709580e-01 -0.00000000e+00
    outer loop
      vertex 1.13345653e+00 2.37157241e-01 0.00000000e+00
      vertex 1.13213938e+00 2.38302222e-01 1.00000000e-01
      vertex 1.13345653e+00 2.37157241e-01 1.00000000e-01
    endloop
  endfacet
  facet normal 6.29320391e-01 7.77145961e-01 0.00000000e+00
    outer loop
      vertex 1.13213938e+00 2.38302222e-01 0.00000000e+00
      vertex 1.13078307e+00 2.39400538e-01 0.00000000e+00
      vertex 1.13078307e+00 2.39400538e-01 1.00000000e-01
    endloop
  endfacet
  facet normal 6.29320391e-01 7.77145961e-01 -0.00000000e+00
    outer loop
      vertex 1.13213938e+00 2.38302222e-01 0.00000000e+00
      vertex 1.13078307e+00 2.39400538e-01 1.00000000e-01
      vertex 1.13213938e+00 2.38302222e-01 1.00000000e-01
    endloop
  endfacet
  facet normal 6.01815023e-01 7.98635510e-01 0.00000000e+00
    outer loop
      vertex 1.13078307e+00 2.39400538e-01 0.00000000e+00
      vertex 1.12938926e+00 2.40450850e-01 0.00000000e+00
      vertex 1.12938926e+00 2.40450850e-01 1.00000000e-01
    endloop
  endfacet
  facet normal 6.01815023e-01 7.98635510e-01 -0.00000000e+00
    outer loop
      vertex 1.13078307e+00 2.39400538e-01 0.00000000e+00
      vertex 1.12938926e+00 2.40450850e-01 1.00000000e-01
      vertex 1.13078307e+00 2.39400538e-01 1.00000000e-01
    endloop
  endfacet
  facet normal 5.73576436e-01 8.19152044e-01 0.00000000e+00
    outer loop
      vertex 1.12938926e+00 2.40450850e-01 0.00000000e+00
      vertex 1.12795965e+00 2.41451879e-01 0.00000000e+00
      vertex 1.12795965e+00 2.41451879e-01 1.00000000e-01
    endloop
  endfacet
  facet normal 5.73576436e-01 8.19152044e-01 -0.00000000e+00
    outer loop
      vertex 1.12938926e+00 2.40450850e-01 0.00000000e+00
      vertex 1.12795965e+00 2.41451879e-01 1.00000000e-01
      vertex 1.12938926e+00 2.40450850e-01 1.00000000e-01
    endloop
  endfacet
  facet normal 5.44639035e-01 8.38670568e-01 0.00000000e+00
    outer loop
      vertex 1.12795965e+00 2.41451879e-01 0.00000000e+00
      vertex 1.12649596e+00 2.42402405e-01 0.00000000e+00
      vertex 1.12649596e+00 2.42402405e-01 1.00000000e-01
    endloop
  endfacet
  facet normal 5.44639035e-01 8.38670568e-01 -0.00000000e+00
    outer loop
      vertex 1.12795965e+00 2.41451879e-01 0.00000000e+00
      vertex 1.12649596e+00 2.42402405e-01 1.00000000e-01
      vertex 1.12795965e+00 2.41451879e-01 1.00000000e-01
    endloop
  endfacet
  facet normal 5.15038075e-01 8.57167301e-01 0.00000000e+00
    outer loop
      vertex 1.12649596e+00 2.42402405e-01 0.00000000e+00
      vertex 1.12500000e+00 2.43301270e-01 0.00000000e+00
      vertex 1.12500000e+00 2.43301270e-01 1.00000000e-01
    endloop
  endfacet
  facet normal 5.15038075e-01 8.57167301e-01 -0.00000000e+00
    outer loop
      vertex 1.12649596e+00 2.42402405e-01 0.00000000e+00
      vertex 1.12500000e+00 2.43301270e-01 1.00000000e-01
      vertex 1.12649596e+00 2.42402405e-01 1.00000000e-01
    endloop
  endfacet
  facet normal 4.84809620e-01 8.74619707e-01 0.00000000e+00
    outer loop
      vertex 1.12500000e+00 2.43301270e-01 0.00000000e+00
      vertex 1.12347358e+00 2.44147380e-01 0.00000000e+00
      vertex 1.12347358e+00 2.44147380e-01 1.00000000e-01
    endloop
  endfacet
  facet normal 4.84809620e-01 8.74619707e-01 -0.00000000e+00
    outer loop
      vertex 1.12500000e+00 2.43301270e-01 0.00000000e+00
      vertex 1.12347358e+00 2.44147380e-01 1.00000000e-01
      vertex 1.12500000e+00 2.43301270e-01 1.00000000e-01
    endloop
  endfacet
  facet normal 4.53990500e-01 8.91006524e-01 0.00000000e+00
    outer loop
      vertex 1.12347358e+00 2.44147380e-01 0.00000000e+00
      vertex 1.12191856e+00 2.44939702e-01 0.00000000e+00
      vertex 1.12191856e+00 2.44939702e-01 1.00000000e-01
    endloop
  endfacet
  facet normal 4.53990500e-01 8.91006524e-01 -0.00000000e+00
    outer loop
      vertex 1.12347358e+00 2.44147380e-01 0.00000000e+00
      vertex 1.12191856e+00 2.44939702e-01 1.00000000e-01
      vertex 1.12347358e+00 2.44147380e-01 1.00000000e-01
    endloop
  endfacet
  facet normal 4.22618262e-01 9.06307787e-01 0.00000000e+00
    outer loop
      vertex 1.12191856e+00 2.44939702e-01 0.00000000e+00
      vertex 1.12033683e+00 2.45677273e-01 0.00000000e+00
      vertex 1.12033683e+00 2.45677273e-01 1.00000000e-01
    endloop
  endfacet
  facet normal 4.22618262e-01 9.06307787e-01 -0.00000000e+00
    outer loop
      vertex 1.12191856e+00 2.44939702e-01 0.00000000e+00
      vertex 1.12033683e+00 2.45677273e-01 1.00000000e-01
      vertex 1.12191856e+00 2.44939702e-01 1.00000000e-01
    endloop
  endfacet
  facet normal 3.90731128e-01 9.20504853e-01 0.00000000e+00
    outer loop
      vertex 1.12033683e+00 2.45677273e-01 0.00000000e+00
      vertex 1.11873033e+00 2.46359193e-01 0.00000000e+00
      vertex 1.11873033e+00 2.46359193e-01 1.00000000e-01
    endloop
  endfacet
  facet normal 3.90731128e-01 9.20504853e-01 -0.00000000e+00
    outer loop
      vertex 1.12033683e+00 2.45677273e-01 0.00000000e+00
      vertex 1.11873033e+00 2.46359193e-01 1.00000000e-01
      vertex 1.12033683e+00 2.45677273e-01 1.00000000e-01
    endloop
  endfacet
  facet normal 3.58367950e-01 9.33580426e-01 0.00000000e+00
    outer loop
      vertex 1.11873033e+00 2.46359193e-01 0.00000000e+00
      vertex 1.11710101e+00 2.46984631e-01 0.00000000e+00
      vertex 1.11710101e+00 2.46984631e-01 1.00000000e-01
    endloop
  endfacet
  facet normal 3.58367950e-01 9.33580426e-01 -0.00000000e+00
    outer loop
      vertex 1.11873033e+00 2.46359193e-01 0.00000000e+00
      vertex 1.11710101e+00 2.46984631e-01 1.00000000e-01
      vertex 1.11873033e+00 2.46359193e-01 1.00000000e-01
    endloop
  endfacet
  facet normal 3.25568154e-01 9.45518576e-01 0.00000000e+00
    outer loop
      vertex 1.11710101e+00 2.46984631e-01 0.00000000e+00
      vertex 1.11545085e+00 2.47552826e-01 0.00000000e+00
      vertex 1.11545085e+00 2.47552826e-01 1.00000000e-01
    endloop
  endfacet
  facet normal 3.25568154e-01 9.45518576e-01 -0.00000000e+00
    outer loop
      vertex 1.11710101e+00 2.46984631e-01 0.00000000e+00
      vertex 1.11545085e+00 2.47552826e-01 1.00000000e-01
      vertex 1.11710101e+00 2.46984631e-01 1.00000000e-01
    endloop
  endfacet
  facet normal 2.92371705e-01 9.56304756e-01 0.00000000e+00
    outer loop
      vertex 1.11545085e+00 2.47552826e-01 0.00000000e+00
      vertex 1.11378187e+00 2.48063085e-01 0.00000000e+00
      vertex 1.11378187e+00 2.48063085e-01 1.00000000e-01
    endloop
  endfacet
  facet normal 2.92371705e-01 9.56304756e-01 -0.00000000e+00
    outer loop
      vertex 1.11545085e+00 2.47552826e-01 0.00000000e+00
      vertex 1.11378187e+00 2.48063085e-01 1.00000000e-01
      vertex 1.11545085e+00 2.47552826e-01 1.00000000e-01
    endloop
  endfacet
  facet normal 2.58819045e-01 9.65925826e-01 0.00000000e+00
    outer loop
      vertex 1.11378187e+00 2.48063085e-01 0.00000000e+00
      vertex 1.11209609e+00 2.48514786e-01 0.00000000e+00
      vertex 1.11209609e+00 2.48514786e-01 1.00000000e-01
    endloop
  endfacet
  facet normal 2.58819045e-01 9.65925826e-01 -0.00000000e+00
    outer loop
      vertex 1.11378187e+00 2.48063085e-01 0.00000000e+00
      vertex 1.11209609e+00 2.48514786e-01 1.00000000e-01
      vertex 1.11378187e+00 2.48063085e-01 1.00000000e-01
    endloop
  endfacet
  facet normal 2.24951054e-01 9.74370065e-01 0.00000000e+00
    outer loop
      vertex 1.11209609e+00 2.48514786e-01 0.00000000e+00
      vertex 1.11039558e+00 2.48907380e-01 0.00000000e+00
      vertex 1.11039558e+00 2.48907380e-01 1.00000000e-01
    endloop
  endfacet
  facet normal 2.24951054e-01 9.74370065e-01 -0.00000000e+00
    outer loop
      vertex 1.11209609e+00 2.48514786e-01 0.00000000e+00
      vertex 1.11039558e+00 2.48907380e-01 1.00000000e-01
      vertex 1.11209609e+00 2.48514786e-01 1.00000000e-01
    endloop
  endfacet
  facet normal 1.90808995e-01 9.81627183e-01 0.00000000e+00
    outer loop
      vertex 1.11039558e+00 2.48907380e-01 0.00000000e+00
      vertex 1.10868241e+00 2.49240388e-01 0.00000000e+00
      vertex 1.10868241e+00 2.49240388e-01 1.00000000e-01
    endloop
  endfacet
  facet normal 1.90808995e-01 9.81627183e-01 -0.00000000e+00
    outer loop
      vertex 1.11039558e+00 2.48907380e-01 0.00000000e+00
      vertex 1.10868241e+00 2.49240388e-01 1.00000000e-01
      vertex 1.11039558e+00 2.48907380e-01 1.00000000e-01
    endloop
  endfacet
  facet normal 1.56434465e-01 9.87688341e-01 0.00000000e+00
    outer loop
      vertex 1.10868241e+00 2.49240388e-01 0.00000000e+00
      vertex 1.10695866e+00 2.49513403e-01 0.00000000e+00
      vertex 1.10695866e+00 2.49513403e-01 1.00000000e-01
    endloop
  endfacet
  facet normal 1.56434465e-01 9.87688341e-01 -0.00000000e+00
    outer loop
      vertex 1.10868241e+00 2.49240388e-01 0.00000000e+00
      vertex 1.10695866e+00 2.49513403e-01 1.00000000e-01
      vertex 1.10868241e+00 2.49240388e-01 1.00000000e-01
    endloop
  endfacet
  facet normal 1.21869343e-01 9.92546152e-01 0.00000000e+00
    outer loop
      vertex 1.10695866e+00 2.49513403e-01 0.00000000e+00
      vertex 1.10522642e+00 2.49726095e-01 0.00000000e+00
      vertex 1.10522642e+00 2.49726095e-01 1.00000000e-01
    endloop
  endfacet
  facet normal 1.21869343e-01 9.92546152e-01 -0.00000000e+00
    outer loop
      vertex 1.10695866e+00 2.49513403e-01 0.00000000e+00
      vertex 1.10522642e+00 2.49726095e-01 1.00000000e-01
      vertex 1.10695866e+00 2.49513403e-01 1.00000000e-01
    endloop
  endfacet
  facet normal 8.71557427e-02 9.96194698e-01 0.00000000e+00
    outer loop
      vertex 1.10522642e+00 2.49726095e-01 0.00000000e+00
      vertex 1.10348782e+00 2.49878203e-01 0.00000000e+00
      vertex 1.10348782e+00 2.49878203e-01 1.00000000e-01
    endloop
  endfacet
  facet normal 8.71557427e-02 9.96194698e-01 -0.00000000e+00
    outer loop
      vertex 1.10522642e+00 2.49726095e-01 0.00000000e+00
      vertex 1.10348782e+00 2.49878203e-01 1.00000000e-01
      vertex 1.10522642e+00 2.49726095e-01 1.00000000e-01
    endloop
  endfacet
  facet normal 5.23359562e-02 9.98629535e-01 0.00000000e+00
    outer loop
      vertex 1.10348782e+00 2.49878203e-01 0.00000000e+00
      vertex 1.10174497e+00 2.49969541e-01 0.00000000e+00
      vertex 1.10174497e+00 2.49969541e-01 1.00000000e-01
    endloop
  endfacet
  facet normal 5.23359562e-02 9.98629535e-01 -0.00000000e+00
    outer loop
      vertex 1.10348782e+00 2.49878203e-01 0.00000000e+00
      vertex 1.10174497e+00 2.49969541e-01 1.00000000e-01
      vertex 1.10348782e+00 2.49878203e-01 1.00000000e-01
    endloop
  endfacet
  facet normal 1.74524064e-02 9.99847695e-01 0.00000000e+00
    outer loop
      vertex 1.10174497e+00 2.49969541e-01 0.00000000e+00
      vertex 1.10000000e+00 2.50000000e-01 0.00000000e+00
      vertex 1.10000000e+00 2.50000000e-01 1.00000000e-01
    endloop
  endfacet
  facet normal 1.74524064e-02 9.99847695e-01 -0.00000000e+00
    outer loop
      vertex 1.10174497e+00 2.49969541e-01 0.00000000e+00
      vertex 1.10000000e+00 2.50000000e-01 1.00000000e-01
      vertex 1.10174497e+00 2.49969541e-01 1.00000000e-01
    endloop
  endfacet
  facet normal -1.74524064e-02 9.99847695e-01 0.00000000e+00
    outer loop
      vertex 1.10000000e+00 2.50000000e-01 0.00000000e+00
      vertex 1.09825503e+00 2.49969541e-01 0.00000000e+00
      vertex 1.09825503e+00 2.49969541e-01 1.00000000e-01
    endloop
  endfacet
  facet normal -1.74524064e-02 9.99847695e-01 0.00000000e+00
    outer loop
      vertex 1.10000000e+00 2.50000000e-01 0.00000000e+00
      vertex 1.09825503e+00 2.49969541e-01 1.00000000e-01
      vertex 1.10000000e+00 2.50000000e-01 1.00000000e-01
    endloop
  endfacet
  facet normal -5.23359562e-02 9.98629535e-01 0.00000000e+00
    outer loop
      vertex 1.09825503e+00 2.49969541e-01 0.00000000e+00
      vertex 1.09651218e+00 2.49878203e-01 0.00000000e+00
      vertex 1.09651218e+00 2.49878203e-01 1.00000000e-01
    endloop
  endfacet
  facet normal -5.23359562e-02 9.98629535e-01 0.00000000e+00
    outer loop
      vertex 1.09825503e+00 2.49969541e-01 0.00000000e+00
      vertex 1.09651218e+00 2.49878203e-01 1.00000000e-01
      vertex 1.09825503e+00 2.49969541e-01 1.00000000e-01
    endloop
  endfacet
  facet normal -8.71557427e-02 9.96194698e-01 0.00000000e+00
    outer loop
      vertex 1.09651218e+00 2.49878203e-01 0.00000000e+00
      vertex 1.09477358e+00 2.49726095e-01 0.00000000e+00
      vertex 1.09477358e+00 2.49726095e-01 1.00000000e-01
    endloop
  endfacet
  facet normal -8.71557427e-02 9.96194698e-01 0.00000000e+00
    outer loop
      vertex 1.09651218e+00 2.49878203e-01 0.00000000e+00
      vertex 1.09477358e+00 2.49726095e-01 1.00000000e-01
      vertex 1.09651218e+00 2.49878203e-01 1.00000000e-01
    endloop
  endfacet
  facet normal -1.21869343e-01 9.92546152e-01 0.00000000e+00
    outer loop
      vertex 1.09477358e+00 2.49726095e-01 0.00000000e+00
      vertex 1.09304134e+00 2.49513403e-01 0.00000000e+00
      vertex 1.09304134e+00 2.49513403e-01 1.00000000e-01
    endloop
  endfacet
  facet normal -1.21869343e-01 9.92546152e-01 0.00000000e+00
    outer loop
      vertex 1.09477358e+00 2.49726095e-01 0.00000000e+00
      vertex 1.09304134e+00 2.49513403e-01 1.00000000e-01
      vertex 1.09477358e+00 2.49726095e-01 1.00000000e-01
    endloop
  endfacet
  facet normal -1.56434465e-01 9.87688341e-01 0.00000000e+00
    outer loop
      vertex 1.09304134e+00 2.49513403e-01 0.00000000e+00
      vertex 1.09131759e+00 2.49240388e-01 0.00000000e+00
      vertex 1.09131759e+00 2.49240388e-01 1.00000000e-01
    endloop
  endfacet
  facet normal -1.56434465e-01 9.87688341e-01 0.00000000e+00
    outer loop
      vertex 1.09304134e+00 2.49513403e-01 0.00000000e+00
      vertex 1.09131759e+00 2.49240388e-01 1.00000000e-01
      vertex 1.09304134e+00 2.49513403e-01 1.00000000e-01
    endloop
  endfacet
  facet normal -1.90808995e-01 9.81627183e-01 0.00000000e+00
    outer loop
      vertex 1.09131759e+00 2.49240388e-01 0.00000000e+00
      vertex 1.08960442e+00 2.48907380e-01 0.00000000e+00
      vertex 1.08960442e+00 2.48907380e-01 1.00000000e-01
    endloop
  endfacet
  facet normal -1.90808995e-01 9.81627183e-01 0.00000000e+00
    outer loop
      vertex 1.09131759e+00 2.49240388e-01 0.00000000e+00
      vertex 1.08960442e+00 2.48907380e-01 1.00000000e-01
      vertex 1.09131759e+00 2.49240388e-01 1.00000000e-01
    endloop
  endfacet
  facet normal -2.24951054e-01 9.74370065e-01 0.00000000e+00
    outer loop
      vertex 1.08960442e+00 2.48907380e-01 0.00000000e+00
      vertex 1.08790391e+00 2.48514786e-01 0.00000000e+00
      vertex 1.08790391e+00 2.48514786e-01 1.00000000e-01
    endloop
  endfacet
  facet normal -2.24951054e-01 9.74370065e-01 0.00000000e+00
    outer loop
      vertex 1.08960442e+00 2.48907380e-01 0.00000000e+00
      vertex 1.08790391e+00 2.48514786e-01 1.00000000e-01
      vertex 1.08960442e+00 2.48907380e-01 1.00000000e-01
    endloop
  endfacet
  facet normal -2.58819045e-01 9.65925826e-01 0.00000000e+00
    outer loop
      vertex 1.08790391e+00 2.48514786e-01 0.00000000e+00
      vertex 1.08621813e+00 2.48063085e-01 0.00000000e+00
      vertex 1.08621813e+00 2.48063085e-01 1.00000000e-01
    endloop
  endfacet
  facet normal -2.58819045e-01 9.65925826e-01 0.00000000e+00
    outer loop
      vertex 1.08790391e+00 2.48514786e-01 0.00000000e+00
      vertex 1.08621813e+00 2.48063085e-01 1.00000000e-01
      vertex 1.08790391e+00 2.48514786e-01 1.00000000e-01
    endloop
  endfacet
  facet normal -2.92371705e-01 9.56304756e-01 0.00000000e+00
    outer loop
      vertex 1.08621813e+00 2.48063085e-01 0.00000000e+00
      vertex 1.08454915e+00 2.47552826e-01 0.00000000e+00
      vertex 1.08454915e+00 2.47552826e-01 1.00000000e-01
    endloop
  endfacet
  facet normal -2.92371705e-01 9.56304756e-01 0.00000000e+00
    outer loop
      vertex 1.08621813e+00 2.48063085e-01 0.00000000e+00
      vertex 1.08454915e+00 2.47552826e-01 1.00000000e-01
      vertex 1.08621813e+00 2.48063085e-01 1.00000000e-01
    endloop
  endfacet
  facet normal -3.25568154e-01 9.45518576e-01 0.00000000e+00
    outer loop
      vertex 1.08454915e+00 2.47552826e-01 0.00000000e+00
      vertex 1.08289899e+00 2.46984631e-01 0.00000000e+00
      vertex 1.08289899e+00 2.46984631e-01 1.00000000e-01
    endloop
  endfacet
  facet normal -3.25568154e-01 9.45518576e-01 0.00000000e+00
    outer loop
      vertex 1.08454915e+00 2.47552826e-01 0.00000000e+00
      vertex 1.08289899e+00 2.46984631e-01 1.00000000e-01
      vertex 1.08454915e+00 2.47552826e-01 1.00000000e-01
    endloop
  endfacet
  facet normal -3.58367950e-01 9.33580426e-01 0.00000000e+00
    outer loop
      vertex 1.08289899e+00 2.46984631e-01 0.00000000e+00
      vertex 1.08126967e+00 2.46359193e-01 0.00000000e+00
      vertex 1.08126967e+00 2.46359193e-01 1.00000000e-01
    endloop
  endfacet
  facet normal -3.58367950e-01 9.33580426e-01 0.00000000e+00
    outer loop
      vertex 1.08289899e+00 2.46984631e-01 0.00000000e+00
      vertex 1.08126967e+00 2.46359193e-01 1.00000000e-01
      vertex 1.08289899e+00 2.46984631e-01 1.00000000e-01
    endloop
  endfacet
  facet normal -3.90731128e-01 9.20504853e-01 0.00000000e+00
    outer loop
      vertex 1.08126967e+00 2.46359193e-01 0.00000000e+00
      vertex 1.07966317e+00 2.45677273e-01 0.00000000e+00
      vertex 1.07966317e+00 2.45677273e-01 1.00000000e-01
    endloop
  endfacet
  facet normal -3.90731128e-01 9.20504853e-01 0.00000000e+00
    outer loop
      vertex 1.08126967e+00 2.46359193e-01 0.00000000e+00
      vertex 1.07966317e+00 2.45677273e-01 1.00000000e-01
      vertex 1.08126967e+00 2.46359193e-01 1.00000000e-01
    endloop
  endfacet
  facet normal -4.22618262e-01 9.06307787e-01 0.00000000e+00
    outer loop
      vertex 1.07966317e+00 2.45677273e-01 0.00000000e+00
      vertex 1.07808144e+00 2.44939702e-01 0.00000000e+00
      vertex 1.07808144e+00 2.44939702e-01 1.00000000e-01
    endloop
  endfacet
  facet normal -4.22618262e-01 9.06307787e-01 0.00000000e+00
    outer loop
      vertex 1.07966317e+00 2.45677273e-01 0.00000000e+00
      vertex 1.07808144e+00 2.44939702e-01 1.00000000e-01
      vertex 1.07966317e+00 2.45677273e-01 1.00000000e-01
    endloop
  endfacet
  facet normal -4.53990500e-01 8.91006524e-01 0.00000000e+00
    outer loop
      vertex 1.07808144e+00 2.44939702e-01 0.00000000e+00
      vertex 1.07652642e+00 2.44147380e-01 0.00000000e+00
      vertex 1.07652642e+00 2.44147380e-01 1.00000000e-01
    endloop
  endfacet
  facet normal -4.53990500e-01 8.91006524e-01 0.00000000e+00
    outer loop
      vertex 1.07808144e+00 2.44939702e-01 0.00000000e+00
      vertex 1.07652642e+00 2.44147380e-01 1.00000000e-01
      vertex 1.07808144e+00 2.44939702e-01 1.00000000e-01
    endloop
  endfacet
  facet normal -4.84809620e-01 8.74619707e-01 0.00000000e+00
    outer loop
      vertex 1.07652642e+00 2.44147380e-01 0.00000000e+00
      vertex 1.07500000e+00 2.43301270e-01 0.00000000e+00
      vertex 1.07500000e+00 2.43301270e-01 1.00000000e-01
    endloop
  endfacet
  facet normal -4.84809620e-01 8.74619707e-01 0.00000000e+00
    outer loop
      vertex 1.07652642e+00 2.44147380e-01 0.00000000e+00
      vertex 1.07500000e+00 2.43301270e-01 1.00000000e-01
      vertex 1.07652642e+00 2.44147380e-01 1.00000000e-01
    endloop
  endfacet
  facet normal -5.15038075e-01 8.57167301e-01 0.00000000e+00
    outer loop
      vertex 1.07500000e+00 2.43301270e-01 0.00000000e+00
      vertex 1.07350404e+00 2.42402405e-01 0.00000000e+00
      vertex 1.07350404e+00 2.42402405e-01 1.00000000e-01
    endloop
  endfacet
  facet normal -5.15038075e-01 8.57167301e-01 0.00000000e+00
    outer loop
      vertex 1.07500000e+00 2.43301270e-01 0.00000000e+00
      vertex 1.07350404e+00 2.42402405e-01 1.00000000e-01
      vertex 1.07500000e+00 2.43301270e-01 1.00000000e-01
    endloop
  endfacet
  facet normal -5.44639035e-01 8.38670568e-01 0.00000000e+00
    outer loop
      vertex 1.07350404e+00 2.42402405e-01 0.00000000e+00
      vertex 1.07204035e+00 2.41451879e-01 0.00000000e+00
      vertex 1.07204035e+00 2.41451879e-01 1.00000000e-01
    endloop
  endfacet
  facet normal -5.44639035e-01 8.38670568e-01 0.00000000e+00
    outer loop
      vertex 1.07350404e+00 2.42402405e-01 0.00000000e+00
      vertex 1.07204035e+00 2.41451879e-01 1.00000000e-01
      vertex 1.07350404e+00 2.42402405e-01 1.00000000e-01
    endloop
  endfacet
  facet normal -5.73576436e-01 8.19152044e-01 0.00000000e+00
    outer loop
      vertex 1.07204035e+00 2.41451879e-01 0.00000000e+00
      vertex 1.07061074e+00 2.40450850e-01 0.00000000e+00
      vertex 1.07061074e+00 2.40450850e-01 1.00000000e-01
    endloop
  endfacet
  facet normal -5.73576436e-01 8.19152044e-01 0.00000000e+00
    outer loop
      vertex 1.07204035e+00 2.41451879e-01 0.00000000e+00
      vertex 1.07061074e+00 2.40450850e-01 1.00000000e-01
      vertex 1.07204035e+00 2.41451879e-01 1.00000000e-01
    endloop
  endfacet
  facet normal -6.01815023e-01 7.98635510e-01 0.00000000e+00
    outer loop
      vertex 1.07061074e+00 2.40450850e-01 0.00000000e+00
      vertex 1.06921693e+00 2.39400538e-01 0.00000000e+00
      vertex 1.06921693e+00 2.39400538e-01 1.00000000e-01
    endloop
  endfacet
  facet normal -6.01815023e-01 7.98635510e-01 0.00000000e+00
    outer loop
      vertex 1.07061074e+00 2.40450850e-01 0.00000000e+00
      vertex 1.06921693e+00 2.39400538e-01 1.00000000e-01
      vertex 1.07061074e+00 2.40450850e-01 1.00000000e-01
    endloop
  endfacet
  facet normal -6.29320391e-01 7.77145961e-01 0.00000000e+00
    outer loop
      vertex 1.06921693e+00 2.39400538e-01 0.00000000e+00
      vertex 1.06786062e+00 2.38302222e-01 0.00000000e+00
      vertex 1.06786062e+00 2.38302222e-01 1.00000000e-01
    endloop
  endfacet
  facet normal -6.29320391e-01 7.77145961e-01 0.00000000e+00
    outer loop
      vertex 1.06921693e+00 2.39400538e-01 0.00000000e+00
      vertex 1.06786062e+00 2.38302222e-01 1.00000000e-01
      vertex 1.06921693e+00 2.39400538e-01 1.00000000e-01
    endloop
  endfacet
  facet normal -6.56059029e-01 7.54709580e-01 0.00000000e+00
    outer loop
      vertex 1.06786062e+00 2.38302222e-01 0.00000000e+00
      vertex 1.06654347e+00 2.37157241e-01 0.00000000e+00
      vertex 1.06654347e+00 2.37157241e-01 1.00000000e-01
    endloop
  endfacet
  facet normal -6.56059029e-01 7.54709580e-01 0.00000000e+00
    outer loop
      vertex 1.06786062e+00 2.38302222e-01 0.00000000e+00
      vertex 1.06654347e+00 2.37157241e-01 1.00000000e-01
      vertex 1.06786062e+00 2.38302222e-01 1.00000000e-01
    endloop
  endfacet
  facet normal -6.81998360e-01 7.31353702e-01 0.00000000e+00
    outer loop
      vertex 1.06654347e+00 2.37157241e-01 0.00000000e+00
      vertex 1.06526708e+00 2.35966990e-01 0.00000000e+00
      vertex 1.06526708e+00 2.35966990e-01 1.00000000e-01
    endloop
  endfacet
  facet normal -6.81998360e-01 7.31353702e-01 0.00000000e+00
    outer loop
      vertex 1.06654347e+00 2.37157241e-01 0.00000000e+00
      vertex 1.06526708e+00 2.35966990e-01 1.00000000e-01
      vertex 1.06654347e+00 2.37157241e-01 1.00000000e-01
    endloop
  endfacet
  facet normal -7.07106781e-01 7.07106781e-01 0.00000000e+00
    outer loop
      vertex 1.06526708e+00 2.35966990e-01 0.00000000e+00
      vertex 1.06403301e+00 2.34732919e-01 0.00000000e+00
      vertex 1.06403301e+00 2.34732919e-01 1.00000000e-01
    endloop
  endfacet
  facet normal -7.07106781e-01 7.07106781e-01 0.00000000e+00
    outer loop
      vertex 1.06526708e+00 2.35966990e-01 0.00000000e+00
      vertex 1.06403301e+00 2.34732919e-01 1.00000000e-01
      vertex 1.06526708e+00 2.35966990e-01 1.00000000e-01
    endloop
  endfacet
  facet normal -7.31353702e-01 6.81998360e-01 0.00000000e+00
    outer loop
      vertex 1.06403301e+00 2.34732919e-01 0.00000000e+00
      vertex 1.06284276e+00 2.33456530e-01 0.00000000e+00
      vertex 1.06284276e+00 2.33456530e-01 1.00000000e-01
    endloop
  endfacet
  facet normal -7.31353702e-01 6.81998360e-01 0.00000000e+00
    outer loop
      vertex 1.06403301e+00 2.34732919e-01 0.00000000e+00
      vertex 1.06284276e+00 2.33456530e-01 1.00000000e-01
      vertex 1.06403301e+00 2.34732919e-01 1.00000000e-01
    endloop
  endfacet
  facet normal -7.54709580e-01 6.56059029e-01 0.00000000e+00
    outer loop
      vertex 1.06284276e+00 2.33456530e-01 0.00000000e+00
      vertex 1.06169778e+00 2.32139380e-01 0.00000000e+00
      vertex 1.06169778e+00 2.32139380e-01 1.00000000e-01
    endloop
  endfacet
  facet normal -7.54709580e-01 6.56059029e-01 0.00000000e+00
    outer loop
      vertex 1.06284276e+00 2.33456530e-01 0.00000000e+00
      vertex 1.06169778e+00 2.32139380e-01 1.00000000e-01
      vertex 1.06284276e+00 2.33456530e-01 1.00000000e-01
    endloop
  endfacet
  facet normal -7.77145961e-01 6.29320391e-01 0.00000000e+00
    outer loop
      vertex 1.06169778e+00 2.32139380e-01 0.00000000e+00
      vertex 1.06059946e+00 2.30783074e-01 0.00000000e+00
      vertex 1.06059946e+00 2.30783074e-01 1.00000000e-01
    endloop
  endfacet
  facet normal -7.77145961e-01 6.29320391e-01 0.00000000e+00
    outer loop
      vertex 1.06169778e+00 2.32139380e-01 0.00000000e+00
      vertex 1.06059946e+00 2.30783074e-01 1.00000000e-01
      vertex 1.06169778e+00 2.32139380e-01 1.00000000e-01
    endloop
  endfacet
  facet normal -7.98635510e-01 6.01815023e-01 0.00000000e+00
    outer loop
      vertex 1.06059946e+00 2.30783074e-01 0.00000000e+00
      vertex 1.05954915e+00 2.29389263e-01 0.00000000e+00
      vertex 1.05954915e+00 2.29389263e-01 1.00000000e-01
    endloop
  endfacet
  facet normal -7.98635510e-01 6.01815023e-01 0.00000000e+00
    outer loop
      vertex 1.06059946e+00 2.30783074e-01 0.00000000e+00
      vertex 1.05954915e+00 2.29389263e-01 1.00000000e-01
      vertex 1.06059946e+00 2.30783074e-01 1.00000000e-01
    endloop
  endfacet
  facet normal -8.19152044e-01 5.73576436e-01 0.00000000e+00
    outer loop
      vertex 1.05954915e+00 2.29389263e-01 0.00000000e+00
      vertex 1.05854812e+00 2.27959645e-01 0.00000000e+00
      vertex 1.05854812e+00 2.27959645e-01 1.00000000e-01
    endloop
  endfacet
  facet normal -8.19152044e-01 5.73576436e-01 0.00000000e+00
    outer loop
      vertex 1.05954915e+00 2.29389263e-01 0.00000000e+00
      vertex 1.05854812e+00 2.27959645e-01 1.00000000e-01
      vertex 1.05954915e+00 2.29389263e-01 1.00000000e-01
    endloop
  endfacet
  facet normal -8.38670568e-01 5.44639035e-01 0.00000000e+00
    outer loop
      vertex 1.05854812e+00 2.27959645e-01 0.00000000e+00
      vertex 1.05759760e+00 2.26495963e-01 0.00000000e+00
      vertex 1.05759760e+00 2.26495963e-01 1.00000000e-01
    endloop
  endfacet
  facet normal -8.38670568e-01 5.44639035e-01 0.00000000e+00
    outer loop
      vertex 1.05854812e+00 2.27959645e-01 0.00000000e+00
      vertex 1.05759760e+00 2.26495963e-01 1.00000000e-01
      vertex 1.05854812e+00 2.27959645e-01 1.00000000e-01
    endloop
  endfacet
  facet normal -8.57167301e-01 5.15038075e-01 0.00000000e+00
    outer loop
      vertex 1.05759760e+00 2.26495963e-01 0.00000000e+00
      vertex 1.05669873e+00 2.25000000e-01 0.00000000e+00
      vertex 1.05669873e+00 2.25000000e-01 1.00000000e-01
    endloop
  endfacet
  facet normal -8.57167301e-01 5.15038075e-01 0.00000000e+00
    outer loop
      vertex 1.05759760e+00 2.26495963e-01 0.00000000e+00
      vertex 1.05669873e+00 2.25000000e-01 1.00000000e-01
      vertex 1.05759760e+00 2.26495963e-01 1.00000000e-01
    endloop
  endfacet
  facet normal -8.74619707e-01 4.84809620e-01 0.00000000e+00
    outer loop
      vertex 1.05669873e+00 2.25000000e-01 0.00000000e+00
      vertex 1.05585262e+00 2.23473578e-01 0.00000000e+00
      vertex 1.05585262e+00 2.23473578e-01 1.00000000e-01
    endloop
  endfacet
  facet normal -8.74619707e-01 4.84809620e-01 0.00000000e+00
    outer loop
      vertex 1.05669873e+00 2.25000000e-01 0.00000000e+00
      vertex 1.05585262e+00 2.23473578e-01 1.00000000e-01
      vertex 1.05669873e+00 2.25000000e-01 1.00000000e-01
    endloop
  endfacet
  facet normal -8.91006524e-01 4.53990500e-01 0.00000000e+00
    outer loop
      vertex 1.05585262e+00 2.23473578e-01 0.00000000e+00
      vertex 1.05506030e+00 2.21918557e-01 0.00000000e+00
      vertex 1.05506030e+00 2.21918557e-01 1.00000000e-01
    endloop
  endfacet
  facet normal -8.91006524e-01 4.53990500e-01 0.00000000e+00
    outer loop
      vertex 1.05585262e+00 2.23473578e-01 0.00000000e+00
      vertex 1.05506030e+00 2.21918557e-01 1.00000000e-01
      vertex 1.05585262e+00 2.23473578e-01 1.00000000e-01
    endloop
  endfacet
  facet normal -9.06307787e-01 4.22618262e-01 0.00000000e+00
    outer loop
      vertex 1.05506030e+00 2.21918557e-01 0.00000000e+00
      vertex 1.05432273e+00 2.20336832e-01 0.00000000e+00
      vertex 1.05432273e+00 2.20336832e-01 1.00000000e-01
    endloop
  endfacet
  facet normal -9.06307787e-01 4.22618262e-01 0.00000000e+00
    outer loop
      vertex 1.05506030e+00 2.21918557e-01 0.00000000e+00
      vertex 1.05432273e+00 2.20336832e-01 1.00000000e-01
      vertex 1.05506030e+00 2.21918557e-01 1.00000000e-01
    endloop
  endfacet
  facet normal -9.20504853e-01 3.90731128e-01 0.00000000e+00
    outer loop
      vertex 1.05432273e+00 2.20336832e-01 0.00000000e+00
      vertex 1.05364081e+00 2.18730330e-01 0.00000000e+00
      vertex 1.05364081e+00 2.18730330e-01 1.00000000e-01
    endloop
  endfacet
  facet normal -9.20504853e-01 3.90731128e-01 0.00000000e+00
    outer loop
      vertex 1.05432273e+00 2.20336832e-01 0.00000000e+00
      vertex 1.05364081e+00 2.18730330e-01 1.00000000e-01
      vertex 1.05432273e+00 2.20336832e-01 1.00000000e-01
    endloop
  endfacet
  facet normal -9.33580426e-01 3.58367950e-01 0.00000000e+00
    outer loop
      vertex 1.05364081e+00 2.18730330e-01 0.00000000e+00
      vertex 1.05301537e+00 2.17101007e-01 0.00000000e+00
      vertex 1.05301537e+00 2.17101007e-01 1.00000000e-01
    endloop
  endfacet
  facet normal -9.33580426e-01 3.58367950e-01 0.00000000e+00
    outer loop
      vertex 1.05364081e+00 2.18730330e-01 0.00000000e+00
      vertex 1.05301537e+00 2.17101007e-01 1.00000000e-01
      vertex 1.05364081e+00 2.18730330e-01 1.00000000e-01
    endloop
  endfacet
  facet normal -9.45518576e-01 3.25568154e-01 0.00000000e+00
    outer loop
      vertex 1.05301537e+00 2.17101007e-01 0.00000000e+00
      vertex 1.05244717e+00 2.15450850e-01 0.00000000e+00
      vertex 1.05244717e+00 2.15450850e-01 1.00000000e-01
    endloop
  endfacet
  facet normal -9.45518576e-01 3.25568154e-01 0.00000000e+00
    outer loop
      vertex 1.05301537e+00 2.17101007e-01 0.00000000e+00
      vertex 1.05244717e+00 2.15450850e-01 1.00000000e-01
      vertex 1.05301537e+00 2.17101007e-01 1.00000000e-01
    endloop
  endfacet
  facet normal -9.56304756e-01 2.92371705e-01 0.00000000e+00
    outer loop
      vertex 1.05244717e+00 2.15450850e-01 0.00000000e+00
      vertex 1.05193692e+00 2.13781868e-01 0.00000000e+00
      vertex 1.05193692e+00 2.13781868e-01 1.00000000e-01
    endloop
  endfacet
  facet normal -9.56304756e-01 2.92371705e-01 0.00000000e+00
    outer loop
      vertex 1.05244717e+00 2.15450850e-01 0.00000000e+00
      vertex 1.05193692e+00 2.13781868e-01 1.00000000e-01
      vertex 1.05244717e+00 2.15450850e-01 1.00000000e-01
    endloop
  endfacet
  facet normal -9.65925826e-01 2.58819045e-01 0.00000000e+00
    outer loop
      vertex 1.05193692e+00 2.13781868e-01 0.00000000e+00
      vertex 1.05148521e+00 2.12096095e-01 0.00000000e+00
      vertex 1.05148521e+00 2.12096095e-01 1.00000000e-01
    endloop
  endfacet
  facet normal -9.65925826e-01 2.58819045e-01 0.00000000e+00
    outer loop
      vertex 1.05193692e+00 2.13781868e-01 0.00000000e+00
      vertex 1.05148521e+00 2.12096095e-01 1.00000000e-01
      vertex 1.05193692e+00 2.13781868e-01 1.00000000e-01
    endloop
  endfacet
  facet normal -9.74370065e-01 2.24951054e-01 0.00000000e+00
    outer loop
      vertex 1.05148521e+00 2.12096095e-01 0.00000000e+00
      vertex 1.05109262e+00 2.10395585e-01 0.00000000e+00
      vertex 1.05109262e+00 2.10395585e-01 1.00000000e-01
    endloop
  endfacet
  facet normal -9.74370065e-01 2.24951054e-01 0.00000000e+00
    outer loop
      vertex 1.05148521e+00 2.12096095e-01 0.00000000e+00
      vertex 1.05109262e+00 2.10395585e-01 1.00000000e-01
      vertex 1.05148521e+00 2.12096095e-01 1.00000000e-01
    endloop
  endfacet
  facet normal -9.81627183e-01 1.90808995e-01 0.00000000e+00
    outer loop
      vertex 1.05109262e+00 2.10395585e-01 0.00000000e+00
      vertex 1.05075961e+00 2.08682409e-01 0.00000000e+00
      vertex 1.05075961e+00 2.08682409e-01 1.00000000e-01
    endloop
  endfacet
  facet normal -9.81627183e-01 1.90808995e-01 0.00000000e+00
    outer loop
      vertex 1.05109262e+00 2.10395585e-01 0.00000000e+00
      vertex 1.05075961e+00 2.08682409e-01 1.00000000e-01
      vertex 1.05109262e+00 2.10395585e-01 1.00000000e-01
    endloop
  endfacet
  facet normal -9.87688341e-01 1.56434465e-01 0.00000000e+00
    outer loop
      vertex 1.05075961e+00 2.08682409e-01 0.00000000e+00
      vertex 1.05048660e+00 2.06958655e-01 0.00000000e+00
      vertex 1.05048660e+00 2.06958655e-01 1.00000000e-01
    endloop
  endfacet
  facet normal -9.87688341e-01 1.56434465e-01 0.00000000e+00
    outer loop
      vertex 1.05075961e+00 2.08682409e-01 0.00000000e+00
      vertex 1.05048660e+00 2.06958655e-01 1.00000000e-01
      vertex 1.05075961e+00 2.08682409e-01 1.00000000e-01
    endloop
  endfacet
  facet normal -9.92546152e-01 1.21869343e-01 0.00000000e+00
    outer loop
      vertex 1.05048660e+00 2.06958655e-01 0.00000000e+00
      vertex 1.05027391e+00 2.05226423e-01 0.00000000e+00
      vertex 1.05027391e+00 2.05226423e-01 1.00000000e-01
    endloop
  endfacet
  facet normal -9.92546152e-01 1.21869343e-01 0.00000000e+00
    outer loop
      vertex 1.05048660e+00 2.06958655e-01 0.00000000e+00
      vertex 1.05027391e+00 2.05226423e-01 1.00000000e-01
      vertex 1.05048660e+00 2.06958655e-01 1.00000000e-01
    endloop
  endfacet
  facet normal -9.96194698e-01 8.71557427e-02 0.00000000e+00
    outer loop
      vertex 1.05027391e+00 2.05226423e-01 0.00000000e+00
      vertex 1.05012180e+00 2.03487824e-01 0.00000000e+00
      vertex 1.05012180e+00 2.03487824e-01 1.00000000e-01
    endloop
  endfacet
  facet normal -9.96194698e-01 8.71557427e-02 0.00000000e+00
    outer loop
      vertex 1.05027391e+00 2.05226423e-01 0.00000000e+00
      vertex 1.05012180e+00 2.03487824e-01 1.00000000e-01
      vertex 1.05027391e+00 2.05226423e-01 1.00000000e-01
    endloop
  endfacet
  facet normal -9.98629535e-01 5.23359562e-02 0.00000000e+00
    outer loop
      vertex 1.05012180e+00 2.03487824e-01 0.00000000e+00
      vertex 1.05003046e+00 2.01744975e-01 0.00000000e+00
      vertex 1.05003046e+00 2.01744975e-01 1.00000000e-01
    endloop
  endfacet
  facet normal -9.98629535e-01 5.23359562e-02 0.00000000e+00
    outer loop
      vertex 1.05012180e+00 2.03487824e-01 0.00000000e+00
      vertex 1.05003046e+00 2.01744975e-01 1.00000000e-01
      vertex 1.05012180e+00 2.03487824e-01 1.00000000e-01
    endloop
  endfacet
  facet normal -9.99847695e-01 1.74524064e-02 0.00000000e+00
    outer loop
      vertex 1.05003046e+00 2.01744975e-01 0.00000000e+00
      vertex 1.05000000e+00 2.00000000e-01 0.00000000e+00
      vertex 1.05000000e+00 2.00000000e-01 1.00000000e-01
    endloop
  endfacet
  facet normal -9.99847695e-01 1.74524064e-02 0.00000000e+00
    outer loop
      vertex 1.05003046e+00 2.01744975e-01 0.00000000e+00
      vertex 1.05000000e+00 2.00000000e-01 1.00000000e-01
      vertex 1.05003046e+00 2.01744975e-01 1.00000000e-01
    endloop
  endfacet
  facet normal -9.99847695e-01 -1.74524064e-02 0.00000000e+00
    outer loop
      vertex 1.05000000e+00 2.00000000e-01 0.00000000e+00
      vertex 1.05003046e+00 1.98255025e-01 0.00000000e+00
      vertex 1.05003046e+00 1.98255025e-01 1.00000000e-01
    endloop
  endfacet
  facet normal -9.99847695e-01 -1.74524064e-02 0.00000000e+00
    outer loop
      vertex 1.05000000e+00 2.00000000e-01 0.00000000e+00
      vertex 1.05003046e+00 1.98255025e-01 1.00000000e-01
      vertex 1.05000000e+00 2.00000000e-01 1.00000000e-01
    endloop
  endfacet
  facet normal -9.98629535e-01 -5.23359562e-02 0.00000000e+00
    outer loop
      vertex 1.05003046e+00 1.98255025e-01 0.00000000e+00
      vertex 1.05012180e+00 1.96512176e-01 0.00000000e+00
      vertex 1.05012180e+00 1.96512176e-01 1.00000000e-01
    endloop
  endfacet
  facet normal -9.98629535e-01 -5.23359562e-02 0.00000000e+00
    outer loop
      vertex 1.05003046e+00 1.98255025e-01 0.00000000e+00
      vertex 1.05012180e+00 1.96512176e-01 1.00000000e-01
      vertex 1.05003046e+00 1.98255025e-01 1.00000000e-01
    endloop
  endfacet
  facet normal -9.96194698e-01 -8.71557427e-02 0.00000000e+00
    outer loop
      vertex 1.05012180e+00 1.96512176e-01 0.00000000e+00
      vertex 1.05027391e+00 1.94773577e-01 0.00000000e+00
      vertex 1.05027391e+00 1.94773577e-01 1.00000000e-01
    endloop
  endfacet
  facet normal -9.96194698e-01 -8.71557427e-02 0.00000000e+00
    outer loop
      vertex 1.05012180e+00 1.96512176e-01 0.00000000e+00
      vertex 1.05027391e+00 1.94773577e-01 1.00000000e-01
      vertex 1.05012180e+00 1.96512176e-01 1.00000000e-01
    endloop
  endfacet
  facet normal -9.92546152e-01 -1.21869343e-01 0.00000000e+00
    outer loop
      vertex 1.05027391e+00 1.94773577e-01 0.00000000e+00
      vertex 1.05048660e+00 1.93041345e-01 0.00000000e+00
      vertex 1.05048660e+00 1.93041345e-01 1.00000000e-01
    endloop
  endfacet
  facet normal -9.92546152e-01 -1.21869343e-01 0.00000000e+00
    outer loop
      vertex 1.05027391e+00 1.94773577e-01 0.00000000e+00
      vertex 1.05048660e+00 1.93041345e-01 1.00000000e-01
      vertex 1.05027391e+00 1.94773577e-01 1.00000000e-01
    endloop
  endfacet
  facet normal -9.87688341e-01 -1.56434465e-01 0.00000000e+00
    outer loop
      vertex 1.05048660e+00 1.93041345e-01 0.00000000e+00
      vertex 1.05075961e+00 1.91317591e-01 0.00000000e+00
      vertex 1.05075961e+00 1.91317591e-01 1.00000000e-01
    endloop
  endfacet
  facet normal -9.87688341e-01 -1.56434465e-01 0.00000000e+00
    outer loop
      vertex 1.05048660e+00 1.93041345e-01 0.00000000e+00
      vertex 1.05075961e+00 1.91317591e-01 1.00000000e-01
      vertex 1.05048660e+00 1.93041345e-01 1.00000000e-01
    endloop
  endfacet
  facet normal -9.81627183e-01 -1.90808995e-01 0.00000000e+00
    outer loop
      vertex 1.05075961e+00 1.91317591e-01 0.00000000e+00
      vertex 1.05109262e+00 1.89604415e-01 0.00000000e+00
      vertex 1.05109262e+00 1.89604415e-01 1.00000000e-01
    endloop
  endfacet
  facet normal -9.81627183e-01 -1.90808995e-01 0.00000000e+00
    outer loop
      vertex 1.05075961e+00 1.91317591e-01 0.00000000e+00
      vertex 1.05109262e+00 1.89604415e-01 1.00000000e-01
      vertex 1.05075961e+00 1.91317591e-01 1.00000000e-01
    endloop
  endfacet
  facet normal -9.74370065e-01 -2.24951054e-01 0.00000000e+00
    outer loop
      vertex 1.05109262e+00 1.89604415e-01 0.00000000e+00
      vertex 1.05148521e+00 1.87903905e-01 0.00000000e+00
      vertex 1.05148521e+00 1.87903905e-01 1.00000000e-01
    endloop
  endfacet
  facet normal -9.74370065e-01 -2.24951054e-01 0.00000000e+00
    outer loop
      vertex 1.05109262e+00 1.89604415e-01 0.00000000e+00
      vertex 1.05148521e+00 1.87903905e-01 1.00000000e-01
      vertex 1.05109262e+00 1.89604415e-01 1.00000000e-01
    endloop
  endfacet
  facet normal -9.65925826e-01 -2.58819045e-01 0.00000000e+00
    outer loop
      vertex 1.05148521e+00 1.87903905e-01 0.00000000e+00
      vertex 1.05193692e+00 1.86218132e-01 0.00000000e+00
      vertex 1.05193692e+00 1.86218132e-01 1.00000000e-01
    endloop
  endfacet
  facet normal -9.65925826e-01 -2.58819045e-01 0.00000000e+00
    outer loop
      vertex 1.05148521e+00 1.87903905e-01 0.00000000e+00
      vertex 1.05193692e+00 1.86218132e-01 1.00000000e-01
      vertex 1.05148521e+00 1.87903905e-01 1.00000000e-01
    endloop
  endfacet
  facet normal -9.56304756e-01 -2.92371705e-01 0.00000000e+00
    outer loop
      vertex 1.05193692e+00 1.86218132e-01 0.00000000e+00
      vertex 1.05244717e+00 1.84549150e-01 0.00000000e+00
      vertex 1.05244717e+00 1.84549150e-01 1.00000000e-01
    endloop
  endfacet
  facet normal -9.56304756e-01 -2.92371705e-01 0.00000000e+00
    outer loop
      vertex 1.05193692e+00 1.86218132e-01 0.00000000e+00
      vertex 1.05244717e+00 1.84549150e-01 1.00000000e-01
      vertex 1.05193692e+00 1.86218132e-01 1.00000000e-01
    endloop
  endfacet
  facet normal -9.45518576e-01 -3.25568154e-01 0.00000000e+00
    outer loop
      vertex 1.05244717e+00 1.84549150e-01 0.00000000e+00
      vertex 1.05301537e+00 1.82898993e-01 0.00000000e+00
      vertex 1.05301537e+00 1.82898993e-01 1.00000000e-01
    endloop
  endfacet
  facet normal -9.45518576e-01 -3.25568154e-01 0.00000000e+00
    outer loop
      vertex 1.05244717e+00 1.84549150e-01 0.00000000e+00
      vertex 1.05301537e+00 1.82898993e-01 1.00000000e-01
      vertex 1.05244717e+00 1.84549150e-01 1.00000000e-01
    endloop
  endfacet
  facet normal -9.33580426e-01 -3.58367950e-01 0.00000000e+00
    outer loop
      vertex 1.05301537e+00 1.82898993e-01 0.00000000e+00
      vertex 1.05364081e+00 1.81269670e-01 0.00000000e+00
      vertex 1.05364081e+00 1.81269670e-01 1.00000000e-01
    endloop
  endfacet
  facet normal -9.33580426e-01 -3.58367950e-01 0.00000000e+00
    outer loop
      vertex 1.05301537e+00 1.82898993e-01 0.00000000e+00
      vertex 1.05364081e+00 1.81269670e-01 1.00000000e-01
      vertex 1.05301537e+00 1.82898993e-01 1.00000000e-01
    endloop
  endfacet
  facet normal -9.20504853e-01 -3.90731128e-01 0.00000000e+00
    outer loop
      vertex 1.05364081e+00 1.81269670e-01 0.00000000e+00
      vertex 1.05432273e+00 1.79663168e-01 0.00000000e+00
      vertex 1.05432273e+00 1.79663168e-01 1.00000000e-01
    endloop
  endfacet
  facet normal -9.20504853e-01 -3.90731128e-01 0.00000000e+00
    outer loop
      vertex 1.05364081e+00 1.81269670e-01 0.00000000e+00
      vertex 1.05432273e+00 1.79663168e-01 1.00000000e-01
      vertex 1.05364081e+00 1.81269670e-01 1.00000000e-01
    endloop
  endfacet
  facet normal -9.06307787e-01 -4.22618262e-01 0.00000000e+00
    outer loop
      vertex 1.05432273e+00 1.79663168e-01 0.00000000e+00
      vertex 1.05506030e+00 1.78081443e-01 0.00000000e+00
      vertex 1.05506030e+00 1.78081443e-01 1.00000000e-01
    endloop
  endfacet
  facet normal -9.06307787e-01 -4.22618262e-01 0.00000000e+00
    outer loop
      vertex 1.05432273e+00 1.79663168e-01 0.00000000e+00
      vertex 1.05506030e+00 1.78081443e-01 1.00000000e-01
      vertex 1.05432273e+00 1.79663168e-01 1.00000000e-01
    endloop
  endfacet
  facet normal -8.91006524e-01 -4.53990500e-01 0.00000000e+00
    outer loop
      vertex 1.05506030e+00 1.78081443e-01 0.00000000e+00
      vertex 1.05585262e+00 1.76526422e-01 0.00000000e+00
      vertex 1.05585262e+00 1.76526422e-01 1.00000000e-01
    endloop
  endfacet
  facet normal -8.91006524e-01 -4.53990500e-01 0.00000000e+00
    outer loop
      vertex 1.05506030e+00 1.78081443e-01 0.00000000e+00
      vertex 1.05585262e+00 1.76526422e-01 1.00000000e-01
      vertex 1.05506030e+00 1.78081443e-01 1.00000000e-01
    endloop
  endfacet
  facet normal -8.74619707e-01 -4.84809620e-01 0.00000000e+00
    outer loop
      vertex 1.05585262e+00 1.76526422e-01 0.00000000e+00
      vertex 1.05669873e+00 1.75000000e-01 0.00000000e+00
      vertex 1.05669873e+00 1.75000000e-01 1.00000000e-01
    endloop
  endfacet
  facet normal -8.74619707e-01 -4.84809620e-01 0.00000000e+00
    outer loop
      vertex 1.05585262e+00 1.76526422e-01 0.00000000e+00
      vertex 1.05669873e+00 1.75000000e-01 1.00000000e-01
      vertex 1.05585262e+00 1.76526422e-01 1.00000000e-01
    endloop
  endfacet
  facet normal -8.57167301e-01 -5.15038075e-01 0.00000000e+00
    outer loop
      vertex 1.05669873e+00 1.75000000e-01 0.00000000e+00
      vertex 1.05759760e+00 1.73504037e-01 0.00000000e+00
      vertex 1.05759760e+00 1.73504037e-01 1.00000000e-01
    endloop
  endfacet
  facet normal -8.57167301e-01 -5.15038075e-01 0.00000000e+00
    outer loop
      vertex 1.05669873e+00 1.75000000e-01 0.00000000e+00
      vertex 1.05759760e+00 1.73504037e-01 1.00000000e-01
      vertex 1.05669873e+00 1.75000000e-01 1.00000000e-01
    endloop
  endfacet
  facet normal -8.38670568e-01 -5.44639035e-01 0.00000000e+00
    outer loop
      vertex 1.05759760e+00 1.73504037e-01 0.00000000e+00
      vertex 1.05854812e+00 1.72040355e-01 0.00000000e+00
      vertex 1.05854812e+00 1.72040355e-01 1.00000000e-01
    endloop
  endfacet
  facet normal -8.38670568e-01 -5.44639035e-01 0.00000000e+00
    outer loop
      vertex 1.05759760e+00 1.73504037e-01 0.00000000e+00
      vertex 1.05854812e+00 1.72040355e-01 1.00000000e-01
      vertex 1.05759760e+00 1.73504037e-01 1.00000000e-01
    endloop
  endfacet
  facet normal -8.19152044e-01 -5.73576436e-01 0.00000000e+00
    outer loop
      vertex 1.05854812e+00 1.72040355e-01 0.00000000e+00
      vertex 1.05954915e+00 1.70610737e-01 0.00000000e+00
      vertex 1.05954915e+00 1.70610737e-01 1.00000000e-01
    endloop
  endfacet
  facet normal -8.19152044e-01 -5.73576436e-01 0.00000000e+00
    outer loop
      vertex 1.05854812e+00 1.72040355e-01 0.00000000e+00
      vertex 1.05954915e+00 1.70610737e-01 1.00000000e-01
      vertex 1.05854812e+00 1.72040355e-01 1.00000000e-01
    endloop
  endfacet
  facet normal -7.98635510e-01 -6.01815023e-01 0.00000000e+00
    outer loop
      vertex 1.05954915e+00 1.70610737e-01 0.00000000e+00
      vertex 1.06059946e+00 1.69216926e-01 0.00000000e+00
      vertex 1.06059946e+00 1.69216926e-01 1.00000000e-01
    endloop
  endfacet
  facet normal -7.98635510e-01 -6.01815023e-01 0.00000000e+00
    outer loop
      vertex 1.05954915e+00 1.70610737e-01 0.00000000e+00
      vertex 1.06059946e+00 1.69216926e-01 1.00000000e-01
      vertex 1.05954915e+00 1.70610737e-01 1.00000000e-01
    endloop
  endfacet
  facet normal -7.77145961e-01 -6.29320391e-01 0.00000000e+00
    outer loop
      vertex 1.06059946e+00 1.69216926e-01 0.00000000e+00
      vertex 1.06169778e+00 1.67860620e-01 0.00000000e+00
      vertex 1.06169778e+00 1.67860620e-01 1.00000000e-01
    endloop
  endfacet
  facet normal -7.77145961e-01 -6.29320391e-01 0.00000000e+00
    outer loop
      vertex 1.06059946e+00 1.69216926e-01 0.00000000e+00
      vertex 1.06169778e+00 1.67860620e-01 1.00000000e-01
      vertex 1.06059946e+00 1.69216926e-01 1.00000000e-01
    endloop
  endfacet
  facet normal -7.54709580e-01 -6.56059029e-01 0.00000000e+00
    outer loop
      vertex 1.06169778e+00 1.67860620e-01 0.00000000e+00
      vertex 1.06284276e+00 1.66543470e-01 0.00000000e+00
      vertex 1.06284276e+00 1.66543470e-01 1.00000000e-01
    endloop
  endfacet
  facet normal -7.54709580e-01 -6.56059029e-01 0.00000000e+00
    outer loop
      vertex 1.06169778e+00 1.67860620e-01 0.00000000e+00
      vertex 1.06284276e+00 1.66543470e-01 1.00000000e-01
      vertex 1.06169778e+00 1.67860620e-01 1.00000000e-01
    endloop
  endfacet
  facet normal -7.31353702e-01 -6.81998360e-01 0.00000000e+00
    outer loop
      vertex 1.06284276e+00 1.66543470e-01 0.00000000e+00
      vertex 1.06403301e+00 1.65267081e-01 0.00000000e+00
      vertex 1.06403301e+00 1.65267081e-01 1.00000000e-01
    endloop
  endfacet
  facet normal -7.31353702e-01 -6.81998360e-01 0.00000000e+00
    outer loop
      vertex 1.06284276e+00 1.66543470e-01 0.00000000e+00
      vertex 1.06403301e+00 1.65267081e-01 1.00000000e-01
      vertex 1.06284276e+00 1.66543470e-01 1.00000000e-01
    endloop
  endfacet
  facet normal -7.07106781e-01 -7.07106781e-01 0.00000000e+00
    outer loop
      vertex 1.06403301e+00 1.65267081e-01 0.00000000e+00
      vertex 1.06526708e+00 1.64033010e-01 0.00000000e+00
      vertex 1.06526708e+00 1.64033010e-01 1.00000000e-01
    endloop
  endfacet
  facet normal -7.07106781e-01 -7.07106781e-01 0.00000000e+00
    outer loop
      vertex 1.06403301e+00 1.65267081e-01 0.00000000e+00
      vertex 1.06526708e+00 1.64033010e-01 1.00000000e-01
      vertex 1.06403301e+00 1.65267081e-01 1.00000000e-01
    endloop
  endfacet
  facet normal -6.81998360e-01 -7.31353702e-01 0.00000000e+00
    outer loop
      vertex 1.06526708e+00 1.64033010e-01 0.00000000e+00
      vertex 1.06654347e+00 1.62842759e-01 0.00000000e+00
      vertex 1.06654347e+00 1.62842759e-01 1.00000000e-01
    endloop
  endfacet
  facet normal -6.81998360e-01 -7.31353702e-01 0.00000000e+00
    outer loop
      vertex 1.06526708e+00 1.64033010e-01 0.00000000e+00
      vertex 1.06654347e+00 1.62842759e-01 1.00000000e-01
      vertex 1.06526708e+00 1.64033010e-01 1.00000000e-01
    endloop
  endfacet
  facet normal -6.56059029e-01 -7.54709580e-01 0.00000000e+00
    outer loop
      vertex 1.06654347e+00 1.62842759e-01 0.00000000e+00
      vertex 1.06786062e+00 1.61697778e-01 0.00000000e+00
      vertex 1.06786062e+00 1.61697778e-01 1.00000000e-01
    endloop
  endfacet
  facet normal -6.56059029e-01 -7.54709580e-01 0.00000000e+00
    outer loop
      vertex 1.06654347e+00 1.62842759e-01 0.00000000e+00
      vertex 1.06786062e+00 1.61697778e-01 1.00000000e-01
      vertex 1.06654347e+00 1.62842759e-01 1.00000000e-01
    endloop
  endfacet
  facet normal -6.29320391e-01 -7.77145961e-01 0.00000000e+00
    outer loop
      vertex 1.06786062e+00 1.61697778e-01 0.00000000e+00
      vertex 1.06921693e+00 1.60599462e-01 0.00000000e+00
      vertex 1.06921693e+00 1.60599462e-01 1.00000000e-01
    endloop
  endfacet
  facet normal -6.29320391e-01 -7.77145961e-01 0.00000000e+00
    outer loop
      vertex 1.06786062e+00 1.61697778e-01 0.00000000e+00
      vertex 1.06921693e+00 1.60599462e-01 1.00000000e-01
      vertex 1.06786062e+00 1.61697778e-01 1.00000000e-01
    endloop
  endfacet
  facet normal -6.01815023e-01 -7.98635510e-01 0.00000000e+00
    outer loop
      vertex 1.06921693e+00 1.60599462e-01 0.00000000e+00
      vertex 1.07061074e+00 1.59549150e-01 0.00000000e+00
      vertex 1.07061074e+00 1.59549150e-01 1.00000000e-01
    endloop
  endfacet
  facet normal -6.01815023e-01 -7.98635510e-01 0.00000000e+00
    outer loop
      vertex 1.06921693e+00 1.60599462e-01 0.00000000e+00
      vertex 1.07061074e+00 1.59549150e-01 1.00000000e-01
      vertex 1.06921693e+00 1.60599462e-01 1.00000000e-01
    endloop
  endfacet
  facet normal -5.73576436e-01 -8.19152044e-01 0.00000000e+00
    outer loop
      vertex 1.07061074e+00 1.59549150e-01 0.00000000e+00
      vertex 1.07204035e+00 1.58548121e-01 0.00000000e+00
      vertex 1.07204035e+00 1.58548121e-01 1.00000000e-01
    endloop
  endfacet
  facet normal -5.73576436e-01 -8.19152044e-01 0.00000000e+00
    outer loop
      vertex 1.07061074e+00 1.59549150e-01 0.00000000e+00
      vertex 1.07204035e+00 1.58548121e-01 1.00000000e-01
      vertex 1.07061074e+00 1.59549150e-01 1.00000000e-01
    endloop
  endfacet
  facet normal -5.44639035e-01 -8.38670568e-01 0.00000000e+00
    outer loop
      vertex 1.07204035e+00 1.58548121e-01 0.00000000e+00
      vertex 1.07350404e+00 1.57597595e-01 0.00000000e+00
      vertex 1.07350404e+00 1.57597595e-01 1.00000000e-01
    endloop
  endfacet
  facet normal -5.44639035e-01 -8.38670568e-01 0.00000000e+00
    outer loop
      vertex 1.07204035e+00 1.58548121e-01 0.00000000e+00
      vertex 1.07350404e+00 1.57597595e-01 1.00000000e-01
      vertex 1.07204035e+00 1.58548121e-01 1.00000000e-01
    endloop
  endfacet
  facet normal -5.15038075e-01 -8.57167301e-01 0.00000000e+00
    outer loop
      vertex 1.07350404e+00 1.57597595e-01 0.00000000e+00
      vertex 1.07500000e+00 1.56698730e-01 0.00000000e+00
      vertex 1.07500000e+00 1.56698730e-01 1.00000000e-01
    endloop
  endfacet
  facet normal -5.15038075e-01 -8.57167301e-01 0.00000000e+00
    outer loop
      vertex 1.07350404e+00 1.57597595e-01 0.00000000e+00
      vertex 1.07500000e+00 1.56698730e-01 1.00000000e-01
      vertex 1.07350404e+00 1.57597595e-01 1.00000000e-01
    endloop
  endfacet
  facet normal -4.84809620e-01 -8.74619707e-01 0.00000000e+00
    outer loop
      vertex 1.07500000e+00 1.56698730e-01 0.00000000e+00
      vertex 1.07652642e+00 1.55852620e-01 0.00000000e+00
      vertex 1.07652642e+00 1.55852620e-01 1.00000000e-01
    endloop
  endfacet
  facet normal -4.84809620e-01 -8.74619707e-01 0.00000000e+00
    outer loop
      vertex 1.07500000e+00 1.56698730e-01 0.00000000e+00
      vertex 1.07652642e+00 1.55852620e-01 1.00000000e-01
      vertex 1.07500000e+00 1.56698730e-01 1.00000000e-01
    endloop
  endfacet
  facet normal -4.53990500e-01 -8.91006524e-01 0.00000000e+00
    outer loop
      vertex 1.07652642e+00 1.55852620e-01 0.00000000e+00
      vertex 1.07808144e+00 1.55060298e-01 0.00000000e+00
      vertex 1.07808144e+00 1.55060298e-01 1.00000000e-01
    endloop
  endfacet
  facet normal -4.53990500e-01 -8.91006524e-01 0.00000000e+00
    outer loop
      vertex 1.07652642e+00 1.55852620e-01 0.00000000e+00
      vertex 1.07808144e+00 1.55060298e-01 1.00000000e-01
      vertex 1.07652642e+00 1.55852620e-01 1.00000000e-01
    endloop
  endfacet
  facet normal -4.22618262e-01 -9.06307787e-01 0.00000000e+00
    outer loop
      vertex 1.07808144e+00 1.55060298e-01 0.00000000e+00
      vertex 1.07966317e+00 1.54322727e-01 0.00000000e+00
      vertex 1.07966317e+00 1.54322727e-01 1.00000000e-01
    endloop
  endfacet
  facet normal -4.22618262e-01 -9.06307787e-01 0.00000000e+00
    outer loop
      vertex 1.07808144e+00 1.55060298e-01 0.00000000e+00
      vertex 1.07966317e+00 1.54322727e-01 1.00000000e-01
      vertex 1.07808144e+00 1.55060298e-01 1.00000000e-01
    endloop
  endfacet
  facet normal -3.90731128e-01 -9.20504853e-01 0.00000000e+00
    outer loop
      vertex 1.07966317e+00 1.54322727e-01 0.00000000e+00
      vertex 1.08126967e+00 1.53640807e-01 0.00000000e+00
      vertex 1.08126967e+00 1.53640807e-01 1.00000000e-01
    endloop
  endfacet
  facet normal -3.90731128e-01 -9.20504853e-01 0.00000000e+00
    outer loop
      vertex 1.07966317e+00 1.54322727e-01 0.00000000e+00
      vertex 1.08126967e+00 1.53640807e-01 1.00000000e-01
      vertex 1.07966317e+00 1.54322727e-01 1.00000000e-01
    endloop
  endfacet
  facet normal -3.58367950e-01 -9.33580426e-01 0.00000000e+00
    outer loop
      vertex 1.08126967e+00 1.53640807e-01 0.00000000e+00
      vertex 1.08289899e+00 1.53015369e-01 0.00000000e+00
      vertex 1.08289899e+00 1.53015369e-01 1.00000000e-01
    endloop
  endfacet
  facet normal -3.58367950e-01 -9.33580426e-01 0.00000000e+00
    outer loop
      vertex 1.08126967e+00 1.53640807e-01 0.00000000e+00
      vertex 1.08289899e+00 1.53015369e-01 1.00000000e-01
      vertex 1.08126967e+00 1.53640807e-01 1.00000000e-01
    endloop
  endfacet
  facet normal -3.25568154e-01 -9.45518576e-01 0.00000000e+00
    outer loop
      vertex 1.08289899e+00 1.53015369e-01 0.00000000e+00
      vertex 1.08454915e+00 1.52447174e-01 0.00000000e+00
      vertex 1.08454915e+00 1.52447174e-01 1.00000000e-01
    endloop
  endfacet
  facet normal -3.25568154e-01 -9.45518576e-01 0.00000000e+00
    outer loop
      vertex 1.08289899e+00 1.53015369e-01 0.00000000e+00
      vertex 1.08454915e+00 1.52447174e-01 1.00000000e-01
      vertex 1.08289899e+00 1.53015369e-01 1.00000000e-01
    endloop
  endfacet
  facet normal -2.92371705e-01 -9.56304756e-01 0.00000000e+00
    outer loop
      vertex 1.08454915e+00 1.52447174e-01 0.00000000e+00
      vertex 1.08621813e+00 1.51936915e-01 0.00000000e+00
      vertex 1.08621813e+00 1.51936915e-01 1.00000000e-01
    endloop
  endfacet
  facet normal -2.92371705e-01 -9.56304756e-01 0.00000000e+00
    outer loop
      vertex 1.08454915e+00 1.52447174e-01 0.00000000e+00
      vertex 1.08621813e+00 1.51936915e-01 1.00000000e-01
      vertex 1.08454915e+00 1.52447174e-01 1.00000000e-01
    endloop
  endfacet
  facet normal -2.58819045e-01 -9.65925826e-01 0.00000000e+00
    outer loop
      vertex 1.08621813e+00 1.51936915e-01 0.00000000e+00
      vertex 1.08790391e+00 1.51485214e-01 0.00000000e+00
      vertex 1.08790391e+00 1.51485214e-01 1.00000000e-01
    endloop
  endfacet
  facet normal -2.58819045e-01 -9.65925826e-01 0.00000000e+00
    outer loop
      vertex 1.08621813e+00 1.51936915e-01 0.00000000e+00
      vertex 1.08790391e+00 1.51485214e-01 1.00000000e-01
      vertex 1.08621813e+00 1.51936915e-01 1.00000000e-01
    endloop
  endfacet
  facet normal -2.24951054e-01 -9.74370065e-01 0.00000000e+00
    outer loop
      vertex 1.08790391e+00 1.51485214e-01 0.00000000e+00
      vertex 1.08960442e+00 1.51092620e-01 0.00000000e+00
      vertex 1.08960442e+00 1.51092620e-01 1.00000000e-01
    endloop
  endfacet
  facet normal -2.24951054e-01 -9.74370065e-01 0.00000000e+00
    outer loop
      vertex 1.08790391e+00 1.51485214e-01 0.00000000e+00
      vertex 1.08960442e+00 1.51092620e-01 1.00000000e-01
      vertex 1.08790391e+00 1.51485214e-01 1.00000000e-01
    endloop
  endfacet
  facet normal -1.90808995e-01 -9.81627183e-01 0.00000000e+00
    outer loop
      vertex 1.08960442e+00 1.51092620e-01 0.00000000e+00
      vertex 1.09131759e+00 1.50759612e-01 0.00000000e+00
      vertex 1.09131759e+00 1.50759612e-01 1.00000000e-01
    endloop
  endfacet
  facet normal -1.90808995e-01 -9.81627183e-01 0.00000000e+00
    outer loop
      vertex 1.08960442e+00 1.51092620e-01 0.00000000e+00
      vertex 1.09131759e+00 1.50759612e-01 1.00000000e-01
      vertex 1.08960442e+00 1.51092620e-01 1.00000000e-01
    endloop
  endfacet
  facet normal -1.56434465e-01 -9.87688341e-01 0.00000000e+00
    outer loop
      vertex 1.09131759e+00 1.50759612e-01 0.00000000e+00
      vertex 1.09304134e+00 1.50486597e-01 0.00000000e+00
      vertex 1.09304134e+00 1.50486597e-01 1.00000000e-01
    endloop
  endfacet
  facet normal -1.56434465e-01 -9.87688341e-01 0.00000000e+00
    outer loop
      vertex 1.09131759e+00 1.50759612e-01 0.00000000e+00
      vertex 1.09304134e+00 1.50486597e-01 1.00000000e-01
      vertex 1.09131759e+00 1.50759612e-01 1.00000000e-01
    endloop
  endfacet
  facet normal -1.21869343e-01 -9.92546152e-01 0.00000000e+00
    outer loop
      vertex 1.09304134e+00 1.50486597e-01 0.00000000e+00
      vertex 1.09477358e+00 1.50273905e-01 0.00000000e+00
      vertex 1.09477358e+00 1.50273905e-01 1.00000000e-01
    endloop
  endfacet
  facet normal -1.21869343e-01 -9.92546152e-01 0.00000000e+00
    outer loop
      vertex 1.09304134e+00 1.50486597e-01 0.00000000e+00
      vertex 1.09477358e+00 1.50273905e-01 1.00000000e-01
      vertex 1.09304134e+00 1.50486597e-01 1.00000000e-01
    endloop
  endfacet
  facet normal -8.71557427e-02 -9.96194698e-01 0.00000000e+00
    outer loop
      vertex 1.09477358e+00 1.50273905e-01 0.00000000e+00
      vertex 1.09651218e+00 1.50121797e-01 0.00000000e+00
      vertex 1.09651218e+00 1.50121797e-01 1.00000000e-01
    endloop
  endfacet
  facet normal -8.71557427e-02 -9.96194698e-01 0.00000000e+00
    outer loop
      vertex 1.09477358e+00 1.50273905e-01 0.00000000e+00
      vertex 1.09651218e+00 1.50121797e-01 1.00000000e-01
      vertex 1.09477358e+00 1.50273905e-01 1.00000000e-01
    endloop
  endfacet
  facet normal -5.23359562e-02 -9.98629535e-01 0.00000000e+00
    outer loop
      vertex 1.09651218e+00 1.50121797e-01 0.00000000e+00
      vertex 1.09825503e+00 1.50030459e-01 0.00000000e+00
      vertex 1.09825503e+00 1.50030459e-01 1.00000000e-01
    endloop
  endfacet
  facet normal -5.23359562e-02 -9.98629535e-01 0.00000000e+00
    outer loop
      vertex 1.09651218e+00 1.50121797e-01 0.00000000e+00
      vertex 1.09825503e+00 1.50030459e-01 1.00000000e-01
      vertex 1.09651218e+00 1.50121797e-01 1.00000000e-01
    endloop
  endfacet
  facet normal -1.74524064e-02 -9.99847695e-01 0.00000000e+00
    outer loop
      vertex 1.09825503e+00 1.50030459e-01 0.00000000e+00
      vertex 1.10000000e+00 1.50000000e-01 0.00000000e+00
      vertex 1.10000000e+00 1.50000000e-01 1.00000000e-01
    endloop
  endfacet
  facet normal -1.74524064e-02 -9.99847695e-01 0.00000000e+00
    outer loop
      vertex 1.09825503e+00 1.50030459e-01 0.00000000e+00
      vertex 1.10000000e+00 1.50000000e-01 1.00000000e-01
      vertex 1.09825503e+00 1.50030459e-01 1.00000000e-01
    endloop
  endfacet
  facet normal 1.74524064e-02 -9.99847695e-01 0.00000000e+00
    outer loop
      vertex 1.10000000e+00 1.50000000e-01 0.00000000e+00
      vertex 1.10174497e+00 1.50030459e-01 0.00000000e+00
      vertex 1.10174497e+00 1.50030459e-01 1.00000000e-01
    endloop
  endfacet
  facet normal 1.74524064e-02 -9.99847695e-01 0.00000000e+00
    outer loop
      vertex 1.10000000e+00 1.50000000e-01 0.00000000e+00
      vertex 1.10174497e+00 1.50030459e-01 1.00000000e-01
      vertex 1.10000000e+00 1.50000000e-01 1.00000000e-01
    endloop
  endfacet
  facet normal 5.23359562e-02 -9.98629535e-01 0.00000000e+00
    outer loop
      vertex 1.10174497e+00 1.50030459e-01 0.00000000e+00
      vertex 1.10348782e+00 1.50121797e-01 0.00000000e+00
      vertex 1.10348782e+00 1.50121797e-01 1.00000000e-01
    endloop
  endfacet
  facet normal 5.23359562e-02 -9.98629535e-01 0.00000000e+00
    outer loop
      vertex 1.10174497e+00 1.50030459e-01 0.00000000e+00
      vertex 1.10348782e+00 1.50121797e-01 1.00000000e-01
      vertex 1.10174497e+00 1.50030459e-01 1.00000000e-01
    endloop
  endfacet
  facet normal 8.71557427e-02 -9.96194698e-01 0.00000000e+00
    outer loop
      vertex 1.10348782e+00 1.50121797e-01 0.00000000e+00
      vertex 1.10522642e+00 1.50273905e-01 0.00000000e+00
      vertex 1.10522642e+00 1.50273905e-01 1.00000000e-01
    endloop
  endfacet
  facet normal 8.71557427e-02 -9.96194698e-01 0.00000000e+00
    outer loop
      vertex 1.10348782e+00 1.50121797e-01 0.00000000e+00
      vertex 1.10522642e+00 1.50273905e-01 1.00000000e-01
      vertex 1.10348782e+00 1.50121797e-01 1.00000000e-01
    endloop
  endfacet
  facet normal 1.21869343e-01 -9.92546152e-01 0.00000000e+00
    outer loop
      vertex 1.10522642e+00 1.50273905e-01 0.00000000e+00
      vertex 1.10695866e+00 1.50486597e-01 0.00000000e+00
      vertex 1.10695866e+00 1.50486597e-01 1.00000000e-01
    endloop
  endfacet
  facet normal 1.21869343e-01 -9.92546152e-01 0.00000000e+00
    outer loop
      vertex 1.10522642e+00 1.50273905e-01 0.00000000e+00
      vertex 1.10695866e+00 1.50486597e-01 1.00000000e-01
      vertex 1.10522642e+00 1.50273905e-01 1.00000000e-01
    endloop
  endfacet
  facet normal 1.56434465e-01 -9.87688341e-01 0.00000000e+00
    outer loop
      vertex 1.10695866e+00 1.50486597e-01 0.00000000e+00
      vertex 1.10868241e+00 1.50759612e-01 0.00000000e+00
      vertex 1.10868241e+00 1.50759612e-01 1.00000000e-01
    endloop
  endfacet
  facet normal 1.56434465e-01 -9.87688341e-01 0.00000000e+00
    outer loop
      vertex 1.10695866e+00 1.50486597e-01 0.00000000e+00
      vertex 1.10868241e+00 1.50759612e-01 1.00000000e-01
      vertex 1.10695866e+00 1.50486597e-01 1.00000000e-01
    endloop
  endfacet
  facet normal 1.90808995e-01 -9.81627183e-01 0.00000000e+00
    outer loop
      vertex 1.10868241e+00 1.50759612e-01 0.00000000e+00
      vertex 1.11039558e+00 1.51092620e-01 0.00000000e+00
      vertex 1.11039558e+00 1.51092620e-01 1.00000000e-01
    endloop
  endfacet
  facet normal 1.90808995e-01 -9.81627183e-01 0.00000000e+00
    outer loop
      vertex 1.10868241e+00 1.50759612e-01 0.00000000e+00
      vertex 1.11039558e+00 1.51092620e-01 1.00000000e-01
      vertex 1.10868241e+00 1.50759612e-01 1.00000000e-01
    endloop
  endfacet
  facet normal 2.24951054e-01 -9.74370065e-01 0.00000000e+00
    outer loop
      vertex 1.11039558e+00 1.51092620e-01 0.00000000e+00
      vertex 1.11209609e+00 1.51485214e-01 0.00000000e+00
      vertex 1.11209609e+00 1.51485214e-01 1.00000000e-01
    endloop
  endfacet
  facet normal 2.24951054e-01 -9.74370065e-01 0.00000000e+00
    outer loop
      vertex 1.11039558e+00 1.51092620e-01 0.00000000e+00
      vertex 1.11209609e+00 1.51485214e-01 1.00000000e-01
      vertex 1.11039558e+00 1.51092620e-01 1.00000000e-01
    endloop
  endfacet
  facet normal 2.58819045e-01 -9.65925826e-01 0.00000000e+00
    outer loop
      vertex 1.11209609e+00 1.51485214e-01 0.00000000e+00
      vertex 1.11378187e+00 1.51936915e-01 0.00000000e+00
      vertex 1.11378187e+00 1.51936915e-01 1.00000000e-01
    endloop
  endfacet
  facet normal 2.58819045e-01 -9.65925826e-01 0.00000000e+00
    outer loop
      vertex 1.11209609e+00 1.51485214e-01 0.00000000e+00
      vertex 1.11378187e+00 1.51936915e-01 1.00000000e-01
      vertex 1.11209609e+00 1.51485214e-01 1.00000000e-01
    endloop
  endfacet
  facet normal 2.92371705e-01 -9.56304756e-01 0.00000000e+00
    outer loop
      vertex 1.11378187e+00 1.51936915e-01 0.00000000e+00
      vertex 1.11545085e+00 1.52447174e-01 0.00000000e+00
      vertex 1.11545085e+00 1.52447174e-01 1.00000000e-01
    endloop
  endfacet
  facet normal 2.92371705e-01 -9.56304756e-01 0.00000000e+00
    outer loop
      vertex 1.11378187e+00 1.51936915e-01 0.00000000e+00
      vertex 1.11545085e+00 1.52447174e-01 1.00000000e-01
      vertex 1.11378187e+00 1.51936915e-01 1.00000000e-01
    endloop
  endfacet
  facet normal 3.25568154e-01 -9.45518576e-01 0.00000000e+00
    outer loop
      vertex 1.11545085e+00 1.52447174e-01 0.00000000e+00
      vertex 1.11710101e+00 1.53015369e-01 0.00000000e+00
      vertex 1.11710101e+00 1.53015369e-01 1.00000000e-01
    endloop
  endfacet
  facet normal 3.25568154e-01 -9.45518576e-01 0.00000000e+00
    outer loop
      vertex 1.11545085e+00 1.52447174e-01 0.00000000e+00
      vertex 1.11710101e+00 1.53015369e-01 1.00000000e-01
      vertex 1.11545085e+00 1.52447174e-01 1.00000000e-01
    endloop
  endfacet
  facet normal 3.58367950e-01 -9.33580426e-01 0.00000000e+00
    outer loop
      vertex 1.11710101e+00 1.53015369e-01 0.00000000e+00
      vertex 1.11873033e+00 1.53640807e-01 0.00000000e+00
      vertex 1.11873033e+00 1.53640807e-01 1.00000000e-01
    endloop
  endfacet
  facet normal 3.58367950e-01 -9.33580426e-01 0.00000000e+00
    outer loop
      vertex 1.11710101e+00 1.53015369e-01 0.00000000e+00
      vertex 1.11873033e+00 1.53640807e-01 1.00000000e-01
      vertex 1.11710101e+00 1.53015369e-01 1.00000000e-01
    endloop
  endfacet
  facet normal 3.90731128e-01 -9.20504853e-01 0.00000000e+00
    outer loop
      vertex 1.11873033e+00 1.53640807e-01 0.00000000e+00
      vertex 1.12033683e+00 1.54322727e-01 0.00000000e+00
      vertex 1.12033683e+00 1.54322727e-01 1.00000000e-01
    endloop
  endfacet
  facet normal 3.90731128e-01 -9.20504853e-01 0.00000000e+00
    outer loop
      vertex 1.11873033e+00 1.53640807e-01 0.00000000e+00
      vertex 1.12033683e+00 1.54322727e-01 1.00000000e-01
      vertex 1.11873033e+00 1.53640807e-01 1.00000000e-01
    endloop
  endfacet
  facet normal 4.22618262e-01 -9.06307787e-01 0.00000000e+00
    outer loop
      vertex 1.12033683e+00 1.54322727e-01 0.00000000e+00
      vertex 1.12191856e+00 1.55060298e-01 0.00000000e+00
      vertex 1.12191856e+00 1.55060298e-01 1.00000000e-01
    endloop
  endfacet
  facet normal 4.22618262e-01 -9.06307787e-01 0.00000000e+00
    outer loop
      vertex 1.12033683e+00 1.54322727e-01 0.00000000e+00
      vertex 1.12191856e+00 1.55060298e-01 1.00000000e-01
      vertex 1.12033683e+00 1.54322727e-01 1.00000000e-01
    endloop
  endfacet
  facet normal 4.53990500e-01 -8.91006524e-01 0.00000000e+00
    outer loop
      vertex 1.12191856e+00 1.55060298e-01 0.00000000e+00
      vertex 1.12347358e+00 1.55852620e-01 0.00000000e+00
      vertex 1.12347358e+00 1.55852620e-01 1.00000000e-01
    endloop
  endfacet
  facet normal 4.53990500e-01 -8.91006524e-01 0.00000000e+00
    outer loop
      vertex 1.12191856e+00 1.55060298e-01 0.00000000e+00
      vertex 1.12347358e+00 1.55852620e-01 1.00000000e-01
      vertex 1.12191856e+00 1.55060298e-01 1.00000000e-01
    endloop
  endfacet
  facet normal 4.84809620e-01 -8.74619707e-01 0.00000000e+00
    outer loop
      vertex 1.12347358e+00 1.55852620e-01 0.00000000e+00
      vertex 1.12500000e+00 1.56698730e-01 0.00000000e+00
      vertex 1.12500000e+00 1.56698730e-01 1.00000000e-01
    endloop
  endfacet
  facet normal 4.84809620e-01 -8.74619707e-01 0.00000000e+00
    outer loop
      vertex 1.12347358e+00 1.55852620e-01 0.00000000e+00
      vertex 1.12500000e+00 1.56698730e-01 1.00000000e-01
      vertex 1.12347358e+00 1.55852620e-01 1.00000000e-01
    endloop
  endfacet
  facet normal 5.15038075e-01 -8.57167301e-01 0.00000000e+00
    outer loop
      vertex 1.12500000e+00 1.56698730e-01 0.00000000e+00
      vertex 1.12649596e+00 1.57597595e-01 0.00000000e+00
      vertex 1.12649596e+00 1.57597595e-01 1.00000000e-01
    endloop
  endfacet
  facet normal 5.15038075e-01 -8.57167301e-01 0.00000000e+00
    outer loop
      vertex 1.12500000e+00 1.56698730e-01 0.00000000e+00
      vertex 1.12649596e+00 1.57597595e-01 1.00000000e-01
      vertex 1.12500000e+00 1.56698730e-01 1.00000000e-01
    endloop
  endfacet
  facet normal 5.44639035e-01 -8.38670568e-01 0.00000000e+00
    outer loop
      vertex 1.12649596e+00 1.57597595e-01 0.00000000e+00
      vertex 1.12795965e+00 1.58548121e-01 0.00000000e+00
      vertex 1.12795965e+00 1.58548121e-01 1.00000000e-01
    endloop
  endfacet
  facet normal 5.44639035e-01 -8.38670568e-01 0.00000000e+00
    outer loop
      vertex 1.12649596e+00 1.57597595e-01 0.00000000e+00
      vertex 1.12795965e+00 1.58548121e-01 1.00000000e-01
      vertex 1.12649596e+00 1.57597595e-01 1.00000000e-01
    endloop
  endfacet
  facet normal 5.73576436e-01 -8.19152044e-01 0.00000000e+00
    outer loop
      vertex 1.12795965e+00 1.58548121e-01 0.00000000e+00
      vertex 1.12938926e+00 1.59549150e-01 0.00000000e+00
      vertex 1.12938926e+00 1.59549150e-01 1.00000000e-01
    endloop
  endfacet
  facet normal 5.73576436e-01 -8.19152044e-01 0.00000000e+00
    outer loop
      vertex 1.12795965e+00 1.58548121e-01 0.00000000e+00
      vertex 1.12938926e+00 1.59549150e-01 1.00000000e-01
      vertex 1.12795965e+00 1.58548121e-01 1.00000000e-01
    endloop
  endfacet
  facet normal 6.01815023e-01 -7.98635510e-01 0.00000000e+00
    outer loop
      vertex 1.12938926e+00 1.59549150e-01 0.00000000e+00
      vertex 1.13078307e+00 1.60599462e-01 0.00000000e+00
      vertex 1.13078307e+00 1.60599462e-01 1.00000000e-01
    endloop
  endfacet
  facet normal 6.01815023e-01 -7.98635510e-01 0.00000000e+00
    outer loop
      vertex 1.12938926e+00 1.59549150e-01 0.00000000e+00
      vertex 1.13078307e+00 1.60599462e-01 1.00000000e-01
      vertex 1.12938926e+00 1.59549150e-01 1.00000000e-01
    endloop
  endfacet
  facet normal 6.29320391e-01 -7.77145961e-01 0.00000000e+00
    outer loop
      vertex 1.13078307e+00 1.60599462e-01 0.00000000e+00
      vertex 1.13213938e+00 1.61697778e-01 0.00000000e+00
      vertex 1.13213938e+00 1.61697778e-01 1.00000000e-01
    endloop
  endfacet
  facet normal 6.29320391e-01 -7.77145961e-01 0.00000000e+00
    outer loop
      vertex 1.13078307e+00 1.60599462e-01 0.00000000e+00
      vertex 1.13213938e+00 1.61697778e-01 1.00000000e-01
      vertex 1.13078307e+00 1.60599462e-01 1.00000000e-01
    endloop
  endfacet
  facet normal 6.56059029e-01 -7.54709580e-01 0.00000000e+00
    outer loop
      vertex 1.13213938e+00 1.61697778e-01 0.00000000e+00
      vertex 1.13345653e+00 1.62842759e-01 0.00000000e+00
      vertex 1.13345653e+00 1.62842759e-01 1.00000000e-01
    endloop
  endfacet
  facet normal 6.56059029e-01 -7.54709580e-01 0.00000000e+00
    outer loop
      vertex 1.13213938e+00 1.61697778e-01 0.00000000e+00
      vertex 1.13345653e+00 1.62842759e-01 1.00000000e-01
      vertex 1.13213938e+00 1.61697778e-01 1.00000000e-01
    endloop
  endfacet
  facet normal 6.81998360e-01 -7.31353702e-01 0.00000000e+00
    outer loop
      vertex 1.13345653e+00 1.62842759e-01 0.00000000e+00
      vertex 1.13473292e+00 1.64033010e-01 0.00000000e+00
      vertex 1.13473292e+00 1.64033010e-01 1.00000000e-01
    endloop
  endfacet
  facet normal 6.81998360e-01 -7.31353702e-01 0.00000000e+00
    outer loop
      vertex 1.13345653e+00 1.62842759e-01 0.00000000e+00
      vertex 1.13473292e+00 1.64033010e-01 1.00000000e-01
      vertex 1.13345653e+00 1.62842759e-01 1.00000000e-01
    endloop
  endfacet
  facet normal 7.07106781e-01 -7.07106781e-01 0.00000000e+00
    outer loop
      vertex 1.13473292e+00 1.64033010e-01 0.00000000e+00
      vertex 1.13596699e+00 1.65267081e-01 0.00000000e+00
      vertex 1.13596699e+00 1.65267081e-01 1.00000000e-01
    endloop
  endfacet
  facet normal 7.07106781e-01 -7.07106781e-01 0.00000000e+00
    outer loop
      vertex 1.13473292e+00 1.64033010e-01 0.00000000e+00
      vertex 1.13596699e+00 1.65267081e-01 1.00000000e-01
      vertex 1.13473292e+00 1.64033010e-01 1.00000000e-01
    endloop
  endfacet
  facet normal 7.31353702e-01 -6.81998360e-01 0.00000000e+00
    outer loop
      vertex 1.13596699e+00 1.65267081e-01 0.00000000e+00
      vertex 1.13715724e+00 1.66543470e-01 0.00000000e+00
      vertex 1.13715724e+00 1.66543470e-01 1.00000000e-01
    endloop
  endfacet
  facet normal 7.31353702e-01 -6.81998360e-01 0.00000000e+00
    outer loop
      vertex 1.13596699e+00 1.65267081e-01 0.00000000e+00
      vertex 1.13715724e+00 1.66543470e-01 1.00000000e-01
      vertex 1.13596699e+00 1.65267081e-01 1.00000000e-01
    endloop
  endfacet
  facet normal 7.54709580e-01 -6.56059029e-01 0.00000000e+00
    outer loop
      vertex 1.13715724e+00 1.66543470e-01 0.00000000e+00
      vertex 1.13830222e+00 1.67860620e-01 0.00000000e+00
      vertex 1.13830222e+00 1.67860620e-01 1.00000000e-01
    endloop
  endfacet
  facet normal 7.54709580e-01 -6.56059029e-01 0.00000000e+00
    outer loop
      vertex 1.13715724e+00 1.66543470e-01 0.00000000e+00
      vertex 1.13830222e+00 1.67860620e-01 1.00000000e-01
      vertex 1.13715724e+00 1.66543470e-01 1.00000000e-01
    endloop
  endfacet
  facet normal 7.77145961e-01 -6.29320391e-01 0.00000000e+00
    outer loop
      vertex 1.13830222e+00 1.67860620e-01 0.00000000e+00
      vertex 1.13940054e+00 1.69216926e-01 0.00000000e+00
      vertex 1.13940054e+00 1.69216926e-01 1.00000000e-01
    endloop
  endfacet
  facet normal 7.77145961e-01 -6.29320391e-01 0.00000000e+00
    outer loop
      vertex 1.13830222e+00 1.67860620e-01 0.00000000e+00
      vertex 1.13940054e+00 1.69216926e-01 1.00000000e-01
      vertex 1.13830222e+00 1.67860620e-01 1.00000000e-01
    endloop
  endfacet
  facet normal 7.98635510e-01 -6.01815023e-01 0.00000000e+00
    outer loop
      vertex 1.13940054e+00 1.69216926e-01 0.00000000e+00
      vertex 1.14045085e+00 1.70610737e-01 0.00000000e+00
      vertex 1.14045085e+00 1.70610737e-01 1.00000000e-01
    endloop
  endfacet
  facet normal 7.98635510e-01 -6.01815023e-01 0.00000000e+00
    outer loop
      vertex 1.13940054e+00 1.69216926e-01 0.00000000e+00
      vertex 1.14045085e+00 1.70610737e-01 1.00000000e-01
      vertex 1.13940054e+00 1.69216926e-01 1.00000000e-01
    endloop
  endfacet
  facet normal 8.19152044e-01 -5.73576436e-01 0.00000000e+00
    outer loop
      vertex 1.14045085e+00 1.70610737e-01 0.00000000e+00
      vertex 1.14145188e+00 1.72040355e-01 0.00000000e+00
      vertex 1.14145188e+00 1.72040355e-01 1.00000000e-01
    endloop
  endfacet
  facet normal 8.19152044e-01 -5.73576436e-01 0.00000000e+00
    outer loop
      vertex 1.14045085e+00 1.70610737e-01 0.00000000e+00
      vertex 1.14145188e+00 1.72040355e-01 1.00000000e-01
      vertex 1.14045085e+00 1.70610737e-01 1.00000000e-01
    endloop
  endfacet
  facet normal 8.38670568e-01 -5.44639035e-01 0.00000000e+00
    outer loop
      vertex 1.14145188e+00 1.72040355e-01 0.00000000e+00
      vertex 1.14240240e+00 1.73504037e-01 0.00000000e+00
      vertex 1.14240240e+00 1.73504037e-01 1.00000000e-01
    endloop
  endfacet
  facet normal 8.38670568e-01 -5.44639035e-01 0.00000000e+00
    outer loop
      vertex 1.14145188e+00 1.72040355e-01 0.00000000e+00
      vertex 1.14240240e+00 1.73504037e-01 1.00000000e-01
      vertex 1.14145188e+00 1.72040355e-01 1.00000000e-01
    endloop
  endfacet
  facet normal 8.57167301e-01 -5.15038075e-01 0.00000000e+00
    outer loop
      vertex 1.14240240e+00 1.73504037e-01 0.00000000e+00
      vertex 1.14330127e+00 1.75000000e-01 0.00000000e+00
      vertex 1.14330127e+00 1.75000000e-01 1.00000000e-01
    endloop
  endfacet
  facet normal 8.57167301e-01 -5.15038075e-01 0.00000000e+00
    outer loop
      vertex 1.14240240e+00 1.73504037e-01 0.00000000e+00
      vertex 1.14330127e+00 1.75000000e-01 1.00000000e-01
      vertex 1.14240240e+00 1.73504037e-01 1.00000000e-01
    endloop
  endfacet
  facet normal 8.74619707e-01 -4.84809620e-01 0.00000000e+00
    outer loop
      vertex 1.14330127e+00 1.75000000e-01 0.00000000e+00
      vertex 1.14414738e+00 1.76526422e-01 0.00000000e+00
      vertex 1.14414738e+00 1.76526422e-01 1.00000000e-01
    endloop
  endfacet
  facet normal 8.74619707e-01 -4.84809620e-01 0.00000000e+00
    outer loop
      vertex 1.14330127e+00 1.75000000e-01 0.00000000e+00
      vertex 1.14414738e+00 1.76526422e-01 1.00000000e-01
      vertex 1.14330127e+00 1.75000000e-01 1.00000000e-01
    endloop
  endfacet
  facet normal 8.91006524e-01 -4.53990500e-01 0.00000000e+00
    outer loop
      vertex 1.14414738e+00 1.76526422e-01 0.00000000e+00
      vertex 1.14493970e+00 1.78081443e-01 0.00000000e+00
      vertex 1.14493970e+00 1.78081443e-01 1.00000000e-01
    endloop
  endfacet
  facet normal 8.91006524e-01 -4.53990500e-01 0.00000000e+00
    outer loop
      vertex 1.14414738e+00 1.76526422e-01 0.00000000e+00
      vertex 1.14493970e+00 1.78081443e-01 1.00000000e-01
      vertex 1.14414738e+00 1.76526422e-01 1.00000000e-01
    endloop
  endfacet
  facet normal 9.06307787e-01 -4.22618262e-01 0.00000000e+00
    outer loop
      vertex 1.14493970e+00 1.78081443e-01 0.00000000e+00
      vertex 1.14567727e+00 1.79663168e-01 0.00000000e+00
      vertex 1.14567727e+00 1.79663168e-01 1.00000000e-01
    endloop
  endfacet
  facet normal 9.06307787e-01 -4.22618262e-01 0.00000000e+00
    outer loop
      vertex 1.14493970e+00 1.78081443e-01 0.00000000e+00
      vertex 1.14567727e+00 1.79663168e-01 1.00000000e-01
      vertex 1.14493970e+00 1.78081443e-01 1.00000000e-01
    endloop
  endfacet
  facet normal 9.20504853e-01 -3.90731128e-01 0.00000000e+00
    outer loop
      vertex 1.14567727e+00 1.79663168e-01 0.00000000e+00
      vertex 1.14635919e+00 1.81269670e-01 0.00000000e+00
      vertex 1.14635919e+00 1.81269670e-01 1.00000000e-01
    endloop
  endfacet
  facet normal 9.20504853e-01 -3.90731128e-01 0.00000000e+00
    outer loop
      vertex 1.14567727e+00 1.79663168e-01 0.00000000e+00
      vertex 1.14635919e+00 1.81269670e-01 1.00000000e-01
      vertex 1.14567727e+00 1.79663168e-01 1.00000000e-01
    endloop
  endfacet
  facet normal 9.33580426e-01 -3.58367950e-01 0.00000000e+00
    outer loop
      vertex 1.14635919e+00 1.81269670e-01 0.00000000e+00
      vertex 1.14698463e+00 1.82898993e-01 0.00000000e+00
      vertex 1.14698463e+00 1.82898993e-01 1.00000000e-01
    endloop
  endfacet
  facet normal 9.33580426e-01 -3.58367950e-01 0.00000000e+00
    outer loop
      vertex 1.14635919e+00 1.81269670e-01 0.00000000e+00
      vertex 1.14698463e+00 1.82898993e-01 1.00000000e-01
      vertex 1.14635919e+00 1.81269670e-01 1.00000000e-01
    endloop
  endfacet
  facet normal 9.45518576e-01 -3.25568154e-01 0.00000000e+00
    outer loop
      vertex 1.14698463e+00 1.82898993e-01 0.00000000e+00
      vertex 1.14755283e+00 1.84549150e-01 0.00000000e+00
      vertex 1.14755283e+00 1.84549150e-01 1.00000000e-01
    endloop
  endfacet
  facet normal 9.45518576e-01 -3.25568154e-01 0.00000000e+00
    outer loop
      vertex 1.14698463e+00 1.82898993e-01 0.00000000e+00
      vertex 1.14755283e+00 1.84549150e-01 1.00000000e-01
      vertex 1.14698463e+00 1.82898993e-01 1.00000000e-01
    endloop
  endfacet
  facet normal 9.56304756e-01 -2.92371705e-01 0.00000000e+00
    outer loop
      vertex 1.14755283e+00 1.84549150e-01 0.00000000e+00
      vertex 1.14806308e+00 1.86218132e-01 0.00000000e+00
      vertex 1.14806308e+00 1.86218132e-01 1.00000000e-01
    endloop
  endfacet
  facet normal 9.56304756e-01 -2.92371705e-01 0.00000000e+00
    outer loop
      vertex 1.14755283e+00 1.84549150e-01 0.00000000e+00
      vertex 1.14806308e+00 1.86218132e-01 1.00000000e-01
      vertex 1.14755283e+00 1.84549150e-01 1.00000000e-01
    endloop
  endfacet
  facet normal 9.65925826e-01 -2.58819045e-01 0.00000000e+00
    outer loop
      vertex 1.14806308e+00 1.86218132e-01 0.00000000e+00
      vertex 1.14851479e+00 1.87903905e-01 0.00000000e+00
      vertex 1.14851479e+00 1.87903905e-01 1.00000000e-01
    endloop
  endfacet
  facet normal 9.65925826e-01 -2.58819045e-01 0.00000000e+00
    outer loop
      vertex 1.14806308e+00 1.86218132e-01 0.00000000e+00
      vertex 1.14851479e+00 1.87903905e-01 1.00000000e-01
      vertex 1.14806308e+00 1.86218132e-01 1.00000000e-01
    endloop
  endfacet
  facet normal 9.74370065e-01 -2.24951054e-01 0.00000000e+00
    outer loop
      vertex 1.14851479e+00 1.87903905e-01 0.00000000e+00
      vertex 1.14890738e+00 1.89604415e-01 0.00000000e+00
      vertex 1.14890738e+00 1.89604415e-01 1.00000000e-01
    endloop
  endfacet
  facet normal 9.74370065e-01 -2.24951054e-01 0.00000000e+00
    outer loop
      vertex 1.14851479e+00 1.87903905e-01 0.00000000e+00
      vertex 1.14890738e+00 1.89604415e-01 1.00000000e-01
      vertex 1.14851479e+00 1.87903905e-01 1.00000000e-01
    endloop
  endfacet
  facet normal 9.81627183e-01 -1.90808995e-01 0.00000000e+00
    outer loop
      vertex 1.14890738e+00 1.89604415e-01 0.00000000e+00
      vertex 1.14924039e+00 1.91317591e-01 0.00000000e+00
      vertex 1.14924039e+00 1.91317591e-01 1.00000000e-01
    endloop
  endfacet
  facet normal 9.81627183e-01 -1.90808995e-01 0.00000000e+00
    outer loop
      vertex 1.14890738e+00 1.89604415e-01 0.00000000e+00
      vertex 1.14924039e+00 1.91317591e-01 1.00000000e-01
      vertex 1.14890738e+00 1.89604415e-01 1.00000000e-01
    endloop
  endfacet
  facet normal 9.87688341e-01 -1.56434465e-01 0.00000000e+00
    outer loop
      vertex 1.14924039e+00 1.91317591e-01 0.00000000e+00
      vertex 1.14951340e+00 1.93041345e-01 0.00000000e+00
      vertex 1.14951340e+00 1.93041345e-01 1.00000000e-01
    endloop
  endfacet
  facet normal 9.87688341e-01 -1.56434465e-01 0.00000000e+00
    outer loop
      vertex 1.14924039e+00 1.91317591e-01 0.00000000e+00
      vertex 1.14951340e+00 1.93041345e-01 1.00000000e-01
      vertex 1.14924039e+00 1.91317591e-01 1.00000000e-01
    endloop
  endfacet
  facet normal 9.92546152e-01 -1.21869343e-01 0.00000000e+00
    outer loop
      vertex 1.14951340e+00 1.93041345e-01 0.00000000e+00
      vertex 1.14972609e+00 1.94773577e-01 0.00000000e+00
      vertex 1.14972609e+00 1.94773577e-01 1.00000000e-01
    endloop
  endfacet
  facet normal 9.92546152e-01 -1.21869343e-01 0.00000000e+00
    outer loop
      vertex 1.14951340e+00 1.93041345e-01 0.00000000e+00
      vertex 1.14972609e+00 1.94773577e-01 1.00000000e-01
      vertex 1.14951340e+00 1.93041345e-01 1.00000000e-01
    endloop
  endfacet
  facet normal 9.96194698e-01 -8.71557427e-02 0.00000000e+00
    outer loop
      vertex 1.14972609e+00 1.94773577e-01 0.00000000e+00
      vertex 1.14987820e+00 1.96512176e-01 0.00000000e+00
      vertex 1.14987820e+00 1.96512176e-01 1.00000000e-01
    endloop
  endfacet
  facet normal 9.96194698e-01 -8.71557427e-02 0.00000000e+00
    outer loop
      vertex 1.14972609e+00 1.94773577e-01 0.00000000e+00
      vertex 1.14987820e+00 1.96512176e-01 1.00000000e-01
      vertex 1.14972609e+00 1.94773577e-01 1.00000000e-01
    endloop
  endfacet
  facet normal 9.98629535e-01 -5.23359562e-02 0.00000000e+00
    outer loop
      vertex 1.14987820e+00 1.96512176e-01 0.00000000e+00
      vertex 1.14996954e+00 1.98255025e-01 0.00000000e+00
      vertex 1.14996954e+00 1.98255025e-01 1.00000000e-01
    endloop
  endfacet
  facet normal 9.98629535e-01 -5.23359562e-02 0.00000000e+00
    outer loop
      vertex 1.14987820e+00 1.96512176e-01 0.00000000e+00
      vertex 1.14996954e+00 1.98255025e-01 1.00000000e-01
      vertex 1.14987820e+00 1.96512176e-01 1.00000000e-01
    endloop
  endfacet
  facet normal 9.99847695e-01 -1.74524064e-02 0.00000000e+00
    outer loop
      vertex 1.14996954e+00 1.98255025e-01 0.00000000e+00
      vertex 1.15000000e+00 2.00000000e-01 0.00000000e+00
      vertex 1.15000000e+00 2.00000000e-01 1.00000000e-01
    endloop
  endfacet
  facet normal 9.99847695e-01 -1.74524064e-02 0.00000000e+00
    outer loop
      vertex 1.14996954e+00 1.98255025e-01 0.00000000e+00
      vertex 1.15000000e+00 2.00000000e-01 1.00000000e-01
      vertex 1.14996954e+00 1.98255025e-01 1.00000000e-01
    endloop
  endfacet
  facet normal 0.00000000e+00 0.00000000e+00 -1.00000000e+00
    outer loop
      vertex 1.10000000e+00 2.00000000e-01 0.00000000e+00
      vertex 1.14996954e+00 2.01744975e-01 0.00000000e+00
      vertex 1.15000000e+00 2.00000000e-01 0.00000000e+00
    endloop
  endfacet
  facet normal 0.00000000e+00 0.00000000e+00 -1.00000000e+00
    outer loop
      vertex 1.10000000e+00 2.00000000e-01 0.00000000e+00
      vertex 1.14987820e+00 2.03487824e-01 0.00000000e+00
      vertex 1.14996954e+00 2.01744975e-01 0.00000000e+00
    endloop
  endfacet
  facet normal 0.00000000e+00 0.00000000e+00 -1.00000000e+00
    outer loop
      vertex 1.10000000e+00 2.00000000e-01 0.00000000e+00
      vertex 1.14972609e+00 2.05226423e-01 0.00000000e+00
      vertex 1.14987820e+00 2.03487824e-01 0.00000000e+00
    endloop
  endfacet
  facet normal 0.00000000e+00 0.00000000e+00 -1.00000000e+00
    outer loop
      vertex 1.10000000e+00 2.00000000e-01 0.00000000e+00
      vertex 1.14951340e+00 2.06958655e-01 0.00000000e+00
      vertex 1.14972609e+00 2.05226423e-01 0.00000000e+00
    endloop
  endfacet
  facet normal 0.00000000e+00 0.00000000e+00 -1.00000000e+00
    outer loop
      vertex 1.10000000e+00 2.00000000e-01 0.00000000e+00
      vertex 1.14924039e+00 2.08682409e-01 0.00000000e+00
      vertex 1.14951340e+00 2.06958655e-01 0.00000000e+00
    endloop
  endfacet
  facet normal 0.00000000e+00 0.00000000e+00 -1.00000000e+00
    outer loop
      vertex 1.10000000e+00 2.00000000e-01 0.00000000e+00
      vertex 1.14890738e+00 2.10395585e-01 0.00000000e+00
      vertex 1.14924039e+00 2.08682409e-01 0.00000000e+00
    endloop
  endfacet
  facet normal 0.00000000e+00 0.00000000e+00 -1.00000000e+00
    outer loop
      vertex 1.10000000e+00 2.00000000e-01 0.00000000e+00
      vertex 1.14851479e+00 2.12096095e-01 0.00000000e+00
      vertex 1.14890738e+00 2.10395585e-01 0.00000000e+00
    endloop
  endfacet
  facet normal 0.00000000e+00 0.00000000e+00 -1.00000000e+00
    outer loop
      vertex 1.10000000e+00 2.00000000e-01 0.00000000e+00
      vertex 1.14806308e+00 2.13781868e-01 0.00000000e+00
      vertex 1.14851479e+00 2.12096095e-01 0.00000000e+00
    endloop
  endfacet
  facet normal 0.00000000e+00 0.00000000e+00 -1.00000000e+00
    outer loop
      vertex 1.10000000e+00 2.00000000e-01 0.00000000e+00
      vertex 1.14755283e+00 2.15450850e-01 0.00000000e+00
      vertex 1.14806308e+00 2.13781868e-01 0.00000000e+00
    endloop
  endfacet
  facet normal 0.00000000e+00 0.00000000e+00 -1.00000000e+00
    outer loop
      vertex 1.10000000e+00 2.00000000e-01 0.00000000e+00
      vertex 1.14698463e+00 2.17101007e-01 0.00000000e+00
      vertex 1.14755283e+00 2.15450850e-01 0.00000000e+00
    endloop
  endfacet
  facet normal 0.00000000e+00 0.00000000e+00 -1.00000000e+00
    outer loop
      vertex 1.10000000e+00 2.00000000e-01 0.00000000e+00
      vertex 1.14635919e+00 2.18730330e-01 0.00000000e+00
      vertex 1.14698463e+00 2.17101007e-01 0.00000000e+00
    endloop
  endfacet
  facet normal 0.00000000e+00 0.00000000e+00 -1.00000000e+00
    outer loop
      vertex 1.10000000e+00 2.00000000e-01 0.00000000e+00
      vertex 1.14567727e+00 2.20336832e-01 0.00000000e+00
      vertex 1.14635919e+00 2.18730330e-01 0.00000000e+00
    endloop
  endfacet
  facet normal 0.00000000e+00 0.00000000e+00 -1.00000000e+00
    outer loop
      vertex 1.10000000e+00 2.00000000e-01 0.00000000e+00
      vertex 1.14493970e+00 2.21918557e-01 0.00000000e+00
      vertex 1.14567727e+00 2.20336832e-01 0.00000000e+00
    endloop
  endfacet
  facet normal 0.00000000e+00 0.00000000e+00 -1.00000000e+00
    outer loop
      vertex 1.10000000e+00 2.00000000e-01 0.00000000e+00
      vertex 1.14414738e+00 2.23473578e-01 0.00000000e+00
      vertex 1.14493970e+00 2.21918557e-01 0.00000000e+00
    endloop
  endfacet
  facet normal 0.00000000e+00 0.00000000e+00 -1.00000000e+00
    outer loop
      vertex 1.10000000e+00 2.00000000e-01 0.00000000e+00
      vertex 1.14330127e+00 2.25000000e-01 0.00000000e+00
      vertex 1.14414738e+00 2.23473578e-01 0.00000000e+00
    endloop
  endfacet
  facet normal 0.00000000e+00 0.00000000e+00 -1.00000000e+00
    outer loop
      vertex 1.10000000e+00 2.00000000e-01 0.00000000e+00
      vertex 1.14240240e+00 2.26495963e-01 0.00000000e+00
      vertex 1.14330127e+00 2.25000000e-01 0.00000000e+00
    endloop
  endfacet
  facet normal 0.00000000e+00 0.00000000e+00 -1.00000000e+00
    outer loop
      vertex 1.10000000e+00 2.00000000e-01 0.00000000e+00
      vertex 1.14145188e+00 2.27959645e-01 0.00000000e+00
      vertex 1.14240240e+00 2.26495963e-01 0.00000000e+00
    endloop
  endfacet
  facet normal 0.00000000e+00 0.00000000e+00 -1.00000000e+00
    outer loop
      vertex 1.10000000e+00 2.00000000e-01 0.00000000e+00
      vertex 1.14045085e+00 2.29389263e-01 0.00000000e+00
      vertex 1.14145188e+00 2.27959645e-01 0.00000000e+00
    endloop
  endfacet
  facet normal 0.00000000e+00 0.00000000e+00 -1.00000000e+00
    outer loop
      vertex 1.10000000e+00 2.00000000e-01 0.00000000e+00
      vertex 1.13940054e+00 2.30783074e-01 0.00000000e+00
      vertex 1.14045085e+00 2.29389263e-01 0.00000000e+00
    endloop
  endfacet
  facet normal 0.00000000e+00 0.00000000e+00 -1.00000000e+00
    outer loop
      vertex 1.10000000e+00 2.00000000e-01 0.00000000e+00
      vertex 1.13830222e+00 2.32139380e-01 0.00000000e+00
      vertex 1.13940054e+00 2.30783074e-01 0.00000000e+00
    endloop
  endfacet
  facet normal 0.00000000e+00 0.00000000e+00 -1.00000000e+00
    outer loop
      vertex 1.10000000e+00 2.00000000e-01 0.00000000e+00
      vertex 1.13715724e+00 2.33456530e-01 0.00000000e+00
      vertex 1.13830222e+00 2.32139380e-01 0.00000000e+00
    endloop
  endfacet
  facet normal 0.00000000e+00 0.00000000e+00 -1.00000000e+00
    outer loop
      vertex 1.10000000e+00 2.00000000e-01 0.00000000e+00
      vertex 1.13596699e+00 2.34732919e-01 0.00000000e+00
      vertex 1.13715724e+00 2.33456530e-01 0.00000000e+00
    endloop
  endfacet
  facet normal 0.00000000e+00 0.00000000e+00 -1.00000000e+00
    outer loop
      vertex 1.10000000e+00 2.00000000e-01 0.00000000e+00
      vertex 1.13473292e+00 2.35966990e-01 0.00000000e+00
      vertex 1.13596699e+00 2.34732919e-01 0.00000000e+00
    endloop
  endfacet
  facet normal 0.00000000e+00 0.00000000e+00 -1.00000000e+00
    outer loop
      vertex 1.10000000e+00 2.00000000e-01 0.00000000e+00
      vertex 1.13345653e+00 2.37157241e-01 0.00000000e+00
      vertex 1.13473292e+00 2.35966990e-01 0.00000000e+00
    endloop
  endfacet
  facet normal 0.00000000e+00 0.00000000e+00 -1.00000000e+00
    outer loop
      vertex 1.10000000e+00 2.00000000e-01 0.00000000e+00
      vertex 1.13213938e+00 2.38302222e-01 0.00000000e+00
      vertex 1.13345653e+00 2.37157241e-01 0.00000000e+00
    endloop
  endfacet
  facet normal 0.00000000e+00 0.00000000e+00 -1.00000000e+00
    outer loop
      vertex 1.10000000e+00 2.00000000e-01 0.00000000e+00
      vertex 1.13078307e+00 2.39400538e-01 0.00000000e+00
      vertex 1.13213938e+00 2.38302222e-01 0.00000000e+00
    endloop
  endfacet
  facet normal 0.00000000e+00 0.00000000e+00 -1.00000000e+00
    outer loop
      vertex 1.10000000e+00 2.00000000e-01 0.00000000e+00
      vertex 1.12938926e+00 2.40450850e-01 0.00000000e+00
      vertex 1.13078307e+00 2.39400538e-01 0.00000000e+00
    endloop
  endfacet
  facet normal 0.00000000e+00 0.00000000e+00 -1.00000000e+00
    outer loop
      vertex 1.10000000e+00 2.00000000e-01 0.00000000e+00
      vertex 1.12795965e+00 2.41451879e-01 0.00000000e+00
      vertex 1.12938926e+00 2.40450850e-01 0.00000000e+00
    endloop
  endfacet
  facet normal 0.00000000e+00 0.00000000e+00 -1.00000000e+00
    outer loop
      vertex 1.10000000e+00 2.00000000e-01 0.00000000e+00
      vertex 1.12649596e+00 2.42402405e-01 0.00000000e+00
      vertex 1.12795965e+00 2.41451879e-01 0.00000000e+00
    endloop
  endfacet
  facet normal 0.00000000e+00 0.00000000e+00 -1.00000000e+00
    outer loop
      vertex 1.10000000e+00 2.00000000e-01 0.00000000e+00
      vertex 1.12500000e+00 2.43301270e-01 0.00000000e+00
      vertex 1.12649596e+00 2.42402405e-01 0.00000000e+00
    endloop
  endfacet
  facet normal 0.00000000e+00 0.00000000e+00 -1.00000000e+00
    outer loop
      vertex 1.10000000e+00 2.00000000e-01 0.00000000e+00
      vertex 1.12347358e+00 2.44147380e-01 0.00000000e+00
      vertex 1.12500000e+00 2.43301270e-01 0.00000000e+00
    endloop
  endfacet
  facet normal 0.00000000e+00 0.00000000e+00 -1.00000000e+00
    outer loop
      vertex 1.10000000e+00 2.00000000e-01 0.00000000e+00
      vertex 1.12191856e+00 2.44939702e-01 0.00000000e+00
      vertex 1.12347358e+00 2.44147380e-01 0.00000000e+00
    endloop
  endfacet
  facet normal 0.00000000e+00 0.00000000e+00 -1.00000000e+00
    outer loop
      vertex 1.10000000e+00 2.00000000e-01 0.00000000e+00
      vertex 1.12033683e+00 2.45677273e-01 0.00000000e+00
      vertex 1.12191856e+00 2.44939702e-01 0.00000000e+00
    endloop
  endfacet
  facet normal 0.00000000e+00 0.00000000e+00 -1.00000000e+00
    outer loop
      vertex 1.10000000e+00 2.00000000e-01 0.00000000e+00
      vertex 1.11873033e+00 2.46359193e-01 0.00000000e+00
      vertex 1.12033683e+00 2.45677273e-01 0.00000000e+00
    endloop
  endfacet
  facet normal 0.00000000e+00 0.00000000e+00 -1.00000000e+00
    outer loop
      vertex 1.10000000e+00 2.00000000e-01 0.00000000e+00
      vertex 1.11710101e+00 2.46984631e-01 0.00000000e+00
      vertex 1.11873033e+00 2.46359193e-01 0.00000000e+00
    endloop
  endfacet
  facet normal 0.00000000e+00 0.00000000e+00 -1.00000000e+00
    outer loop
      vertex 1.10000000e+00 2.00000000e-01 0.00000000e+00
      vertex 1.11545085e+00 2.47552826e-01 0.00000000e+00
      vertex 1.11710101e+00 2.46984631e-01 0.00000000e+00
    endloop
  endfacet
  facet normal 0.00000000e+00 0.00000000e+00 -1.00000000e+00
    outer loop
      vertex 1.10000000e+00 2.00000000e-01 0.00000000e+00
      vertex 1.11378187e+00 2.48063085e-01 0.00000000e+00
      vertex 1.11545085e+00 2.47552826e-01 0.00000000e+00
    endloop
  endfacet
  facet normal 0.00000000e+00 0.00000000e+00 -1.00000000e+00
    outer loop
      vertex 1.10000000e+00 2.00000000e-01 0.00000000e+00
      vertex 1.11209609e+00 2.48514786e-01 0.00000000e+00
      vertex 1.11378187e+00 2.48063085e-01 0.00000000e+00
    endloop
  endfacet
  facet normal 0.00000000e+00 0.00000000e+00 -1.00000000e+00
    outer loop
      vertex 1.10000000e+00 2.00000000e-01 0.00000000e+00
      vertex 1.11039558e+00 2.48907380e-01 0.00000000e+00
      vertex 1.11209609e+00 2.48514786e-01 0.00000000e+00
    endloop
  endfacet
  facet normal 0.00000000e+00 0.00000000e+00 -1.00000000e+00
    outer loop
      vertex 1.10000000e+00 2.00000000e-01 0.00000000e+00
      vertex 1.10868241e+00 2.49240388e-01 0.00000000e+00
      vertex 1.11039558e+00 2.48907380e-01 0.00000000e+00
    endloop
  endfacet
  facet normal 0.00000000e+00 0.00000000e+00 -1.00000000e+00
    outer loop
      vertex 1.10000000e+00 2.00000000e-01 0.00000000e+00
      vertex 1.10695866e+00 2.49513403e-01 0.00000000e+00
      vertex 1.10868241e+00 2.49240388e-01 0.00000000e+00
    endloop
  endfacet
  facet normal 0.00000000e+00 0.00000000e+00 -1.00000000e+00
    outer loop
      vertex 1.10000000e+00 2.00000000e-01 0.00000000e+00
      vertex 1.10522642e+00 2.49726095e-01 0.00000000e+00
      vertex 1.10695866e+00 2.49513403e-01 0.00000000e+00
    endloop
  endfacet
  facet normal 0.00000000e+00 0.00000000e+00 -1.00000000e+00
    outer loop
      vertex 1.10000000e+00 2.00000000e-01 0.00000000e+00
      vertex 1.10348782e+00 2.49878203e-01 0.00000000e+00
      vertex 1.10522642e+00 2.49726095e-01 0.00000000e+00
    endloop
  endfacet
  facet normal 0.00000000e+00 0.00000000e+00 -1.00000000e+00
    outer loop
      vertex 1.10000000e+00 2.00000000e-01 0.00000000e+00
      vertex 1.10174497e+00 2.49969541e-01 0.00000000e+00
      vertex 1.10348782e+00 2.49878203e-01 0.00000000e+00
    endloop
  endfacet
  facet normal 0.00000000e+00 0.00000000e+00 -1.00000000e+00
    outer loop
      vertex 1.10000000e+00 2.00000000e-01 0.00000000e+00
      vertex 1.10000000e+00 2.50000000e-01 0.00000000e+00
      vertex 1.10174497e+00 2.49969541e-01 0.00000000e+00
    endloop
  endfacet
  facet normal 0.00000000e+00 0.00000000e+00 -1.00000000e+00
    outer loop
      vertex 1.10000000e+00 2.00000000e-01 0.00000000e+00
      vertex 1.09825503e+00 2.49969541e-01 0.00000000e+00
      vertex 1.10000000e+00 2.50000000e-01 0.00000000e+00
    endloop
  endfacet
  facet normal 0.00000000e+00 0.00000000e+00 -1.00000000e+00
    outer loop
      vertex 1.10000000e+00 2.00000000e-01 0.00000000e+00
      vertex 1.09651218e+00 2.49878203e-01 0.00000000e+00
      vertex 1.09825503e+00 2.49969541e-01 0.00000000e+00
    endloop
  endfacet
  facet normal 0.00000000e+00 0.00000000e+00 -1.00000000e+00
    outer loop
      vertex 1.10000000e+00 2.00000000e-01 0.00000000e+00
      vertex 1.09477358e+00 2.49726095e-01 0.00000000e+00
      vertex 1.09651218e+00 2.49878203e-01 0.00000000e+00
    endloop
  endfacet
  facet normal 0.00000000e+00 0.00000000e+00 -1.00000000e+00
    outer loop
      vertex 1.10000000e+00 2.00000000e-01 0.00000000e+00
      vertex 1.09304134e+00 2.49513403e-01 0.00000000e+00
      vertex 1.09477358e+00 2.49726095e-01 0.00000000e+00
    endloop
  endfacet
  facet normal 0.00000000e+00 0.00000000e+00 -1.00000000e+00
    outer loop
      vertex 1.10000000e+00 2.00000000e-01 0.00000000e+00
      vertex 1.09131759e+00 2.49240388e-01 0.00000000e+00
      vertex 1.09304134e+00 2.49513403e-01 0.00000000e+00
    endloop
  endfacet
  facet normal 0.00000000e+00 0.00000000e+00 -1.00000000e+00
    outer loop
      vertex 1.10000000e+00 2.00000000e-01 0.00000000e+00
      vertex 1.08960442e+00 2.48907380e-01 0.00000000e+00
      vertex 1.09131759e+00 2.49240388e-01 0.00000000e+00
    endloop
  endfacet
  facet normal 0.00000000e+00 0.00000000e+00 -1.00000000e+00
    outer loop
      vertex 1.10000000e+00 2.00000000e-01 0.00000000e+00
      vertex 1.08790391e+00 2.48514786e-01 0.00000000e+00
      vertex 1.08960442e+00 2.48907380e-01 0.00000000e+00
    endloop
  endfacet
  facet normal 0.00000000e+00 0.00000000e+00 -1.00000000e+00
    outer loop
      vertex 1.10000000e+00 2.00000000e-01 0.00000000e+00
      vertex 1.08621813e+00 2.48063085e-01 0.00000000e+00
      vertex 1.08790391e+00 2.48514786e-01 0.00000000e+00
    endloop
  endfacet
  facet normal 0.00000000e+00 0.00000000e+00 -1.00000000e+00
    outer loop
      vertex 1.10000000e+00 2.00000000e-01 0.00000000e+00
      vertex 1.08454915e+00 2.47552826e-01 0.00000000e+00
      vertex 1.08621813e+00 2.48063085e-01 0.00000000e+00
    endloop
  endfacet
  facet normal 0.00000000e+00 0.00000000e+00 -1.00000000e+00
    outer loop
      vertex 1.10000000e+00 2.00000000e-01 0.00000000e+00
      vertex 1.08289899e+00 2.46984631e-01 0.00000000e+00
      vertex 1.08454915e+00 2.47552826e-01 0.00000000e+00
    endloop
  endfacet
  facet normal 0.00000000e+00 0.00000000e+00 -1.00000000e+00
    outer loop
      vertex 1.10000000e+00 2.00000000e-01 0.00000000e+00
      vertex 1.08126967e+00 2.46359193e-01 0.00000000e+00
      vertex 1.08289899e+00 2.46984631e-01 0.00000000e+00
    endloop
  endfacet
  facet normal 0.00000000e+00 0.00000000e+00 -1.00000000e+00
    outer loop
      vertex 1.10000000e+00 2.00000000e-01 0.00000000e+00
      vertex 1.07966317e+00 2.45677273e-01 0.00000000e+00
      vertex 1.08126967e+00 2.46359193e-01 0.00000000e+00
    endloop
  endfacet
  facet normal 0.00000000e+00 0.00000000e+00 -1.00000000e+00
    outer loop
      vertex 1.10000000e+00 2.00000000e-01 0.00000000e+00
      vertex 1.07808144e+00 2.44939702e-01 0.00000000e+00
      vertex 1.07966317e+00 2.45677273e-01 0.00000000e+00
    endloop
  endfacet
  facet normal 0.00000000e+00 0.00000000e+00 -1.00000000e+00
    outer loop
      vertex 1.10000000e+00 2.00000000e-01 0.00000000e+00
      vertex 1.07652642e+00 2.44147380e-01 0.00000000e+00
      vertex 1.07808144e+00 2.44939702e-01 0.00000000e+00
    endloop
  endfacet
  facet normal 0.00000000e+00 0.00000000e+00 -1.00000000e+00
    outer loop
      vertex 1.10000000e+00 2.00000000e-01 0.00000000e+00
      vertex 1.07500000e+00 2.43301270e-01 0.00000000e+00
      vertex 1.07652642e+00 2.44147380e-01 0.00000000e+00
    endloop
  endfacet
  facet normal 0.00000000e+00 0.00000000e+00 -1.00000000e+00
    outer loop
      vertex 1.10000000e+00 2.00000000e-01 0.00000000e+00
      vertex 1.07350404e+00 2.42402405e-01 0.00000000e+00
      vertex 1.07500000e+00 2.43301270e-01 0.00000000e+00
    endloop
  endfacet
  facet normal 0.00000000e+00 0.00000000e+00 -1.00000000e+00
    outer loop
      vertex 1.10000000e+00 2.00000000e-01 0.00000000e+00
      vertex 1.07204035e+00 2.41451879e-01 0.00000000e+00
      vertex 1.07350404e+00 2.42402405e-01 0.00000000e+00
    endloop
  endfacet
  facet normal 0.00000000e+00 0.00000000e+00 -1.00000000e+00
    outer loop
      vertex 1.10000000e+00 2.00000000e-01 0.00000000e+00
      vertex 1.07061074e+00 2.40450850e-01 0.00000000e+00
      vertex 1.07204035e+00 2.41451879e-01 0.00000000e+00
    endloop
  endfacet
  facet normal 0.00000000e+00 0.00000000e+00 -1.00000000e+00
    outer loop
      vertex 1.10000000e+00 2.00000000e-01 0.00000000e+00
      vertex 1.06921693e+00 2.39400538e-01 0.00000000e+00
      vertex 1.07061074e+00 2.40450850e-01 0.00000000e+00
    endloop
  endfacet
  facet normal 0.00000000e+00 0.00000000e+00 -1.00000000e+00
    outer loop
      vertex 1.10000000e+00 2.00000000e-01 0.00000000e+00
      vertex 1.06786062e+00 2.38302222e-01 0.00000000e+00
      vertex 1.06921693e+00 2.39400538e-01 0.00000000e+00
    endloop
  endfacet
  facet normal 0.00000000e+00 0.00000000e+00 -1.00000000e+00
    outer loop
      vertex 1.10000000e+00 2.00000000e-01 0.00000000e+00
      vertex 1.06654347e+00 2.37157241e-01 0.00000000e+00
      vertex 1.06786062e+00 2.38302222e-01 0.00000000e+00
    endloop
  endfacet
  facet normal 0.00000000e+00 0.00000000e+00 -1.00000000e+00
    outer loop
      vertex 1.10000000e+00 2.00000000e-01 0.00000000e+00
      vertex 1.06526708e+00 2.35966990e-01 0.00000000e+00
      vertex 1.06654347e+00 2.37157241e-01 0.00000000e+00
    endloop
  endfacet
  facet normal 0.00000000e+00 0.00000000e+00 -1.00000000e+00
    outer loop
      vertex 1.10000000e+00 2.00000000e-01 0.00000000e+00
      vertex 1.06403301e+00 2.34732919e-01 0.00000000e+00
      vertex 1.06526708e+00 2.35966990e-01 0.00000000e+00
    endloop
  endfacet
  facet normal 0.00000000e+00 0.00000000e+00 -1.00000000e+00
    outer loop
      vertex 1.10000000e+00 2.00000000e-01 0.00000000e+00
      vertex 1.06284276e+00 2.33456530e-01 0.00000000e+00
      vertex 1.06403301e+00 2.34732919e-01 0.00000000e+00
    endloop
  endfacet
  facet normal 0.00000000e+00 0.00000000e+00 -1.00000000e+00
    outer loop
      vertex 1.10000000e+00 2.00000000e-01 0.00000000e+00
      vertex 1.06169778e+00 2.32139380e-01 0.00000000e+00
      vertex 1.06284276e+00 2.33456530e-01 0.00000000e+00
    endloop
  endfacet
  facet normal 0.00000000e+00 0.00000000e+00 -1.00000000e+00
    outer loop
      vertex 1.10000000e+00 2.00000000e-01 0.00000000e+00
      vertex 1.06059946e+00 2.30783074e-01 0.00000000e+00
      vertex 1.06169778e+00 2.32139380e-01 0.00000000e+00
    endloop
  endfacet
  facet normal 0.00000000e+00 0.00000000e+00 -1.00000000e+00
    outer loop
      vertex 1.10000000e+00 2.00000000e-01 0.00000000e+00
      vertex 1.05954915e+00 2.29389263e-01 0.00000000e+00
      vertex 1.06059946e+00 2.30783074e-01 0.00000000e+00
    endloop
  endfacet
  facet normal 0.00000000e+00 0.00000000e+00 -1.00000000e+00
    outer loop
      vertex 1.10000000e+00 2.00000000e-01 0.00000000e+00
      vertex 1.05854812e+00 2.27959645e-01 0.00000000e+00
      vertex 1.05954915e+00 2.29389263e-01 0.00000000e+00
    endloop
  endfacet
  facet normal 0.00000000e+00 0.00000000e+00 -1.00000000e+00
    outer loop
      vertex 1.10000000e+00 2.00000000e-01 0.00000000e+00
      vertex 1.05759760e+00 2.26495963e-01 0.00000000e+00
      vertex 1.05854812e+00 2.27959645e-01 0.00000000e+00
    endloop
  endfacet
  facet normal 0.00000000e+00 0.00000000e+00 -1.00000000e+00
    outer loop
      vertex 1.10000000e+00 2.00000000e-01 0.00000000e+00
      vertex 1.05669873e+00 2.25000000e-01 0.00000000e+00
      vertex 1.05759760e+00 2.26495963e-01 0.00000000e+00
    endloop
  endfacet
  facet normal 0.00000000e+00 0.00000000e+00 -1.00000000e+00
    outer loop
      vertex 1.10000000e+00 2.00000000e-01 0.00000000e+00
      vertex 1.05585262e+00 2.23473578e-01 0.00000000e+00
      vertex 1.05669873e+00 2.25000000e-01 0.00000000e+00
    endloop
  endfacet
  facet normal 0.00000000e+00 0.00000000e+00 -1.00000000e+00
    outer loop
      vertex 1.10000000e+00 2.00000000e-01 0.00000000e+00
      vertex 1.05506030e+00 2.21918557e-01 0.00000000e+00
      vertex 1.05585262e+00 2.23473578e-01 0.00000000e+00
    endloop
  endfacet
  facet normal 0.00000000e+00 0.00000000e+00 -1.00000000e+00
    outer loop
      vertex 1.10000000e+00 2.00000000e-01 0.00000000e+00
      vertex 1.05432273e+00 2.20336832e-01 0.00000000e+00
      vertex 1.05506030e+00 2.21918557e-01 0.00000000e+00
    endloop
  endfacet
  facet normal 0.00000000e+00 0.00000000e+00 -1.00000000e+00
    outer loop
      vertex 1.10000000e+00 2.00000000e-01 0.00000000e+00
      vertex 1.05364081e+00 2.18730330e-01 0.00000000e+00
      vertex 1.05432273e+00 2.20336832e-01 0.00000000e+00
    endloop
  endfacet
  facet normal 0.00000000e+00 0.00000000e+00 -1.00000000e+00
    outer loop
      vertex 1.10000000e+00 2.00000000e-01 0.00000000e+00
      vertex 1.05301537e+00 2.17101007e-01 0.00000000e+00
      vertex 1.05364081e+00 2.18730330e-01 0.00000000e+00
    endloop
  endfacet
  facet normal 0.00000000e+00 0.00000000e+00 -1.00000000e+00
    outer loop
      vertex 1.10000000e+00 2.00000000e-01 0.00000000e+00
      vertex 1.05244717e+00 2.15450850e-01 0.00000000e+00
      vertex 1.05301537e+00 2.17101007e-01 0.00000000e+00
    endloop
  endfacet
  facet normal 0.00000000e+00 0.00000000e+00 -1.00000000e+00
    outer loop
      vertex 1.10000000e+00 2.00000000e-01 0.00000000e+00
      vertex 1.05193692e+00 2.13781868e-01 0.00000000e+00
      vertex 1.05244717e+00 2.15450850e-01 0.00000000e+00
    endloop
  endfacet
  facet normal 0.00000000e+00 0.00000000e+00 -1.00000000e+00
    outer loop
      vertex 1.10000000e+00 2.00000000e-01 0.00000000e+00
      vertex 1.05148521e+00 2.12096095e-01 0.00000000e+00
      vertex 1.05193692e+00 2.13781868e-01 0.00000000e+00
    endloop
  endfacet
  facet normal 0.00000000e+00 0.00000000e+00 -1.00000000e+00
    outer loop
      vertex 1.10000000e+00 2.00000000e-01 0.00000000e+00
      vertex 1.05109262e+00 2.10395585e-01 0.00000000e+00
      vertex 1.05148521e+00 2.12096095e-01 0.00000000e+00
    endloop
  endfacet
  facet normal 0.00000000e+00 0.00000000e+00 -1.00000000e+00
    outer loop
      vertex 1.10000000e+00 2.00000000e-01 0.00000000e+00
      vertex 1.05075961e+00 2.08682409e-01 0.00000000e+00
      vertex 1.05109262e+00 2.10395585e-01 0.00000000e+00
    endloop
  endfacet
  facet normal 0.00000000e+00 0.00000000e+00 -1.00000000e+00
    outer loop
      vertex 1.10000000e+00 2.00000000e-01 0.00000000e+00
      vertex 1.05048660e+00 2.06958655e-01 0.00000000e+00
      vertex 1.05075961e+00 2.08682409e-01 0.00000000e+00
    endloop
  endfacet
  facet normal 0.00000000e+00 0.00000000e+00 -1.00000000e+00
    outer loop
      vertex 1.10000000e+00 2.00000000e-01 0.00000000e+00
      vertex 1.05027391e+00 2.05226423e-01 0.00000000e+00
      vertex 1.05048660e+00 2.06958655e-01 0.00000000e+00
    endloop
  endfacet
  facet normal 0.00000000e+00 0.00000000e+00 -1.00000000e+00
    outer loop
      vertex 1.10000000e+00 2.00000000e-01 0.00000000e+00
      vertex 1.05012180e+00 2.03487824e-01 0.00000000e+00
      vertex 1.05027391e+00 2.05226423e-01 0.00000000e+00
    endloop
  endfacet
  facet normal 0.00000000e+00 0.00000000e+00 -1.00000000e+00
    outer loop
      vertex 1.10000000e+00 2.00000000e-01 0.00000000e+00
      vertex 1.05003046e+00 2.01744975e-01 0.00000000e+00
      vertex 1.05012180e+00 2.03487824e-01 0.00000000e+00
    endloop
  endfacet
  facet normal 0.00000000e+00 0.00000000e+00 -1.00000000e+00
    outer loop
      vertex 1.10000000e+00 2.00000000e-01 0.00000000e+00
      vertex 1.05000000e+00 2.00000000e-01 0.00000000e+00
      vertex 1.05003046e+00 2.01744975e-01 0.00000000e+00
    endloop
  endfacet
  facet normal -0.00000000e+00 0.00000000e+00 -1.00000000e+00
    outer loop
      vertex 1.10000000e+00 2.00000000e-01 0.00000000e+00
      vertex 1.05003046e+00 1.98255025e-01 0.00000000e+00
      vertex 1.05000000e+00 2.00000000e-01 0.00000000e+00
    endloop
  endfacet
  facet normal 0.00000000e+00 0.00000000e+00 -1.00000000e+00
    outer loop
      vertex 1.10000000e+00 2.00000000e-01 0.00000000e+00
      vertex 1.05012180e+00 1.96512176e-01 0.00000000e+00
      vertex 1.05003046e+00 1.98255025e-01 0.00000000e+00
    endloop
  endfacet
  facet normal 0.00000000e+00 0.00000000e+00 -1.00000000e+00
    outer loop
      vertex 1.10000000e+00 2.00000000e-01 0.00000000e+00
      vertex 1.05027391e+00 1.94773577e-01 0.00000000e+00
      vertex 1.05012180e+00 1.96512176e-01 0.00000000e+00
    endloop
  endfacet
  facet normal 0.00000000e+00 0.00000000e+00 -1.00000000e+00
    outer loop
      vertex 1.10000000e+00 2.00000000e-01 0.00000000e+00
      vertex 1.05048660e+00 1.93041345e-01 0.00000000e+00
      vertex 1.05027391e+00 1.94773577e-01 0.00000000e+00
    endloop
  endfacet
  facet normal 0.00000000e+00 0.00000000e+00 -1.00000000e+00
    outer loop
      vertex 1.10000000e+00 2.00000000e-01 0.00000000e+00
      vertex 1.05075961e+00 1.91317591e-01 0.00000000e+00
      vertex 1.05048660e+00 1.93041345e-01 0.00000000e+00
    endloop
  endfacet
  facet normal 0.00000000e+00 0.00000000e+00 -1.00000000e+00
    outer loop
      vertex 1.10000000e+00 2.00000000e-01 0.00000000e+00
      vertex 1.05109262e+00 1.89604415e-01 0.00000000e+00
      vertex 1.05075961e+00 1.91317591e-01 0.00000000e+00
    endloop
  endfacet
  facet normal 0.00000000e+00 0.00000000e+00 -1.00000000e+00
    outer loop
      vertex 1.10000000e+00 2.00000000e-01 0.00000000e+00
      vertex 1.05148521e+00 1.87903905e-01 0.00000000e+00
      vertex 1.05109262e+00 1.89604415e-01 0.00000000e+00
    endloop
  endfacet
  facet normal 0.00000000e+00 0.00000000e+00 -1.00000000e+00
    outer loop
      vertex 1.10000000e+00 2.00000000e-01 0.00000000e+00
      vertex 1.05193692e+00 1.86218132e-01 0.00000000e+00
      vertex 1.05148521e+00 1.87903905e-01 0.00000000e+00
    endloop
  endfacet
  facet normal 0.00000000e+00 0.00000000e+00 -1.00000000e+00
    outer loop
      vertex 1.10000000e+00 2.00000000e-01 0.00000000e+00
      vertex 1.05244717e+00 1.84549150e-01 0.00000000e+00
      vertex 1.05193692e+00 1.86218132e-01 0.00000000e+00
    endloop
  endfacet
  facet normal 0.00000000e+00 0.00000000e+00 -1.00000000e+00
    outer loop
      vertex 1.10000000e+00 2.00000000e-01 0.00000000e+00
      vertex 1.05301537e+00 1.82898993e-01 0.00000000e+00
      vertex 1.05244717e+00 1.84549150e-01 0.00000000e+00
    endloop
  endfacet
  facet normal 0.00000000e+00 0.00000000e+00 -1.00000000e+00
    outer loop
      vertex 1.10000000e+00 2.00000000e-01 0.00000000e+00
      vertex 1.05364081e+00 1.81269670e-01 0.00000000e+00
      vertex 1.05301537e+00 1.82898993e-01 0.00000000e+00
    endloop
  endfacet
  facet normal 0.00000000e+00 0.00000000e+00 -1.00000000e+00
    outer loop
      vertex 1.10000000e+00 2.00000000e-01 0.00000000e+00
      vertex 1.05432273e+00 1.79663168e-01 0.00000000e+00
      vertex 1.05364081e+00 1.81269670e-01 0.00000000e+00
    endloop
  endfacet
  facet normal 0.00000000e+00 0.00000000e+00 -1.00000000e+00
    outer loop
      vertex 1.10000000e+00 2.00000000e-01 0.00000000e+00
      vertex 1.05506030e+00 1.78081443e-01 0.00000000e+00
      vertex 1.05432273e+00 1.79663168e-01 0.00000000e+00
    endloop
  endfacet
  facet normal 0.00000000e+00 0.00000000e+00 -1.00000000e+00
    outer loop
      vertex 1.10000000e+00 2.00000000e-01 0.00000000e+00
      vertex 1.05585262e+00 1.76526422e-01 0.00000000e+00
      vertex 1.05506030e+00 1.78081443e-01 0.00000000e+00
    endloop
  endfacet
  facet normal 0.00000000e+00 0.00000000e+00 -1.00000000e+00
    outer loop
      vertex 1.10000000e+00 2.00000000e-01 0.00000000e+00
      vertex 1.05669873e+00 1.75000000e-01 0.00000000e+00
      vertex 1.05585262e+00 1.76526422e-01 0.00000000e+00
    endloop
  endfacet
  facet normal 0.00000000e+00 0.00000000e+00 -1.00000000e+00
    outer loop
      vertex 1.10000000e+00 2.00000000e-01 0.00000000e+00
      vertex 1.05759760e+00 1.73504037e-01 0.00000000e+00
      vertex 1.05669873e+00 1.75000000e-01 0.00000000e+00
    endloop
  endfacet
  facet normal 0.00000000e+00 0.00000000e+00 -1.00000000e+00
    outer loop
      vertex 1.10000000e+00 2.00000000e-01 0.00000000e+00
      vertex 1.05854812e+00 1.72040355e-01 0.00000000e+00
      vertex 1.05759760e+00 1.73504037e-01 0.00000000e+00
    endloop
  endfacet
  facet normal 0.00000000e+00 0.00000000e+00 -1.00000000e+00
    outer loop
      vertex 1.10000000e+00 2.00000000e-01 0.00000000e+00
      vertex 1.05954915e+00 1.70610737e-01 0.00000000e+00
      vertex 1.05854812e+00 1.72040355e-01 0.00000000e+00
    endloop
  endfacet
  facet normal 0.00000000e+00 0.00000000e+00 -1.00000000e+00
    outer loop
      vertex 1.10000000e+00 2.00000000e-01 0.00000000e+00
      vertex 1.06059946e+00 1.69216926e-01 0.00000000e+00
      vertex 1.05954915e+00 1.70610737e-01 0.00000000e+00
    endloop
  endfacet
  facet normal 0.00000000e+00 0.00000000e+00 -1.00000000e+00
    outer loop
      vertex 1.10000000e+00 2.00000000e-01 0.00000000e+00
      vertex 1.06169778e+00 1.67860620e-01 0.00000000e+00
      vertex 1.06059946e+00 1.69216926e-01 0.00000000e+00
    endloop
  endfacet
  facet normal 0.00000000e+00 0.00000000e+00 -1.00000000e+00
    outer loop
      vertex 1.10000000e+00 2.00000000e-01 0.00000000e+00
      vertex 1.06284276e+00 1.66543470e-01 0.00000000e+00
      vertex 1.06169778e+00 1.67860620e-01 0.00000000e+00
    endloop
  endfacet
  facet normal 0.00000000e+00 0.00000000e+00 -1.00000000e+00
    outer loop
      vertex 1.10000000e+00 2.00000000e-01 0.00000000e+00
      vertex 1.06403301e+00 1.65267081e-01 0.00000000e+00
      vertex 1.06284276e+00 1.66543470e-01 0.00000000e+00
    endloop
  endfacet
  facet normal 0.00000000e+00 0.00000000e+00 -1.00000000e+00
    outer loop
      vertex 1.10000000e+00 2.00000000e-01 0.00000000e+00
      vertex 1.06526708e+00 1.64033010e-01 0.00000000e+00
      vertex 1.06403301e+00 1.65267081e-01 0.00000000e+00
    endloop
  endfacet
  facet normal 0.00000000e+00 0.00000000e+00 -1.00000000e+00
    outer loop
      vertex 1.10000000e+00 2.00000000e-01 0.00000000e+00
      vertex 1.06654347e+00 1.62842759e-01 0.00000000e+00
      vertex 1.06526708e+00 1.64033010e-01 0.00000000e+00
    endloop
  endfacet
  facet normal 0.00000000e+00 0.00000000e+00 -1.00000000e+00
    outer loop
      vertex 1.10000000e+00 2.00000000e-01 0.00000000e+00
      vertex 1.06786062e+00 1.61697778e-01 0.00000000e+00
      vertex 1.06654347e+00 1.62842759e-01 0.00000000e+00
    endloop
  endfacet
  facet normal 0.00000000e+00 0.00000000e+00 -1.00000000e+00
    outer loop
      vertex 1.10000000e+00 2.00000000e-01 0.00000000e+00
      vertex 1.06921693e+00 1.60599462e-01 0.00000000e+00
      vertex 1.06786062e+00 1.61697778e-01 0.00000000e+00
    endloop
  endfacet
  facet normal 0.00000000e+00 0.00000000e+00 -1.00000000e+00
    outer loop
      vertex 1.10000000e+00 2.00000000e-01 0.00000000e+00
      vertex 1.07061074e+00 1.59549150e-01 0.00000000e+00
      vertex 1.06921693e+00 1.60599462e-01 0.00000000e+00
    endloop
  endfacet
  facet normal 0.00000000e+00 0.00000000e+00 -1.00000000e+00
    outer loop
      vertex 1.10000000e+00 2.00000000e-01 0.00000000e+00
      vertex 1.07204035e+00 1.58548121e-01 0.00000000e+00
      vertex 1.07061074e+00 1.59549150e-01 0.00000000e+00
    endloop
  endfacet
  facet normal 0.00000000e+00 0.00000000e+00 -1.00000000e+00
    outer loop
      vertex 1.10000000e+00 2.00000000e-01 0.00000000e+00
      vertex 1.07350404e+00 1.57597595e-01 0.00000000e+00
      vertex 1.07204035e+00 1.58548121e-01 0.00000000e+00
    endloop
  endfacet
  facet normal 0.00000000e+00 0.00000000e+00 -1.00000000e+00
    outer loop
      vertex 1.10000000e+00 2.00000000e-01 0.00000000e+00
      vertex 1.07500000e+00 1.56698730e-01 0.00000000e+00
      vertex 1.07350404e+00 1.57597595e-01 0.00000000e+00
    endloop
  endfacet
  facet normal 0.00000000e+00 0.00000000e+00 -1.00000000e+00
    outer loop
      vertex 1.10000000e+00 2.00000000e-01 0.00000000e+00
      vertex 1.07652642e+00 1.55852620e-01 0.00000000e+00
      vertex 1.07500000e+00 1.56698730e-01 0.00000000e+00
    endloop
  endfacet
  facet normal 0.00000000e+00 0.00000000e+00 -1.00000000e+00
    outer loop
      vertex 1.10000000e+00 2.00000000e-01 0.00000000e+00
      vertex 1.07808144e+00 1.55060298e-01 0.00000000e+00
      vertex 1.07652642e+00 1.55852620e-01 0.00000000e+00
    endloop
  endfacet
  facet normal 0.00000000e+00 0.00000000e+00 -1.00000000e+00
    outer loop
      vertex 1.10000000e+00 2.00000000e-01 0.00000000e+00
      vertex 1.07966317e+00 1.54322727e-01 0.00000000e+00
      vertex 1.07808144e+00 1.55060298e-01 0.00000000e+00
    endloop
  endfacet
  facet normal 0.00000000e+00 0.00000000e+00 -1.00000000e+00
    outer loop
      vertex 1.10000000e+00 2.00000000e-01 0.00000000e+00
      vertex 1.08126967e+00 1.53640807e-01 0.00000000e+00
      vertex 1.07966317e+00 1.54322727e-01 0.00000000e+00
    endloop
  endfacet
  facet normal 0.00000000e+00 0.00000000e+00 -1.00000000e+00
    outer loop
      vertex 1.10000000e+00 2.00000000e-01 0.00000000e+00
      vertex 1.08289899e+00 1.53015369e-01 0.00000000e+00
      vertex 1.08126967e+00 1.53640807e-01 0.00000000e+00
    endloop
  endfacet
  facet normal 0.00000000e+00 0.00000000e+00 -1.00000000e+00
    outer loop
      vertex 1.10000000e+00 2.00000000e-01 0.00000000e+00
      vertex 1.08454915e+00 1.52447174e-01 0.00000000e+00
      vertex 1.08289899e+00 1.53015369e-01 0.00000000e+00
    endloop
  endfacet
  facet normal 0.00000000e+00 0.00000000e+00 -1.00000000e+00
    outer loop
      vertex 1.10000000e+00 2.00000000e-01 0.00000000e+00
      vertex 1.08621813e+00 1.51936915e-01 0.00000000e+00
      vertex 1.08454915e+00 1.52447174e-01 0.00000000e+00
    endloop
  endfacet
  facet normal 0.00000000e+00 0.00000000e+00 -1.00000000e+00
    outer loop
      vertex 1.10000000e+00 2.00000000e-01 0.00000000e+00
      vertex 1.08790391e+00 1.51485214e-01 0.00000000e+00
      vertex 1.08621813e+00 1.51936915e-01 0.00000000e+00
    endloop
  endfacet
  facet normal 0.00000000e+00 0.00000000e+00 -1.00000000e+00
    outer loop
      vertex 1.10000000e+00 2.00000000e-01 0.00000000e+00
      vertex 1.08960442e+00 1.51092620e-01 0.00000000e+00
      vertex 1.08790391e+00 1.51485214e-01 0.00000000e+00
    endloop
  endfacet
  facet normal 0.00000000e+00 0.00000000e+00 -1.00000000e+00
    outer loop
      vertex 1.10000000e+00 2.00000000e-01 0.00000000e+00
      vertex 1.09131759e+00 1.50759612e-01 0.00000000e+00
      vertex 1.08960442e+00 1.51092620e-01 0.00000000e+00
    endloop
  endfacet
  facet normal 0.00000000e+00 0.00000000e+00 -1.00000000e+00
    outer loop
      vertex 1.10000000e+00 2.00000000e-01 0.00000000e+00
      vertex 1.09304134e+00 1.50486597e-01 0.00000000e+00
      vertex 1.09131759e+00 1.50759612e-01 0.00000000e+00
    endloop
  endfacet
  facet normal 0.00000000e+00 0.00000000e+00 -1.00000000e+00
    outer loop
      vertex 1.10000000e+00 2.00000000e-01 0.00000000e+00
      vertex 1.09477358e+00 1.50273905e-01 0.00000000e+00
      vertex 1.09304134e+00 1.50486597e-01 0.00000000e+00
    endloop
  endfacet
  facet normal 0.00000000e+00 0.00000000e+00 -1.00000000e+00
    outer loop
      vertex 1.10000000e+00 2.00000000e-01 0.00000000e+00
      vertex 1.09651218e+00 1.50121797e-01 0.00000000e+00
      vertex 1.09477358e+00 1.50273905e-01 0.00000000e+00
    endloop
  endfacet
  facet normal 0.00000000e+00 0.00000000e+00 -1.00000000e+00
    outer loop
      vertex 1.10000000e+00 2.00000000e-01 0.00000000e+00
      vertex 1.09825503e+00 1.50030459e-01 0.00000000e+00
      vertex 1.09651218e+00 1.50121797e-01 0.00000000e+00
    endloop
  endfacet
  facet normal 0.00000000e+00 -0.00000000e+00 -1.00000000e+00
    outer loop
      vertex 1.10000000e+00 2.00000000e-01 0.00000000e+00
      vertex 1.10000000e+00 1.50000000e-01 0.00000000e+00
      vertex 1.09825503e+00 1.50030459e-01 0.00000000e+00
    endloop
  endfacet
  facet normal 0.00000000e+00 0.00000000e+00 -1.00000000e+00
    outer loop
      vertex 1.10000000e+00 2.00000000e-01 0.00000000e+00
      vertex 1.10174497e+00 1.50030459e-01 0.00000000e+00
      vertex 1.10000000e+00 1.50000000e-01 0.00000000e+00
    endloop
  endfacet
  facet normal 0.00000000e+00 0.00000000e+00 -1.00000000e+00
    outer loop
      vertex 1.10000000e+00 2.00000000e-01 0.00000000e+00
      vertex 1.10348782e+00 1.50121797e-01 0.00000000e+00
      vertex 1.10174497e+00 1.50030459e-01 0.00000000e+00
    endloop
  endfacet
  facet normal 0.00000000e+00 0.00000000e+00 -1.00000000e+00
    outer loop
      vertex 1.10000000e+00 2.00000000e-01 0.00000000e+00
      vertex 1.10522642e+00 1.50273905e-01 0.00000000e+00
      vertex 1.10348782e+00 1.50121797e-01 0.00000000e+00
    endloop
  endfacet
  facet normal 0.00000000e+00 0.00000000e+00 -1.00000000e+00
    outer loop
      vertex 1.10000000e+00 2.00000000e-01 0.00000000e+00
      vertex 1.10695866e+00 1.50486597e-01 0.00000000e+00
      vertex 1.10522642e+00 1.50273905e-01 0.00000000e+00
    endloop
  endfacet
  facet normal 0.00000000e+00 0.00000000e+00 -1.00000000e+00
    outer loop
      vertex 1.10000000e+00 2.00000000e-01 0.00000000e+00
      vertex 1.10868241e+00 1.50759612e-01 0.00000000e+00
      vertex 1.10695866e+00 1.50486597e-01 0.00000000e+00
    endloop
  endfacet
  facet normal 0.00000000e+00 0.00000000e+00 -1.00000000e+00
    outer loop
      vertex 1.10000000e+00 2.00000000e-01 0.00000000e+00
      vertex 1.11039558e+00 1.51092620e-01 0.00000000e+00
      vertex 1.10868241e+00 1.50759612e-01 0.00000000e+00
    endloop
  endfacet
  facet normal 0.00000000e+00 0.00000000e+00 -1.00000000e+00
    outer loop
      vertex 1.10000000e+00 2.00000000e-01 0.00000000e+00
      vertex 1.11209609e+00 1.51485214e-01 0.00000000e+00
      vertex 1.11039558e+00 1.51092620e-01 0.00000000e+00
    endloop
  endfacet
  facet normal 0.00000000e+00 0.00000000e+00 -1.00000000e+00
    outer loop
      vertex 1.10000000e+00 2.00000000e-01 0.00000000e+00
      vertex 1.11378187e+00 1.51936915e-01 0.00000000e+00
      vertex 1.11209609e+00 1.51485214e-01 0.00000000e+00
    endloop
  endfacet
  facet normal 0.00000000e+00 0.00000000e+00 -1.00000000e+00
    outer loop
      vertex 1.10000000e+00 2.00000000e-01 0.00000000e+00
      vertex 1.11545085e+00 1.52447174e-01 0.00000000e+00
      vertex 1.11378187e+00 1.51936915e-01 0.00000000e+00
    endloop
  endfacet
  facet normal 0.00000000e+00 0.00000000e+00 -1.00000000e+00
    outer loop
      vertex 1.10000000e+00 2.00000000e-01 0.00000000e+00
      vertex 1.11710101e+00 1.53015369e-01 0.00000000e+00
      vertex 1.11545085e+00 1.52447174e-01 0.00000000e+00
    endloop
  endfacet
  facet normal 0.00000000e+00 0.00000000e+00 -1.00000000e+00
    outer loop
      vertex 1.10000000e+00 2.00000000e-01 0.00000000e+00
      vertex 1.11873033e+00 1.53640807e-01 0.00000000e+00
      vertex 1.11710101e+00 1.53015369e-01 0.00000000e+00
    endloop
  endfacet
  facet normal 0.00000000e+00 0.00000000e+00 -1.00000000e+00
    outer loop
      vertex 1.10000000e+00 2.00000000e-01 0.00000000e+00
      vertex 1.12033683e+00 1.54322727e-01 0.00000000e+00
      vertex 1.11873033e+00 1.53640807e-01 0.00000000e+00
    endloop
  endfacet
  facet normal 0.00000000e+00 0.00000000e+00 -1.00000000e+00
    outer loop
      vertex 1.10000000e+00 2.00000000e-01 0.00000000e+00
      vertex 1.12191856e+00 1.55060298e-01 0.00000000e+00
      vertex 1.12033683e+00 1.54322727e-01 0.00000000e+00
    endloop
  endfacet
  facet normal 0.00000000e+00 0.00000000e+00 -1.00000000e+00
    outer loop
      vertex 1.10000000e+00 2.00000000e-01 0.00000000e+00
      vertex 1.12347358e+00 1.55852620e-01 0.00000000e+00
      vertex 1.12191856e+00 1.55060298e-01 0.00000000e+00
    endloop
  endfacet
  facet normal 0.00000000e+00 0.00000000e+00 -1.00000000e+00
    outer loop
      vertex 1.10000000e+00 2.00000000e-01 0.00000000e+00
      vertex 1.12500000e+00 1.56698730e-01 0.00000000e+00
      vertex 1.12347358e+00 1.55852620e-01 0.00000000e+00
    endloop
  endfacet
  facet normal 0.00000000e+00 0.00000000e+00 -1.00000000e+00
    outer loop
      vertex 1.10000000e+00 2.00000000e-01 0.00000000e+00
      vertex 1.12649596e+00 1.57597595e-01 0.00000000e+00
      vertex 1.12500000e+00 1.56698730e-01 0.00000000e+00
    endloop
  endfacet
  facet normal 0.00000000e+00 0.00000000e+00 -1.00000000e+00
    outer loop
      vertex 1.10000000e+00 2.00000000e-01 0.00000000e+00
      vertex 1.12795965e+00 1.58548121e-01 0.00000000e+00
      vertex 1.12649596e+00 1.57597595e-01 0.00000000e+00
    endloop
  endfacet
  facet normal 0.00000000e+00 0.00000000e+00 -1.00000000e+00
    outer loop
      vertex 1.10000000e+00 2.00000000e-01 0.00000000e+00
      vertex 1.12938926e+00 1.59549150e-01 0.00000000e+00
      vertex 1.12795965e+00 1.58548121e-01 0.00000000e+00
    endloop
  endfacet
  facet normal 0.00000000e+00 0.00000000e+00 -1.00000000e+00
    outer loop
      vertex 1.10000000e+00 2.00000000e-01 0.00000000e+00
      vertex 1.13078307e+00 1.60599462e-01 0.00000000e+00
      vertex 1.12938926e+00 1.59549150e-01 0.00000000e+00
    endloop
  endfacet
  facet normal 0.00000000e+00 0.00000000e+00 -1.00000000e+00
    outer loop
      vertex 1.10000000e+00 2.00000000e-01 0.00000000e+00
      vertex 1.13213938e+00 1.61697778e-01 0.00000000e+00
      vertex 1.13078307e+00 1.60599462e-01 0.00000000e+00
    endloop
  endfacet
  facet normal 0.00000000e+00 0.00000000e+00 -1.00000000e+00
    outer loop
      vertex 1.10000000e+00 2.00000000e-01 0.00000000e+00
      vertex 1.13345653e+00 1.62842759e-01 0.00000000e+00
      vertex 1.13213938e+00 1.61697778e-01 0.00000000e+00
    endloop
  endfacet
  facet normal 0.00000000e+00 0.00000000e+00 -1.00000000e+00
    outer loop
      vertex 1.10000000e+00 2.00000000e-01 0.00000000e+00
      vertex 1.13473292e+00 1.64033010e-01 0.00000000e+00
      vertex 1.13345653e+00 1.62842759e-01 0.00000000e+00
    endloop
  endfacet
  facet normal 0.00000000e+00 0.00000000e+00 -1.00000000e+00
    outer loop
      vertex 1.10000000e+00 2.00000000e-01 0.00000000e+00
      vertex 1.13596699e+00 1.65267081e-01 0.00000000e+00
      vertex 1.13473292e+00 1.64033010e-01 0.00000000e+00
    endloop
  endfacet
  facet normal 0.00000000e+00 0.00000000e+00 -1.00000000e+00
    outer loop
      vertex 1.10000000e+00 2.00000000e-01 0.00000000e+00
      vertex 1.13715724e+00 1.66543470e-01 0.00000000e+00
      vertex 1.13596699e+00 1.65267081e-01 0.00000000e+00
    endloop
  endfacet
  facet normal 0.00000000e+00 0.00000000e+00 -1.00000000e+00
    outer loop
      vertex 1.10000000e+00 2.00000000e-01 0.00000000e+00
      vertex 1.13830222e+00 1.67860620e-01 0.00000000e+00
      vertex 1.13715724e+00 1.66543470e-01 0.00000000e+00
    endloop
  endfacet
  facet normal 0.00000000e+00 0.00000000e+00 -1.00000000e+00
    outer loop
      vertex 1.10000000e+00 2.00000000e-01 0.00000000e+00
      vertex 1.13940054e+00 1.69216926e-01 0.00000000e+00
      vertex 1.13830222e+00 1.67860620e-01 0.00000000e+00
    endloop
  endfacet
  facet normal 0.00000000e+00 0.00000000e+00 -1.00000000e+00
    outer loop
      vertex 1.10000000e+00 2.00000000e-01 0.00000000e+00
      vertex 1.14045085e+00 1.70610737e-01 0.00000000e+00
      vertex 1.13940054e+00 1.69216926e-01 0.00000000e+00
    endloop
  endfacet
  facet normal 0.00000000e+00 0.00000000e+00 -1.00000000e+00
    outer loop
      vertex 1.10000000e+00 2.00000000e-01 0.00000000e+00
      vertex 1.14145188e+00 1.72040355e-01 0.00000000e+00
      vertex 1.14045085e+00 1.70610737e-01 0.00000000e+00
    endloop
  endfacet
  facet normal 0.00000000e+00 0.00000000e+00 -1.00000000e+00
    outer loop
      vertex 1.10000000e+00 2.00000000e-01 0.00000000e+00
      vertex 1.14240240e+00 1.73504037e-01 0.00000000e+00
      vertex 1.14145188e+00 1.72040355e-01 0.00000000e+00
    endloop
  endfacet
  facet normal 0.00000000e+00 0.00000000e+00 -1.00000000e+00
    outer loop
      vertex 1.10000000e+00 2.00000000e-01 0.00000000e+00
      vertex 1.14330127e+00 1.75000000e-01 0.00000000e+00
      vertex 1.14240240e+00 1.73504037e-01 0.00000000e+00
    endloop
  endfacet
  facet normal 0.00000000e+00 0.00000000e+00 -1.00000000e+00
    outer loop
      vertex 1.10000000e+00 2.00000000e-01 0.00000000e+00
      vertex 1.14414738e+00 1.76526422e-01 0.00000000e+00
      vertex 1.14330127e+00 1.75000000e-01 0.00000000e+00
    endloop
  endfacet
  facet normal 0.00000000e+00 0.00000000e+00 -1.00000000e+00
    outer loop
      vertex 1.10000000e+00 2.00000000e-01 0.00000000e+00
      vertex 1.14493970e+00 1.78081443e-01 0.00000000e+00
      vertex 1.14414738e+00 1.76526422e-01 0.00000000e+00
    endloop
  endfacet
  facet normal 0.00000000e+00 0.00000000e+00 -1.00000000e+00
    outer loop
      vertex 1.10000000e+00 2.00000000e-01 0.00000000e+00
      vertex 1.14567727e+00 1.79663168e-01 0.00000000e+00
      vertex 1.14493970e+00 1.78081443e-01 0.00000000e+00
    endloop
  endfacet
  facet normal 0.00000000e+00 0.00000000e+00 -1.00000000e+00
    outer loop
      vertex 1.10000000e+00 2.00000000e-01 0.00000000e+00
      vertex 1.14635919e+00 1.81269670e-01 0.00000000e+00
      vertex 1.14567727e+00 1.79663168e-01 0.00000000e+00
    endloop
  endfacet
  facet normal 0.00000000e+00 0.00000000e+00 -1.00000000e+00
    outer loop
      vertex 1.10000000e+00 2.00000000e-01 0.00000000e+00
      vertex 1.14698463e+00 1.82898993e-01 0.00000000e+00
      vertex 1.14635919e+00 1.81269670e-01 0.00000000e+00
    endloop
  endfacet
  facet normal 0.00000000e+00 0.00000000e+00 -1.00000000e+00
    outer loop
      vertex 1.10000000e+00 2.00000000e-01 0.00000000e+00
      vertex 1.14755283e+00 1.84549150e-01 0.00000000e+00
      vertex 1.14698463e+00 1.82898993e-01 0.00000000e+00
    endloop
  endfacet
  facet normal 0.00000000e+00 0.00000000e+00 -1.00000000e+00
    outer loop
      vertex 1.10000000e+00 2.00000000e-01 0.00000000e+00
      vertex 1.14806308e+00 1.86218132e-01 0.00000000e+00
      vertex 1.14755283e+00 1.84549150e-01 0.00000000e+00
    endloop
  endfacet
  facet normal 0.00000000e+00 0.00000000e+00 -1.00000000e+00
    outer loop
      vertex 1.10000000e+00 2.00000000e-01 0.00000000e+00
      vertex 1.14851479e+00 1.87903905e-01 0.00000000e+00
      vertex 1.14806308e+00 1.86218132e-01 0.00000000e+00
    endloop
  endfacet
  facet normal 0.00000000e+00 0.00000000e+00 -1.00000000e+00
    outer loop
      vertex 1.10000000e+00 2.00000000e-01 0.00000000e+00
      vertex 1.14890738e+00 1.89604415e-01 0.00000000e+00
      vertex 1.14851479e+00 1.87903905e-01 0.00000000e+00
    endloop
  endfacet
  facet normal 0.00000000e+00 0.00000000e+00 -1.00000000e+00
    outer loop
      vertex 1.10000000e+00 2.00000000e-01 0.00000000e+00
      vertex 1.14924039e+00 1.91317591e-01 0.00000000e+00
      vertex 1.14890738e+00 1.89604415e-01 0.00000000e+00
    endloop
  endfacet
  facet normal 0.00000000e+00 0.00000000e+00 -1.00000000e+00
    outer loop
      vertex 1.10000000e+00 2.00000000e-01 0.00000000e+00
      vertex 1.14951340e+00 1.93041345e-01 0.00000000e+00
      vertex 1.14924039e+00 1.91317591e-01 0.00000000e+00
    endloop
  endfacet
  facet normal 0.00000000e+00 0.00000000e+00 -1.00000000e+00
    outer loop
      vertex 1.10000000e+00 2.00000000e-01 0.00000000e+00
      vertex 1.14972609e+00 1.94773577e-01 0.00000000e+00
      vertex 1.14951340e+00 1.93041345e-01 0.00000000e+00
    endloop
  endfacet
  facet normal 0.00000000e+00 0.00000000e+00 -1.00000000e+00
    outer loop
      vertex 1.10000000e+00 2.00000000e-01 0.00000000e+00
      vertex 1.14987820e+00 1.96512176e-01 0.00000000e+00
      vertex 1.14972609e+00 1.94773577e-01 0.00000000e+00
    endloop
  endfacet
  facet normal 0.00000000e+00 0.00000000e+00 -1.00000000e+00
    outer loop
      vertex 1.10000000e+00 2.00000000e-01 0.00000000e+00
      vertex 1.14996954e+00 1.98255025e-01 0.00000000e+00
      vertex 1.14987820e+00 1.96512176e-01 0.00000000e+00
    endloop
  endfacet
  facet normal 0.00000000e+00 0.00000000e+00 -1.00000000e+00
    outer loop
      vertex 1.10000000e+00 2.00000000e-01 0.00000000e+00
      vertex 1.15000000e+00 2.00000000e-01 0.00000000e+00
      vertex 1.14996954e+00 1.98255025e-01 0.00000000e+00
    endloop
  endfacet
  facet normal 0.00000000e+00 0.00000000e+00 1.00000000e+00
    outer loop
      vertex 1.10000000e+00 2.00000000e-01 1.00000000e-01
      vertex 1.15000000e+00 2.00000000e-01 1.00000000e-01
      vertex 1.14996954e+00 2.01744975e-01 1.00000000e-01
    endloop
  endfacet
  facet normal 0.00000000e+00 0.00000000e+00 1.00000000e+00
    outer loop
      vertex 1.10000000e+00 2.00000000e-01 1.00000000e-01
      vertex 1.14996954e+00 2.01744975e-01 1.00000000e-01
      vertex 1.14987820e+00 2.03487824e-01 1.00000000e-01
    endloop
  endfacet
  facet normal 0.00000000e+00 0.00000000e+00 1.00000000e+00
    outer loop
      vertex 1.10000000e+00 2.00000000e-01 1.00000000e-01
      vertex 1.14987820e+00 2.03487824e-01 1.00000000e-01
      vertex 1.14972609e+00 2.05226423e-01 1.00000000e-01
    endloop
  endfacet
  facet normal 0.00000000e+00 0.00000000e+00 1.00000000e+00
    outer loop
      vertex 1.10000000e+00 2.00000000e-01 1.00000000e-01
      vertex 1.14972609e+00 2.05226423e-01 1.00000000e-01
      vertex 1.14951340e+00 2.06958655e-01 1.00000000e-01
    endloop
  endfacet
  facet normal 0.00000000e+00 0.00000000e+00 1.00000000e+00
    outer loop
      vertex 1.10000000e+00 2.00000000e-01 1.00000000e-01
      vertex 1.14951340e+00 2.06958655e-01 1.00000000e-01
      vertex 1.14924039e+00 2.08682409e-01 1.00000000e-01
    endloop
  endfacet
  facet normal 0.00000000e+00 0.00000000e+00 1.00000000e+00
    outer loop
      vertex 1.10000000e+00 2.00000000e-01 1.00000000e-01
      vertex 1.14924039e+00 2.08682409e-01 1.00000000e-01
      vertex 1.14890738e+00 2.10395585e-01 1.00000000e-01
    endloop
  endfacet
  facet normal 0.00000000e+00 0.00000000e+00 1.00000000e+00
    outer loop
      vertex 1.10000000e+00 2.00000000e-01 1.00000000e-01
      vertex 1.14890738e+00 2.10395585e-01 1.00000000e-01
      vertex 1.14851479e+00 2.12096095e-01 1.00000000e-01
    endloop
  endfacet
  facet normal 0.00000000e+00 0.00000000e+00 1.00000000e+00
    outer loop
      vertex 1.10000000e+00 2.00000000e-01 1.00000000e-01
      vertex 1.14851479e+00 2.12096095e-01 1.00000000e-01
      vertex 1.14806308e+00 2.13781868e-01 1.00000000e-01
    endloop
  endfacet
  facet normal 0.00000000e+00 0.00000000e+00 1.00000000e+00
    outer loop
      vertex 1.10000000e+00 2.00000000e-01 1.00000000e-01
      vertex 1.14806308e+00 2.13781868e-01 1.00000000e-01
      vertex 1.14755283e+00 2.15450850e-01 1.00000000e-01
    endloop
  endfacet
  facet normal 0.00000000e+00 0.00000000e+00 1.00000000e+00
    outer loop
      vertex 1.10000000e+00 2.00000000e-01 1.00000000e-01
      vertex 1.14755283e+00 2.15450850e-01 1.00000000e-01
      vertex 1.14698463e+00 2.17101007e-01 1.00000000e-01
    endloop
  endfacet
  facet normal 0.00000000e+00 0.00000000e+00 1.00000000e+00
    outer loop
      vertex 1.10000000e+00 2.00000000e-01 1.00000000e-01
      vertex 1.14698463e+00 2.17101007e-01 1.00000000e-01
      vertex 1.14635919e+00 2.18730330e-01 1.00000000e-01
    endloop
  endfacet
  facet normal 0.00000000e+00 0.00000000e+00 1.00000000e+00
    outer loop
      vertex 1.10000000e+00 2.00000000e-01 1.00000000e-01
      vertex 1.14635919e+00 2.18730330e-01 1.00000000e-01
      vertex 1.14567727e+00 2.20336832e-01 1.00000000e-01
    endloop
  endfacet
  facet normal 0.00000000e+00 0.00000000e+00 1.00000000e+00
    outer loop
      vertex 1.10000000e+00 2.00000000e-01 1.00000000e-01
      vertex 1.14567727e+00 2.20336832e-01 1.00000000e-01
      vertex 1.14493970e+00 2.21918557e-01 1.00000000e-01
    endloop
  endfacet
  facet normal 0.00000000e+00 0.00000000e+00 1.00000000e+00
    outer loop
      vertex 1.10000000e+00 2.00000000e-01 1.00000000e-01
      vertex 1.14493970e+00 2.21918557e-01 1.00000000e-01
      vertex 1.14414738e+00 2.23473578e-01 1.00000000e-01
    endloop
  endfacet
  facet normal 0.00000000e+00 0.00000000e+00 1.00000000e+00
    outer loop
      vertex 1.10000000e+00 2.00000000e-01 1.00000000e-01
      vertex 1.14414738e+00 2.23473578e-01 1.00000000e-01
      vertex 1.14330127e+00 2.25000000e-01 1.00000000e-01
    endloop
  endfacet
  facet normal 0.00000000e+00 0.00000000e+00 1.00000000e+00
    outer loop
      vertex 1.10000000e+00 2.00000000e-01 1.00000000e-01
      vertex 1.14330127e+00 2.25000000e-01 1.00000000e-01
      vertex 1.14240240e+00 2.26495963e-01 1.00000000e-01
    endloop
  endfacet
  facet normal 0.00000000e+00 0.00000000e+00 1.00000000e+00
    outer loop
      vertex 1.10000000e+00 2.00000000e-01 1.00000000e-01
      vertex 1.14240240e+00 2.26495963e-01 1.00000000e-01
      vertex 1.14145188e+00 2.27959645e-01 1.00000000e-01
    endloop
  endfacet
  facet normal 0.00000000e+00 0.00000000e+00 1.00000000e+00
    outer loop
      vertex 1.10000000e+00 2.00000000e-01 1.00000000e-01
      vertex 1.14145188e+00 2.27959645e-01 1.00000000e-01
      vertex 1.14045085e+00 2.29389263e-01 1.00000000e-01
    endloop
  endfacet
  facet normal 0.00000000e+00 0.00000000e+00 1.00000000e+00
    outer loop
      vertex 1.10000000e+00 2.00000000e-01 1.00000000e-01
      vertex 1.14045085e+00 2.29389263e-01 1.00000000e-01
      vertex 1.13940054e+00 2.30783074e-01 1.00000000e-01
    endloop
  endfacet
  facet normal 0.00000000e+00 0.00000000e+00 1.00000000e+00
    outer loop
      vertex 1.10000000e+00 2.00000000e-01 1.00000000e-01
      vertex 1.13940054e+00 2.30783074e-01 1.00000000e-01
      vertex 1.13830222e+00 2.32139380e-01 1.00000000e-01
    endloop
  endfacet
  facet normal 0.00000000e+00 0.00000000e+00 1.00000000e+00
    outer loop
      vertex 1.10000000e+00 2.00000000e-01 1.00000000e-01
      vertex 1.13830222e+00 2.32139380e-01 1.00000000e-01
      vertex 1.13715724e+00 2.33456530e-01 1.00000000e-01
    endloop
  endfacet
  facet normal 0.00000000e+00 0.00000000e+00 1.00000000e+00
    outer loop
      vertex 1.10000000e+00 2.00000000e-01 1.00000000e-01
      vertex 1.13715724e+00 2.33456530e-01 1.00000000e-01
      vertex 1.13596699e+00 2.34732919e-01 1.00000000e-01
    endloop
  endfacet
  facet normal 0.00000000e+00 0.00000000e+00 1.00000000e+00
    outer loop
      vertex 1.10000000e+00 2.00000000e-01 1.00000000e-01
      vertex 1.13596699e+00 2.34732919e-01 1.00000000e-01
      vertex 1.13473292e+00 2.35966990e-01 1.00000000e-01
    endloop
  endfacet
  facet normal 0.00000000e+00 0.00000000e+00 1.00000000e+00
    outer loop
      vertex 1.10000000e+00 2.00000000e-01 1.00000000e-01
      vertex 1.13473292e+00 2.35966990e-01 1.00000000e-01
      vertex 1.13345653e+00 2.37157241e-01 1.00000000e-01
    endloop
  endfacet
  facet normal 0.00000000e+00 0.00000000e+00 1.00000000e+00
    outer loop
      vertex 1.10000000e+00 2.00000000e-01 1.00000000e-01
      vertex 1.13345653e+00 2.37157241e-01 1.00000000e-01
      vertex 1.13213938e+00 2.38302222e-01 1.00000000e-01
    endloop
  endfacet
  facet normal 0.00000000e+00 0.00000000e+00 1.00000000e+00
    outer loop
      vertex 1.10000000e+00 2.00000000e-01 1.00000000e-01
      vertex 1.13213938e+00 2.38302222e-01 1.00000000e-01
      vertex 1.13078307e+00 2.39400538e-01 1.00000000e-01
    endloop
  endfacet
  facet normal 0.00000000e+00 0.00000000e+00 1.00000000e+00
    outer loop
      vertex 1.10000000e+00 2.00000000e-01 1.00000000e-01
      vertex 1.13078307e+00 2.39400538e-01 1.00000000e-01
      vertex 1.12938926e+00 2.40450850e-01 1.00000000e-01
    endloop
  endfacet
  facet normal 0.00000000e+00 0.00000000e+00 1.00000000e+00
    outer loop
      vertex 1.10000000e+00 2.00000000e-01 1.00000000e-01
      vertex 1.12938926e+00 2.40450850e-01 1.00000000e-01
      vertex 1.12795965e+00 2.41451879e-01 1.00000000e-01
    endloop
  endfacet
  facet normal 0.00000000e+00 0.00000000e+00 1.00000000e+00
    outer loop
      vertex 1.10000000e+00 2.00000000e-01 1.00000000e-01
      vertex 1.12795965e+00 2.41451879e-01 1.00000000e-01
      vertex 1.12649596e+00 2.42402405e-01 1.00000000e-01
    endloop
  endfacet
  facet normal 0.00000000e+00 0.00000000e+00 1.00000000e+00
    outer loop
      vertex 1.10000000e+00 2.00000000e-01 1.00000000e-01
      vertex 1.12649596e+00 2.42402405e-01 1.00000000e-01
      vertex 1.12500000e+00 2.43301270e-01 1.00000000e-01
    endloop
  endfacet
  facet normal 0.00000000e+00 0.00000000e+00 1.00000000e+00
    outer loop
      vertex 1.10000000e+00 2.00000000e-01 1.00000000e-01
      vertex 1.12500000e+00 2.43301270e-01 1.00000000e-01
      vertex 1.12347358e+00 2.44147380e-01 1.00000000e-01
    endloop
  endfacet
  facet normal 0.00000000e+00 0.00000000e+00 1.00000000e+00
    outer loop
      vertex 1.10000000e+00 2.00000000e-01 1.00000000e-01
      vertex 1.12347358e+00 2.44147380e-01 1.00000000e-01
      vertex 1.12191856e+00 2.44939702e-01 1.00000000e-01
    endloop
  endfacet
  facet normal 0.00000000e+00 0.00000000e+00 1.00000000e+00
    outer loop
      vertex 1.10000000e+00 2.00000000e-01 1.00000000e-01
      vertex 1.12191856e+00 2.44939702e-01 1.00000000e-01
      vertex 1.12033683e+00 2.45677273e-01 1.00000000e-01
    endloop
  endfacet
  facet normal 0.00000000e+00 0.00000000e+00 1.00000000e+00
    outer loop
      vertex 1.10000000e+00 2.00000000e-01 1.00000000e-01
      vertex 1.12033683e+00 2.45677273e-01 1.00000000e-01
      vertex 1.11873033e+00 2.46359193e-01 1.00000000e-01
    endloop
  endfacet
  facet normal 0.00000000e+00 0.00000000e+00 1.00000000e+00
    outer loop
      vertex 1.10000000e+00 2.00000000e-01 1.00000000e-01
      vertex 1.11873033e+00 2.46359193e-01 1.00000000e-01
      vertex 1.11710101e+00 2.46984631e-01 1.00000000e-01
    endloop
  endfacet
  facet normal 0.00000000e+00 0.00000000e+00 1.00000000e+00
    outer loop
      vertex 1.10000000e+00 2.00000000e-01 1.00000000e-01
      vertex 1.11710101e+00 2.46984631e-01 1.00000000e-01
      vertex 1.11545085e+00 2.47552826e-01 1.00000000e-01
    endloop
  endfacet
  facet normal 0.00000000e+00 0.00000000e+00 1.00000000e+00
    outer loop
      vertex 1.10000000e+00 2.00000000e-01 1.00000000e-01
      vertex 1.11545085e+00 2.47552826e-01 1.00000000e-01
      vertex 1.11378187e+00 2.48063085e-01 1.00000000e-01
    endloop
  endfacet
  facet normal 0.00000000e+00 0.00000000e+00 1.00000000e+00
    outer loop
      vertex 1.10000000e+00 2.00000000e-01 1.00000000e-01
      vertex 1.11378187e+00 2.48063085e-01 1.00000000e-01
      vertex 1.11209609e+00 2.48514786e-01 1.00000000e-01
    endloop
  endfacet
  facet normal 0.00000000e+00 0.00000000e+00 1.00000000e+00
    outer loop
      vertex 1.10000000e+00 2.00000000e-01 1.00000000e-01
      vertex 1.11209609e+00 2.48514786e-01 1.00000000e-01
      vertex 1.11039558e+00 2.48907380e-01 1.00000000e-01
    endloop
  endfacet
  facet normal 0.00000000e+00 0.00000000e+00 1.00000000e+00
    outer loop
      vertex 1.10000000e+00 2.00000000e-01 1.00000000e-01
      vertex 1.11039558e+00 2.48907380e-01 1.00000000e-01
      vertex 1.10868241e+00 2.49240388e-01 1.00000000e-01
    endloop
  endfacet
  facet normal 0.00000000e+00 0.00000000e+00 1.00000000e+00
    outer loop
      vertex 1.10000000e+00 2.00000000e-01 1.00000000e-01
      vertex 1.10868241e+00 2.49240388e-01 1.00000000e-01
      vertex 1.10695866e+00 2.49513403e-01 1.00000000e-01
    endloop
  endfacet
  facet normal 0.00000000e+00 0.00000000e+00 1.00000000e+00
    outer loop
      vertex 1.10000000e+00 2.00000000e-01 1.00000000e-01
      vertex 1.10695866e+00 2.49513403e-01 1.00000000e-01
      vertex 1.10522642e+00 2.49726095e-01 1.00000000e-01
    endloop
  endfacet
  facet normal 0.00000000e+00 0.00000000e+00 1.00000000e+00
    outer loop
      vertex 1.10000000e+00 2.00000000e-01 1.00000000e-01
      vertex 1.10522642e+00 2.49726095e-01 1.00000000e-01
      vertex 1.10348782e+00 2.49878203e-01 1.00000000e-01
    endloop
  endfacet
  facet normal 0.00000000e+00 0.00000000e+00 1.00000000e+00
    outer loop
      vertex 1.10000000e+00 2.00000000e-01 1.00000000e-01
      vertex 1.10348782e+00 2.49878203e-01 1.00000000e-01
      vertex 1.10174497e+00 2.49969541e-01 1.00000000e-01
    endloop
  endfacet
  facet normal 0.00000000e+00 0.00000000e+00 1.00000000e+00
    outer loop
      vertex 1.10000000e+00 2.00000000e-01 1.00000000e-01
      vertex 1.10174497e+00 2.49969541e-01 1.00000000e-01
      vertex 1.10000000e+00 2.50000000e-01 1.00000000e-01
    endloop
  endfacet
  facet normal 0.00000000e+00 -0.00000000e+00 1.00000000e+00
    outer loop
      vertex 1.10000000e+00 2.00000000e-01 1.00000000e-01
      vertex 1.10000000e+00 2.50000000e-01 1.00000000e-01
      vertex 1.09825503e+00 2.49969541e-01 1.00000000e-01
    endloop
  endfacet
  facet normal 0.00000000e+00 0.00000000e+00 1.00000000e+00
    outer loop
      vertex 1.10000000e+00 2.00000000e-01 1.00000000e-01
      vertex 1.09825503e+00 2.49969541e-01 1.00000000e-01
      vertex 1.09651218e+00 2.49878203e-01 1.00000000e-01
    endloop
  endfacet
  facet normal 0.00000000e+00 0.00000000e+00 1.00000000e+00
    outer loop
      vertex 1.10000000e+00 2.00000000e-01 1.00000000e-01
      vertex 1.09651218e+00 2.49878203e-01 1.00000000e-01
      vertex 1.09477358e+00 2.49726095e-01 1.00000000e-01
    endloop
  endfacet
  facet normal 0.00000000e+00 0.00000000e+00 1.00000000e+00
    outer loop
      vertex 1.10000000e+00 2.00000000e-01 1.00000000e-01
      vertex 1.09477358e+00 2.49726095e-01 1.00000000e-01
      vertex 1.09304134e+00 2.49513403e-01 1.00000000e-01
    endloop
  endfacet
  facet normal 0.00000000e+00 0.00000000e+00 1.00000000e+00
    outer loop
      vertex 1.10000000e+00 2.00000000e-01 1.00000000e-01
      vertex 1.09304134e+00 2.49513403e-01 1.00000000e-01
      vertex 1.09131759e+00 2.49240388e-01 1.00000000e-01
    endloop
  endfacet
  facet normal 0.00000000e+00 0.00000000e+00 1.00000000e+00
    outer loop
      vertex 1.10000000e+00 2.00000000e-01 1.00000000e-01
      vertex 1.09131759e+00 2.49240388e-01 1.00000000e-01
      vertex 1.08960442e+00 2.48907380e-01 1.00000000e-01
    endloop
  endfacet
  facet normal 0.00000000e+00 0.00000000e+00 1.00000000e+00
    outer loop
      vertex 1.10000000e+00 2.00000000e-01 1.00000000e-01
      vertex 1.08960442e+00 2.48907380e-01 1.00000000e-01
      vertex 1.08790391e+00 2.48514786e-01 1.00000000e-01
    endloop
  endfacet
  facet normal 0.00000000e+00 0.00000000e+00 1.00000000e+00
    outer loop
      vertex 1.10000000e+00 2.00000000e-01 1.00000000e-01
      vertex 1.08790391e+00 2.48514786e-01 1.00000000e-01
      vertex 1.08621813e+00 2.48063085e-01 1.00000000e-01
    endloop
  endfacet
  facet normal 0.00000000e+00 0.00000000e+00 1.00000000e+00
    outer loop
      vertex 1.10000000e+00 2.00000000e-01 1.00000000e-01
      vertex 1.08621813e+00 2.48063085e-01 1.00000000e-01
      vertex 1.08454915e+00 2.47552826e-01 1.00000000e-01
    endloop
  endfacet
  facet normal 0.00000000e+00 0.00000000e+00 1.00000000e+00
    outer loop
      vertex 1.10000000e+00 2.00000000e-01 1.00000000e-01
      vertex 1.08454915e+00 2.47552826e-01 1.00000000e-01
      vertex 1.08289899e+00 2.46984631e-01 1.00000000e-01
    endloop
  endfacet
  facet normal 0.00000000e+00 0.00000000e+00 1.00000000e+00
    outer loop
      vertex 1.10000000e+00 2.00000000e-01 1.00000000e-01
      vertex 1.08289899e+00 2.46984631e-01 1.00000000e-01
      vertex 1.08126967e+00 2.46359193e-01 1.00000000e-01
    endloop
  endfacet
  facet normal 0.00000000e+00 0.00000000e+00 1.00000000e+00
    outer loop
      vertex 1.10000000e+00 2.00000000e-01 1.00000000e-01
      vertex 1.08126967e+00 2.46359193e-01 1.00000000e-01
      vertex 1.07966317e+00 2.45677273e-01 1.00000000e-01
    endloop
  endfacet
  facet normal 0.00000000e+00 0.00000000e+00 1.00000000e+00
    outer loop
      vertex 1.10000000e+00 2.00000000e-01 1.00000000e-01
      vertex 1.07966317e+00 2.45677273e-01 1.00000000e-01
      vertex 1.07808144e+00 2.44939702e-01 1.00000000e-01
    endloop
  endfacet
  facet normal 0.00000000e+00 0.00000000e+00 1.00000000e+00
    outer loop
      vertex 1.10000000e+00 2.00000000e-01 1.00000000e-01
      vertex 1.07808144e+00 2.44939702e-01 1.00000000e-01
      vertex 1.07652642e+00 2.44147380e-01 1.00000000e-01
    endloop
  endfacet
  facet normal 0.00000000e+00 0.00000000e+00 1.00000000e+00
    outer loop
      vertex 1.10000000e+00 2.00000000e-01 1.00000000e-01
      vertex 1.07652642e+00 2.44147380e-01 1.00000000e-01
      vertex 1.07500000e+00 2.43301270e-01 1.00000000e-01
    endloop
  endfacet
  facet normal 0.00000000e+00 0.00000000e+00 1.00000000e+00
    outer loop
      vertex 1.10000000e+00 2.00000000e-01 1.00000000e-01
      vertex 1.07500000e+00 2.43301270e-01 1.00000000e-01
      vertex 1.07350404e+00 2.42402405e-01 1.00000000e-01
    endloop
  endfacet
  facet normal 0.00000000e+00 0.00000000e+00 1.00000000e+00
    outer loop
      vertex 1.10000000e+00 2.00000000e-01 1.00000000e-01
      vertex 1.07350404e+00 2.42402405e-01 1.00000000e-01
      vertex 1.07204035e+00 2.41451879e-01 1.00000000e-01
    endloop
  endfacet
  facet normal 0.00000000e+00 0.00000000e+00 1.00000000e+00
    outer loop
      vertex 1.10000000e+00 2.00000000e-01 1.00000000e-01
      vertex 1.07204035e+00 2.41451879e-01 1.00000000e-01
      vertex 1.07061074e+00 2.40450850e-01 1.00000000e-01
    endloop
  endfacet
  facet normal 0.00000000e+00 0.00000000e+00 1.00000000e+00
    outer loop
      vertex 1.10000000e+00 2.00000000e-01 1.00000000e-01
      vertex 1.07061074e+00 2.40450850e-01 1.00000000e-01
      vertex 1.06921693e+00 2.39400538e-01 1.00000000e-01
    endloop
  endfacet
  facet normal 0.00000000e+00 0.00000000e+00 1.00000000e+00
    outer loop
      vertex 1.10000000e+00 2.00000000e-01 1.00000000e-01
      vertex 1.06921693e+00 2.39400538e-01 1.00000000e-01
      vertex 1.06786062e+00 2.38302222e-01 1.00000000e-01
    endloop
  endfacet
  facet normal 0.00000000e+00 0.00000000e+00 1.00000000e+00
    outer loop
      vertex 1.10000000e+00 2.00000000e-01 1.00000000e-01
      vertex 1.06786062e+00 2.38302222e-01 1.00000000e-01
      vertex 1.06654347e+00 2.37157241e-01 1.00000000e-01
    endloop
  endfacet
  facet normal 0.00000000e+00 0.00000000e+00 1.00000000e+00
    outer loop
      vertex 1.10000000e+00 2.00000000e-01 1.00000000e-01
      vertex 1.06654347e+00 2.37157241e-01 1.00000000e-01
      vertex 1.06526708e+00 2.35966990e-01 1.00000000e-01
    endloop
  endfacet
  facet normal 0.00000000e+00 0.00000000e+00 1.00000000e+00
    outer loop
      vertex 1.10000000e+00 2.00000000e-01 1.00000000e-01
      vertex 1.06526708e+00 2.35966990e-01 1.00000000e-01
      vertex 1.06403301e+00 2.34732919e-01 1.00000000e-01
    endloop
  endfacet
  facet normal 0.00000000e+00 0.00000000e+00 1.00000000e+00
    outer loop
      vertex 1.10000000e+00 2.00000000e-01 1.00000000e-01
      vertex 1.06403301e+00 2.34732919e-01 1.00000000e-01
      vertex 1.06284276e+00 2.33456530e-01 1.00000000e-01
    endloop
  endfacet
  facet normal 0.00000000e+00 0.00000000e+00 1.00000000e+00
    outer loop
      vertex 1.10000000e+00 2.00000000e-01 1.00000000e-01
      vertex 1.06284276e+00 2.33456530e-01 1.00000000e-01
      vertex 1.06169778e+00 2.32139380e-01 1.00000000e-01
    endloop
  endfacet
  facet normal 0.00000000e+00 0.00000000e+00 1.00000000e+00
    outer loop
      vertex 1.10000000e+00 2.00000000e-01 1.00000000e-01
      vertex 1.06169778e+00 2.32139380e-01 1.00000000e-01
      vertex 1.06059946e+00 2.30783074e-01 1.00000000e-01
    endloop
  endfacet
  facet normal 0.00000000e+00 0.00000000e+00 1.00000000e+00
    outer loop
      vertex 1.10000000e+00 2.00000000e-01 1.00000000e-01
      vertex 1.06059946e+00 2.30783074e-01 1.00000000e-01
      vertex 1.05954915e+00 2.29389263e-01 1.00000000e-01
    endloop
  endfacet
  facet normal 0.00000000e+00 0.00000000e+00 1.00000000e+00
    outer loop
      vertex 1.10000000e+00 2.00000000e-01 1.00000000e-01
      vertex 1.05954915e+00 2.29389263e-01 1.00000000e-01
      vertex 1.05854812e+00 2.27959645e-01 1.00000000e-01
    endloop
  endfacet
  facet normal 0.00000000e+00 0.00000000e+00 1.00000000e+00
    outer loop
      vertex 1.10000000e+00 2.00000000e-01 1.00000000e-01
      vertex 1.05854812e+00 2.27959645e-01 1.00000000e-01
      vertex 1.05759760e+00 2.26495963e-01 1.00000000e-01
    endloop
  endfacet
  facet normal 0.00000000e+00 0.00000000e+00 1.00000000e+00
    outer loop
      vertex 1.10000000e+00 2.00000000e-01 1.00000000e-01
      vertex 1.05759760e+00 2.26495963e-01 1.00000000e-01
      vertex 1.05669873e+00 2.25000000e-01 1.00000000e-01
    endloop
  endfacet
  facet normal 0.00000000e+00 0.00000000e+00 1.00000000e+00
    outer loop
      vertex 1.10000000e+00 2.00000000e-01 1.00000000e-01
      vertex 1.05669873e+00 2.25000000e-01 1.00000000e-01
      vertex 1.05585262e+00 2.23473578e-01 1.00000000e-01
    endloop
  endfacet
  facet normal 0.00000000e+00 0.00000000e+00 1.00000000e+00
    outer loop
      vertex 1.10000000e+00 2.00000000e-01 1.00000000e-01
      vertex 1.05585262e+00 2.23473578e-01 1.00000000e-01
      vertex 1.05506030e+00 2.21918557e-01 1.00000000e-01
    endloop
  endfacet
  facet normal 0.00000000e+00 0.00000000e+00 1.00000000e+00
    outer loop
      vertex 1.10000000e+00 2.00000000e-01 1.00000000e-01
      vertex 1.05506030e+00 2.21918557e-01 1.00000000e-01
      vertex 1.05432273e+00 2.20336832e-01 1.00000000e-01
    endloop
  endfacet
  facet normal 0.00000000e+00 0.00000000e+00 1.00000000e+00
    outer loop
      vertex 1.10000000e+00 2.00000000e-01 1.00000000e-01
      vertex 1.05432273e+00 2.20336832e-01 1.00000000e-01
      vertex 1.05364081e+00 2.18730330e-01 1.00000000e-01
    endloop
  endfacet
  facet normal 0.00000000e+00 0.00000000e+00 1.00000000e+00
    outer loop
      vertex 1.10000000e+00 2.00000000e-01 1.00000000e-01
      vertex 1.05364081e+00 2.18730330e-01 1.00000000e-01
      vertex 1.05301537e+00 2.17101007e-01 1.00000000e-01
    endloop
  endfacet
  facet normal 0.00000000e+00 0.00000000e+00 1.00000000e+00
    outer loop
      vertex 1.10000000e+00 2.00000000e-01 1.00000000e-01
      vertex 1.05301537e+00 2.17101007e-01 1.00000000e-01
      vertex 1.05244717e+00 2.15450850e-01 1.00000000e-01
    endloop
  endfacet
  facet normal 0.00000000e+00 0.00000000e+00 1.00000000e+00
    outer loop
      vertex 1.10000000e+00 2.00000000e-01 1.00000000e-01
      vertex 1.05244717e+00 2.15450850e-01 1.00000000e-01
      vertex 1.05193692e+00 2.13781868e-01 1.00000000e-01
    endloop
  endfacet
  facet normal 0.00000000e+00 0.00000000e+00 1.00000000e+00
    outer loop
      vertex 1.10000000e+00 2.00000000e-01 1.00000000e-01
      vertex 1.05193692e+00 2.13781868e-01 1.00000000e-01
      vertex 1.05148521e+00 2.12096095e-01 1.00000000e-01
    endloop
  endfacet
  facet normal 0.00000000e+00 0.00000000e+00 1.00000000e+00
    outer loop
      vertex 1.10000000e+00 2.00000000e-01 1.00000000e-01
      vertex 1.05148521e+00 2.12096095e-01 1.00000000e-01
      vertex 1.05109262e+00 2.10395585e-01 1.00000000e-01
    endloop
  endfacet
  facet normal 0.00000000e+00 0.00000000e+00 1.00000000e+00
    outer loop
      vertex 1.10000000e+00 2.00000000e-01 1.00000000e-01
      vertex 1.05109262e+00 2.10395585e-01 1.00000000e-01
      vertex 1.05075961e+00 2.08682409e-01 1.00000000e-01
    endloop
  endfacet
  facet normal 0.00000000e+00 0.00000000e+00 1.00000000e+00
    outer loop
      vertex 1.10000000e+00 2.00000000e-01 1.00000000e-01
      vertex 1.05075961e+00 2.08682409e-01 1.00000000e-01
      vertex 1.05048660e+00 2.06958655e-01 1.00000000e-01
    endloop
  endfacet
  facet normal 0.00000000e+00 0.00000000e+00 1.00000000e+00
    outer loop
      vertex 1.10000000e+00 2.00000000e-01 1.00000000e-01
      vertex 1.05048660e+00 2.06958655e-01 1.00000000e-01
      vertex 1.05027391e+00 2.05226423e-01 1.00000000e-01
    endloop
  endfacet
  facet normal 0.00000000e+00 0.00000000e+00 1.00000000e+00
    outer loop
      vertex 1.10000000e+00 2.00000000e-01 1.00000000e-01
      vertex 1.05027391e+00 2.05226423e-01 1.00000000e-01
      vertex 1.05012180e+00 2.03487824e-01 1.00000000e-01
    endloop
  endfacet
  facet normal 0.00000000e+00 0.00000000e+00 1.00000000e+00
    outer loop
      vertex 1.10000000e+00 2.00000000e-01 1.00000000e-01
      vertex 1.05012180e+00 2.03487824e-01 1.00000000e-01
      vertex 1.05003046e+00 2.01744975e-01 1.00000000e-01
    endloop
  endfacet
  facet normal 0.00000000e+00 0.00000000e+00 1.00000000e+00
    outer loop
      vertex 1.10000000e+00 2.00000000e-01 1.00000000e-01
      vertex 1.05003046e+00 2.01744975e-01 1.00000000e-01
      vertex 1.05000000e+00 2.00000000e-01 1.00000000e-01
    endloop
  endfacet
  facet normal 0.00000000e+00 0.00000000e+00 1.00000000e+00
    outer loop
      vertex 1.10000000e+00 2.00000000e-01 1.00000000e-01
      vertex 1.05000000e+00 2.00000000e-01 1.00000000e-01
      vertex 1.05003046e+00 1.98255025e-01 1.00000000e-01
    endloop
  endfacet
  facet normal 0.00000000e+00 0.00000000e+00 1.00000000e+00
    outer loop
      vertex 1.10000000e+00 2.00000000e-01 1.00000000e-01
      vertex 1.05003046e+00 1.98255025e-01 1.00000000e-01
      vertex 1.05012180e+00 1.96512176e-01 1.00000000e-01
    endloop
  endfacet
  facet normal 0.00000000e+00 0.00000000e+00 1.00000000e+00
    outer loop
      vertex 1.10000000e+00 2.00000000e-01 1.00000000e-01
      vertex 1.05012180e+00 1.96512176e-01 1.00000000e-01
      vertex 1.05027391e+00 1.94773577e-01 1.00000000e-01
    endloop
  endfacet
  facet normal 0.00000000e+00 0.00000000e+00 1.00000000e+00
    outer loop
      vertex 1.10000000e+00 2.00000000e-01 1.00000000e-01
      vertex 1.05027391e+00 1.94773577e-01 1.00000000e-01
      vertex 1.05048660e+00 1.93041345e-01 1.00000000e-01
    endloop
  endfacet
  facet normal 0.00000000e+00 0.00000000e+00 1.00000000e+00
    outer loop
      vertex 1.10000000e+00 2.00000000e-01 1.00000000e-01
      vertex 1.05048660e+00 1.93041345e-01 1.00000000e-01
      vertex 1.05075961e+00 1.91317591e-01 1.00000000e-01
    endloop
  endfacet
  facet normal 0.00000000e+00 0.00000000e+00 1.00000000e+00
    outer loop
      vertex 1.10000000e+00 2.00000000e-01 1.00000000e-01
      vertex 1.05075961e+00 1.91317591e-01 1.00000000e-01
      vertex 1.05109262e+00 1.89604415e-01 1.00000000e-01
    endloop
  endfacet
  facet normal 0.00000000e+00 0.00000000e+00 1.00000000e+00
    outer loop
      vertex 1.10000000e+00 2.00000000e-01 1.00000000e-01
      vertex 1.05109262e+00 1.89604415e-01 1.00000000e-01
      vertex 1.05148521e+00 1.87903905e-01 1.00000000e-01
    endloop
  endfacet
  facet normal 0.00000000e+00 0.00000000e+00 1.00000000e+00
    outer loop
      vertex 1.10000000e+00 2.00000000e-01 1.00000000e-01
      vertex 1.05148521e+00 1.87903905e-01 1.00000000e-01
      vertex 1.05193692e+00 1.86218132e-01 1.00000000e-01
    endloop
  endfacet
  facet normal 0.00000000e+00 0.00000000e+00 1.00000000e+00
    outer loop
      vertex 1.10000000e+00 2.00000000e-01 1.00000000e-01
      vertex 1.05193692e+00 1.86218132e-01 1.00000000e-01
      vertex 1.05244717e+00 1.84549150e-01 1.00000000e-01
    endloop
  endfacet
  facet normal 0.00000000e+00 0.00000000e+00 1.00000000e+00
    outer loop
      vertex 1.10000000e+00 2.00000000e-01 1.00000000e-01
      vertex 1.05244717e+00 1.84549150e-01 1.00000000e-01
      vertex 1.05301537e+00 1.82898993e-01 1.00000000e-01
    endloop
  endfacet
  facet normal 0.00000000e+00 0.00000000e+00 1.00000000e+00
    outer loop
      vertex 1.10000000e+00 2.00000000e-01 1.00000000e-01
      vertex 1.05301537e+00 1.82898993e-01 1.00000000e-01
      vertex 1.05364081e+00 1.81269670e-01 1.00000000e-01
    endloop
  endfacet
  facet normal 0.00000000e+00 0.00000000e+00 1.00000000e+00
    outer loop
      vertex 1.10000000e+00 2.00000000e-01 1.00000000e-01
      vertex 1.05364081e+00 1.81269670e-01 1.00000000e-01
      vertex 1.05432273e+00 1.79663168e-01 1.00000000e-01
    endloop
  endfacet
  facet normal 0.00000000e+00 0.00000000e+00 1.00000000e+00
    outer loop
      vertex 1.10000000e+00 2.00000000e-01 1.00000000e-01
      vertex 1.05432273e+00 1.79663168e-01 1.00000000e-01
      vertex 1.05506030e+00 1.78081443e-01 1.00000000e-01
    endloop
  endfacet
  facet normal 0.00000000e+00 0.00000000e+00 1.00000000e+00
    outer loop
      vertex 1.10000000e+00 2.00000000e-01 1.00000000e-01
      vertex 1.05506030e+00 1.78081443e-01 1.00000000e-01
      vertex 1.05585262e+00 1.76526422e-01 1.00000000e-01
    endloop
  endfacet
  facet normal 0.00000000e+00 0.00000000e+00 1.00000000e+00
    outer loop
      vertex 1.10000000e+00 2.00000000e-01 1.00000000e-01
      vertex 1.05585262e+00 1.76526422e-01 1.00000000e-01
      vertex 1.05669873e+00 1.75000000e-01 1.00000000e-01
    endloop
  endfacet
  facet normal 0.00000000e+00 0.00000000e+00 1.00000000e+00
    outer loop
      vertex 1.10000000e+00 2.00000000e-01 1.00000000e-01
      vertex 1.05669873e+00 1.75000000e-01 1.00000000e-01
      vertex 1.05759760e+00 1.73504037e-01 1.00000000e-01
    endloop
  endfacet
  facet normal 0.00000000e+00 0.00000000e+00 1.00000000e+00
    outer loop
      vertex 1.10000000e+00 2.00000000e-01 1.00000000e-01
      vertex 1.05759760e+00 1.73504037e-01 1.00000000e-01
      vertex 1.05854812e+00 1.72040355e-01 1.00000000e-01
    endloop
  endfacet
  facet normal 0.00000000e+00 0.00000000e+00 1.00000000e+00
    outer loop
      vertex 1.10000000e+00 2.00000000e-01 1.00000000e-01
      vertex 1.05854812e+00 1.72040355e-01 1.00000000e-01
      vertex 1.05954915e+00 1.70610737e-01 1.00000000e-01
    endloop
  endfacet
  facet normal 0.00000000e+00 0.00000000e+00 1.00000000e+00
    outer loop
      vertex 1.10000000e+00 2.00000000e-01 1.00000000e-01
      vertex 1.05954915e+00 1.70610737e-01 1.00000000e-01
      vertex 1.06059946e+00 1.69216926e-01 1.00000000e-01
    endloop
  endfacet
  facet normal 0.00000000e+00 0.00000000e+00 1.00000000e+00
    outer loop
      vertex 1.10000000e+00 2.00000000e-01 1.00000000e-01
      vertex 1.06059946e+00 1.69216926e-01 1.00000000e-01
      vertex 1.06169778e+00 1.67860620e-01 1.00000000e-01
    endloop
  endfacet
  facet normal 0.00000000e+00 0.00000000e+00 1.00000000e+00
    outer loop
      vertex 1.10000000e+00 2.00000000e-01 1.00000000e-01
      vertex 1.06169778e+00 1.67860620e-01 1.00000000e-01
      vertex 1.06284276e+00 1.66543470e-01 1.00000000e-01
    endloop
  endfacet
  facet normal 0.00000000e+00 0.00000000e+00 1.00000000e+00
    outer loop
      vertex 1.10000000e+00 2.00000000e-01 1.00000000e-01
      vertex 1.06284276e+00 1.66543470e-01 1.00000000e-01
      vertex 1.06403301e+00 1.65267081e-01 1.00000000e-01
    endloop
  endfacet
  facet normal 0.00000000e+00 0.00000000e+00 1.00000000e+00
    outer loop
      vertex 1.10000000e+00 2.00000000e-01 1.00000000e-01
      vertex 1.06403301e+00 1.65267081e-01 1.00000000e-01
      vertex 1.06526708e+00 1.64033010e-01 1.00000000e-01
    endloop
  endfacet
  facet normal 0.00000000e+00 0.00000000e+00 1.00000000e+00
    outer loop
      vertex 1.10000000e+00 2.00000000e-01 1.00000000e-01
      vertex 1.06526708e+00 1.64033010e-01 1.00000000e-01
      vertex 1.06654347e+00 1.62842759e-01 1.00000000e-01
    endloop
  endfacet
  facet normal 0.00000000e+00 0.00000000e+00 1.00000000e+00
    outer loop
      vertex 1.10000000e+00 2.00000000e-01 1.00000000e-01
      vertex 1.06654347e+00 1.62842759e-01 1.00000000e-01
      vertex 1.06786062e+00 1.61697778e-01 1.00000000e-01
    endloop
  endfacet
  facet normal 0.00000000e+00 0.00000000e+00 1.00000000e+00
    outer loop
      vertex 1.10000000e+00 2.00000000e-01 1.00000000e-01
      vertex 1.06786062e+00 1.61697778e-01 1.00000000e-01
      vertex 1.06921693e+00 1.60599462e-01 1.00000000e-01
    endloop
  endfacet
  facet normal 0.00000000e+00 0.00000000e+00 1.00000000e+00
    outer loop
      vertex 1.10000000e+00 2.00000000e-01 1.00000000e-01
      vertex 1.06921693e+00 1.60599462e-01 1.00000000e-01
      vertex 1.07061074e+00 1.59549150e-01 1.00000000e-01
    endloop
  endfacet
  facet normal 0.00000000e+00 0.00000000e+00 1.00000000e+00
    outer loop
      vertex 1.10000000e+00 2.00000000e-01 1.00000000e-01
      vertex 1.07061074e+00 1.59549150e-01 1.00000000e-01
      vertex 1.07204035e+00 1.58548121e-01 1.00000000e-01
    endloop
  endfacet
  facet normal 0.00000000e+00 0.00000000e+00 1.00000000e+00
    outer loop
      vertex 1.10000000e+00 2.00000000e-01 1.00000000e-01
      vertex 1.07204035e+00 1.58548121e-01 1.00000000e-01
      vertex 1.07350404e+00 1.57597595e-01 1.00000000e-01
    endloop
  endfacet
  facet normal 0.00000000e+00 0.00000000e+00 1.00000000e+00
    outer loop
      vertex 1.10000000e+00 2.00000000e-01 1.00000000e-01
      vertex 1.07350404e+00 1.57597595e-01 1.00000000e-01
      vertex 1.07500000e+00 1.56698730e-01 1.00000000e-01
    endloop
  endfacet
  facet normal 0.00000000e+00 0.00000000e+00 1.00000000e+00
    outer loop
      vertex 1.10000000e+00 2.00000000e-01 1.00000000e-01
      vertex 1.07500000e+00 1.56698730e-01 1.00000000e-01
      vertex 1.07652642e+00 1.55852620e-01 1.00000000e-01
    endloop
  endfacet
  facet normal 0.00000000e+00 0.00000000e+00 1.00000000e+00
    outer loop
      vertex 1.10000000e+00 2.00000000e-01 1.00000000e-01
      vertex 1.07652642e+00 1.55852620e-01 1.00000000e-01
      vertex 1.07808144e+00 1.55060298e-01 1.00000000e-01
    endloop
  endfacet
  facet normal 0.00000000e+00 0.00000000e+00 1.00000000e+00
    outer loop
      vertex 1.10000000e+00 2.00000000e-01 1.00000000e-01
      vertex 1.07808144e+00 1.55060298e-01 1.00000000e-01
      vertex 1.07966317e+00 1.54322727e-01 1.00000000e-01
    endloop
  endfacet
  facet normal 0.00000000e+00 0.00000000e+00 1.00000000e+00
    outer loop
      vertex 1.10000000e+00 2.00000000e-01 1.00000000e-01
      vertex 1.07966317e+00 1.54322727e-01 1.00000000e-01
      vertex 1.08126967e+00 1.53640807e-01 1.00000000e-01
    endloop
  endfacet
  facet normal 0.00000000e+00 0.00000000e+00 1.00000000e+00
    outer loop
      vertex 1.10000000e+00 2.00000000e-01 1.00000000e-01
      vertex 1.08126967e+00 1.53640807e-01 1.00000000e-01
      vertex 1.08289899e+00 1.53015369e-01 1.00000000e-01
    endloop
  endfacet
  facet normal 0.00000000e+00 0.00000000e+00 1.00000000e+00
    outer loop
      vertex 1.10000000e+00 2.00000000e-01 1.00000000e-01
      vertex 1.08289899e+00 1.53015369e-01 1.00000000e-01
      vertex 1.08454915e+00 1.52447174e-01 1.00000000e-01
    endloop
  endfacet
  facet normal 0.00000000e+00 0.00000000e+00 1.00000000e+00
    outer loop
      vertex 1.10000000e+00 2.00000000e-01 1.00000000e-01
      vertex 1.08454915e+00 1.52447174e-01 1.00000000e-01
      vertex 1.08621813e+00 1.51936915e-01 1.00000000e-01
    endloop
  endfacet
  facet normal 0.00000000e+00 0.00000000e+00 1.00000000e+00
    outer loop
      vertex 1.10000000e+00 2.00000000e-01 1.00000000e-01
      vertex 1.08621813e+00 1.51936915e-01 1.00000000e-01
      vertex 1.08790391e+00 1.51485214e-01 1.00000000e-01
    endloop
  endfacet
  facet normal 0.00000000e+00 0.00000000e+00 1.00000000e+00
    outer loop
      vertex 1.10000000e+00 2.00000000e-01 1.00000000e-01
      vertex 1.08790391e+00 1.51485214e-01 1.00000000e-01
      vertex 1.08960442e+00 1.51092620e-01 1.00000000e-01
    endloop
  endfacet
  facet normal 0.00000000e+00 0.00000000e+00 1.00000000e+00
    outer loop
      vertex 1.10000000e+00 2.00000000e-01 1.00000000e-01
      vertex 1.08960442e+00 1.51092620e-01 1.00000000e-01
      vertex 1.09131759e+00 1.50759612e-01 1.00000000e-01
    endloop
  endfacet
  facet normal 0.00000000e+00 0.00000000e+00 1.00000000e+00
    outer loop
      vertex 1.10000000e+00 2.00000000e-01 1.00000000e-01
      vertex 1.09131759e+00 1.50759612e-01 1.00000000e-01
      vertex 1.09304134e+00 1.50486597e-01 1.00000000e-01
    endloop
  endfacet
  facet normal 0.00000000e+00 0.00000000e+00 1.00000000e+00
    outer loop
      vertex 1.10000000e+00 2.00000000e-01 1.00000000e-01
      vertex 1.09304134e+00 1.50486597e-01 1.00000000e-01
      vertex 1.09477358e+00 1.50273905e-01 1.00000000e-01
    endloop
  endfacet
  facet normal 0.00000000e+00 0.00000000e+00 1.00000000e+00
    outer loop
      vertex 1.10000000e+00 2.00000000e-01 1.00000000e-01
      vertex 1.09477358e+00 1.50273905e-01 1.00000000e-01
      vertex 1.09651218e+00 1.50121797e-01 1.00000000e-01
    endloop
  endfacet
  facet normal 0.00000000e+00 0.00000000e+00 1.00000000e+00
    outer loop
      vertex 1.10000000e+00 2.00000000e-01 1.00000000e-01
      vertex 1.09651218e+00 1.50121797e-01 1.00000000e-01
      vertex 1.09825503e+00 1.50030459e-01 1.00000000e-01
    endloop
  endfacet
  facet normal 0.00000000e+00 0.00000000e+00 1.00000000e+00
    outer loop
      vertex 1.10000000e+00 2.00000000e-01 1.00000000e-01
      vertex 1.09825503e+00 1.50030459e-01 1.00000000e-01
      vertex 1.10000000e+00 1.50000000e-01 1.00000000e-01
    endloop
  endfacet
  facet normal 0.00000000e+00 0.00000000e+00 1.00000000e+00
    outer loop
      vertex 1.10000000e+00 2.00000000e-01 1.00000000e-01
      vertex 1.10000000e+00 1.50000000e-01 1.00000000e-01
      vertex 1.10174497e+00 1.50030459e-01 1.00000000e-01
    endloop
  endfacet
  facet normal 0.00000000e+00 0.00000000e+00 1.00000000e+00
    outer loop
      vertex 1.10000000e+00 2.00000000e-01 1.00000000e-01
      vertex 1.10174497e+00 1.50030459e-01 1.00000000e-01
      vertex 1.10348782e+00 1.50121797e-01 1.00000000e-01
    endloop
  endfacet
  facet normal 0.00000000e+00 0.00000000e+00 1.00000000e+00
    outer loop
      vertex 1.10000000e+00 2.00000000e-01 1.00000000e-01
      vertex 1.10348782e+00 1.50121797e-01 1.00000000e-01
      vertex 1.10522642e+00 1.50273905e-01 1.00000000e-01
    endloop
  endfacet
  facet normal 0.00000000e+00 0.00000000e+00 1.00000000e+00
    outer loop
      vertex 1.10000000e+00 2.00000000e-01 1.00000000e-01
      vertex 1.10522642e+00 1.50273905e-01 1.00000000e-01
      vertex 1.10695866e+00 1.50486597e-01 1.00000000e-01
    endloop
  endfacet
  facet normal 0.00000000e+00 0.00000000e+00 1.00000000e+00
    outer loop
      vertex 1.10000000e+00 2.00000000e-01 1.00000000e-01
      vertex 1.10695866e+00 1.50486597e-01 1.00000000e-01
      vertex 1.10868241e+00 1.50759612e-01 1.00000000e-01
    endloop
  endfacet
  facet normal 0.00000000e+00 0.00000000e+00 1.00000000e+00
    outer loop
      vertex 1.10000000e+00 2.00000000e-01 1.00000000e-01
      vertex 1.10868241e+00 1.50759612e-01 1.00000000e-01
      vertex 1.11039558e+00 1.51092620e-01 1.00000000e-01
    endloop
  endfacet
  facet normal 0.00000000e+00 0.00000000e+00 1.00000000e+00
    outer loop
      vertex 1.10000000e+00 2.00000000e-01 1.00000000e-01
      vertex 1.11039558e+00 1.51092620e-01 1.00000000e-01
      vertex 1.11209609e+00 1.51485214e-01 1.00000000e-01
    endloop
  endfacet
  facet normal 0.00000000e+00 0.00000000e+00 1.00000000e+00
    outer loop
      vertex 1.10000000e+00 2.00000000e-01 1.00000000e-01
      vertex 1.11209609e+00 1.51485214e-01 1.00000000e-01
      vertex 1.11378187e+00 1.51936915e-01 1.00000000e-01
    endloop
  endfacet
  facet normal 0.00000000e+00 0.00000000e+00 1.00000000e+00
    outer loop
      vertex 1.10000000e+00 2.00000000e-01 1.00000000e-01
      vertex 1.11378187e+00 1.51936915e-01 1.00000000e-01
      vertex 1.11545085e+00 1.52447174e-01 1.00000000e-01
    endloop
  endfacet
  facet normal 0.00000000e+00 0.00000000e+00 1.00000000e+00
    outer loop
      vertex 1.10000000e+00 2.00000000e-01 1.00000000e-01
      vertex 1.11545085e+00 1.52447174e-01 1.00000000e-01
      vertex 1.11710101e+00 1.53015369e-01 1.00000000e-01
    endloop
  endfacet
  facet normal 0.00000000e+00 0.00000000e+00 1.00000000e+00
    outer loop
      vertex 1.10000000e+00 2.00000000e-01 1.00000000e-01
      vertex 1.11710101e+00 1.53015369e-01 1.00000000e-01
      vertex 1.11873033e+00 1.53640807e-01 1.00000000e-01
    endloop
  endfacet
  facet normal 0.00000000e+00 0.00000000e+00 1.00000000e+00
    outer loop
      vertex 1.10000000e+00 2.00000000e-01 1.00000000e-01
      vertex 1.11873033e+00 1.53640807e-01 1.00000000e-01
      vertex 1.12033683e+00 1.54322727e-01 1.00000000e-01
    endloop
  endfacet
  facet normal 0.00000000e+00 0.00000000e+00 1.00000000e+00
    outer loop
      vertex 1.10000000e+00 2.00000000e-01 1.00000000e-01
      vertex 1.12033683e+00 1.54322727e-01 1.00000000e-01
      vertex 1.12191856e+00 1.55060298e-01 1.00000000e-01
    endloop
  endfacet
  facet normal 0.00000000e+00 0.00000000e+00 1.00000000e+00
    outer loop
      vertex 1.10000000e+00 2.00000000e-01 1.00000000e-01
      vertex 1.12191856e+00 1.55060298e-01 1.00000000e-01
      vertex 1.12347358e+00 1.55852620e-01 1.00000000e-01
    endloop
  endfacet
  facet normal 0.00000000e+00 0.00000000e+00 1.00000000e+00
    outer loop
      vertex 1.10000000e+00 2.00000000e-01 1.00000000e-01
      vertex 1.12347358e+00 1.55852620e-01 1.00000000e-01
      vertex 1.12500000e+00 1.56698730e-01 1.00000000e-01
    endloop
  endfacet
  facet normal 0.00000000e+00 0.00000000e+00 1.00000000e+00
    outer loop
      vertex 1.10000000e+00 2.00000000e-01 1.00000000e-01
      vertex 1.12500000e+00 1.56698730e-01 1.00000000e-01
      vertex 1.12649596e+00 1.57597595e-01 1.00000000e-01
    endloop
  endfacet
  facet normal 0.00000000e+00 0.00000000e+00 1.00000000e+00
    outer loop
      vertex 1.10000000e+00 2.00000000e-01 1.00000000e-01
      vertex 1.12649596e+00 1.57597595e-01 1.00000000e-01
      vertex 1.12795965e+00 1.58548121e-01 1.00000000e-01
    endloop
  endfacet
  facet normal 0.00000000e+00 0.00000000e+00 1.00000000e+00
    outer loop
      vertex 1.10000000e+00 2.00000000e-01 1.00000000e-01
      vertex 1.12795965e+00 1.58548121e-01 1.00000000e-01
      vertex 1.12938926e+00 1.59549150e-01 1.00000000e-01
    endloop
  endfacet
  facet normal 0.00000000e+00 0.00000000e+00 1.00000000e+00
    outer loop
      vertex 1.10000000e+00 2.00000000e-01 1.00000000e-01
      vertex 1.12938926e+00 1.59549150e-01 1.00000000e-01
      vertex 1.13078307e+00 1.60599462e-01 1.00000000e-01
    endloop
  endfacet
  facet normal 0.00000000e+00 0.00000000e+00 1.00000000e+00
    outer loop
      vertex 1.10000000e+00 2.00000000e-01 1.00000000e-01
      vertex 1.13078307e+00 1.60599462e-01 1.00000000e-01
      vertex 1.13213938e+00 1.61697778e-01 1.00000000e-01
    endloop
  endfacet
  facet normal 0.00000000e+00 0.00000000e+00 1.00000000e+00
    outer loop
      vertex 1.10000000e+00 2.00000000e-01 1.00000000e-01
      vertex 1.13213938e+00 1.61697778e-01 1.00000000e-01
      vertex 1.13345653e+00 1.62842759e-01 1.00000000e-01
    endloop
  endfacet
  facet normal 0.00000000e+00 0.00000000e+00 1.00000000e+00
    outer loop
      vertex 1.10000000e+00 2.00000000e-01 1.00000000e-01
      vertex 1.13345653e+00 1.62842759e-01 1.00000000e-01
      vertex 1.13473292e+00 1.64033010e-01 1.00000000e-01
    endloop
  endfacet
  facet normal 0.00000000e+00 0.00000000e+00 1.00000000e+00
    outer loop
      vertex 1.10000000e+00 2.00000000e-01 1.00000000e-01
      vertex 1.13473292e+00 1.64033010e-01 1.00000000e-01
      vertex 1.13596699e+00 1.65267081e-01 1.00000000e-01
    endloop
  endfacet
  facet normal 0.00000000e+00 0.00000000e+00 1.00000000e+00
    outer loop
      vertex 1.10000000e+00 2.00000000e-01 1.00000000e-01
      vertex 1.13596699e+00 1.65267081e-01 1.00000000e-01
      vertex 1.13715724e+00 1.66543470e-01 1.00000000e-01
    endloop
  endfacet
  facet normal 0.00000000e+00 0.00000000e+00 1.00000000e+00
    outer loop
      vertex 1.10000000e+00 2.00000000e-01 1.00000000e-01
      vertex 1.13715724e+00 1.66543470e-01 1.00000000e-01
      vertex 1.13830222e+00 1.67860620e-01 1.00000000e-01
    endloop
  endfacet
  facet normal 0.00000000e+00 0.00000000e+00 1.00000000e+00
    outer loop
      vertex 1.10000000e+00 2.00000000e-01 1.00000000e-01
      vertex 1.13830222e+00 1.67860620e-01 1.00000000e-01
      vertex 1.13940054e+00 1.69216926e-01 1.00000000e-01
    endloop
  endfacet
  facet normal 0.00000000e+00 0.00000000e+00 1.00000000e+00
    outer loop
      vertex 1.10000000e+00 2.00000000e-01 1.00000000e-01
      vertex 1.13940054e+00 1.69216926e-01 1.00000000e-01
      vertex 1.14045085e+00 1.70610737e-01 1.00000000e-01
    endloop
  endfacet
  facet normal 0.00000000e+00 0.00000000e+00 1.00000000e+00
    outer loop
      vertex 1.10000000e+00 2.00000000e-01 1.00000000e-01
      vertex 1.14045085e+00 1.70610737e-01 1.00000000e-01
      vertex 1.14145188e+00 1.72040355e-01 1.00000000e-01
    endloop
  endfacet
  facet normal 0.00000000e+00 0.00000000e+00 1.00000000e+00
    outer loop
      vertex 1.10000000e+00 2.00000000e-01 1.00000000e-01
      vertex 1.14145188e+00 1.72040355e-01 1.00000000e-01
      vertex 1.14240240e+00 1.73504037e-01 1.00000000e-01
    endloop
  endfacet
  facet normal 0.00000000e+00 0.00000000e+00 1.00000000e+00
    outer loop
      vertex 1.10000000e+00 2.00000000e-01 1.00000000e-01
      vertex 1.14240240e+00 1.73504037e-01 1.00000000e-01
      vertex 1.14330127e+00 1.75000000e-01 1.00000000e-01
    endloop
  endfacet
  facet normal 0.00000000e+00 0.00000000e+00 1.00000000e+00
    outer loop
      vertex 1.10000000e+00 2.00000000e-01 1.00000000e-01
      vertex 1.14330127e+00 1.75000000e-01 1.00000000e-01
      vertex 1.14414738e+00 1.76526422e-01 1.00000000e-01
    endloop
  endfacet
  facet normal 0.00000000e+00 0.00000000e+00 1.00000000e+00
    outer loop
      vertex 1.10000000e+00 2.00000000e-01 1.00000000e-01
      vertex 1.14414738e+00 1.76526422e-01 1.00000000e-01
      vertex 1.14493970e+00 1.78081443e-01 1.00000000e-01
    endloop
  endfacet
  facet normal 0.00000000e+00 0.00000000e+00 1.00000000e+00
    outer loop
      vertex 1.10000000e+00 2.00000000e-01 1.00000000e-01
      vertex 1.14493970e+00 1.78081443e-01 1.00000000e-01
      vertex 1.14567727e+00 1.79663168e-01 1.00000000e-01
    endloop
  endfacet
  facet normal 0.00000000e+00 0.00000000e+00 1.00000000e+00
    outer loop
      vertex 1.10000000e+00 2.00000000e-01 1.00000000e-01
      vertex 1.14567727e+00 1.79663168e-01 1.00000000e-01
      vertex 1.14635919e+00 1.81269670e-01 1.00000000e-01
    endloop
  endfacet
  facet normal 0.00000000e+00 0.00000000e+00 1.00000000e+00
    outer loop
      vertex 1.10000000e+00 2.00000000e-01 1.00000000e-01
      vertex 1.14635919e+00 1.81269670e-01 1.00000000e-01
      vertex 1.14698463e+00 1.82898993e-01 1.00000000e-01
    endloop
  endfacet
  facet normal 0.00000000e+00 0.00000000e+00 1.00000000e+00
    outer loop
      vertex 1.10000000e+00 2.00000000e-01 1.00000000e-01
      vertex 1.14698463e+00 1.82898993e-01 1.00000000e-01
      vertex 1.14755283e+00 1.84549150e-01 1.00000000e-01
    endloop
  endfacet
  facet normal 0.00000000e+00 0.00000000e+00 1.00000000e+00
    outer loop
      vertex 1.10000000e+00 2.00000000e-01 1.00000000e-01
      vertex 1.14755283e+00 1.84549150e-01 1.00000000e-01
      vertex 1.14806308e+00 1.86218132e-01 1.00000000e-01
    endloop
  endfacet
  facet normal 0.00000000e+00 0.00000000e+00 1.00000000e+00
    outer loop
      vertex 1.10000000e+00 2.00000000e-01 1.00000000e-01
      vertex 1.14806308e+00 1.86218132e-01 1.00000000e-01
      vertex 1.14851479e+00 1.87903905e-01 1.00000000e-01
    endloop
  endfacet
  facet normal 0.00000000e+00 0.00000000e+00 1.00000000e+00
    outer loop
      vertex 1.10000000e+00 2.00000000e-01 1.00000000e-01
      vertex 1.14851479e+00 1.87903905e-01 1.00000000e-01
      vertex 1.14890738e+00 1.89604415e-01 1.00000000e-01
    endloop
  endfacet
  facet normal 0.00000000e+00 0.00000000e+00 1.00000000e+00
    outer loop
      vertex 1.10000000e+00 2.00000000e-01 1.00000000e-01
      vertex 1.14890738e+00 1.89604415e-01 1.00000000e-01
      vertex 1.14924039e+00 1.91317591e-01 1.00000000e-01
    endloop
  endfacet
  facet normal 0.00000000e+00 0.00000000e+00 1.00000000e+00
    outer loop
      vertex 1.10000000e+00 2.00000000e-01 1.00000000e-01
      vertex 1.14924039e+00 1.91317591e-01 1.00000000e-01
      vertex 1.14951340e+00 1.93041345e-01 1.00000000e-01
    endloop
  endfacet
  facet normal 0.00000000e+00 0.00000000e+00 1.00000000e+00
    outer loop
      vertex 1.10000000e+00 2.00000000e-01 1.00000000e-01
      vertex 1.14951340e+00 1.93041345e-01 1.00000000e-01
      vertex 1.14972609e+00 1.94773577e-01 1.00000000e-01
    endloop
  endfacet
  facet normal 0.00000000e+00 0.00000000e+00 1.00000000e+00
    outer loop
      vertex 1.10000000e+00 2.00000000e-01 1.00000000e-01
      vertex 1.14972609e+00 1.94773577e-01 1.00000000e-01
      vertex 1.14987820e+00 1.96512176e-01 1.00000000e-01
    endloop
  endfacet
  facet normal 0.00000000e+00 0.00000000e+00 1.00000000e+00
    outer loop
      vertex 1.10000000e+00 2.00000000e-01 1.00000000e-01
      vertex 1.14987820e+00 1.96512176e-01 1.00000000e-01
      vertex 1.14996954e+00 1.98255025e-01 1.00000000e-01
    endloop
  endfacet
  facet normal -0.00000000e+00 0.00000000e+00 1.00000000e+00
    outer loop
      vertex 1.10000000e+00 2.00000000e-01 1.00000000e-01
      vertex 1.14996954e+00 1.98255025e-01 1.00000000e-01
      vertex 1.15000000e+00 2.00000000e-01 1.00000000e-01
    endloop
  endfacet
endsolid cylinder
