Label,Points:0,Points:1,Points:2,activationTime
P1,0.0,0.0,0.007,0.00119337
P2,0.0,0.0,0.0,0.0404962
P3,0.019999,0.0,0.007,0.0351336
P4,0.019999,0.0,0.0,0.0536258
P5,0.0,0.003,0.007,0.0112285
P6,0.0,0.003,0.0,0.0422685
P7,0.019999,0.003,0.007,0.036568
P8,0.019999,0.003,0.0,0.0545957
P9,0.01,0.0015,0.0035,0.0239597
