Label,Points:0,Points:1,Points:2,activationTime
P1,0.0,0.0,0.007,0.00119063
P2,0.0,0.0,0.0,0.0310663
P3,0.019999,0.0,0.007,0.033031
P4,0.019999,0.0,0.0,0.0445391
P5,0.0,0.003,0.007,0.00932766
P6,0.0,0.003,0.0,0.0325636
P7,0.019999,0.003,0.007,0.0342926
P8,0.019999,0.003,0.0,0.0454952
P9,0.01,0.0015,0.0035,0.0208146
