solid cylinder_D1_center2_2_L0p1
  facet normal 9.99698819e-01 2.45412285e-02 0.00000000e+00
    outer loop
      vertex 2.50000000e+00 2.00000000e+00 -5.00000000e-02
      vertex 2.49939773e+00 2.02453384e+00 -5.00000000e-02
      vertex 2.49939773e+00 2.02453384e+00 5.00000000e-02
    endloop
  endfacet
  facet normal 9.99698819e-01 2.45412285e-02 -0.00000000e+00
    outer loop
      vertex 2.50000000e+00 2.00000000e+00 -5.00000000e-02
      vertex 2.49939773e+00 2.02453384e+00 5.00000000e-02
      vertex 2.50000000e+00 2.00000000e+00 5.00000000e-02
    endloop
  endfacet
  facet normal 9.97290457e-01 7.35645636e-02 0.00000000e+00
    outer loop
      vertex 2.49939773e+00 2.02453384e+00 -5.00000000e-02
      vertex 2.49759236e+00 2.04900857e+00 -5.00000000e-02
      vertex 2.49759236e+00 2.04900857e+00 5.00000000e-02
    endloop
  endfacet
  facet normal 9.97290457e-01 7.35645636e-02 -0.00000000e+00
    outer loop
      vertex 2.49939773e+00 2.02453384e+00 -5.00000000e-02
      vertex 2.49759236e+00 2.04900857e+00 5.00000000e-02
      vertex 2.49939773e+00 2.02453384e+00 5.00000000e-02
    endloop
  endfacet
  facet normal 9.92479535e-01 1.22410675e-01 0.00000000e+00
    outer loop
      vertex 2.49759236e+00 2.04900857e+00 -5.00000000e-02
      vertex 2.49458825e+00 2.07336524e+00 -5.00000000e-02
      vertex 2.49458825e+00 2.07336524e+00 5.00000000e-02
    endloop
  endfacet
  facet normal 9.92479535e-01 1.22410675e-01 -0.00000000e+00
    outer loop
      vertex 2.49759236e+00 2.04900857e+00 -5.00000000e-02
      vertex 2.49458825e+00 2.07336524e+00 5.00000000e-02
      vertex 2.49759236e+00 2.04900857e+00 5.00000000e-02
    endloop
  endfacet
  facet normal 9.85277642e-01 1.70961889e-01 0.00000000e+00
    outer loop
      vertex 2.49458825e+00 2.07336524e+00 -5.00000000e-02
      vertex 2.49039264e+00 2.09754516e+00 -5.00000000e-02
      vertex 2.49039264e+00 2.09754516e+00 5.00000000e-02
    endloop
  endfacet
  facet normal 9.85277642e-01 1.70961889e-01 -0.00000000e+00
    outer loop
      vertex 2.49458825e+00 2.07336524e+00 -5.00000000e-02
      vertex 2.49039264e+00 2.09754516e+00 5.00000000e-02
      vertex 2.49458825e+00 2.07336524e+00 5.00000000e-02
    endloop
  endfacet
  facet normal 9.75702130e-01 2.19101240e-01 0.00000000e+00
    outer loop
      vertex 2.49039264e+00 2.09754516e+00 -5.00000000e-02
      vertex 2.48501563e+00 2.12149009e+00 -5.00000000e-02
      vertex 2.48501563e+00 2.12149009e+00 5.00000000e-02
    endloop
  endfacet
  facet normal 9.75702130e-01 2.19101240e-01 -0.00000000e+00
    outer loop
      vertex 2.49039264e+00 2.09754516e+00 -5.00000000e-02
      vertex 2.48501563e+00 2.12149009e+00 5.00000000e-02
      vertex 2.49039264e+00 2.09754516e+00 5.00000000e-02
    endloop
  endfacet
  facet normal 9.63776066e-01 2.66712757e-01 0.00000000e+00
    outer loop
      vertex 2.48501563e+00 2.12149009e+00 -5.00000000e-02
      vertex 2.47847017e+00 2.14514234e+00 -5.00000000e-02
      vertex 2.47847017e+00 2.14514234e+00 5.00000000e-02
    endloop
  endfacet
  facet normal 9.63776066e-01 2.66712757e-01 -0.00000000e+00
    outer loop
      vertex 2.48501563e+00 2.12149009e+00 -5.00000000e-02
      vertex 2.47847017e+00 2.14514234e+00 5.00000000e-02
      vertex 2.48501563e+00 2.12149009e+00 5.00000000e-02
    endloop
  endfacet
  facet normal 9.49528181e-01 3.13681740e-01 0.00000000e+00
    outer loop
      vertex 2.47847017e+00 2.14514234e+00 -5.00000000e-02
      vertex 2.47077203e+00 2.16844493e+00 -5.00000000e-02
      vertex 2.47077203e+00 2.16844493e+00 5.00000000e-02
    endloop
  endfacet
  facet normal 9.49528181e-01 3.13681740e-01 -0.00000000e+00
    outer loop
      vertex 2.47847017e+00 2.14514234e+00 -5.00000000e-02
      vertex 2.47077203e+00 2.16844493e+00 5.00000000e-02
      vertex 2.47847017e+00 2.14514234e+00 5.00000000e-02
    endloop
  endfacet
  facet normal 9.32992799e-01 3.59895037e-01 0.00000000e+00
    outer loop
      vertex 2.47077203e+00 2.16844493e+00 -5.00000000e-02
      vertex 2.46193977e+00 2.19134172e+00 -5.00000000e-02
      vertex 2.46193977e+00 2.19134172e+00 5.00000000e-02
    endloop
  endfacet
  facet normal 9.32992799e-01 3.59895037e-01 -0.00000000e+00
    outer loop
      vertex 2.47077203e+00 2.16844493e+00 -5.00000000e-02
      vertex 2.46193977e+00 2.19134172e+00 5.00000000e-02
      vertex 2.47077203e+00 2.16844493e+00 5.00000000e-02
    endloop
  endfacet
  facet normal 9.14209756e-01 4.05241314e-01 0.00000000e+00
    outer loop
      vertex 2.46193977e+00 2.19134172e+00 -5.00000000e-02
      vertex 2.45199465e+00 2.21377755e+00 -5.00000000e-02
      vertex 2.45199465e+00 2.21377755e+00 5.00000000e-02
    endloop
  endfacet
  facet normal 9.14209756e-01 4.05241314e-01 -0.00000000e+00
    outer loop
      vertex 2.46193977e+00 2.19134172e+00 -5.00000000e-02
      vertex 2.45199465e+00 2.21377755e+00 5.00000000e-02
      vertex 2.46193977e+00 2.19134172e+00 5.00000000e-02
    endloop
  endfacet
  facet normal 8.93224301e-01 4.49611330e-01 0.00000000e+00
    outer loop
      vertex 2.45199465e+00 2.21377755e+00 -5.00000000e-02
      vertex 2.44096063e+00 2.23569837e+00 -5.00000000e-02
      vertex 2.44096063e+00 2.23569837e+00 5.00000000e-02
    endloop
  endfacet
  facet normal 8.93224301e-01 4.49611330e-01 -0.00000000e+00
    outer loop
      vertex 2.45199465e+00 2.21377755e+00 -5.00000000e-02
      vertex 2.44096063e+00 2.23569837e+00 5.00000000e-02
      vertex 2.45199465e+00 2.21377755e+00 5.00000000e-02
    endloop
  endfacet
  facet normal 8.70086991e-01 4.92898192e-01 0.00000000e+00
    outer loop
      vertex 2.44096063e+00 2.23569837e+00 -5.00000000e-02
      vertex 2.42886431e+00 2.25705137e+00 -5.00000000e-02
      vertex 2.42886431e+00 2.25705137e+00 5.00000000e-02
    endloop
  endfacet
  facet normal 8.70086991e-01 4.92898192e-01 -0.00000000e+00
    outer loop
      vertex 2.44096063e+00 2.23569837e+00 -5.00000000e-02
      vertex 2.42886431e+00 2.25705137e+00 5.00000000e-02
      vertex 2.44096063e+00 2.23569837e+00 5.00000000e-02
    endloop
  endfacet
  facet normal 8.44853565e-01 5.34997620e-01 0.00000000e+00
    outer loop
      vertex 2.42886431e+00 2.25705137e+00 -5.00000000e-02
      vertex 2.41573481e+00 2.27778512e+00 -5.00000000e-02
      vertex 2.41573481e+00 2.27778512e+00 5.00000000e-02
    endloop
  endfacet
  facet normal 8.44853565e-01 5.34997620e-01 -0.00000000e+00
    outer loop
      vertex 2.42886431e+00 2.25705137e+00 -5.00000000e-02
      vertex 2.41573481e+00 2.27778512e+00 5.00000000e-02
      vertex 2.42886431e+00 2.25705137e+00 5.00000000e-02
    endloop
  endfacet
  facet normal 8.17584813e-01 5.75808191e-01 0.00000000e+00
    outer loop
      vertex 2.41573481e+00 2.27778512e+00 -5.00000000e-02
      vertex 2.40160377e+00 2.29784965e+00 -5.00000000e-02
      vertex 2.40160377e+00 2.29784965e+00 5.00000000e-02
    endloop
  endfacet
  facet normal 8.17584813e-01 5.75808191e-01 -0.00000000e+00
    outer loop
      vertex 2.41573481e+00 2.27778512e+00 -5.00000000e-02
      vertex 2.40160377e+00 2.29784965e+00 5.00000000e-02
      vertex 2.41573481e+00 2.27778512e+00 5.00000000e-02
    endloop
  endfacet
  facet normal 7.88346428e-01 6.15231591e-01 0.00000000e+00
    outer loop
      vertex 2.40160377e+00 2.29784965e+00 -5.00000000e-02
      vertex 2.38650523e+00 2.31719664e+00 -5.00000000e-02
      vertex 2.38650523e+00 2.31719664e+00 5.00000000e-02
    endloop
  endfacet
  facet normal 7.88346428e-01 6.15231591e-01 -0.00000000e+00
    outer loop
      vertex 2.40160377e+00 2.29784965e+00 -5.00000000e-02
      vertex 2.38650523e+00 2.31719664e+00 5.00000000e-02
      vertex 2.40160377e+00 2.29784965e+00 5.00000000e-02
    endloop
  endfacet
  facet normal 7.57208847e-01 6.53172843e-01 0.00000000e+00
    outer loop
      vertex 2.38650523e+00 2.31719664e+00 -5.00000000e-02
      vertex 2.37047556e+00 2.33577948e+00 -5.00000000e-02
      vertex 2.37047556e+00 2.33577948e+00 5.00000000e-02
    endloop
  endfacet
  facet normal 7.57208847e-01 6.53172843e-01 -0.00000000e+00
    outer loop
      vertex 2.38650523e+00 2.31719664e+00 -5.00000000e-02
      vertex 2.37047556e+00 2.33577948e+00 5.00000000e-02
      vertex 2.38650523e+00 2.31719664e+00 5.00000000e-02
    endloop
  endfacet
  facet normal 7.24247083e-01 6.89540545e-01 0.00000000e+00
    outer loop
      vertex 2.37047556e+00 2.33577948e+00 -5.00000000e-02
      vertex 2.35355339e+00 2.35355339e+00 -5.00000000e-02
      vertex 2.35355339e+00 2.35355339e+00 5.00000000e-02
    endloop
  endfacet
  facet normal 7.24247083e-01 6.89540545e-01 -0.00000000e+00
    outer loop
      vertex 2.37047556e+00 2.33577948e+00 -5.00000000e-02
      vertex 2.35355339e+00 2.35355339e+00 5.00000000e-02
      vertex 2.37047556e+00 2.33577948e+00 5.00000000e-02
    endloop
  endfacet
  facet normal 6.89540545e-01 7.24247083e-01 0.00000000e+00
    outer loop
      vertex 2.35355339e+00 2.35355339e+00 -5.00000000e-02
      vertex 2.33577948e+00 2.37047556e+00 -5.00000000e-02
      vertex 2.33577948e+00 2.37047556e+00 5.00000000e-02
    endloop
  endfacet
  facet normal 6.89540545e-01 7.24247083e-01 -0.00000000e+00
    outer loop
      vertex 2.35355339e+00 2.35355339e+00 -5.00000000e-02
      vertex 2.33577948e+00 2.37047556e+00 5.00000000e-02
      vertex 2.35355339e+00 2.35355339e+00 5.00000000e-02
    endloop
  endfacet
  facet normal 6.53172843e-01 7.57208847e-01 0.00000000e+00
    outer loop
      vertex 2.33577948e+00 2.37047556e+00 -5.00000000e-02
      vertex 2.31719664e+00 2.38650523e+00 -5.00000000e-02
      vertex 2.31719664e+00 2.38650523e+00 5.00000000e-02
    endloop
  endfacet
  facet normal 6.53172843e-01 7.57208847e-01 -0.00000000e+00
    outer loop
      vertex 2.33577948e+00 2.37047556e+00 -5.00000000e-02
      vertex 2.31719664e+00 2.38650523e+00 5.00000000e-02
      vertex 2.33577948e+00 2.37047556e+00 5.00000000e-02
    endloop
  endfacet
  facet normal 6.15231591e-01 7.88346428e-01 0.00000000e+00
    outer loop
      vertex 2.31719664e+00 2.38650523e+00 -5.00000000e-02
      vertex 2.29784965e+00 2.40160377e+00 -5.00000000e-02
      vertex 2.29784965e+00 2.40160377e+00 5.00000000e-02
    endloop
  endfacet
  facet normal 6.15231591e-01 7.88346428e-01 -0.00000000e+00
    outer loop
      vertex 2.31719664e+00 2.38650523e+00 -5.00000000e-02
      vertex 2.29784965e+00 2.40160377e+00 5.00000000e-02
      vertex 2.31719664e+00 2.38650523e+00 5.00000000e-02
    endloop
  endfacet
  facet normal 5.75808191e-01 8.17584813e-01 0.00000000e+00
    outer loop
      vertex 2.29784965e+00 2.40160377e+00 -5.00000000e-02
      vertex 2.27778512e+00 2.41573481e+00 -5.00000000e-02
      vertex 2.27778512e+00 2.41573481e+00 5.00000000e-02
    endloop
  endfacet
  facet normal 5.75808191e-01 8.17584813e-01 -0.00000000e+00
    outer loop
      vertex 2.29784965e+00 2.40160377e+00 -5.00000000e-02
      vertex 2.27778512e+00 2.41573481e+00 5.00000000e-02
      vertex 2.29784965e+00 2.40160377e+00 5.00000000e-02
    endloop
  endfacet
  facet normal 5.34997620e-01 8.44853565e-01 0.00000000e+00
    outer loop
      vertex 2.27778512e+00 2.41573481e+00 -5.00000000e-02
      vertex 2.25705137e+00 2.42886431e+00 -5.00000000e-02
      vertex 2.25705137e+00 2.42886431e+00 5.00000000e-02
    endloop
  endfacet
  facet normal 5.34997620e-01 8.44853565e-01 -0.00000000e+00
    outer loop
      vertex 2.27778512e+00 2.41573481e+00 -5.00000000e-02
      vertex 2.25705137e+00 2.42886431e+00 5.00000000e-02
      vertex 2.27778512e+00 2.41573481e+00 5.00000000e-02
    endloop
  endfacet
  facet normal 4.92898192e-01 8.70086991e-01 0.00000000e+00
    outer loop
      vertex 2.25705137e+00 2.42886431e+00 -5.00000000e-02
      vertex 2.23569837e+00 2.44096063e+00 -5.00000000e-02
      vertex 2.23569837e+00 2.44096063e+00 5.00000000e-02
    endloop
  endfacet
  facet normal 4.92898192e-01 8.70086991e-01 -0.00000000e+00
    outer loop
      vertex 2.25705137e+00 2.42886431e+00 -5.00000000e-02
      vertex 2.23569837e+00 2.44096063e+00 5.00000000e-02
      vertex 2.25705137e+00 2.42886431e+00 5.00000000e-02
    endloop
  endfacet
  facet normal 4.49611330e-01 8.93224301e-01 0.00000000e+00
    outer loop
      vertex 2.23569837e+00 2.44096063e+00 -5.00000000e-02
      vertex 2.21377755e+00 2.45199465e+00 -5.00000000e-02
      vertex 2.21377755e+00 2.45199465e+00 5.00000000e-02
    endloop
  endfacet
  facet normal 4.49611330e-01 8.93224301e-01 -0.00000000e+00
    outer loop
      vertex 2.23569837e+00 2.44096063e+00 -5.00000000e-02
      vertex 2.21377755e+00 2.45199465e+00 5.00000000e-02
      vertex 2.23569837e+00 2.44096063e+00 5.00000000e-02
    endloop
  endfacet
  facet normal 4.05241314e-01 9.14209756e-01 0.00000000e+00
    outer loop
      vertex 2.21377755e+00 2.45199465e+00 -5.00000000e-02
      vertex 2.19134172e+00 2.46193977e+00 -5.00000000e-02
      vertex 2.19134172e+00 2.46193977e+00 5.00000000e-02
    endloop
  endfacet
  facet normal 4.05241314e-01 9.14209756e-01 -0.00000000e+00
    outer loop
      vertex 2.21377755e+00 2.45199465e+00 -5.00000000e-02
      vertex 2.19134172e+00 2.46193977e+00 5.00000000e-02
      vertex 2.21377755e+00 2.45199465e+00 5.00000000e-02
    endloop
  endfacet
  facet normal 3.59895037e-01 9.32992799e-01 0.00000000e+00
    outer loop
      vertex 2.19134172e+00 2.46193977e+00 -5.00000000e-02
      vertex 2.16844493e+00 2.47077203e+00 -5.00000000e-02
      vertex 2.16844493e+00 2.47077203e+00 5.00000000e-02
    endloop
  endfacet
  facet normal 3.59895037e-01 9.32992799e-01 -0.00000000e+00
    outer loop
      vertex 2.19134172e+00 2.46193977e+00 -5.00000000e-02
      vertex 2.16844493e+00 2.47077203e+00 5.00000000e-02
      vertex 2.19134172e+00 2.46193977e+00 5.00000000e-02
    endloop
  endfacet
  facet normal 3.13681740e-01 9.49528181e-01 0.00000000e+00
    outer loop
      vertex 2.16844493e+00 2.47077203e+00 -5.00000000e-02
      vertex 2.14514234e+00 2.47847017e+00 -5.00000000e-02
      vertex 2.14514234e+00 2.47847017e+00 5.00000000e-02
    endloop
  endfacet
  facet normal 3.13681740e-01 9.49528181e-01 -0.00000000e+00
    outer loop
      vertex 2.16844493e+00 2.47077203e+00 -5.00000000e-02
      vertex 2.14514234e+00 2.47847017e+00 5.00000000e-02
      vertex 2.16844493e+00 2.47077203e+00 5.00000000e-02
    endloop
  endfacet
  facet normal 2.66712757e-01 9.63776066e-01 0.00000000e+00
    outer loop
      vertex 2.14514234e+00 2.47847017e+00 -5.00000000e-02
      vertex 2.12149009e+00 2.48501563e+00 -5.00000000e-02
      vertex 2.12149009e+00 2.48501563e+00 5.00000000e-02
    endloop
  endfacet
  facet normal 2.66712757e-01 9.63776066e-01 -0.00000000e+00
    outer loop
      vertex 2.14514234e+00 2.47847017e+00 -5.00000000e-02
      vertex 2.12149009e+00 2.48501563e+00 5.00000000e-02
      vertex 2.14514234e+00 2.47847017e+00 5.00000000e-02
    endloop
  endfacet
  facet normal 2.19101240e-01 9.75702130e-01 0.00000000e+00
    outer loop
      vertex 2.12149009e+00 2.48501563e+00 -5.00000000e-02
      vertex 2.09754516e+00 2.49039264e+00 -5.00000000e-02
      vertex 2.09754516e+00 2.49039264e+00 5.00000000e-02
    endloop
  endfacet
  facet normal 2.19101240e-01 9.75702130e-01 -0.00000000e+00
    outer loop
      vertex 2.12149009e+00 2.48501563e+00 -5.00000000e-02
      vertex 2.09754516e+00 2.49039264e+00 5.00000000e-02
      vertex 2.12149009e+00 2.48501563e+00 5.00000000e-02
    endloop
  endfacet
  facet normal 1.70961889e-01 9.85277642e-01 0.00000000e+00
    outer loop
      vertex 2.09754516e+00 2.49039264e+00 -5.00000000e-02
      vertex 2.07336524e+00 2.49458825e+00 -5.00000000e-02
      vertex 2.07336524e+00 2.49458825e+00 5.00000000e-02
    endloop
  endfacet
  facet normal 1.70961889e-01 9.85277642e-01 -0.00000000e+00
    outer loop
      vertex 2.09754516e+00 2.49039264e+00 -5.00000000e-02
      vertex 2.07336524e+00 2.49458825e+00 5.00000000e-02
      vertex 2.09754516e+00 2.49039264e+00 5.00000000e-02
    endloop
  endfacet
  facet normal 1.22410675e-01 9.92479535e-01 0.00000000e+00
    outer loop
      vertex 2.07336524e+00 2.49458825e+00 -5.00000000e-02
      vertex 2.04900857e+00 2.49759236e+00 -5.00000000e-02
      vertex 2.04900857e+00 2.49759236e+00 5.00000000e-02
    endloop
  endfacet
  facet normal 1.22410675e-01 9.92479535e-01 -0.00000000e+00
    outer loop
      vertex 2.07336524e+00 2.49458825e+00 -5.00000000e-02
      vertex 2.04900857e+00 2.49759236e+00 5.00000000e-02
      vertex 2.07336524e+00 2.49458825e+00 5.00000000e-02
    endloop
  endfacet
  facet normal 7.35645636e-02 9.97290457e-01 0.00000000e+00
    outer loop
      vertex 2.04900857e+00 2.49759236e+00 -5.00000000e-02
      vertex 2.02453384e+00 2.49939773e+00 -5.00000000e-02
      vertex 2.02453384e+00 2.49939773e+00 5.00000000e-02
    endloop
  endfacet
  facet normal 7.35645636e-02 9.97290457e-01 -0.00000000e+00
    outer loop
      vertex 2.04900857e+00 2.49759236e+00 -5.00000000e-02
      vertex 2.02453384e+00 2.49939773e+00 5.00000000e-02
      vertex 2.04900857e+00 2.49759236e+00 5.00000000e-02
    endloop
  endfacet
  facet normal 2.45412285e-02 9.99698819e-01 0.00000000e+00
    outer loop
      vertex 2.02453384e+00 2.49939773e+00 -5.00000000e-02
      vertex 2.00000000e+00 2.50000000e+00 -5.00000000e-02
      vertex 2.00000000e+00 2.50000000e+00 5.00000000e-02
    endloop
  endfacet
  facet normal 2.45412285e-02 9.99698819e-01 -0.00000000e+00
    outer loop
      vertex 2.02453384e+00 2.49939773e+00 -5.00000000e-02
      vertex 2.00000000e+00 2.50000000e+00 5.00000000e-02
      vertex 2.02453384e+00 2.49939773e+00 5.00000000e-02
    endloop
  endfacet
  facet normal -2.45412285e-02 9.99698819e-01 0.00000000e+00
    outer loop
      vertex 2.00000000e+00 2.50000000e+00 -5.00000000e-02
      vertex 1.97546616e+00 2.49939773e+00 -5.00000000e-02
      vertex 1.97546616e+00 2.49939773e+00 5.00000000e-02
    endloop
  endfacet
  facet normal -2.45412285e-02 9.99698819e-01 0.00000000e+00
    outer loop
      vertex 2.00000000e+00 2.50000000e+00 -5.00000000e-02
      vertex 1.97546616e+00 2.49939773e+00 5.00000000e-02
      vertex 2.00000000e+00 2.50000000e+00 5.00000000e-02
    endloop
  endfacet
  facet normal -7.35645636e-02 9.97290457e-01 0.00000000e+00
    outer loop
      vertex 1.97546616e+00 2.49939773e+00 -5.00000000e-02
      vertex 1.95099143e+00 2.49759236e+00 -5.00000000e-02
      vertex 1.95099143e+00 2.49759236e+00 5.00000000e-02
    endloop
  endfacet
  facet normal -7.35645636e-02 9.97290457e-01 0.00000000e+00
    outer loop
      vertex 1.97546616e+00 2.49939773e+00 -5.00000000e-02
      vertex 1.95099143e+00 2.49759236e+00 5.00000000e-02
      vertex 1.97546616e+00 2.49939773e+00 5.00000000e-02
    endloop
  endfacet
  facet normal -1.22410675e-01 9.92479535e-01 0.00000000e+00
    outer loop
      vertex 1.95099143e+00 2.49759236e+00 -5.00000000e-02
      vertex 1.92663476e+00 2.49458825e+00 -5.00000000e-02
      vertex 1.92663476e+00 2.49458825e+00 5.00000000e-02
    endloop
  endfacet
  facet normal -1.22410675e-01 9.92479535e-01 0.00000000e+00
    outer loop
      vertex 1.95099143e+00 2.49759236e+00 -5.00000000e-02
      vertex 1.92663476e+00 2.49458825e+00 5.00000000e-02
      vertex 1.95099143e+00 2.49759236e+00 5.00000000e-02
    endloop
  endfacet
  facet normal -1.70961889e-01 9.85277642e-01 0.00000000e+00
    outer loop
      vertex 1.92663476e+00 2.49458825e+00 -5.00000000e-02
      vertex 1.90245484e+00 2.49039264e+00 -5.00000000e-02
      vertex 1.90245484e+00 2.49039264e+00 5.00000000e-02
    endloop
  endfacet
  facet normal -1.70961889e-01 9.85277642e-01 0.00000000e+00
    outer loop
      vertex 1.92663476e+00 2.49458825e+00 -5.00000000e-02
      vertex 1.90245484e+00 2.49039264e+00 5.00000000e-02
      vertex 1.92663476e+00 2.49458825e+00 5.00000000e-02
    endloop
  endfacet
  facet normal -2.19101240e-01 9.75702130e-01 0.00000000e+00
    outer loop
      vertex 1.90245484e+00 2.49039264e+00 -5.00000000e-02
      vertex 1.87850991e+00 2.48501563e+00 -5.00000000e-02
      vertex 1.87850991e+00 2.48501563e+00 5.00000000e-02
    endloop
  endfacet
  facet normal -2.19101240e-01 9.75702130e-01 0.00000000e+00
    outer loop
      vertex 1.90245484e+00 2.49039264e+00 -5.00000000e-02
      vertex 1.87850991e+00 2.48501563e+00 5.00000000e-02
      vertex 1.90245484e+00 2.49039264e+00 5.00000000e-02
    endloop
  endfacet
  facet normal -2.66712757e-01 9.63776066e-01 0.00000000e+00
    outer loop
      vertex 1.87850991e+00 2.48501563e+00 -5.00000000e-02
      vertex 1.85485766e+00 2.47847017e+00 -5.00000000e-02
      vertex 1.85485766e+00 2.47847017e+00 5.00000000e-02
    endloop
  endfacet
  facet normal -2.66712757e-01 9.63776066e-01 0.00000000e+00
    outer loop
      vertex 1.87850991e+00 2.48501563e+00 -5.00000000e-02
      vertex 1.85485766e+00 2.47847017e+00 5.00000000e-02
      vertex 1.87850991e+00 2.48501563e+00 5.00000000e-02
    endloop
  endfacet
  facet normal -3.13681740e-01 9.49528181e-01 0.00000000e+00
    outer loop
      vertex 1.85485766e+00 2.47847017e+00 -5.00000000e-02
      vertex 1.83155507e+00 2.47077203e+00 -5.00000000e-02
      vertex 1.83155507e+00 2.47077203e+00 5.00000000e-02
    endloop
  endfacet
  facet normal -3.13681740e-01 9.49528181e-01 0.00000000e+00
    outer loop
      vertex 1.85485766e+00 2.47847017e+00 -5.00000000e-02
      vertex 1.83155507e+00 2.47077203e+00 5.00000000e-02
      vertex 1.85485766e+00 2.47847017e+00 5.00000000e-02
    endloop
  endfacet
  facet normal -3.59895037e-01 9.32992799e-01 0.00000000e+00
    outer loop
      vertex 1.83155507e+00 2.47077203e+00 -5.00000000e-02
      vertex 1.80865828e+00 2.46193977e+00 -5.00000000e-02
      vertex 1.80865828e+00 2.46193977e+00 5.00000000e-02
    endloop
  endfacet
  facet normal -3.59895037e-01 9.32992799e-01 0.00000000e+00
    outer loop
      vertex 1.83155507e+00 2.47077203e+00 -5.00000000e-02
      vertex 1.80865828e+00 2.46193977e+00 5.00000000e-02
      vertex 1.83155507e+00 2.47077203e+00 5.00000000e-02
    endloop
  endfacet
  facet normal -4.05241314e-01 9.14209756e-01 0.00000000e+00
    outer loop
      vertex 1.80865828e+00 2.46193977e+00 -5.00000000e-02
      vertex 1.78622245e+00 2.45199465e+00 -5.00000000e-02
      vertex 1.78622245e+00 2.45199465e+00 5.00000000e-02
    endloop
  endfacet
  facet normal -4.05241314e-01 9.14209756e-01 0.00000000e+00
    outer loop
      vertex 1.80865828e+00 2.46193977e+00 -5.00000000e-02
      vertex 1.78622245e+00 2.45199465e+00 5.00000000e-02
      vertex 1.80865828e+00 2.46193977e+00 5.00000000e-02
    endloop
  endfacet
  facet normal -4.49611330e-01 8.93224301e-01 0.00000000e+00
    outer loop
      vertex 1.78622245e+00 2.45199465e+00 -5.00000000e-02
      vertex 1.76430163e+00 2.44096063e+00 -5.00000000e-02
      vertex 1.76430163e+00 2.44096063e+00 5.00000000e-02
    endloop
  endfacet
  facet normal -4.49611330e-01 8.93224301e-01 0.00000000e+00
    outer loop
      vertex 1.78622245e+00 2.45199465e+00 -5.00000000e-02
      vertex 1.76430163e+00 2.44096063e+00 5.00000000e-02
      vertex 1.78622245e+00 2.45199465e+00 5.00000000e-02
    endloop
  endfacet
  facet normal -4.92898192e-01 8.70086991e-01 0.00000000e+00
    outer loop
      vertex 1.76430163e+00 2.44096063e+00 -5.00000000e-02
      vertex 1.74294863e+00 2.42886431e+00 -5.00000000e-02
      vertex 1.74294863e+00 2.42886431e+00 5.00000000e-02
    endloop
  endfacet
  facet normal -4.92898192e-01 8.70086991e-01 0.00000000e+00
    outer loop
      vertex 1.76430163e+00 2.44096063e+00 -5.00000000e-02
      vertex 1.74294863e+00 2.42886431e+00 5.00000000e-02
      vertex 1.76430163e+00 2.44096063e+00 5.00000000e-02
    endloop
  endfacet
  facet normal -5.34997620e-01 8.44853565e-01 0.00000000e+00
    outer loop
      vertex 1.74294863e+00 2.42886431e+00 -5.00000000e-02
      vertex 1.72221488e+00 2.41573481e+00 -5.00000000e-02
      vertex 1.72221488e+00 2.41573481e+00 5.00000000e-02
    endloop
  endfacet
  facet normal -5.34997620e-01 8.44853565e-01 0.00000000e+00
    outer loop
      vertex 1.74294863e+00 2.42886431e+00 -5.00000000e-02
      vertex 1.72221488e+00 2.41573481e+00 5.00000000e-02
      vertex 1.74294863e+00 2.42886431e+00 5.00000000e-02
    endloop
  endfacet
  facet normal -5.75808191e-01 8.17584813e-01 0.00000000e+00
    outer loop
      vertex 1.72221488e+00 2.41573481e+00 -5.00000000e-02
      vertex 1.70215035e+00 2.40160377e+00 -5.00000000e-02
      vertex 1.70215035e+00 2.40160377e+00 5.00000000e-02
    endloop
  endfacet
  facet normal -5.75808191e-01 8.17584813e-01 0.00000000e+00
    outer loop
      vertex 1.72221488e+00 2.41573481e+00 -5.00000000e-02
      vertex 1.70215035e+00 2.40160377e+00 5.00000000e-02
      vertex 1.72221488e+00 2.41573481e+00 5.00000000e-02
    endloop
  endfacet
  facet normal -6.15231591e-01 7.88346428e-01 0.00000000e+00
    outer loop
      vertex 1.70215035e+00 2.40160377e+00 -5.00000000e-02
      vertex 1.68280336e+00 2.38650523e+00 -5.00000000e-02
      vertex 1.68280336e+00 2.38650523e+00 5.00000000e-02
    endloop
  endfacet
  facet normal -6.15231591e-01 7.88346428e-01 0.00000000e+00
    outer loop
      vertex 1.70215035e+00 2.40160377e+00 -5.00000000e-02
      vertex 1.68280336e+00 2.38650523e+00 5.00000000e-02
      vertex 1.70215035e+00 2.40160377e+00 5.00000000e-02
    endloop
  endfacet
  facet normal -6.53172843e-01 7.57208847e-01 0.00000000e+00
    outer loop
      vertex 1.68280336e+00 2.38650523e+00 -5.00000000e-02
      vertex 1.66422052e+00 2.37047556e+00 -5.00000000e-02
      vertex 1.66422052e+00 2.37047556e+00 5.00000000e-02
    endloop
  endfacet
  facet normal -6.53172843e-01 7.57208847e-01 0.00000000e+00
    outer loop
      vertex 1.68280336e+00 2.38650523e+00 -5.00000000e-02
      vertex 1.66422052e+00 2.37047556e+00 5.00000000e-02
      vertex 1.68280336e+00 2.38650523e+00 5.00000000e-02
    endloop
  endfacet
  facet normal -6.89540545e-01 7.24247083e-01 0.00000000e+00
    outer loop
      vertex 1.66422052e+00 2.37047556e+00 -5.00000000e-02
      vertex 1.64644661e+00 2.35355339e+00 -5.00000000e-02
      vertex 1.64644661e+00 2.35355339e+00 5.00000000e-02
    endloop
  endfacet
  facet normal -6.89540545e-01 7.24247083e-01 0.00000000e+00
    outer loop
      vertex 1.66422052e+00 2.37047556e+00 -5.00000000e-02
      vertex 1.64644661e+00 2.35355339e+00 5.00000000e-02
      vertex 1.66422052e+00 2.37047556e+00 5.00000000e-02
    endloop
  endfacet
  facet normal -7.24247083e-01 6.89540545e-01 0.00000000e+00
    outer loop
      vertex 1.64644661e+00 2.35355339e+00 -5.00000000e-02
      vertex 1.62952444e+00 2.33577948e+00 -5.00000000e-02
      vertex 1.62952444e+00 2.33577948e+00 5.00000000e-02
    endloop
  endfacet
  facet normal -7.24247083e-01 6.89540545e-01 0.00000000e+00
    outer loop
      vertex 1.64644661e+00 2.35355339e+00 -5.00000000e-02
      vertex 1.62952444e+00 2.33577948e+00 5.00000000e-02
      vertex 1.64644661e+00 2.35355339e+00 5.00000000e-02
    endloop
  endfacet
  facet normal -7.57208847e-01 6.53172843e-01 0.00000000e+00
    outer loop
      vertex 1.62952444e+00 2.33577948e+00 -5.00000000e-02
      vertex 1.61349477e+00 2.31719664e+00 -5.00000000e-02
      vertex 1.61349477e+00 2.31719664e+00 5.00000000e-02
    endloop
  endfacet
  facet normal -7.57208847e-01 6.53172843e-01 0.00000000e+00
    outer loop
      vertex 1.62952444e+00 2.33577948e+00 -5.00000000e-02
      vertex 1.61349477e+00 2.31719664e+00 5.00000000e-02
      vertex 1.62952444e+00 2.33577948e+00 5.00000000e-02
    endloop
  endfacet
  facet normal -7.88346428e-01 6.15231591e-01 0.00000000e+00
    outer loop
      vertex 1.61349477e+00 2.31719664e+00 -5.00000000e-02
      vertex 1.59839623e+00 2.29784965e+00 -5.00000000e-02
      vertex 1.59839623e+00 2.29784965e+00 5.00000000e-02
    endloop
  endfacet
  facet normal -7.88346428e-01 6.15231591e-01 0.00000000e+00
    outer loop
      vertex 1.61349477e+00 2.31719664e+00 -5.00000000e-02
      vertex 1.59839623e+00 2.29784965e+00 5.00000000e-02
      vertex 1.61349477e+00 2.31719664e+00 5.00000000e-02
    endloop
  endfacet
  facet normal -8.17584813e-01 5.75808191e-01 0.00000000e+00
    outer loop
      vertex 1.59839623e+00 2.29784965e+00 -5.00000000e-02
      vertex 1.58426519e+00 2.27778512e+00 -5.00000000e-02
      vertex 1.58426519e+00 2.27778512e+00 5.00000000e-02
    endloop
  endfacet
  facet normal -8.17584813e-01 5.75808191e-01 0.00000000e+00
    outer loop
      vertex 1.59839623e+00 2.29784965e+00 -5.00000000e-02
      vertex 1.58426519e+00 2.27778512e+00 5.00000000e-02
      vertex 1.59839623e+00 2.29784965e+00 5.00000000e-02
    endloop
  endfacet
  facet normal -8.44853565e-01 5.34997620e-01 0.00000000e+00
    outer loop
      vertex 1.58426519e+00 2.27778512e+00 -5.00000000e-02
      vertex 1.57113569e+00 2.25705137e+00 -5.00000000e-02
      vertex 1.57113569e+00 2.25705137e+00 5.00000000e-02
    endloop
  endfacet
  facet normal -8.44853565e-01 5.34997620e-01 0.00000000e+00
    outer loop
      vertex 1.58426519e+00 2.27778512e+00 -5.00000000e-02
      vertex 1.57113569e+00 2.25705137e+00 5.00000000e-02
      vertex 1.58426519e+00 2.27778512e+00 5.00000000e-02
    endloop
  endfacet
  facet normal -8.70086991e-01 4.92898192e-01 0.00000000e+00
    outer loop
      vertex 1.57113569e+00 2.25705137e+00 -5.00000000e-02
      vertex 1.55903937e+00 2.23569837e+00 -5.00000000e-02
      vertex 1.55903937e+00 2.23569837e+00 5.00000000e-02
    endloop
  endfacet
  facet normal -8.70086991e-01 4.92898192e-01 0.00000000e+00
    outer loop
      vertex 1.57113569e+00 2.25705137e+00 -5.00000000e-02
      vertex 1.55903937e+00 2.23569837e+00 5.00000000e-02
      vertex 1.57113569e+00 2.25705137e+00 5.00000000e-02
    endloop
  endfacet
  facet normal -8.93224301e-01 4.49611330e-01 0.00000000e+00
    outer loop
      vertex 1.55903937e+00 2.23569837e+00 -5.00000000e-02
      vertex 1.54800535e+00 2.21377755e+00 -5.00000000e-02
      vertex 1.54800535e+00 2.21377755e+00 5.00000000e-02
    endloop
  endfacet
  facet normal -8.93224301e-01 4.49611330e-01 0.00000000e+00
    outer loop
      vertex 1.55903937e+00 2.23569837e+00 -5.00000000e-02
      vertex 1.54800535e+00 2.21377755e+00 5.00000000e-02
      vertex 1.55903937e+00 2.23569837e+00 5.00000000e-02
    endloop
  endfacet
  facet normal -9.14209756e-01 4.05241314e-01 0.00000000e+00
    outer loop
      vertex 1.54800535e+00 2.21377755e+00 -5.00000000e-02
      vertex 1.53806023e+00 2.19134172e+00 -5.00000000e-02
      vertex 1.53806023e+00 2.19134172e+00 5.00000000e-02
    endloop
  endfacet
  facet normal -9.14209756e-01 4.05241314e-01 0.00000000e+00
    outer loop
      vertex 1.54800535e+00 2.21377755e+00 -5.00000000e-02
      vertex 1.53806023e+00 2.19134172e+00 5.00000000e-02
      vertex 1.54800535e+00 2.21377755e+00 5.00000000e-02
    endloop
  endfacet
  facet normal -9.32992799e-01 3.59895037e-01 0.00000000e+00
    outer loop
      vertex 1.53806023e+00 2.19134172e+00 -5.00000000e-02
      vertex 1.52922797e+00 2.16844493e+00 -5.00000000e-02
      vertex 1.52922797e+00 2.16844493e+00 5.00000000e-02
    endloop
  endfacet
  facet normal -9.32992799e-01 3.59895037e-01 0.00000000e+00
    outer loop
      vertex 1.53806023e+00 2.19134172e+00 -5.00000000e-02
      vertex 1.52922797e+00 2.16844493e+00 5.00000000e-02
      vertex 1.53806023e+00 2.19134172e+00 5.00000000e-02
    endloop
  endfacet
  facet normal -9.49528181e-01 3.13681740e-01 0.00000000e+00
    outer loop
      vertex 1.52922797e+00 2.16844493e+00 -5.00000000e-02
      vertex 1.52152983e+00 2.14514234e+00 -5.00000000e-02
      vertex 1.52152983e+00 2.14514234e+00 5.00000000e-02
    endloop
  endfacet
  facet normal -9.49528181e-01 3.13681740e-01 0.00000000e+00
    outer loop
      vertex 1.52922797e+00 2.16844493e+00 -5.00000000e-02
      vertex 1.52152983e+00 2.14514234e+00 5.00000000e-02
      vertex 1.52922797e+00 2.16844493e+00 5.00000000e-02
    endloop
  endfacet
  facet normal -9.63776066e-01 2.66712757e-01 0.00000000e+00
    outer loop
      vertex 1.52152983e+00 2.14514234e+00 -5.00000000e-02
      vertex 1.51498437e+00 2.12149009e+00 -5.00000000e-02
      vertex 1.51498437e+00 2.12149009e+00 5.00000000e-02
    endloop
  endfacet
  facet normal -9.63776066e-01 2.66712757e-01 0.00000000e+00
    outer loop
      vertex 1.52152983e+00 2.14514234e+00 -5.00000000e-02
      vertex 1.51498437e+00 2.12149009e+00 5.00000000e-02
      vertex 1.52152983e+00 2.14514234e+00 5.00000000e-02
    endloop
  endfacet
  facet normal -9.75702130e-01 2.19101240e-01 0.00000000e+00
    outer loop
      vertex 1.51498437e+00 2.12149009e+00 -5.00000000e-02
      vertex 1.50960736e+00 2.09754516e+00 -5.00000000e-02
      vertex 1.50960736e+00 2.09754516e+00 5.00000000e-02
    endloop
  endfacet
  facet normal -9.75702130e-01 2.19101240e-01 0.00000000e+00
    outer loop
      vertex 1.51498437e+00 2.12149009e+00 -5.00000000e-02
      vertex 1.50960736e+00 2.09754516e+00 5.00000000e-02
      vertex 1.51498437e+00 2.12149009e+00 5.00000000e-02
    endloop
  endfacet
  facet normal -9.85277642e-01 1.70961889e-01 0.00000000e+00
    outer loop
      vertex 1.50960736e+00 2.09754516e+00 -5.00000000e-02
      vertex 1.50541175e+00 2.07336524e+00 -5.00000000e-02
      vertex 1.50541175e+00 2.07336524e+00 5.00000000e-02
    endloop
  endfacet
  facet normal -9.85277642e-01 1.70961889e-01 0.00000000e+00
    outer loop
      vertex 1.50960736e+00 2.09754516e+00 -5.00000000e-02
      vertex 1.50541175e+00 2.07336524e+00 5.00000000e-02
      vertex 1.50960736e+00 2.09754516e+00 5.00000000e-02
    endloop
  endfacet
  facet normal -9.92479535e-01 1.22410675e-01 0.00000000e+00
    outer loop
      vertex 1.50541175e+00 2.07336524e+00 -5.00000000e-02
      vertex 1.50240764e+00 2.04900857e+00 -5.00000000e-02
      vertex 1.50240764e+00 2.04900857e+00 5.00000000e-02
    endloop
  endfacet
  facet normal -9.92479535e-01 1.22410675e-01 0.00000000e+00
    outer loop
      vertex 1.50541175e+00 2.07336524e+00 -5.00000000e-02
      vertex 1.50240764e+00 2.04900857e+00 5.00000000e-02
      vertex 1.50541175e+00 2.07336524e+00 5.00000000e-02
    endloop
  endfacet
  facet normal -9.97290457e-01 7.35645636e-02 0.00000000e+00
    outer loop
      vertex 1.50240764e+00 2.04900857e+00 -5.00000000e-02
      vertex 1.50060227e+00 2.02453384e+00 -5.00000000e-02
      vertex 1.50060227e+00 2.02453384e+00 5.00000000e-02
    endloop
  endfacet
  facet normal -9.97290457e-01 7.35645636e-02 0.00000000e+00
    outer loop
      vertex 1.50240764e+00 2.04900857e+00 -5.00000000e-02
      vertex 1.50060227e+00 2.02453384e+00 5.00000000e-02
      vertex 1.50240764e+00 2.04900857e+00 5.00000000e-02
    endloop
  endfacet
  facet normal -9.99698819e-01 2.45412285e-02 0.00000000e+00
    outer loop
      vertex 1.50060227e+00 2.02453384e+00 -5.00000000e-02
      vertex 1.50000000e+00 2.00000000e+00 -5.00000000e-02
      vertex 1.50000000e+00 2.00000000e+00 5.00000000e-02
    endloop
  endfacet
  facet normal -9.99698819e-01 2.45412285e-02 0.00000000e+00
    outer loop
      vertex 1.50060227e+00 2.02453384e+00 -5.00000000e-02
      vertex 1.50000000e+00 2.00000000e+00 5.00000000e-02
      vertex 1.50060227e+00 2.02453384e+00 5.00000000e-02
    endloop
  endfacet
  facet normal -9.99698819e-01 -2.45412285e-02 0.00000000e+00
    outer loop
      vertex 1.50000000e+00 2.00000000e+00 -5.00000000e-02
      vertex 1.50060227e+00 1.97546616e+00 -5.00000000e-02
      vertex 1.50060227e+00 1.97546616e+00 5.00000000e-02
    endloop
  endfacet
  facet normal -9.99698819e-01 -2.45412285e-02 0.00000000e+00
    outer loop
      vertex 1.50000000e+00 2.00000000e+00 -5.00000000e-02
      vertex 1.50060227e+00 1.97546616e+00 5.00000000e-02
      vertex 1.50000000e+00 2.00000000e+00 5.00000000e-02
    endloop
  endfacet
  facet normal -9.97290457e-01 -7.35645636e-02 0.00000000e+00
    outer loop
      vertex 1.50060227e+00 1.97546616e+00 -5.00000000e-02
      vertex 1.50240764e+00 1.95099143e+00 -5.00000000e-02
      vertex 1.50240764e+00 1.95099143e+00 5.00000000e-02
    endloop
  endfacet
  facet normal -9.97290457e-01 -7.35645636e-02 0.00000000e+00
    outer loop
      vertex 1.50060227e+00 1.97546616e+00 -5.00000000e-02
      vertex 1.50240764e+00 1.95099143e+00 5.00000000e-02
      vertex 1.50060227e+00 1.97546616e+00 5.00000000e-02
    endloop
  endfacet
  facet normal -9.92479535e-01 -1.22410675e-01 0.00000000e+00
    outer loop
      vertex 1.50240764e+00 1.95099143e+00 -5.00000000e-02
      vertex 1.50541175e+00 1.92663476e+00 -5.00000000e-02
      vertex 1.50541175e+00 1.92663476e+00 5.00000000e-02
    endloop
  endfacet
  facet normal -9.92479535e-01 -1.22410675e-01 0.00000000e+00
    outer loop
      vertex 1.50240764e+00 1.95099143e+00 -5.00000000e-02
      vertex 1.50541175e+00 1.92663476e+00 5.00000000e-02
      vertex 1.50240764e+00 1.95099143e+00 5.00000000e-02
    endloop
  endfacet
  facet normal -9.85277642e-01 -1.70961889e-01 0.00000000e+00
    outer loop
      vertex 1.50541175e+00 1.92663476e+00 -5.00000000e-02
      vertex 1.50960736e+00 1.90245484e+00 -5.00000000e-02
      vertex 1.50960736e+00 1.90245484e+00 5.00000000e-02
    endloop
  endfacet
  facet normal -9.85277642e-01 -1.70961889e-01 0.00000000e+00
    outer loop
      vertex 1.50541175e+00 1.92663476e+00 -5.00000000e-02
      vertex 1.50960736e+00 1.90245484e+00 5.00000000e-02
      vertex 1.50541175e+00 1.92663476e+00 5.00000000e-02
    endloop
  endfacet
  facet normal -9.75702130e-01 -2.19101240e-01 0.00000000e+00
    outer loop
      vertex 1.50960736e+00 1.90245484e+00 -5.00000000e-02
      vertex 1.51498437e+00 1.87850991e+00 -5.00000000e-02
      vertex 1.51498437e+00 1.87850991e+00 5.00000000e-02
    endloop
  endfacet
  facet normal -9.75702130e-01 -2.19101240e-01 0.00000000e+00
    outer loop
      vertex 1.50960736e+00 1.90245484e+00 -5.00000000e-02
      vertex 1.51498437e+00 1.87850991e+00 5.00000000e-02
      vertex 1.50960736e+00 1.90245484e+00 5.00000000e-02
    endloop
  endfacet
  facet normal -9.63776066e-01 -2.66712757e-01 0.00000000e+00
    outer loop
      vertex 1.51498437e+00 1.87850991e+00 -5.00000000e-02
      vertex 1.52152983e+00 1.85485766e+00 -5.00000000e-02
      vertex 1.52152983e+00 1.85485766e+00 5.00000000e-02
    endloop
  endfacet
  facet normal -9.63776066e-01 -2.66712757e-01 0.00000000e+00
    outer loop
      vertex 1.51498437e+00 1.87850991e+00 -5.00000000e-02
      vertex 1.52152983e+00 1.85485766e+00 5.00000000e-02
      vertex 1.51498437e+00 1.87850991e+00 5.00000000e-02
    endloop
  endfacet
  facet normal -9.49528181e-01 -3.13681740e-01 0.00000000e+00
    outer loop
      vertex 1.52152983e+00 1.85485766e+00 -5.00000000e-02
      vertex 1.52922797e+00 1.83155507e+00 -5.00000000e-02
      vertex 1.52922797e+00 1.83155507e+00 5.00000000e-02
    endloop
  endfacet
  facet normal -9.49528181e-01 -3.13681740e-01 0.00000000e+00
    outer loop
      vertex 1.52152983e+00 1.85485766e+00 -5.00000000e-02
      vertex 1.52922797e+00 1.83155507e+00 5.00000000e-02
      vertex 1.52152983e+00 1.85485766e+00 5.00000000e-02
    endloop
  endfacet
  facet normal -9.32992799e-01 -3.59895037e-01 0.00000000e+00
    outer loop
      vertex 1.52922797e+00 1.83155507e+00 -5.00000000e-02
      vertex 1.53806023e+00 1.80865828e+00 -5.00000000e-02
      vertex 1.53806023e+00 1.80865828e+00 5.00000000e-02
    endloop
  endfacet
  facet normal -9.32992799e-01 -3.59895037e-01 0.00000000e+00
    outer loop
      vertex 1.52922797e+00 1.83155507e+00 -5.00000000e-02
      vertex 1.53806023e+00 1.80865828e+00 5.00000000e-02
      vertex 1.52922797e+00 1.83155507e+00 5.00000000e-02
    endloop
  endfacet
  facet normal -9.14209756e-01 -4.05241314e-01 0.00000000e+00
    outer loop
      vertex 1.53806023e+00 1.80865828e+00 -5.00000000e-02
      vertex 1.54800535e+00 1.78622245e+00 -5.00000000e-02
      vertex 1.54800535e+00 1.78622245e+00 5.00000000e-02
    endloop
  endfacet
  facet normal -9.14209756e-01 -4.05241314e-01 0.00000000e+00
    outer loop
      vertex 1.53806023e+00 1.80865828e+00 -5.00000000e-02
      vertex 1.54800535e+00 1.78622245e+00 5.00000000e-02
      vertex 1.53806023e+00 1.80865828e+00 5.00000000e-02
    endloop
  endfacet
  facet normal -8.93224301e-01 -4.49611330e-01 0.00000000e+00
    outer loop
      vertex 1.54800535e+00 1.78622245e+00 -5.00000000e-02
      vertex 1.55903937e+00 1.76430163e+00 -5.00000000e-02
      vertex 1.55903937e+00 1.76430163e+00 5.00000000e-02
    endloop
  endfacet
  facet normal -8.93224301e-01 -4.49611330e-01 0.00000000e+00
    outer loop
      vertex 1.54800535e+00 1.78622245e+00 -5.00000000e-02
      vertex 1.55903937e+00 1.76430163e+00 5.00000000e-02
      vertex 1.54800535e+00 1.78622245e+00 5.00000000e-02
    endloop
  endfacet
  facet normal -8.70086991e-01 -4.92898192e-01 0.00000000e+00
    outer loop
      vertex 1.55903937e+00 1.76430163e+00 -5.00000000e-02
      vertex 1.57113569e+00 1.74294863e+00 -5.00000000e-02
      vertex 1.57113569e+00 1.74294863e+00 5.00000000e-02
    endloop
  endfacet
  facet normal -8.70086991e-01 -4.92898192e-01 0.00000000e+00
    outer loop
      vertex 1.55903937e+00 1.76430163e+00 -5.00000000e-02
      vertex 1.57113569e+00 1.74294863e+00 5.00000000e-02
      vertex 1.55903937e+00 1.76430163e+00 5.00000000e-02
    endloop
  endfacet
  facet normal -8.44853565e-01 -5.34997620e-01 0.00000000e+00
    outer loop
      vertex 1.57113569e+00 1.74294863e+00 -5.00000000e-02
      vertex 1.58426519e+00 1.72221488e+00 -5.00000000e-02
      vertex 1.58426519e+00 1.72221488e+00 5.00000000e-02
    endloop
  endfacet
  facet normal -8.44853565e-01 -5.34997620e-01 0.00000000e+00
    outer loop
      vertex 1.57113569e+00 1.74294863e+00 -5.00000000e-02
      vertex 1.58426519e+00 1.72221488e+00 5.00000000e-02
      vertex 1.57113569e+00 1.74294863e+00 5.00000000e-02
    endloop
  endfacet
  facet normal -8.17584813e-01 -5.75808191e-01 0.00000000e+00
    outer loop
      vertex 1.58426519e+00 1.72221488e+00 -5.00000000e-02
      vertex 1.59839623e+00 1.70215035e+00 -5.00000000e-02
      vertex 1.59839623e+00 1.70215035e+00 5.00000000e-02
    endloop
  endfacet
  facet normal -8.17584813e-01 -5.75808191e-01 0.00000000e+00
    outer loop
      vertex 1.58426519e+00 1.72221488e+00 -5.00000000e-02
      vertex 1.59839623e+00 1.70215035e+00 5.00000000e-02
      vertex 1.58426519e+00 1.72221488e+00 5.00000000e-02
    endloop
  endfacet
  facet normal -7.88346428e-01 -6.15231591e-01 0.00000000e+00
    outer loop
      vertex 1.59839623e+00 1.70215035e+00 -5.00000000e-02
      vertex 1.61349477e+00 1.68280336e+00 -5.00000000e-02
      vertex 1.61349477e+00 1.68280336e+00 5.00000000e-02
    endloop
  endfacet
  facet normal -7.88346428e-01 -6.15231591e-01 0.00000000e+00
    outer loop
      vertex 1.59839623e+00 1.70215035e+00 -5.00000000e-02
      vertex 1.61349477e+00 1.68280336e+00 5.00000000e-02
      vertex 1.59839623e+00 1.70215035e+00 5.00000000e-02
    endloop
  endfacet
  facet normal -7.57208847e-01 -6.53172843e-01 0.00000000e+00
    outer loop
      vertex 1.61349477e+00 1.68280336e+00 -5.00000000e-02
      vertex 1.62952444e+00 1.66422052e+00 -5.00000000e-02
      vertex 1.62952444e+00 1.66422052e+00 5.00000000e-02
    endloop
  endfacet
  facet normal -7.57208847e-01 -6.53172843e-01 0.00000000e+00
    outer loop
      vertex 1.61349477e+00 1.68280336e+00 -5.00000000e-02
      vertex 1.62952444e+00 1.66422052e+00 5.00000000e-02
      vertex 1.61349477e+00 1.68280336e+00 5.00000000e-02
    endloop
  endfacet
  facet normal -7.24247083e-01 -6.89540545e-01 0.00000000e+00
    outer loop
      vertex 1.62952444e+00 1.66422052e+00 -5.00000000e-02
      vertex 1.64644661e+00 1.64644661e+00 -5.00000000e-02
      vertex 1.64644661e+00 1.64644661e+00 5.00000000e-02
    endloop
  endfacet
  facet normal -7.24247083e-01 -6.89540545e-01 0.00000000e+00
    outer loop
      vertex 1.62952444e+00 1.66422052e+00 -5.00000000e-02
      vertex 1.64644661e+00 1.64644661e+00 5.00000000e-02
      vertex 1.62952444e+00 1.66422052e+00 5.00000000e-02
    endloop
  endfacet
  facet normal -6.89540545e-01 -7.24247083e-01 0.00000000e+00
    outer loop
      vertex 1.64644661e+00 1.64644661e+00 -5.00000000e-02
      vertex 1.66422052e+00 1.62952444e+00 -5.00000000e-02
      vertex 1.66422052e+00 1.62952444e+00 5.00000000e-02
    endloop
  endfacet
  facet normal -6.89540545e-01 -7.24247083e-01 0.00000000e+00
    outer loop
      vertex 1.64644661e+00 1.64644661e+00 -5.00000000e-02
      vertex 1.66422052e+00 1.62952444e+00 5.00000000e-02
      vertex 1.64644661e+00 1.64644661e+00 5.00000000e-02
    endloop
  endfacet
  facet normal -6.53172843e-01 -7.57208847e-01 0.00000000e+00
    outer loop
      vertex 1.66422052e+00 1.62952444e+00 -5.00000000e-02
      vertex 1.68280336e+00 1.61349477e+00 -5.00000000e-02
      vertex 1.68280336e+00 1.61349477e+00 5.00000000e-02
    endloop
  endfacet
  facet normal -6.53172843e-01 -7.57208847e-01 0.00000000e+00
    outer loop
      vertex 1.66422052e+00 1.62952444e+00 -5.00000000e-02
      vertex 1.68280336e+00 1.61349477e+00 5.00000000e-02
      vertex 1.66422052e+00 1.62952444e+00 5.00000000e-02
    endloop
  endfacet
  facet normal -6.15231591e-01 -7.88346428e-01 0.00000000e+00
    outer loop
      vertex 1.68280336e+00 1.61349477e+00 -5.00000000e-02
      vertex 1.70215035e+00 1.59839623e+00 -5.00000000e-02
      vertex 1.70215035e+00 1.59839623e+00 5.00000000e-02
    endloop
  endfacet
  facet normal -6.15231591e-01 -7.88346428e-01 0.00000000e+00
    outer loop
      vertex 1.68280336e+00 1.61349477e+00 -5.00000000e-02
      vertex 1.70215035e+00 1.59839623e+00 5.00000000e-02
      vertex 1.68280336e+00 1.61349477e+00 5.00000000e-02
    endloop
  endfacet
  facet normal -5.75808191e-01 -8.17584813e-01 0.00000000e+00
    outer loop
      vertex 1.70215035e+00 1.59839623e+00 -5.00000000e-02
      vertex 1.72221488e+00 1.58426519e+00 -5.00000000e-02
      vertex 1.72221488e+00 1.58426519e+00 5.00000000e-02
    endloop
  endfacet
  facet normal -5.75808191e-01 -8.17584813e-01 0.00000000e+00
    outer loop
      vertex 1.70215035e+00 1.59839623e+00 -5.00000000e-02
      vertex 1.72221488e+00 1.58426519e+00 5.00000000e-02
      vertex 1.70215035e+00 1.59839623e+00 5.00000000e-02
    endloop
  endfacet
  facet normal -5.34997620e-01 -8.44853565e-01 0.00000000e+00
    outer loop
      vertex 1.72221488e+00 1.58426519e+00 -5.00000000e-02
      vertex 1.74294863e+00 1.57113569e+00 -5.00000000e-02
      vertex 1.74294863e+00 1.57113569e+00 5.00000000e-02
    endloop
  endfacet
  facet normal -5.34997620e-01 -8.44853565e-01 0.00000000e+00
    outer loop
      vertex 1.72221488e+00 1.58426519e+00 -5.00000000e-02
      vertex 1.74294863e+00 1.57113569e+00 5.00000000e-02
      vertex 1.72221488e+00 1.58426519e+00 5.00000000e-02
    endloop
  endfacet
  facet normal -4.92898192e-01 -8.70086991e-01 0.00000000e+00
    outer loop
      vertex 1.74294863e+00 1.57113569e+00 -5.00000000e-02
      vertex 1.76430163e+00 1.55903937e+00 -5.00000000e-02
      vertex 1.76430163e+00 1.55903937e+00 5.00000000e-02
    endloop
  endfacet
  facet normal -4.92898192e-01 -8.70086991e-01 0.00000000e+00
    outer loop
      vertex 1.74294863e+00 1.57113569e+00 -5.00000000e-02
      vertex 1.76430163e+00 1.55903937e+00 5.00000000e-02
      vertex 1.74294863e+00 1.57113569e+00 5.00000000e-02
    endloop
  endfacet
  facet normal -4.49611330e-01 -8.93224301e-01 0.00000000e+00
    outer loop
      vertex 1.76430163e+00 1.55903937e+00 -5.00000000e-02
      vertex 1.78622245e+00 1.54800535e+00 -5.00000000e-02
      vertex 1.78622245e+00 1.54800535e+00 5.00000000e-02
    endloop
  endfacet
  facet normal -4.49611330e-01 -8.93224301e-01 0.00000000e+00
    outer loop
      vertex 1.76430163e+00 1.55903937e+00 -5.00000000e-02
      vertex 1.78622245e+00 1.54800535e+00 5.00000000e-02
      vertex 1.76430163e+00 1.55903937e+00 5.00000000e-02
    endloop
  endfacet
  facet normal -4.05241314e-01 -9.14209756e-01 0.00000000e+00
    outer loop
      vertex 1.78622245e+00 1.54800535e+00 -5.00000000e-02
      vertex 1.80865828e+00 1.53806023e+00 -5.00000000e-02
      vertex 1.80865828e+00 1.53806023e+00 5.00000000e-02
    endloop
  endfacet
  facet normal -4.05241314e-01 -9.14209756e-01 0.00000000e+00
    outer loop
      vertex 1.78622245e+00 1.54800535e+00 -5.00000000e-02
      vertex 1.80865828e+00 1.53806023e+00 5.00000000e-02
      vertex 1.78622245e+00 1.54800535e+00 5.00000000e-02
    endloop
  endfacet
  facet normal -3.59895037e-01 -9.32992799e-01 0.00000000e+00
    outer loop
      vertex 1.80865828e+00 1.53806023e+00 -5.00000000e-02
      vertex 1.83155507e+00 1.52922797e+00 -5.00000000e-02
      vertex 1.83155507e+00 1.52922797e+00 5.00000000e-02
    endloop
  endfacet
  facet normal -3.59895037e-01 -9.32992799e-01 0.00000000e+00
    outer loop
      vertex 1.80865828e+00 1.53806023e+00 -5.00000000e-02
      vertex 1.83155507e+00 1.52922797e+00 5.00000000e-02
      vertex 1.80865828e+00 1.53806023e+00 5.00000000e-02
    endloop
  endfacet
  facet normal -3.13681740e-01 -9.49528181e-01 0.00000000e+00
    outer loop
      vertex 1.83155507e+00 1.52922797e+00 -5.00000000e-02
      vertex 1.85485766e+00 1.52152983e+00 -5.00000000e-02
      vertex 1.85485766e+00 1.52152983e+00 5.00000000e-02
    endloop
  endfacet
  facet normal -3.13681740e-01 -9.49528181e-01 0.00000000e+00
    outer loop
      vertex 1.83155507e+00 1.52922797e+00 -5.00000000e-02
      vertex 1.85485766e+00 1.52152983e+00 5.00000000e-02
      vertex 1.83155507e+00 1.52922797e+00 5.00000000e-02
    endloop
  endfacet
  facet normal -2.66712757e-01 -9.63776066e-01 0.00000000e+00
    outer loop
      vertex 1.85485766e+00 1.52152983e+00 -5.00000000e-02
      vertex 1.87850991e+00 1.51498437e+00 -5.00000000e-02
      vertex 1.87850991e+00 1.51498437e+00 5.00000000e-02
    endloop
  endfacet
  facet normal -2.66712757e-01 -9.63776066e-01 0.00000000e+00
    outer loop
      vertex 1.85485766e+00 1.52152983e+00 -5.00000000e-02
      vertex 1.87850991e+00 1.51498437e+00 5.00000000e-02
      vertex 1.85485766e+00 1.52152983e+00 5.00000000e-02
    endloop
  endfacet
  facet normal -2.19101240e-01 -9.75702130e-01 0.00000000e+00
    outer loop
      vertex 1.87850991e+00 1.51498437e+00 -5.00000000e-02
      vertex 1.90245484e+00 1.50960736e+00 -5.00000000e-02
      vertex 1.90245484e+00 1.50960736e+00 5.00000000e-02
    endloop
  endfacet
  facet normal -2.19101240e-01 -9.75702130e-01 0.00000000e+00
    outer loop
      vertex 1.87850991e+00 1.51498437e+00 -5.00000000e-02
      vertex 1.90245484e+00 1.50960736e+00 5.00000000e-02
      vertex 1.87850991e+00 1.51498437e+00 5.00000000e-02
    endloop
  endfacet
  facet normal -1.70961889e-01 -9.85277642e-01 0.00000000e+00
    outer loop
      vertex 1.90245484e+00 1.50960736e+00 -5.00000000e-02
      vertex 1.92663476e+00 1.50541175e+00 -5.00000000e-02
      vertex 1.92663476e+00 1.50541175e+00 5.00000000e-02
    endloop
  endfacet
  facet normal -1.70961889e-01 -9.85277642e-01 0.00000000e+00
    outer loop
      vertex 1.90245484e+00 1.50960736e+00 -5.00000000e-02
      vertex 1.92663476e+00 1.50541175e+00 5.00000000e-02
      vertex 1.90245484e+00 1.50960736e+00 5.00000000e-02
    endloop
  endfacet
  facet normal -1.22410675e-01 -9.92479535e-01 0.00000000e+00
    outer loop
      vertex 1.92663476e+00 1.50541175e+00 -5.00000000e-02
      vertex 1.95099143e+00 1.50240764e+00 -5.00000000e-02
      vertex 1.95099143e+00 1.50240764e+00 5.00000000e-02
    endloop
  endfacet
  facet normal -1.22410675e-01 -9.92479535e-01 0.00000000e+00
    outer loop
      vertex 1.92663476e+00 1.50541175e+00 -5.00000000e-02
      vertex 1.95099143e+00 1.50240764e+00 5.00000000e-02
      vertex 1.92663476e+00 1.50541175e+00 5.00000000e-02
    endloop
  endfacet
  facet normal -7.35645636e-02 -9.97290457e-01 0.00000000e+00
    outer loop
      vertex 1.95099143e+00 1.50240764e+00 -5.00000000e-02
      vertex 1.97546616e+00 1.50060227e+00 -5.00000000e-02
      vertex 1.97546616e+00 1.50060227e+00 5.00000000e-02
    endloop
  endfacet
  facet normal -7.35645636e-02 -9.97290457e-01 0.00000000e+00
    outer loop
      vertex 1.95099143e+00 1.50240764e+00 -5.00000000e-02
      vertex 1.97546616e+00 1.50060227e+00 5.00000000e-02
      vertex 1.95099143e+00 1.50240764e+00 5.00000000e-02
    endloop
  endfacet
  facet normal -2.45412285e-02 -9.99698819e-01 0.00000000e+00
    outer loop
      vertex 1.97546616e+00 1.50060227e+00 -5.00000000e-02
      vertex 2.00000000e+00 1.50000000e+00 -5.00000000e-02
      vertex 2.00000000e+00 1.50000000e+00 5.00000000e-02
    endloop
  endfacet
  facet normal -2.45412285e-02 -9.99698819e-01 0.00000000e+00
    outer loop
      vertex 1.97546616e+00 1.50060227e+00 -5.00000000e-02
      vertex 2.00000000e+00 1.50000000e+00 5.00000000e-02
      vertex 1.97546616e+00 1.50060227e+00 5.00000000e-02
    endloop
  endfacet
  facet normal 2.45412285e-02 -9.99698819e-01 0.00000000e+00
    outer loop
      vertex 2.00000000e+00 1.50000000e+00 -5.00000000e-02
      vertex 2.02453384e+00 1.50060227e+00 -5.00000000e-02
      vertex 2.02453384e+00 1.50060227e+00 5.00000000e-02
    endloop
  endfacet
  facet normal 2.45412285e-02 -9.99698819e-01 0.00000000e+00
    outer loop
      vertex 2.00000000e+00 1.50000000e+00 -5.00000000e-02
      vertex 2.02453384e+00 1.50060227e+00 5.00000000e-02
      vertex 2.00000000e+00 1.50000000e+00 5.00000000e-02
    endloop
  endfacet
  facet normal 7.35645636e-02 -9.97290457e-01 0.00000000e+00
    outer loop
      vertex 2.02453384e+00 1.50060227e+00 -5.00000000e-02
      vertex 2.04900857e+00 1.50240764e+00 -5.00000000e-02
      vertex 2.04900857e+00 1.50240764e+00 5.00000000e-02
    endloop
  endfacet
  facet normal 7.35645636e-02 -9.97290457e-01 0.00000000e+00
    outer loop
      vertex 2.02453384e+00 1.50060227e+00 -5.00000000e-02
      vertex 2.04900857e+00 1.50240764e+00 5.00000000e-02
      vertex 2.02453384e+00 1.50060227e+00 5.00000000e-02
    endloop
  endfacet
  facet normal 1.22410675e-01 -9.92479535e-01 0.00000000e+00
    outer loop
      vertex 2.04900857e+00 1.50240764e+00 -5.00000000e-02
      vertex 2.07336524e+00 1.50541175e+00 -5.00000000e-02
      vertex 2.07336524e+00 1.50541175e+00 5.00000000e-02
    endloop
  endfacet
  facet normal 1.22410675e-01 -9.92479535e-01 0.00000000e+00
    outer loop
      vertex 2.04900857e+00 1.50240764e+00 -5.00000000e-02
      vertex 2.07336524e+00 1.50541175e+00 5.00000000e-02
      vertex 2.04900857e+00 1.50240764e+00 5.00000000e-02
    endloop
  endfacet
  facet normal 1.70961889e-01 -9.85277642e-01 0.00000000e+00
    outer loop
      vertex 2.07336524e+00 1.50541175e+00 -5.00000000e-02
      vertex 2.09754516e+00 1.50960736e+00 -5.00000000e-02
      vertex 2.09754516e+00 1.50960736e+00 5.00000000e-02
    endloop
  endfacet
  facet normal 1.70961889e-01 -9.85277642e-01 0.00000000e+00
    outer loop
      vertex 2.07336524e+00 1.50541175e+00 -5.00000000e-02
      vertex 2.09754516e+00 1.50960736e+00 5.00000000e-02
      vertex 2.07336524e+00 1.50541175e+00 5.00000000e-02
    endloop
  endfacet
  facet normal 2.19101240e-01 -9.75702130e-01 0.00000000e+00
    outer loop
      vertex 2.09754516e+00 1.50960736e+00 -5.00000000e-02
      vertex 2.12149009e+00 1.51498437e+00 -5.00000000e-02
      vertex 2.12149009e+00 1.51498437e+00 5.00000000e-02
    endloop
  endfacet
  facet normal 2.19101240e-01 -9.75702130e-01 0.00000000e+00
    outer loop
      vertex 2.09754516e+00 1.50960736e+00 -5.00000000e-02
      vertex 2.12149009e+00 1.51498437e+00 5.00000000e-02
      vertex 2.09754516e+00 1.50960736e+00 5.00000000e-02
    endloop
  endfacet
  facet normal 2.66712757e-01 -9.63776066e-01 0.00000000e+00
    outer loop
      vertex 2.12149009e+00 1.51498437e+00 -5.00000000e-02
      vertex 2.14514234e+00 1.52152983e+00 -5.00000000e-02
      vertex 2.14514234e+00 1.52152983e+00 5.00000000e-02
    endloop
  endfacet
  facet normal 2.66712757e-01 -9.63776066e-01 0.00000000e+00
    outer loop
      vertex 2.12149009e+00 1.51498437e+00 -5.00000000e-02
      vertex 2.14514234e+00 1.52152983e+00 5.00000000e-02
      vertex 2.12149009e+00 1.51498437e+00 5.00000000e-02
    endloop
  endfacet
  facet normal 3.13681740e-01 -9.49528181e-01 0.00000000e+00
    outer loop
      vertex 2.14514234e+00 1.52152983e+00 -5.00000000e-02
      vertex 2.16844493e+00 1.52922797e+00 -5.00000000e-02
      vertex 2.16844493e+00 1.52922797e+00 5.00000000e-02
    endloop
  endfacet
  facet normal 3.13681740e-01 -9.49528181e-01 0.00000000e+00
    outer loop
      vertex 2.14514234e+00 1.52152983e+00 -5.00000000e-02
      vertex 2.16844493e+00 1.52922797e+00 5.00000000e-02
      vertex 2.14514234e+00 1.52152983e+00 5.00000000e-02
    endloop
  endfacet
  facet normal 3.59895037e-01 -9.32992799e-01 0.00000000e+00
    outer loop
      vertex 2.16844493e+00 1.52922797e+00 -5.00000000e-02
      vertex 2.19134172e+00 1.53806023e+00 -5.00000000e-02
      vertex 2.19134172e+00 1.53806023e+00 5.00000000e-02
    endloop
  endfacet
  facet normal 3.59895037e-01 -9.32992799e-01 0.00000000e+00
    outer loop
      vertex 2.16844493e+00 1.52922797e+00 -5.00000000e-02
      vertex 2.19134172e+00 1.53806023e+00 5.00000000e-02
      vertex 2.16844493e+00 1.52922797e+00 5.00000000e-02
    endloop
  endfacet
  facet normal 4.05241314e-01 -9.14209756e-01 0.00000000e+00
    outer loop
      vertex 2.19134172e+00 1.53806023e+00 -5.00000000e-02
      vertex 2.21377755e+00 1.54800535e+00 -5.00000000e-02
      vertex 2.21377755e+00 1.54800535e+00 5.00000000e-02
    endloop
  endfacet
  facet normal 4.05241314e-01 -9.14209756e-01 0.00000000e+00
    outer loop
      vertex 2.19134172e+00 1.53806023e+00 -5.00000000e-02
      vertex 2.21377755e+00 1.54800535e+00 5.00000000e-02
      vertex 2.19134172e+00 1.53806023e+00 5.00000000e-02
    endloop
  endfacet
  facet normal 4.49611330e-01 -8.93224301e-01 0.00000000e+00
    outer loop
      vertex 2.21377755e+00 1.54800535e+00 -5.00000000e-02
      vertex 2.23569837e+00 1.55903937e+00 -5.00000000e-02
      vertex 2.23569837e+00 1.55903937e+00 5.00000000e-02
    endloop
  endfacet
  facet normal 4.49611330e-01 -8.93224301e-01 0.00000000e+00
    outer loop
      vertex 2.21377755e+00 1.54800535e+00 -5.00000000e-02
      vertex 2.23569837e+00 1.55903937e+00 5.00000000e-02
      vertex 2.21377755e+00 1.54800535e+00 5.00000000e-02
    endloop
  endfacet
  facet normal 4.92898192e-01 -8.70086991e-01 0.00000000e+00
    outer loop
      vertex 2.23569837e+00 1.55903937e+00 -5.00000000e-02
      vertex 2.25705137e+00 1.57113569e+00 -5.00000000e-02
      vertex 2.25705137e+00 1.57113569e+00 5.00000000e-02
    endloop
  endfacet
  facet normal 4.92898192e-01 -8.70086991e-01 0.00000000e+00
    outer loop
      vertex 2.23569837e+00 1.55903937e+00 -5.00000000e-02
      vertex 2.25705137e+00 1.57113569e+00 5.00000000e-02
      vertex 2.23569837e+00 1.55903937e+00 5.00000000e-02
    endloop
  endfacet
  facet normal 5.34997620e-01 -8.44853565e-01 0.00000000e+00
    outer loop
      vertex 2.25705137e+00 1.57113569e+00 -5.00000000e-02
      vertex 2.27778512e+00 1.58426519e+00 -5.00000000e-02
      vertex 2.27778512e+00 1.58426519e+00 5.00000000e-02
    endloop
  endfacet
  facet normal 5.34997620e-01 -8.44853565e-01 0.00000000e+00
    outer loop
      vertex 2.25705137e+00 1.57113569e+00 -5.00000000e-02
      vertex 2.27778512e+00 1.58426519e+00 5.00000000e-02
      vertex 2.25705137e+00 1.57113569e+00 5.00000000e-02
    endloop
  endfacet
  facet normal 5.75808191e-01 -8.17584813e-01 0.00000000e+00
    outer loop
      vertex 2.27778512e+00 1.58426519e+00 -5.00000000e-02
      vertex 2.29784965e+00 1.59839623e+00 -5.00000000e-02
      vertex 2.29784965e+00 1.59839623e+00 5.00000000e-02
    endloop
  endfacet
  facet normal 5.75808191e-01 -8.17584813e-01 0.00000000e+00
    outer loop
      vertex 2.27778512e+00 1.58426519e+00 -5.00000000e-02
      vertex 2.29784965e+00 1.59839623e+00 5.00000000e-02
      vertex 2.27778512e+00 1.58426519e+00 5.00000000e-02
    endloop
  endfacet
  facet normal 6.15231591e-01 -7.88346428e-01 0.00000000e+00
    outer loop
      vertex 2.29784965e+00 1.59839623e+00 -5.00000000e-02
      vertex 2.31719664e+00 1.61349477e+00 -5.00000000e-02
      vertex 2.31719664e+00 1.61349477e+00 5.00000000e-02
    endloop
  endfacet
  facet normal 6.15231591e-01 -7.88346428e-01 0.00000000e+00
    outer loop
      vertex 2.29784965e+00 1.59839623e+00 -5.00000000e-02
      vertex 2.31719664e+00 1.61349477e+00 5.00000000e-02
      vertex 2.29784965e+00 1.59839623e+00 5.00000000e-02
    endloop
  endfacet
  facet normal 6.53172843e-01 -7.57208847e-01 0.00000000e+00
    outer loop
      vertex 2.31719664e+00 1.61349477e+00 -5.00000000e-02
      vertex 2.33577948e+00 1.62952444e+00 -5.00000000e-02
      vertex 2.33577948e+00 1.62952444e+00 5.00000000e-02
    endloop
  endfacet
  facet normal 6.53172843e-01 -7.57208847e-01 0.00000000e+00
    outer loop
      vertex 2.31719664e+00 1.61349477e+00 -5.00000000e-02
      vertex 2.33577948e+00 1.62952444e+00 5.00000000e-02
      vertex 2.31719664e+00 1.61349477e+00 5.00000000e-02
    endloop
  endfacet
  facet normal 6.89540545e-01 -7.24247083e-01 0.00000000e+00
    outer loop
      vertex 2.33577948e+00 1.62952444e+00 -5.00000000e-02
      vertex 2.35355339e+00 1.64644661e+00 -5.00000000e-02
      vertex 2.35355339e+00 1.64644661e+00 5.00000000e-02
    endloop
  endfacet
  facet normal 6.89540545e-01 -7.24247083e-01 0.00000000e+00
    outer loop
      vertex 2.33577948e+00 1.62952444e+00 -5.00000000e-02
      vertex 2.35355339e+00 1.64644661e+00 5.00000000e-02
      vertex 2.33577948e+00 1.62952444e+00 5.00000000e-02
    endloop
  endfacet
  facet normal 7.24247083e-01 -6.89540545e-01 0.00000000e+00
    outer loop
      vertex 2.35355339e+00 1.64644661e+00 -5.00000000e-02
      vertex 2.37047556e+00 1.66422052e+00 -5.00000000e-02
      vertex 2.37047556e+00 1.66422052e+00 5.00000000e-02
    endloop
  endfacet
  facet normal 7.24247083e-01 -6.89540545e-01 0.00000000e+00
    outer loop
      vertex 2.35355339e+00 1.64644661e+00 -5.00000000e-02
      vertex 2.37047556e+00 1.66422052e+00 5.00000000e-02
      vertex 2.35355339e+00 1.64644661e+00 5.00000000e-02
    endloop
  endfacet
  facet normal 7.57208847e-01 -6.53172843e-01 0.00000000e+00
    outer loop
      vertex 2.37047556e+00 1.66422052e+00 -5.00000000e-02
      vertex 2.38650523e+00 1.68280336e+00 -5.00000000e-02
      vertex 2.38650523e+00 1.68280336e+00 5.00000000e-02
    endloop
  endfacet
  facet normal 7.57208847e-01 -6.53172843e-01 0.00000000e+00
    outer loop
      vertex 2.37047556e+00 1.66422052e+00 -5.00000000e-02
      vertex 2.38650523e+00 1.68280336e+00 5.00000000e-02
      vertex 2.37047556e+00 1.66422052e+00 5.00000000e-02
    endloop
  endfacet
  facet normal 7.88346428e-01 -6.15231591e-01 0.00000000e+00
    outer loop
      vertex 2.38650523e+00 1.68280336e+00 -5.00000000e-02
      vertex 2.40160377e+00 1.70215035e+00 -5.00000000e-02
      vertex 2.40160377e+00 1.70215035e+00 5.00000000e-02
    endloop
  endfacet
  facet normal 7.88346428e-01 -6.15231591e-01 0.00000000e+00
    outer loop
      vertex 2.38650523e+00 1.68280336e+00 -5.00000000e-02
      vertex 2.40160377e+00 1.70215035e+00 5.00000000e-02
      vertex 2.38650523e+00 1.68280336e+00 5.00000000e-02
    endloop
  endfacet
  facet normal 8.17584813e-01 -5.75808191e-01 0.00000000e+00
    outer loop
      vertex 2.40160377e+00 1.70215035e+00 -5.00000000e-02
      vertex 2.41573481e+00 1.72221488e+00 -5.00000000e-02
      vertex 2.41573481e+00 1.72221488e+00 5.00000000e-02
    endloop
  endfacet
  facet normal 8.17584813e-01 -5.75808191e-01 0.00000000e+00
    outer loop
      vertex 2.40160377e+00 1.70215035e+00 -5.00000000e-02
      vertex 2.41573481e+00 1.72221488e+00 5.00000000e-02
      vertex 2.40160377e+00 1.70215035e+00 5.00000000e-02
    endloop
  endfacet
  facet normal 8.44853565e-01 -5.34997620e-01 0.00000000e+00
    outer loop
      vertex 2.41573481e+00 1.72221488e+00 -5.00000000e-02
      vertex 2.42886431e+00 1.74294863e+00 -5.00000000e-02
      vertex 2.42886431e+00 1.74294863e+00 5.00000000e-02
    endloop
  endfacet
  facet normal 8.44853565e-01 -5.34997620e-01 0.00000000e+00
    outer loop
      vertex 2.41573481e+00 1.72221488e+00 -5.00000000e-02
      vertex 2.42886431e+00 1.74294863e+00 5.00000000e-02
      vertex 2.41573481e+00 1.72221488e+00 5.00000000e-02
    endloop
  endfacet
  facet normal 8.70086991e-01 -4.92898192e-01 0.00000000e+00
    outer loop
      vertex 2.42886431e+00 1.74294863e+00 -5.00000000e-02
      vertex 2.44096063e+00 1.76430163e+00 -5.00000000e-02
      vertex 2.44096063e+00 1.76430163e+00 5.00000000e-02
    endloop
  endfacet
  facet normal 8.70086991e-01 -4.92898192e-01 0.00000000e+00
    outer loop
      vertex 2.42886431e+00 1.74294863e+00 -5.00000000e-02
      vertex 2.44096063e+00 1.76430163e+00 5.00000000e-02
      vertex 2.42886431e+00 1.74294863e+00 5.00000000e-02
    endloop
  endfacet
  facet normal 8.93224301e-01 -4.49611330e-01 0.00000000e+00
    outer loop
      vertex 2.44096063e+00 1.76430163e+00 -5.00000000e-02
      vertex 2.45199465e+00 1.78622245e+00 -5.00000000e-02
      vertex 2.45199465e+00 1.78622245e+00 5.00000000e-02
    endloop
  endfacet
  facet normal 8.93224301e-01 -4.49611330e-01 0.00000000e+00
    outer loop
      vertex 2.44096063e+00 1.76430163e+00 -5.00000000e-02
      vertex 2.45199465e+00 1.78622245e+00 5.00000000e-02
      vertex 2.44096063e+00 1.76430163e+00 5.00000000e-02
    endloop
  endfacet
  facet normal 9.14209756e-01 -4.05241314e-01 0.00000000e+00
    outer loop
      vertex 2.45199465e+00 1.78622245e+00 -5.00000000e-02
      vertex 2.46193977e+00 1.80865828e+00 -5.00000000e-02
      vertex 2.46193977e+00 1.80865828e+00 5.00000000e-02
    endloop
  endfacet
  facet normal 9.14209756e-01 -4.05241314e-01 0.00000000e+00
    outer loop
      vertex 2.45199465e+00 1.78622245e+00 -5.00000000e-02
      vertex 2.46193977e+00 1.80865828e+00 5.00000000e-02
      vertex 2.45199465e+00 1.78622245e+00 5.00000000e-02
    endloop
  endfacet
  facet normal 9.32992799e-01 -3.59895037e-01 0.00000000e+00
    outer loop
      vertex 2.46193977e+00 1.80865828e+00 -5.00000000e-02
      vertex 2.47077203e+00 1.83155507e+00 -5.00000000e-02
      vertex 2.47077203e+00 1.83155507e+00 5.00000000e-02
    endloop
  endfacet
  facet normal 9.32992799e-01 -3.59895037e-01 0.00000000e+00
    outer loop
      vertex 2.46193977e+00 1.80865828e+00 -5.00000000e-02
      vertex 2.47077203e+00 1.83155507e+00 5.00000000e-02
      vertex 2.46193977e+00 1.80865828e+00 5.00000000e-02
    endloop
  endfacet
  facet normal 9.49528181e-01 -3.13681740e-01 0.00000000e+00
    outer loop
      vertex 2.47077203e+00 1.83155507e+00 -5.00000000e-02
      vertex 2.47847017e+00 1.85485766e+00 -5.00000000e-02
      vertex 2.47847017e+00 1.85485766e+00 5.00000000e-02
    endloop
  endfacet
  facet normal 9.49528181e-01 -3.13681740e-01 0.00000000e+00
    outer loop
      vertex 2.47077203e+00 1.83155507e+00 -5.00000000e-02
      vertex 2.47847017e+00 1.85485766e+00 5.00000000e-02
      vertex 2.47077203e+00 1.83155507e+00 5.00000000e-02
    endloop
  endfacet
  facet normal 9.63776066e-01 -2.66712757e-01 0.00000000e+00
    outer loop
      vertex 2.47847017e+00 1.85485766e+00 -5.00000000e-02
      vertex 2.48501563e+00 1.87850991e+00 -5.00000000e-02
      vertex 2.48501563e+00 1.87850991e+00 5.00000000e-02
    endloop
  endfacet
  facet normal 9.63776066e-01 -2.66712757e-01 0.00000000e+00
    outer loop
      vertex 2.47847017e+00 1.85485766e+00 -5.00000000e-02
      vertex 2.48501563e+00 1.87850991e+00 5.00000000e-02
      vertex 2.47847017e+00 1.85485766e+00 5.00000000e-02
    endloop
  endfacet
  facet normal 9.75702130e-01 -2.19101240e-01 0.00000000e+00
    outer loop
      vertex 2.48501563e+00 1.87850991e+00 -5.00000000e-02
      vertex 2.49039264e+00 1.90245484e+00 -5.00000000e-02
      vertex 2.49039264e+00 1.90245484e+00 5.00000000e-02
    endloop
  endfacet
  facet normal 9.75702130e-01 -2.19101240e-01 0.00000000e+00
    outer loop
      vertex 2.48501563e+00 1.87850991e+00 -5.00000000e-02
      vertex 2.49039264e+00 1.90245484e+00 5.00000000e-02
      vertex 2.48501563e+00 1.87850991e+00 5.00000000e-02
    endloop
  endfacet
  facet normal 9.85277642e-01 -1.70961889e-01 0.00000000e+00
    outer loop
      vertex 2.49039264e+00 1.90245484e+00 -5.00000000e-02
      vertex 2.49458825e+00 1.92663476e+00 -5.00000000e-02
      vertex 2.49458825e+00 1.92663476e+00 5.00000000e-02
    endloop
  endfacet
  facet normal 9.85277642e-01 -1.70961889e-01 0.00000000e+00
    outer loop
      vertex 2.49039264e+00 1.90245484e+00 -5.00000000e-02
      vertex 2.49458825e+00 1.92663476e+00 5.00000000e-02
      vertex 2.49039264e+00 1.90245484e+00 5.00000000e-02
    endloop
  endfacet
  facet normal 9.92479535e-01 -1.22410675e-01 0.00000000e+00
    outer loop
      vertex 2.49458825e+00 1.92663476e+00 -5.00000000e-02
      vertex 2.49759236e+00 1.95099143e+00 -5.00000000e-02
      vertex 2.49759236e+00 1.95099143e+00 5.00000000e-02
    endloop
  endfacet
  facet normal 9.92479535e-01 -1.22410675e-01 0.00000000e+00
    outer loop
      vertex 2.49458825e+00 1.92663476e+00 -5.00000000e-02
      vertex 2.49759236e+00 1.95099143e+00 5.00000000e-02
      vertex 2.49458825e+00 1.92663476e+00 5.00000000e-02
    endloop
  endfacet
  facet normal 9.97290457e-01 -7.35645636e-02 0.00000000e+00
    outer loop
      vertex 2.49759236e+00 1.95099143e+00 -5.00000000e-02
      vertex 2.49939773e+00 1.97546616e+00 -5.00000000e-02
      vertex 2.49939773e+00 1.97546616e+00 5.00000000e-02
    endloop
  endfacet
  facet normal 9.97290457e-01 -7.35645636e-02 0.00000000e+00
    outer loop
      vertex 2.49759236e+00 1.95099143e+00 -5.00000000e-02
      vertex 2.49939773e+00 1.97546616e+00 5.00000000e-02
      vertex 2.49759236e+00 1.95099143e+00 5.00000000e-02
    endloop
  endfacet
  facet normal 9.99698819e-01 -2.45412285e-02 0.00000000e+00
    outer loop
      vertex 2.49939773e+00 1.97546616e+00 -5.00000000e-02
      vertex 2.50000000e+00 2.00000000e+00 -5.00000000e-02
      vertex 2.50000000e+00 2.00000000e+00 5.00000000e-02
    endloop
  endfacet
  facet normal 9.99698819e-01 -2.45412285e-02 0.00000000e+00
    outer loop
      vertex 2.49939773e+00 1.97546616e+00 -5.00000000e-02
      vertex 2.50000000e+00 2.00000000e+00 5.00000000e-02
      vertex 2.49939773e+00 1.97546616e+00 5.00000000e-02
    endloop
  endfacet
  facet normal 0.00000000e+00 -0.00000000e+00 -1.00000000e+00
    outer loop
      vertex 2.49939773e+00 2.02453384e+00 -5.00000000e-02
      vertex 2.50000000e+00 2.00000000e+00 -5.00000000e-02
      vertex 2.00000000e+00 2.00000000e+00 -5.00000000e-02
    endloop
  endfacet
  facet normal 0.00000000e+00 -0.00000000e+00 -1.00000000e+00
    outer loop
      vertex 2.49759236e+00 2.04900857e+00 -5.00000000e-02
      vertex 2.49939773e+00 2.02453384e+00 -5.00000000e-02
      vertex 2.00000000e+00 2.00000000e+00 -5.00000000e-02
    endloop
  endfacet
  facet normal 0.00000000e+00 -0.00000000e+00 -1.00000000e+00
    outer loop
      vertex 2.49458825e+00 2.07336524e+00 -5.00000000e-02
      vertex 2.49759236e+00 2.04900857e+00 -5.00000000e-02
      vertex 2.00000000e+00 2.00000000e+00 -5.00000000e-02
    endloop
  endfacet
  facet normal 0.00000000e+00 -0.00000000e+00 -1.00000000e+00
    outer loop
      vertex 2.49039264e+00 2.09754516e+00 -5.00000000e-02
      vertex 2.49458825e+00 2.07336524e+00 -5.00000000e-02
      vertex 2.00000000e+00 2.00000000e+00 -5.00000000e-02
    endloop
  endfacet
  facet normal 0.00000000e+00 -0.00000000e+00 -1.00000000e+00
    outer loop
      vertex 2.48501563e+00 2.12149009e+00 -5.00000000e-02
      vertex 2.49039264e+00 2.09754516e+00 -5.00000000e-02
      vertex 2.00000000e+00 2.00000000e+00 -5.00000000e-02
    endloop
  endfacet
  facet normal 0.00000000e+00 -0.00000000e+00 -1.00000000e+00
    outer loop
      vertex 2.47847017e+00 2.14514234e+00 -5.00000000e-02
      vertex 2.48501563e+00 2.12149009e+00 -5.00000000e-02
      vertex 2.00000000e+00 2.00000000e+00 -5.00000000e-02
    endloop
  endfacet
  facet normal 0.00000000e+00 -0.00000000e+00 -1.00000000e+00
    outer loop
      vertex 2.47077203e+00 2.16844493e+00 -5.00000000e-02
      vertex 2.47847017e+00 2.14514234e+00 -5.00000000e-02
      vertex 2.00000000e+00 2.00000000e+00 -5.00000000e-02
    endloop
  endfacet
  facet normal 0.00000000e+00 -0.00000000e+00 -1.00000000e+00
    outer loop
      vertex 2.46193977e+00 2.19134172e+00 -5.00000000e-02
      vertex 2.47077203e+00 2.16844493e+00 -5.00000000e-02
      vertex 2.00000000e+00 2.00000000e+00 -5.00000000e-02
    endloop
  endfacet
  facet normal 0.00000000e+00 -0.00000000e+00 -1.00000000e+00
    outer loop
      vertex 2.45199465e+00 2.21377755e+00 -5.00000000e-02
      vertex 2.46193977e+00 2.19134172e+00 -5.00000000e-02
      vertex 2.00000000e+00 2.00000000e+00 -5.00000000e-02
    endloop
  endfacet
  facet normal 0.00000000e+00 -0.00000000e+00 -1.00000000e+00
    outer loop
      vertex 2.44096063e+00 2.23569837e+00 -5.00000000e-02
      vertex 2.45199465e+00 2.21377755e+00 -5.00000000e-02
      vertex 2.00000000e+00 2.00000000e+00 -5.00000000e-02
    endloop
  endfacet
  facet normal 0.00000000e+00 -0.00000000e+00 -1.00000000e+00
    outer loop
      vertex 2.42886431e+00 2.25705137e+00 -5.00000000e-02
      vertex 2.44096063e+00 2.23569837e+00 -5.00000000e-02
      vertex 2.00000000e+00 2.00000000e+00 -5.00000000e-02
    endloop
  endfacet
  facet normal 0.00000000e+00 -0.00000000e+00 -1.00000000e+00
    outer loop
      vertex 2.41573481e+00 2.27778512e+00 -5.00000000e-02
      vertex 2.42886431e+00 2.25705137e+00 -5.00000000e-02
      vertex 2.00000000e+00 2.00000000e+00 -5.00000000e-02
    endloop
  endfacet
  facet normal 0.00000000e+00 -0.00000000e+00 -1.00000000e+00
    outer loop
      vertex 2.40160377e+00 2.29784965e+00 -5.00000000e-02
      vertex 2.41573481e+00 2.27778512e+00 -5.00000000e-02
      vertex 2.00000000e+00 2.00000000e+00 -5.00000000e-02
    endloop
  endfacet
  facet normal 0.00000000e+00 -0.00000000e+00 -1.00000000e+00
    outer loop
      vertex 2.38650523e+00 2.31719664e+00 -5.00000000e-02
      vertex 2.40160377e+00 2.29784965e+00 -5.00000000e-02
      vertex 2.00000000e+00 2.00000000e+00 -5.00000000e-02
    endloop
  endfacet
  facet normal 0.00000000e+00 -0.00000000e+00 -1.00000000e+00
    outer loop
      vertex 2.37047556e+00 2.33577948e+00 -5.00000000e-02
      vertex 2.38650523e+00 2.31719664e+00 -5.00000000e-02
      vertex 2.00000000e+00 2.00000000e+00 -5.00000000e-02
    endloop
  endfacet
  facet normal 0.00000000e+00 -0.00000000e+00 -1.00000000e+00
    outer loop
      vertex 2.35355339e+00 2.35355339e+00 -5.00000000e-02
      vertex 2.37047556e+00 2.33577948e+00 -5.00000000e-02
      vertex 2.00000000e+00 2.00000000e+00 -5.00000000e-02
    endloop
  endfacet
  facet normal 0.00000000e+00 -0.00000000e+00 -1.00000000e+00
    outer loop
      vertex 2.33577948e+00 2.37047556e+00 -5.00000000e-02
      vertex 2.35355339e+00 2.35355339e+00 -5.00000000e-02
      vertex 2.00000000e+00 2.00000000e+00 -5.00000000e-02
    endloop
  endfacet
  facet normal 0.00000000e+00 -0.00000000e+00 -1.00000000e+00
    outer loop
      vertex 2.31719664e+00 2.38650523e+00 -5.00000000e-02
      vertex 2.33577948e+00 2.37047556e+00 -5.00000000e-02
      vertex 2.00000000e+00 2.00000000e+00 -5.00000000e-02
    endloop
  endfacet
  facet normal 0.00000000e+00 -0.00000000e+00 -1.00000000e+00
    outer loop
      vertex 2.29784965e+00 2.40160377e+00 -5.00000000e-02
      vertex 2.31719664e+00 2.38650523e+00 -5.00000000e-02
      vertex 2.00000000e+00 2.00000000e+00 -5.00000000e-02
    endloop
  endfacet
  facet normal 0.00000000e+00 -0.00000000e+00 -1.00000000e+00
    outer loop
      vertex 2.27778512e+00 2.41573481e+00 -5.00000000e-02
      vertex 2.29784965e+00 2.40160377e+00 -5.00000000e-02
      vertex 2.00000000e+00 2.00000000e+00 -5.00000000e-02
    endloop
  endfacet
  facet normal 0.00000000e+00 -0.00000000e+00 -1.00000000e+00
    outer loop
      vertex 2.25705137e+00 2.42886431e+00 -5.00000000e-02
      vertex 2.27778512e+00 2.41573481e+00 -5.00000000e-02
      vertex 2.00000000e+00 2.00000000e+00 -5.00000000e-02
    endloop
  endfacet
  facet normal 0.00000000e+00 -0.00000000e+00 -1.00000000e+00
    outer loop
      vertex 2.23569837e+00 2.44096063e+00 -5.00000000e-02
      vertex 2.25705137e+00 2.42886431e+00 -5.00000000e-02
      vertex 2.00000000e+00 2.00000000e+00 -5.00000000e-02
    endloop
  endfacet
  facet normal 0.00000000e+00 -0.00000000e+00 -1.00000000e+00
    outer loop
      vertex 2.21377755e+00 2.45199465e+00 -5.00000000e-02
      vertex 2.23569837e+00 2.44096063e+00 -5.00000000e-02
      vertex 2.00000000e+00 2.00000000e+00 -5.00000000e-02
    endloop
  endfacet
  facet normal 0.00000000e+00 -0.00000000e+00 -1.00000000e+00
    outer loop
      vertex 2.19134172e+00 2.46193977e+00 -5.00000000e-02
      vertex 2.21377755e+00 2.45199465e+00 -5.00000000e-02
      vertex 2.00000000e+00 2.00000000e+00 -5.00000000e-02
    endloop
  endfacet
  facet normal 0.00000000e+00 -0.00000000e+00 -1.00000000e+00
    outer loop
      vertex 2.16844493e+00 2.47077203e+00 -5.00000000e-02
      vertex 2.19134172e+00 2.46193977e+00 -5.00000000e-02
      vertex 2.00000000e+00 2.00000000e+00 -5.00000000e-02
    endloop
  endfacet
  facet normal 0.00000000e+00 -0.00000000e+00 -1.00000000e+00
    outer loop
      vertex 2.14514234e+00 2.47847017e+00 -5.00000000e-02
      vertex 2.16844493e+00 2.47077203e+00 -5.00000000e-02
      vertex 2.00000000e+00 2.00000000e+00 -5.00000000e-02
    endloop
  endfacet
  facet normal 0.00000000e+00 -0.00000000e+00 -1.00000000e+00
    outer loop
      vertex 2.12149009e+00 2.48501563e+00 -5.00000000e-02
      vertex 2.14514234e+00 2.47847017e+00 -5.00000000e-02
      vertex 2.00000000e+00 2.00000000e+00 -5.00000000e-02
    endloop
  endfacet
  facet normal 0.00000000e+00 -0.00000000e+00 -1.00000000e+00
    outer loop
      vertex 2.09754516e+00 2.49039264e+00 -5.00000000e-02
      vertex 2.12149009e+00 2.48501563e+00 -5.00000000e-02
      vertex 2.00000000e+00 2.00000000e+00 -5.00000000e-02
    endloop
  endfacet
  facet normal 0.00000000e+00 -0.00000000e+00 -1.00000000e+00
    outer loop
      vertex 2.07336524e+00 2.49458825e+00 -5.00000000e-02
      vertex 2.09754516e+00 2.49039264e+00 -5.00000000e-02
      vertex 2.00000000e+00 2.00000000e+00 -5.00000000e-02
    endloop
  endfacet
  facet normal 0.00000000e+00 -0.00000000e+00 -1.00000000e+00
    outer loop
      vertex 2.04900857e+00 2.49759236e+00 -5.00000000e-02
      vertex 2.07336524e+00 2.49458825e+00 -5.00000000e-02
      vertex 2.00000000e+00 2.00000000e+00 -5.00000000e-02
    endloop
  endfacet
  facet normal 0.00000000e+00 -0.00000000e+00 -1.00000000e+00
    outer loop
      vertex 2.02453384e+00 2.49939773e+00 -5.00000000e-02
      vertex 2.04900857e+00 2.49759236e+00 -5.00000000e-02
      vertex 2.00000000e+00 2.00000000e+00 -5.00000000e-02
    endloop
  endfacet
  facet normal 0.00000000e+00 0.00000000e+00 -1.00000000e+00
    outer loop
      vertex 2.00000000e+00 2.50000000e+00 -5.00000000e-02
      vertex 2.02453384e+00 2.49939773e+00 -5.00000000e-02
      vertex 2.00000000e+00 2.00000000e+00 -5.00000000e-02
    endloop
  endfacet
  facet normal 0.00000000e+00 0.00000000e+00 -1.00000000e+00
    outer loop
      vertex 1.97546616e+00 2.49939773e+00 -5.00000000e-02
      vertex 2.00000000e+00 2.50000000e+00 -5.00000000e-02
      vertex 2.00000000e+00 2.00000000e+00 -5.00000000e-02
    endloop
  endfacet
  facet normal 0.00000000e+00 0.00000000e+00 -1.00000000e+00
    outer loop
      vertex 1.95099143e+00 2.49759236e+00 -5.00000000e-02
      vertex 1.97546616e+00 2.49939773e+00 -5.00000000e-02
      vertex 2.00000000e+00 2.00000000e+00 -5.00000000e-02
    endloop
  endfacet
  facet normal 0.00000000e+00 0.00000000e+00 -1.00000000e+00
    outer loop
      vertex 1.92663476e+00 2.49458825e+00 -5.00000000e-02
      vertex 1.95099143e+00 2.49759236e+00 -5.00000000e-02
      vertex 2.00000000e+00 2.00000000e+00 -5.00000000e-02
    endloop
  endfacet
  facet normal 0.00000000e+00 0.00000000e+00 -1.00000000e+00
    outer loop
      vertex 1.90245484e+00 2.49039264e+00 -5.00000000e-02
      vertex 1.92663476e+00 2.49458825e+00 -5.00000000e-02
      vertex 2.00000000e+00 2.00000000e+00 -5.00000000e-02
    endloop
  endfacet
  facet normal 0.00000000e+00 0.00000000e+00 -1.00000000e+00
    outer loop
      vertex 1.87850991e+00 2.48501563e+00 -5.00000000e-02
      vertex 1.90245484e+00 2.49039264e+00 -5.00000000e-02
      vertex 2.00000000e+00 2.00000000e+00 -5.00000000e-02
    endloop
  endfacet
  facet normal 0.00000000e+00 0.00000000e+00 -1.00000000e+00
    outer loop
      vertex 1.85485766e+00 2.47847017e+00 -5.00000000e-02
      vertex 1.87850991e+00 2.48501563e+00 -5.00000000e-02
      vertex 2.00000000e+00 2.00000000e+00 -5.00000000e-02
    endloop
  endfacet
  facet normal 0.00000000e+00 0.00000000e+00 -1.00000000e+00
    outer loop
      vertex 1.83155507e+00 2.47077203e+00 -5.00000000e-02
      vertex 1.85485766e+00 2.47847017e+00 -5.00000000e-02
      vertex 2.00000000e+00 2.00000000e+00 -5.00000000e-02
    endloop
  endfacet
  facet normal 0.00000000e+00 0.00000000e+00 -1.00000000e+00
    outer loop
      vertex 1.80865828e+00 2.46193977e+00 -5.00000000e-02
      vertex 1.83155507e+00 2.47077203e+00 -5.00000000e-02
      vertex 2.00000000e+00 2.00000000e+00 -5.00000000e-02
    endloop
  endfacet
  facet normal 0.00000000e+00 0.00000000e+00 -1.00000000e+00
    outer loop
      vertex 1.78622245e+00 2.45199465e+00 -5.00000000e-02
      vertex 1.80865828e+00 2.46193977e+00 -5.00000000e-02
      vertex 2.00000000e+00 2.00000000e+00 -5.00000000e-02
    endloop
  endfacet
  facet normal 0.00000000e+00 0.00000000e+00 -1.00000000e+00
    outer loop
      vertex 1.76430163e+00 2.44096063e+00 -5.00000000e-02
      vertex 1.78622245e+00 2.45199465e+00 -5.00000000e-02
      vertex 2.00000000e+00 2.00000000e+00 -5.00000000e-02
    endloop
  endfacet
  facet normal 0.00000000e+00 0.00000000e+00 -1.00000000e+00
    outer loop
      vertex 1.74294863e+00 2.42886431e+00 -5.00000000e-02
      vertex 1.76430163e+00 2.44096063e+00 -5.00000000e-02
      vertex 2.00000000e+00 2.00000000e+00 -5.00000000e-02
    endloop
  endfacet
  facet normal 0.00000000e+00 0.00000000e+00 -1.00000000e+00
    outer loop
      vertex 1.72221488e+00 2.41573481e+00 -5.00000000e-02
      vertex 1.74294863e+00 2.42886431e+00 -5.00000000e-02
      vertex 2.00000000e+00 2.00000000e+00 -5.00000000e-02
    endloop
  endfacet
  facet normal 0.00000000e+00 0.00000000e+00 -1.00000000e+00
    outer loop
      vertex 1.70215035e+00 2.40160377e+00 -5.00000000e-02
      vertex 1.72221488e+00 2.41573481e+00 -5.00000000e-02
      vertex 2.00000000e+00 2.00000000e+00 -5.00000000e-02
    endloop
  endfacet
  facet normal 0.00000000e+00 0.00000000e+00 -1.00000000e+00
    outer loop
      vertex 1.68280336e+00 2.38650523e+00 -5.00000000e-02
      vertex 1.70215035e+00 2.40160377e+00 -5.00000000e-02
      vertex 2.00000000e+00 2.00000000e+00 -5.00000000e-02
    endloop
  endfacet
  facet normal 0.00000000e+00 0.00000000e+00 -1.00000000e+00
    outer loop
      vertex 1.66422052e+00 2.37047556e+00 -5.00000000e-02
      vertex 1.68280336e+00 2.38650523e+00 -5.00000000e-02
      vertex 2.00000000e+00 2.00000000e+00 -5.00000000e-02
    endloop
  endfacet
  facet normal 0.00000000e+00 0.00000000e+00 -1.00000000e+00
    outer loop
      vertex 1.64644661e+00 2.35355339e+00 -5.00000000e-02
      vertex 1.66422052e+00 2.37047556e+00 -5.00000000e-02
      vertex 2.00000000e+00 2.00000000e+00 -5.00000000e-02
    endloop
  endfacet
  facet normal 0.00000000e+00 0.00000000e+00 -1.00000000e+00
    outer loop
      vertex 1.62952444e+00 2.33577948e+00 -5.00000000e-02
      vertex 1.64644661e+00 2.35355339e+00 -5.00000000e-02
      vertex 2.00000000e+00 2.00000000e+00 -5.00000000e-02
    endloop
  endfacet
  facet normal 0.00000000e+00 0.00000000e+00 -1.00000000e+00
    outer loop
      vertex 1.61349477e+00 2.31719664e+00 -5.00000000e-02
      vertex 1.62952444e+00 2.33577948e+00 -5.00000000e-02
      vertex 2.00000000e+00 2.00000000e+00 -5.00000000e-02
    endloop
  endfacet
  facet normal 0.00000000e+00 0.00000000e+00 -1.00000000e+00
    outer loop
      vertex 1.59839623e+00 2.29784965e+00 -5.00000000e-02
      vertex 1.61349477e+00 2.31719664e+00 -5.00000000e-02
      vertex 2.00000000e+00 2.00000000e+00 -5.00000000e-02
    endloop
  endfacet
  facet normal 0.00000000e+00 0.00000000e+00 -1.00000000e+00
    outer loop
      vertex 1.58426519e+00 2.27778512e+00 -5.00000000e-02
      vertex 1.59839623e+00 2.29784965e+00 -5.00000000e-02
      vertex 2.00000000e+00 2.00000000e+00 -5.00000000e-02
    endloop
  endfacet
  facet normal 0.00000000e+00 0.00000000e+00 -1.00000000e+00
    outer loop
      vertex 1.57113569e+00 2.25705137e+00 -5.00000000e-02
      vertex 1.58426519e+00 2.27778512e+00 -5.00000000e-02
      vertex 2.00000000e+00 2.00000000e+00 -5.00000000e-02
    endloop
  endfacet
  facet normal 0.00000000e+00 0.00000000e+00 -1.00000000e+00
    outer loop
      vertex 1.55903937e+00 2.23569837e+00 -5.00000000e-02
      vertex 1.57113569e+00 2.25705137e+00 -5.00000000e-02
      vertex 2.00000000e+00 2.00000000e+00 -5.00000000e-02
    endloop
  endfacet
  facet normal 0.00000000e+00 0.00000000e+00 -1.00000000e+00
    outer loop
      vertex 1.54800535e+00 2.21377755e+00 -5.00000000e-02
      vertex 1.55903937e+00 2.23569837e+00 -5.00000000e-02
      vertex 2.00000000e+00 2.00000000e+00 -5.00000000e-02
    endloop
  endfacet
  facet normal 0.00000000e+00 0.00000000e+00 -1.00000000e+00
    outer loop
      vertex 1.53806023e+00 2.19134172e+00 -5.00000000e-02
      vertex 1.54800535e+00 2.21377755e+00 -5.00000000e-02
      vertex 2.00000000e+00 2.00000000e+00 -5.00000000e-02
    endloop
  endfacet
  facet normal 0.00000000e+00 0.00000000e+00 -1.00000000e+00
    outer loop
      vertex 1.52922797e+00 2.16844493e+00 -5.00000000e-02
      vertex 1.53806023e+00 2.19134172e+00 -5.00000000e-02
      vertex 2.00000000e+00 2.00000000e+00 -5.00000000e-02
    endloop
  endfacet
  facet normal 0.00000000e+00 0.00000000e+00 -1.00000000e+00
    outer loop
      vertex 1.52152983e+00 2.14514234e+00 -5.00000000e-02
      vertex 1.52922797e+00 2.16844493e+00 -5.00000000e-02
      vertex 2.00000000e+00 2.00000000e+00 -5.00000000e-02
    endloop
  endfacet
  facet normal 0.00000000e+00 0.00000000e+00 -1.00000000e+00
    outer loop
      vertex 1.51498437e+00 2.12149009e+00 -5.00000000e-02
      vertex 1.52152983e+00 2.14514234e+00 -5.00000000e-02
      vertex 2.00000000e+00 2.00000000e+00 -5.00000000e-02
    endloop
  endfacet
  facet normal 0.00000000e+00 0.00000000e+00 -1.00000000e+00
    outer loop
      vertex 1.50960736e+00 2.09754516e+00 -5.00000000e-02
      vertex 1.51498437e+00 2.12149009e+00 -5.00000000e-02
      vertex 2.00000000e+00 2.00000000e+00 -5.00000000e-02
    endloop
  endfacet
  facet normal 0.00000000e+00 0.00000000e+00 -1.00000000e+00
    outer loop
      vertex 1.50541175e+00 2.07336524e+00 -5.00000000e-02
      vertex 1.50960736e+00 2.09754516e+00 -5.00000000e-02
      vertex 2.00000000e+00 2.00000000e+00 -5.00000000e-02
    endloop
  endfacet
  facet normal 0.00000000e+00 0.00000000e+00 -1.00000000e+00
    outer loop
      vertex 1.50240764e+00 2.04900857e+00 -5.00000000e-02
      vertex 1.50541175e+00 2.07336524e+00 -5.00000000e-02
      vertex 2.00000000e+00 2.00000000e+00 -5.00000000e-02
    endloop
  endfacet
  facet normal 0.00000000e+00 0.00000000e+00 -1.00000000e+00
    outer loop
      vertex 1.50060227e+00 2.02453384e+00 -5.00000000e-02
      vertex 1.50240764e+00 2.04900857e+00 -5.00000000e-02
      vertex 2.00000000e+00 2.00000000e+00 -5.00000000e-02
    endloop
  endfacet
  facet normal 0.00000000e+00 0.00000000e+00 -1.00000000e+00
    outer loop
      vertex 1.50000000e+00 2.00000000e+00 -5.00000000e-02
      vertex 1.50060227e+00 2.02453384e+00 -5.00000000e-02
      vertex 2.00000000e+00 2.00000000e+00 -5.00000000e-02
    endloop
  endfacet
  facet normal 0.00000000e+00 0.00000000e+00 -1.00000000e+00
    outer loop
      vertex 1.50060227e+00 1.97546616e+00 -5.00000000e-02
      vertex 1.50000000e+00 2.00000000e+00 -5.00000000e-02
      vertex 2.00000000e+00 2.00000000e+00 -5.00000000e-02
    endloop
  endfacet
  facet normal 0.00000000e+00 0.00000000e+00 -1.00000000e+00
    outer loop
      vertex 1.50240764e+00 1.95099143e+00 -5.00000000e-02
      vertex 1.50060227e+00 1.97546616e+00 -5.00000000e-02
      vertex 2.00000000e+00 2.00000000e+00 -5.00000000e-02
    endloop
  endfacet
  facet normal 0.00000000e+00 0.00000000e+00 -1.00000000e+00
    outer loop
      vertex 1.50541175e+00 1.92663476e+00 -5.00000000e-02
      vertex 1.50240764e+00 1.95099143e+00 -5.00000000e-02
      vertex 2.00000000e+00 2.00000000e+00 -5.00000000e-02
    endloop
  endfacet
  facet normal 0.00000000e+00 0.00000000e+00 -1.00000000e+00
    outer loop
      vertex 1.50960736e+00 1.90245484e+00 -5.00000000e-02
      vertex 1.50541175e+00 1.92663476e+00 -5.00000000e-02
      vertex 2.00000000e+00 2.00000000e+00 -5.00000000e-02
    endloop
  endfacet
  facet normal 0.00000000e+00 0.00000000e+00 -1.00000000e+00
    outer loop
      vertex 1.51498437e+00 1.87850991e+00 -5.00000000e-02
      vertex 1.50960736e+00 1.90245484e+00 -5.00000000e-02
      vertex 2.00000000e+00 2.00000000e+00 -5.00000000e-02
    endloop
  endfacet
  facet normal 0.00000000e+00 0.00000000e+00 -1.00000000e+00
    outer loop
      vertex 1.52152983e+00 1.85485766e+00 -5.00000000e-02
      vertex 1.51498437e+00 1.87850991e+00 -5.00000000e-02
      vertex 2.00000000e+00 2.00000000e+00 -5.00000000e-02
    endloop
  endfacet
  facet normal 0.00000000e+00 0.00000000e+00 -1.00000000e+00
    outer loop
      vertex 1.52922797e+00 1.83155507e+00 -5.00000000e-02
      vertex 1.52152983e+00 1.85485766e+00 -5.00000000e-02
      vertex 2.00000000e+00 2.00000000e+00 -5.00000000e-02
    endloop
  endfacet
  facet normal 0.00000000e+00 0.00000000e+00 -1.00000000e+00
    outer loop
      vertex 1.53806023e+00 1.80865828e+00 -5.00000000e-02
      vertex 1.52922797e+00 1.83155507e+00 -5.00000000e-02
      vertex 2.00000000e+00 2.00000000e+00 -5.00000000e-02
    endloop
  endfacet
  facet normal 0.00000000e+00 0.00000000e+00 -1.00000000e+00
    outer loop
      vertex 1.54800535e+00 1.78622245e+00 -5.00000000e-02
      vertex 1.53806023e+00 1.80865828e+00 -5.00000000e-02
      vertex 2.00000000e+00 2.00000000e+00 -5.00000000e-02
    endloop
  endfacet
  facet normal 0.00000000e+00 0.00000000e+00 -1.00000000e+00
    outer loop
      vertex 1.55903937e+00 1.76430163e+00 -5.00000000e-02
      vertex 1.54800535e+00 1.78622245e+00 -5.00000000e-02
      vertex 2.00000000e+00 2.00000000e+00 -5.00000000e-02
    endloop
  endfacet
  facet normal 0.00000000e+00 0.00000000e+00 -1.00000000e+00
    outer loop
      vertex 1.57113569e+00 1.74294863e+00 -5.00000000e-02
      vertex 1.55903937e+00 1.76430163e+00 -5.00000000e-02
      vertex 2.00000000e+00 2.00000000e+00 -5.00000000e-02
    endloop
  endfacet
  facet normal 0.00000000e+00 0.00000000e+00 -1.00000000e+00
    outer loop
      vertex 1.58426519e+00 1.72221488e+00 -5.00000000e-02
      vertex 1.57113569e+00 1.74294863e+00 -5.00000000e-02
      vertex 2.00000000e+00 2.00000000e+00 -5.00000000e-02
    endloop
  endfacet
  facet normal 0.00000000e+00 0.00000000e+00 -1.00000000e+00
    outer loop
      vertex 1.59839623e+00 1.70215035e+00 -5.00000000e-02
      vertex 1.58426519e+00 1.72221488e+00 -5.00000000e-02
      vertex 2.00000000e+00 2.00000000e+00 -5.00000000e-02
    endloop
  endfacet
  facet normal 0.00000000e+00 0.00000000e+00 -1.00000000e+00
    outer loop
      vertex 1.61349477e+00 1.68280336e+00 -5.00000000e-02
      vertex 1.59839623e+00 1.70215035e+00 -5.00000000e-02
      vertex 2.00000000e+00 2.00000000e+00 -5.00000000e-02
    endloop
  endfacet
  facet normal 0.00000000e+00 0.00000000e+00 -1.00000000e+00
    outer loop
      vertex 1.62952444e+00 1.66422052e+00 -5.00000000e-02
      vertex 1.61349477e+00 1.68280336e+00 -5.00000000e-02
      vertex 2.00000000e+00 2.00000000e+00 -5.00000000e-02
    endloop
  endfacet
  facet normal 0.00000000e+00 0.00000000e+00 -1.00000000e+00
    outer loop
      vertex 1.64644661e+00 1.64644661e+00 -5.00000000e-02
      vertex 1.62952444e+00 1.66422052e+00 -5.00000000e-02
      vertex 2.00000000e+00 2.00000000e+00 -5.00000000e-02
    endloop
  endfacet
  facet normal 0.00000000e+00 0.00000000e+00 -1.00000000e+00
    outer loop
      vertex 1.66422052e+00 1.62952444e+00 -5.00000000e-02
      vertex 1.64644661e+00 1.64644661e+00 -5.00000000e-02
      vertex 2.00000000e+00 2.00000000e+00 -5.00000000e-02
    endloop
  endfacet
  facet normal 0.00000000e+00 0.00000000e+00 -1.00000000e+00
    outer loop
      vertex 1.68280336e+00 1.61349477e+00 -5.00000000e-02
      vertex 1.66422052e+00 1.62952444e+00 -5.00000000e-02
      vertex 2.00000000e+00 2.00000000e+00 -5.00000000e-02
    endloop
  endfacet
  facet normal 0.00000000e+00 0.00000000e+00 -1.00000000e+00
    outer loop
      vertex 1.70215035e+00 1.59839623e+00 -5.00000000e-02
      vertex 1.68280336e+00 1.61349477e+00 -5.00000000e-02
      vertex 2.00000000e+00 2.00000000e+00 -5.00000000e-02
    endloop
  endfacet
  facet normal 0.00000000e+00 0.00000000e+00 -1.00000000e+00
    outer loop
      vertex 1.72221488e+00 1.58426519e+00 -5.00000000e-02
      vertex 1.70215035e+00 1.59839623e+00 -5.00000000e-02
      vertex 2.00000000e+00 2.00000000e+00 -5.00000000e-02
    endloop
  endfacet
  facet normal 0.00000000e+00 0.00000000e+00 -1.00000000e+00
    outer loop
      vertex 1.74294863e+00 1.57113569e+00 -5.00000000e-02
      vertex 1.72221488e+00 1.58426519e+00 -5.00000000e-02
      vertex 2.00000000e+00 2.00000000e+00 -5.00000000e-02
    endloop
  endfacet
  facet normal 0.00000000e+00 0.00000000e+00 -1.00000000e+00
    outer loop
      vertex 1.76430163e+00 1.55903937e+00 -5.00000000e-02
      vertex 1.74294863e+00 1.57113569e+00 -5.00000000e-02
      vertex 2.00000000e+00 2.00000000e+00 -5.00000000e-02
    endloop
  endfacet
  facet normal 0.00000000e+00 0.00000000e+00 -1.00000000e+00
    outer loop
      vertex 1.78622245e+00 1.54800535e+00 -5.00000000e-02
      vertex 1.76430163e+00 1.55903937e+00 -5.00000000e-02
      vertex 2.00000000e+00 2.00000000e+00 -5.00000000e-02
    endloop
  endfacet
  facet normal 0.00000000e+00 0.00000000e+00 -1.00000000e+00
    outer loop
      vertex 1.80865828e+00 1.53806023e+00 -5.00000000e-02
      vertex 1.78622245e+00 1.54800535e+00 -5.00000000e-02
      vertex 2.00000000e+00 2.00000000e+00 -5.00000000e-02
    endloop
  endfacet
  facet normal 0.00000000e+00 0.00000000e+00 -1.00000000e+00
    outer loop
      vertex 1.83155507e+00 1.52922797e+00 -5.00000000e-02
      vertex 1.80865828e+00 1.53806023e+00 -5.00000000e-02
      vertex 2.00000000e+00 2.00000000e+00 -5.00000000e-02
    endloop
  endfacet
  facet normal 0.00000000e+00 0.00000000e+00 -1.00000000e+00
    outer loop
      vertex 1.85485766e+00 1.52152983e+00 -5.00000000e-02
      vertex 1.83155507e+00 1.52922797e+00 -5.00000000e-02
      vertex 2.00000000e+00 2.00000000e+00 -5.00000000e-02
    endloop
  endfacet
  facet normal 0.00000000e+00 0.00000000e+00 -1.00000000e+00
    outer loop
      vertex 1.87850991e+00 1.51498437e+00 -5.00000000e-02
      vertex 1.85485766e+00 1.52152983e+00 -5.00000000e-02
      vertex 2.00000000e+00 2.00000000e+00 -5.00000000e-02
    endloop
  endfacet
  facet normal 0.00000000e+00 0.00000000e+00 -1.00000000e+00
    outer loop
      vertex 1.90245484e+00 1.50960736e+00 -5.00000000e-02
      vertex 1.87850991e+00 1.51498437e+00 -5.00000000e-02
      vertex 2.00000000e+00 2.00000000e+00 -5.00000000e-02
    endloop
  endfacet
  facet normal 0.00000000e+00 0.00000000e+00 -1.00000000e+00
    outer loop
      vertex 1.92663476e+00 1.50541175e+00 -5.00000000e-02
      vertex 1.90245484e+00 1.50960736e+00 -5.00000000e-02
      vertex 2.00000000e+00 2.00000000e+00 -5.00000000e-02
    endloop
  endfacet
  facet normal 0.00000000e+00 0.00000000e+00 -1.00000000e+00
    outer loop
      vertex 1.95099143e+00 1.50240764e+00 -5.00000000e-02
      vertex 1.92663476e+00 1.50541175e+00 -5.00000000e-02
      vertex 2.00000000e+00 2.00000000e+00 -5.00000000e-02
    endloop
  endfacet
  facet normal 0.00000000e+00 0.00000000e+00 -1.00000000e+00
    outer loop
      vertex 1.97546616e+00 1.50060227e+00 -5.00000000e-02
      vertex 1.95099143e+00 1.50240764e+00 -5.00000000e-02
      vertex 2.00000000e+00 2.00000000e+00 -5.00000000e-02
    endloop
  endfacet
  facet normal 0.00000000e+00 0.00000000e+00 -1.00000000e+00
    outer loop
      vertex 2.00000000e+00 1.50000000e+00 -5.00000000e-02
      vertex 1.97546616e+00 1.50060227e+00 -5.00000000e-02
      vertex 2.00000000e+00 2.00000000e+00 -5.00000000e-02
    endloop
  endfacet
  facet normal -0.00000000e+00 0.00000000e+00 -1.00000000e+00
    outer loop
      vertex 2.02453384e+00 1.50060227e+00 -5.00000000e-02
      vertex 2.00000000e+00 1.50000000e+00 -5.00000000e-02
      vertex 2.00000000e+00 2.00000000e+00 -5.00000000e-02
    endloop
  endfacet
  facet normal -0.00000000e+00 0.00000000e+00 -1.00000000e+00
    outer loop
      vertex 2.04900857e+00 1.50240764e+00 -5.00000000e-02
      vertex 2.02453384e+00 1.50060227e+00 -5.00000000e-02
      vertex 2.00000000e+00 2.00000000e+00 -5.00000000e-02
    endloop
  endfacet
  facet normal -0.00000000e+00 0.00000000e+00 -1.00000000e+00
    outer loop
      vertex 2.07336524e+00 1.50541175e+00 -5.00000000e-02
      vertex 2.04900857e+00 1.50240764e+00 -5.00000000e-02
      vertex 2.00000000e+00 2.00000000e+00 -5.00000000e-02
    endloop
  endfacet
  facet normal -0.00000000e+00 0.00000000e+00 -1.00000000e+00
    outer loop
      vertex 2.09754516e+00 1.50960736e+00 -5.00000000e-02
      vertex 2.07336524e+00 1.50541175e+00 -5.00000000e-02
      vertex 2.00000000e+00 2.00000000e+00 -5.00000000e-02
    endloop
  endfacet
  facet normal -0.00000000e+00 0.00000000e+00 -1.00000000e+00
    outer loop
      vertex 2.12149009e+00 1.51498437e+00 -5.00000000e-02
      vertex 2.09754516e+00 1.50960736e+00 -5.00000000e-02
      vertex 2.00000000e+00 2.00000000e+00 -5.00000000e-02
    endloop
  endfacet
  facet normal -0.00000000e+00 0.00000000e+00 -1.00000000e+00
    outer loop
      vertex 2.14514234e+00 1.52152983e+00 -5.00000000e-02
      vertex 2.12149009e+00 1.51498437e+00 -5.00000000e-02
      vertex 2.00000000e+00 2.00000000e+00 -5.00000000e-02
    endloop
  endfacet
  facet normal -0.00000000e+00 0.00000000e+00 -1.00000000e+00
    outer loop
      vertex 2.16844493e+00 1.52922797e+00 -5.00000000e-02
      vertex 2.14514234e+00 1.52152983e+00 -5.00000000e-02
      vertex 2.00000000e+00 2.00000000e+00 -5.00000000e-02
    endloop
  endfacet
  facet normal -0.00000000e+00 0.00000000e+00 -1.00000000e+00
    outer loop
      vertex 2.19134172e+00 1.53806023e+00 -5.00000000e-02
      vertex 2.16844493e+00 1.52922797e+00 -5.00000000e-02
      vertex 2.00000000e+00 2.00000000e+00 -5.00000000e-02
    endloop
  endfacet
  facet normal -0.00000000e+00 0.00000000e+00 -1.00000000e+00
    outer loop
      vertex 2.21377755e+00 1.54800535e+00 -5.00000000e-02
      vertex 2.19134172e+00 1.53806023e+00 -5.00000000e-02
      vertex 2.00000000e+00 2.00000000e+00 -5.00000000e-02
    endloop
  endfacet
  facet normal -0.00000000e+00 0.00000000e+00 -1.00000000e+00
    outer loop
      vertex 2.23569837e+00 1.55903937e+00 -5.00000000e-02
      vertex 2.21377755e+00 1.54800535e+00 -5.00000000e-02
      vertex 2.00000000e+00 2.00000000e+00 -5.00000000e-02
    endloop
  endfacet
  facet normal -0.00000000e+00 0.00000000e+00 -1.00000000e+00
    outer loop
      vertex 2.25705137e+00 1.57113569e+00 -5.00000000e-02
      vertex 2.23569837e+00 1.55903937e+00 -5.00000000e-02
      vertex 2.00000000e+00 2.00000000e+00 -5.00000000e-02
    endloop
  endfacet
  facet normal -0.00000000e+00 0.00000000e+00 -1.00000000e+00
    outer loop
      vertex 2.27778512e+00 1.58426519e+00 -5.00000000e-02
      vertex 2.25705137e+00 1.57113569e+00 -5.00000000e-02
      vertex 2.00000000e+00 2.00000000e+00 -5.00000000e-02
    endloop
  endfacet
  facet normal -0.00000000e+00 0.00000000e+00 -1.00000000e+00
    outer loop
      vertex 2.29784965e+00 1.59839623e+00 -5.00000000e-02
      vertex 2.27778512e+00 1.58426519e+00 -5.00000000e-02
      vertex 2.00000000e+00 2.00000000e+00 -5.00000000e-02
    endloop
  endfacet
  facet normal -0.00000000e+00 0.00000000e+00 -1.00000000e+00
    outer loop
      vertex 2.31719664e+00 1.61349477e+00 -5.00000000e-02
      vertex 2.29784965e+00 1.59839623e+00 -5.00000000e-02
      vertex 2.00000000e+00 2.00000000e+00 -5.00000000e-02
    endloop
  endfacet
  facet normal -0.00000000e+00 0.00000000e+00 -1.00000000e+00
    outer loop
      vertex 2.33577948e+00 1.62952444e+00 -5.00000000e-02
      vertex 2.31719664e+00 1.61349477e+00 -5.00000000e-02
      vertex 2.00000000e+00 2.00000000e+00 -5.00000000e-02
    endloop
  endfacet
  facet normal -0.00000000e+00 0.00000000e+00 -1.00000000e+00
    outer loop
      vertex 2.35355339e+00 1.64644661e+00 -5.00000000e-02
      vertex 2.33577948e+00 1.62952444e+00 -5.00000000e-02
      vertex 2.00000000e+00 2.00000000e+00 -5.00000000e-02
    endloop
  endfacet
  facet normal -0.00000000e+00 0.00000000e+00 -1.00000000e+00
    outer loop
      vertex 2.37047556e+00 1.66422052e+00 -5.00000000e-02
      vertex 2.35355339e+00 1.64644661e+00 -5.00000000e-02
      vertex 2.00000000e+00 2.00000000e+00 -5.00000000e-02
    endloop
  endfacet
  facet normal -0.00000000e+00 0.00000000e+00 -1.00000000e+00
    outer loop
      vertex 2.38650523e+00 1.68280336e+00 -5.00000000e-02
      vertex 2.37047556e+00 1.66422052e+00 -5.00000000e-02
      vertex 2.00000000e+00 2.00000000e+00 -5.00000000e-02
    endloop
  endfacet
  facet normal -0.00000000e+00 0.00000000e+00 -1.00000000e+00
    outer loop
      vertex 2.40160377e+00 1.70215035e+00 -5.00000000e-02
      vertex 2.38650523e+00 1.68280336e+00 -5.00000000e-02
      vertex 2.00000000e+00 2.00000000e+00 -5.00000000e-02
    endloop
  endfacet
  facet normal -0.00000000e+00 0.00000000e+00 -1.00000000e+00
    outer loop
      vertex 2.41573481e+00 1.72221488e+00 -5.00000000e-02
      vertex 2.40160377e+00 1.70215035e+00 -5.00000000e-02
      vertex 2.00000000e+00 2.00000000e+00 -5.00000000e-02
    endloop
  endfacet
  facet normal -0.00000000e+00 0.00000000e+00 -1.00000000e+00
    outer loop
      vertex 2.42886431e+00 1.74294863e+00 -5.00000000e-02
      vertex 2.41573481e+00 1.72221488e+00 -5.00000000e-02
      vertex 2.00000000e+00 2.00000000e+00 -5.00000000e-02
    endloop
  endfacet
  facet normal -0.00000000e+00 0.00000000e+00 -1.00000000e+00
    outer loop
      vertex 2.44096063e+00 1.76430163e+00 -5.00000000e-02
      vertex 2.42886431e+00 1.74294863e+00 -5.00000000e-02
      vertex 2.00000000e+00 2.00000000e+00 -5.00000000e-02
    endloop
  endfacet
  facet normal -0.00000000e+00 0.00000000e+00 -1.00000000e+00
    outer loop
      vertex 2.45199465e+00 1.78622245e+00 -5.00000000e-02
      vertex 2.44096063e+00 1.76430163e+00 -5.00000000e-02
      vertex 2.00000000e+00 2.00000000e+00 -5.00000000e-02
    endloop
  endfacet
  facet normal -0.00000000e+00 0.00000000e+00 -1.00000000e+00
    outer loop
      vertex 2.46193977e+00 1.80865828e+00 -5.00000000e-02
      vertex 2.45199465e+00 1.78622245e+00 -5.00000000e-02
      vertex 2.00000000e+00 2.00000000e+00 -5.00000000e-02
    endloop
  endfacet
  facet normal -0.00000000e+00 0.00000000e+00 -1.00000000e+00
    outer loop
      vertex 2.47077203e+00 1.83155507e+00 -5.00000000e-02
      vertex 2.46193977e+00 1.80865828e+00 -5.00000000e-02
      vertex 2.00000000e+00 2.00000000e+00 -5.00000000e-02
    endloop
  endfacet
  facet normal -0.00000000e+00 0.00000000e+00 -1.00000000e+00
    outer loop
      vertex 2.47847017e+00 1.85485766e+00 -5.00000000e-02
      vertex 2.47077203e+00 1.83155507e+00 -5.00000000e-02
      vertex 2.00000000e+00 2.00000000e+00 -5.00000000e-02
    endloop
  endfacet
  facet normal -0.00000000e+00 0.00000000e+00 -1.00000000e+00
    outer loop
      vertex 2.48501563e+00 1.87850991e+00 -5.00000000e-02
      vertex 2.47847017e+00 1.85485766e+00 -5.00000000e-02
      vertex 2.00000000e+00 2.00000000e+00 -5.00000000e-02
    endloop
  endfacet
  facet normal -0.00000000e+00 0.00000000e+00 -1.00000000e+00
    outer loop
      vertex 2.49039264e+00 1.90245484e+00 -5.00000000e-02
      vertex 2.48501563e+00 1.87850991e+00 -5.00000000e-02
      vertex 2.00000000e+00 2.00000000e+00 -5.00000000e-02
    endloop
  endfacet
  facet normal -0.00000000e+00 0.00000000e+00 -1.00000000e+00
    outer loop
      vertex 2.49458825e+00 1.92663476e+00 -5.00000000e-02
      vertex 2.49039264e+00 1.90245484e+00 -5.00000000e-02
      vertex 2.00000000e+00 2.00000000e+00 -5.00000000e-02
    endloop
  endfacet
  facet normal -0.00000000e+00 0.00000000e+00 -1.00000000e+00
    outer loop
      vertex 2.49759236e+00 1.95099143e+00 -5.00000000e-02
      vertex 2.49458825e+00 1.92663476e+00 -5.00000000e-02
      vertex 2.00000000e+00 2.00000000e+00 -5.00000000e-02
    endloop
  endfacet
  facet normal -0.00000000e+00 0.00000000e+00 -1.00000000e+00
    outer loop
      vertex 2.49939773e+00 1.97546616e+00 -5.00000000e-02
      vertex 2.49759236e+00 1.95099143e+00 -5.00000000e-02
      vertex 2.00000000e+00 2.00000000e+00 -5.00000000e-02
    endloop
  endfacet
  facet normal -0.00000000e+00 0.00000000e+00 -1.00000000e+00
    outer loop
      vertex 2.50000000e+00 2.00000000e+00 -5.00000000e-02
      vertex 2.49939773e+00 1.97546616e+00 -5.00000000e-02
      vertex 2.00000000e+00 2.00000000e+00 -5.00000000e-02
    endloop
  endfacet
  facet normal 0.00000000e+00 0.00000000e+00 1.00000000e+00
    outer loop
      vertex 2.50000000e+00 2.00000000e+00 5.00000000e-02
      vertex 2.49939773e+00 2.02453384e+00 5.00000000e-02
      vertex 2.00000000e+00 2.00000000e+00 5.00000000e-02
    endloop
  endfacet
  facet normal 0.00000000e+00 0.00000000e+00 1.00000000e+00
    outer loop
      vertex 2.49939773e+00 2.02453384e+00 5.00000000e-02
      vertex 2.49759236e+00 2.04900857e+00 5.00000000e-02
      vertex 2.00000000e+00 2.00000000e+00 5.00000000e-02
    endloop
  endfacet
  facet normal 0.00000000e+00 0.00000000e+00 1.00000000e+00
    outer loop
      vertex 2.49759236e+00 2.04900857e+00 5.00000000e-02
      vertex 2.49458825e+00 2.07336524e+00 5.00000000e-02
      vertex 2.00000000e+00 2.00000000e+00 5.00000000e-02
    endloop
  endfacet
  facet normal 0.00000000e+00 0.00000000e+00 1.00000000e+00
    outer loop
      vertex 2.49458825e+00 2.07336524e+00 5.00000000e-02
      vertex 2.49039264e+00 2.09754516e+00 5.00000000e-02
      vertex 2.00000000e+00 2.00000000e+00 5.00000000e-02
    endloop
  endfacet
  facet normal 0.00000000e+00 0.00000000e+00 1.00000000e+00
    outer loop
      vertex 2.49039264e+00 2.09754516e+00 5.00000000e-02
      vertex 2.48501563e+00 2.12149009e+00 5.00000000e-02
      vertex 2.00000000e+00 2.00000000e+00 5.00000000e-02
    endloop
  endfacet
  facet normal 0.00000000e+00 0.00000000e+00 1.00000000e+00
    outer loop
      vertex 2.48501563e+00 2.12149009e+00 5.00000000e-02
      vertex 2.47847017e+00 2.14514234e+00 5.00000000e-02
      vertex 2.00000000e+00 2.00000000e+00 5.00000000e-02
    endloop
  endfacet
  facet normal 0.00000000e+00 0.00000000e+00 1.00000000e+00
    outer loop
      vertex 2.47847017e+00 2.14514234e+00 5.00000000e-02
      vertex 2.47077203e+00 2.16844493e+00 5.00000000e-02
      vertex 2.00000000e+00 2.00000000e+00 5.00000000e-02
    endloop
  endfacet
  facet normal 0.00000000e+00 0.00000000e+00 1.00000000e+00
    outer loop
      vertex 2.47077203e+00 2.16844493e+00 5.00000000e-02
      vertex 2.46193977e+00 2.19134172e+00 5.00000000e-02
      vertex 2.00000000e+00 2.00000000e+00 5.00000000e-02
    endloop
  endfacet
  facet normal 0.00000000e+00 0.00000000e+00 1.00000000e+00
    outer loop
      vertex 2.46193977e+00 2.19134172e+00 5.00000000e-02
      vertex 2.45199465e+00 2.21377755e+00 5.00000000e-02
      vertex 2.00000000e+00 2.00000000e+00 5.00000000e-02
    endloop
  endfacet
  facet normal 0.00000000e+00 0.00000000e+00 1.00000000e+00
    outer loop
      vertex 2.45199465e+00 2.21377755e+00 5.00000000e-02
      vertex 2.44096063e+00 2.23569837e+00 5.00000000e-02
      vertex 2.00000000e+00 2.00000000e+00 5.00000000e-02
    endloop
  endfacet
  facet normal 0.00000000e+00 0.00000000e+00 1.00000000e+00
    outer loop
      vertex 2.44096063e+00 2.23569837e+00 5.00000000e-02
      vertex 2.42886431e+00 2.25705137e+00 5.00000000e-02
      vertex 2.00000000e+00 2.00000000e+00 5.00000000e-02
    endloop
  endfacet
  facet normal 0.00000000e+00 0.00000000e+00 1.00000000e+00
    outer loop
      vertex 2.42886431e+00 2.25705137e+00 5.00000000e-02
      vertex 2.41573481e+00 2.27778512e+00 5.00000000e-02
      vertex 2.00000000e+00 2.00000000e+00 5.00000000e-02
    endloop
  endfacet
  facet normal 0.00000000e+00 0.00000000e+00 1.00000000e+00
    outer loop
      vertex 2.41573481e+00 2.27778512e+00 5.00000000e-02
      vertex 2.40160377e+00 2.29784965e+00 5.00000000e-02
      vertex 2.00000000e+00 2.00000000e+00 5.00000000e-02
    endloop
  endfacet
  facet normal 0.00000000e+00 0.00000000e+00 1.00000000e+00
    outer loop
      vertex 2.40160377e+00 2.29784965e+00 5.00000000e-02
      vertex 2.38650523e+00 2.31719664e+00 5.00000000e-02
      vertex 2.00000000e+00 2.00000000e+00 5.00000000e-02
    endloop
  endfacet
  facet normal 0.00000000e+00 0.00000000e+00 1.00000000e+00
    outer loop
      vertex 2.38650523e+00 2.31719664e+00 5.00000000e-02
      vertex 2.37047556e+00 2.33577948e+00 5.00000000e-02
      vertex 2.00000000e+00 2.00000000e+00 5.00000000e-02
    endloop
  endfacet
  facet normal 0.00000000e+00 0.00000000e+00 1.00000000e+00
    outer loop
      vertex 2.37047556e+00 2.33577948e+00 5.00000000e-02
      vertex 2.35355339e+00 2.35355339e+00 5.00000000e-02
      vertex 2.00000000e+00 2.00000000e+00 5.00000000e-02
    endloop
  endfacet
  facet normal 0.00000000e+00 0.00000000e+00 1.00000000e+00
    outer loop
      vertex 2.35355339e+00 2.35355339e+00 5.00000000e-02
      vertex 2.33577948e+00 2.37047556e+00 5.00000000e-02
      vertex 2.00000000e+00 2.00000000e+00 5.00000000e-02
    endloop
  endfacet
  facet normal 0.00000000e+00 0.00000000e+00 1.00000000e+00
    outer loop
      vertex 2.33577948e+00 2.37047556e+00 5.00000000e-02
      vertex 2.31719664e+00 2.38650523e+00 5.00000000e-02
      vertex 2.00000000e+00 2.00000000e+00 5.00000000e-02
    endloop
  endfacet
  facet normal 0.00000000e+00 0.00000000e+00 1.00000000e+00
    outer loop
      vertex 2.31719664e+00 2.38650523e+00 5.00000000e-02
      vertex 2.29784965e+00 2.40160377e+00 5.00000000e-02
      vertex 2.00000000e+00 2.00000000e+00 5.00000000e-02
    endloop
  endfacet
  facet normal 0.00000000e+00 0.00000000e+00 1.00000000e+00
    outer loop
      vertex 2.29784965e+00 2.40160377e+00 5.00000000e-02
      vertex 2.27778512e+00 2.41573481e+00 5.00000000e-02
      vertex 2.00000000e+00 2.00000000e+00 5.00000000e-02
    endloop
  endfacet
  facet normal 0.00000000e+00 0.00000000e+00 1.00000000e+00
    outer loop
      vertex 2.27778512e+00 2.41573481e+00 5.00000000e-02
      vertex 2.25705137e+00 2.42886431e+00 5.00000000e-02
      vertex 2.00000000e+00 2.00000000e+00 5.00000000e-02
    endloop
  endfacet
  facet normal 0.00000000e+00 0.00000000e+00 1.00000000e+00
    outer loop
      vertex 2.25705137e+00 2.42886431e+00 5.00000000e-02
      vertex 2.23569837e+00 2.44096063e+00 5.00000000e-02
      vertex 2.00000000e+00 2.00000000e+00 5.00000000e-02
    endloop
  endfacet
  facet normal 0.00000000e+00 0.00000000e+00 1.00000000e+00
    outer loop
      vertex 2.23569837e+00 2.44096063e+00 5.00000000e-02
      vertex 2.21377755e+00 2.45199465e+00 5.00000000e-02
      vertex 2.00000000e+00 2.00000000e+00 5.00000000e-02
    endloop
  endfacet
  facet normal 0.00000000e+00 0.00000000e+00 1.00000000e+00
    outer loop
      vertex 2.21377755e+00 2.45199465e+00 5.00000000e-02
      vertex 2.19134172e+00 2.46193977e+00 5.00000000e-02
      vertex 2.00000000e+00 2.00000000e+00 5.00000000e-02
    endloop
  endfacet
  facet normal 0.00000000e+00 0.00000000e+00 1.00000000e+00
    outer loop
      vertex 2.19134172e+00 2.46193977e+00 5.00000000e-02
      vertex 2.16844493e+00 2.47077203e+00 5.00000000e-02
      vertex 2.00000000e+00 2.00000000e+00 5.00000000e-02
    endloop
  endfacet
  facet normal 0.00000000e+00 0.00000000e+00 1.00000000e+00
    outer loop
      vertex 2.16844493e+00 2.47077203e+00 5.00000000e-02
      vertex 2.14514234e+00 2.47847017e+00 5.00000000e-02
      vertex 2.00000000e+00 2.00000000e+00 5.00000000e-02
    endloop
  endfacet
  facet normal 0.00000000e+00 0.00000000e+00 1.00000000e+00
    outer loop
      vertex 2.14514234e+00 2.47847017e+00 5.00000000e-02
      vertex 2.12149009e+00 2.48501563e+00 5.00000000e-02
      vertex 2.00000000e+00 2.00000000e+00 5.00000000e-02
    endloop
  endfacet
  facet normal 0.00000000e+00 0.00000000e+00 1.00000000e+00
    outer loop
      vertex 2.12149009e+00 2.48501563e+00 5.00000000e-02
      vertex 2.09754516e+00 2.49039264e+00 5.00000000e-02
      vertex 2.00000000e+00 2.00000000e+00 5.00000000e-02
    endloop
  endfacet
  facet normal 0.00000000e+00 0.00000000e+00 1.00000000e+00
    outer loop
      vertex 2.09754516e+00 2.49039264e+00 5.00000000e-02
      vertex 2.07336524e+00 2.49458825e+00 5.00000000e-02
      vertex 2.00000000e+00 2.00000000e+00 5.00000000e-02
    endloop
  endfacet
  facet normal 0.00000000e+00 0.00000000e+00 1.00000000e+00
    outer loop
      vertex 2.07336524e+00 2.49458825e+00 5.00000000e-02
      vertex 2.04900857e+00 2.49759236e+00 5.00000000e-02
      vertex 2.00000000e+00 2.00000000e+00 5.00000000e-02
    endloop
  endfacet
  facet normal 0.00000000e+00 0.00000000e+00 1.00000000e+00
    outer loop
      vertex 2.04900857e+00 2.49759236e+00 5.00000000e-02
      vertex 2.02453384e+00 2.49939773e+00 5.00000000e-02
      vertex 2.00000000e+00 2.00000000e+00 5.00000000e-02
    endloop
  endfacet
  facet normal 0.00000000e+00 0.00000000e+00 1.00000000e+00
    outer loop
      vertex 2.02453384e+00 2.49939773e+00 5.00000000e-02
      vertex 2.00000000e+00 2.50000000e+00 5.00000000e-02
      vertex 2.00000000e+00 2.00000000e+00 5.00000000e-02
    endloop
  endfacet
  facet normal 0.00000000e+00 0.00000000e+00 1.00000000e+00
    outer loop
      vertex 2.00000000e+00 2.50000000e+00 5.00000000e-02
      vertex 1.97546616e+00 2.49939773e+00 5.00000000e-02
      vertex 2.00000000e+00 2.00000000e+00 5.00000000e-02
    endloop
  endfacet
  facet normal 0.00000000e+00 0.00000000e+00 1.00000000e+00
    outer loop
      vertex 1.97546616e+00 2.49939773e+00 5.00000000e-02
      vertex 1.95099143e+00 2.49759236e+00 5.00000000e-02
      vertex 2.00000000e+00 2.00000000e+00 5.00000000e-02
    endloop
  endfacet
  facet normal 0.00000000e+00 0.00000000e+00 1.00000000e+00
    outer loop
      vertex 1.95099143e+00 2.49759236e+00 5.00000000e-02
      vertex 1.92663476e+00 2.49458825e+00 5.00000000e-02
      vertex 2.00000000e+00 2.00000000e+00 5.00000000e-02
    endloop
  endfacet
  facet normal 0.00000000e+00 0.00000000e+00 1.00000000e+00
    outer loop
      vertex 1.92663476e+00 2.49458825e+00 5.00000000e-02
      vertex 1.90245484e+00 2.49039264e+00 5.00000000e-02
      vertex 2.00000000e+00 2.00000000e+00 5.00000000e-02
    endloop
  endfacet
  facet normal 0.00000000e+00 0.00000000e+00 1.00000000e+00
    outer loop
      vertex 1.90245484e+00 2.49039264e+00 5.00000000e-02
      vertex 1.87850991e+00 2.48501563e+00 5.00000000e-02
      vertex 2.00000000e+00 2.00000000e+00 5.00000000e-02
    endloop
  endfacet
  facet normal 0.00000000e+00 0.00000000e+00 1.00000000e+00
    outer loop
      vertex 1.87850991e+00 2.48501563e+00 5.00000000e-02
      vertex 1.85485766e+00 2.47847017e+00 5.00000000e-02
      vertex 2.00000000e+00 2.00000000e+00 5.00000000e-02
    endloop
  endfacet
  facet normal 0.00000000e+00 0.00000000e+00 1.00000000e+00
    outer loop
      vertex 1.85485766e+00 2.47847017e+00 5.00000000e-02
      vertex 1.83155507e+00 2.47077203e+00 5.00000000e-02
      vertex 2.00000000e+00 2.00000000e+00 5.00000000e-02
    endloop
  endfacet
  facet normal 0.00000000e+00 0.00000000e+00 1.00000000e+00
    outer loop
      vertex 1.83155507e+00 2.47077203e+00 5.00000000e-02
      vertex 1.80865828e+00 2.46193977e+00 5.00000000e-02
      vertex 2.00000000e+00 2.00000000e+00 5.00000000e-02
    endloop
  endfacet
  facet normal 0.00000000e+00 0.00000000e+00 1.00000000e+00
    outer loop
      vertex 1.80865828e+00 2.46193977e+00 5.00000000e-02
      vertex 1.78622245e+00 2.45199465e+00 5.00000000e-02
      vertex 2.00000000e+00 2.00000000e+00 5.00000000e-02
    endloop
  endfacet
  facet normal 0.00000000e+00 0.00000000e+00 1.00000000e+00
    outer loop
      vertex 1.78622245e+00 2.45199465e+00 5.00000000e-02
      vertex 1.76430163e+00 2.44096063e+00 5.00000000e-02
      vertex 2.00000000e+00 2.00000000e+00 5.00000000e-02
    endloop
  endfacet
  facet normal 0.00000000e+00 0.00000000e+00 1.00000000e+00
    outer loop
      vertex 1.76430163e+00 2.44096063e+00 5.00000000e-02
      vertex 1.74294863e+00 2.42886431e+00 5.00000000e-02
      vertex 2.00000000e+00 2.00000000e+00 5.00000000e-02
    endloop
  endfacet
  facet normal 0.00000000e+00 0.00000000e+00 1.00000000e+00
    outer loop
      vertex 1.74294863e+00 2.42886431e+00 5.00000000e-02
      vertex 1.72221488e+00 2.41573481e+00 5.00000000e-02
      vertex 2.00000000e+00 2.00000000e+00 5.00000000e-02
    endloop
  endfacet
  facet normal 0.00000000e+00 0.00000000e+00 1.00000000e+00
    outer loop
      vertex 1.72221488e+00 2.41573481e+00 5.00000000e-02
      vertex 1.70215035e+00 2.40160377e+00 5.00000000e-02
      vertex 2.00000000e+00 2.00000000e+00 5.00000000e-02
    endloop
  endfacet
  facet normal 0.00000000e+00 0.00000000e+00 1.00000000e+00
    outer loop
      vertex 1.70215035e+00 2.40160377e+00 5.00000000e-02
      vertex 1.68280336e+00 2.38650523e+00 5.00000000e-02
      vertex 2.00000000e+00 2.00000000e+00 5.00000000e-02
    endloop
  endfacet
  facet normal 0.00000000e+00 0.00000000e+00 1.00000000e+00
    outer loop
      vertex 1.68280336e+00 2.38650523e+00 5.00000000e-02
      vertex 1.66422052e+00 2.37047556e+00 5.00000000e-02
      vertex 2.00000000e+00 2.00000000e+00 5.00000000e-02
    endloop
  endfacet
  facet normal 0.00000000e+00 0.00000000e+00 1.00000000e+00
    outer loop
      vertex 1.66422052e+00 2.37047556e+00 5.00000000e-02
      vertex 1.64644661e+00 2.35355339e+00 5.00000000e-02
      vertex 2.00000000e+00 2.00000000e+00 5.00000000e-02
    endloop
  endfacet
  facet normal 0.00000000e+00 0.00000000e+00 1.00000000e+00
    outer loop
      vertex 1.64644661e+00 2.35355339e+00 5.00000000e-02
      vertex 1.62952444e+00 2.33577948e+00 5.00000000e-02
      vertex 2.00000000e+00 2.00000000e+00 5.00000000e-02
    endloop
  endfacet
  facet normal 0.00000000e+00 0.00000000e+00 1.00000000e+00
    outer loop
      vertex 1.62952444e+00 2.33577948e+00 5.00000000e-02
      vertex 1.61349477e+00 2.31719664e+00 5.00000000e-02
      vertex 2.00000000e+00 2.00000000e+00 5.00000000e-02
    endloop
  endfacet
  facet normal 0.00000000e+00 0.00000000e+00 1.00000000e+00
    outer loop
      vertex 1.61349477e+00 2.31719664e+00 5.00000000e-02
      vertex 1.59839623e+00 2.29784965e+00 5.00000000e-02
      vertex 2.00000000e+00 2.00000000e+00 5.00000000e-02
    endloop
  endfacet
  facet normal 0.00000000e+00 0.00000000e+00 1.00000000e+00
    outer loop
      vertex 1.59839623e+00 2.29784965e+00 5.00000000e-02
      vertex 1.58426519e+00 2.27778512e+00 5.00000000e-02
      vertex 2.00000000e+00 2.00000000e+00 5.00000000e-02
    endloop
  endfacet
  facet normal 0.00000000e+00 0.00000000e+00 1.00000000e+00
    outer loop
      vertex 1.58426519e+00 2.27778512e+00 5.00000000e-02
      vertex 1.57113569e+00 2.25705137e+00 5.00000000e-02
      vertex 2.00000000e+00 2.00000000e+00 5.00000000e-02
    endloop
  endfacet
  facet normal 0.00000000e+00 0.00000000e+00 1.00000000e+00
    outer loop
      vertex 1.57113569e+00 2.25705137e+00 5.00000000e-02
      vertex 1.55903937e+00 2.23569837e+00 5.00000000e-02
      vertex 2.00000000e+00 2.00000000e+00 5.00000000e-02
    endloop
  endfacet
  facet normal 0.00000000e+00 0.00000000e+00 1.00000000e+00
    outer loop
      vertex 1.55903937e+00 2.23569837e+00 5.00000000e-02
      vertex 1.54800535e+00 2.21377755e+00 5.00000000e-02
      vertex 2.00000000e+00 2.00000000e+00 5.00000000e-02
    endloop
  endfacet
  facet normal 0.00000000e+00 0.00000000e+00 1.00000000e+00
    outer loop
      vertex 1.54800535e+00 2.21377755e+00 5.00000000e-02
      vertex 1.53806023e+00 2.19134172e+00 5.00000000e-02
      vertex 2.00000000e+00 2.00000000e+00 5.00000000e-02
    endloop
  endfacet
  facet normal 0.00000000e+00 0.00000000e+00 1.00000000e+00
    outer loop
      vertex 1.53806023e+00 2.19134172e+00 5.00000000e-02
      vertex 1.52922797e+00 2.16844493e+00 5.00000000e-02
      vertex 2.00000000e+00 2.00000000e+00 5.00000000e-02
    endloop
  endfacet
  facet normal 0.00000000e+00 0.00000000e+00 1.00000000e+00
    outer loop
      vertex 1.52922797e+00 2.16844493e+00 5.00000000e-02
      vertex 1.52152983e+00 2.14514234e+00 5.00000000e-02
      vertex 2.00000000e+00 2.00000000e+00 5.00000000e-02
    endloop
  endfacet
  facet normal 0.00000000e+00 0.00000000e+00 1.00000000e+00
    outer loop
      vertex 1.52152983e+00 2.14514234e+00 5.00000000e-02
      vertex 1.51498437e+00 2.12149009e+00 5.00000000e-02
      vertex 2.00000000e+00 2.00000000e+00 5.00000000e-02
    endloop
  endfacet
  facet normal 0.00000000e+00 0.00000000e+00 1.00000000e+00
    outer loop
      vertex 1.51498437e+00 2.12149009e+00 5.00000000e-02
      vertex 1.50960736e+00 2.09754516e+00 5.00000000e-02
      vertex 2.00000000e+00 2.00000000e+00 5.00000000e-02
    endloop
  endfacet
  facet normal 0.00000000e+00 0.00000000e+00 1.00000000e+00
    outer loop
      vertex 1.50960736e+00 2.09754516e+00 5.00000000e-02
      vertex 1.50541175e+00 2.07336524e+00 5.00000000e-02
      vertex 2.00000000e+00 2.00000000e+00 5.00000000e-02
    endloop
  endfacet
  facet normal 0.00000000e+00 0.00000000e+00 1.00000000e+00
    outer loop
      vertex 1.50541175e+00 2.07336524e+00 5.00000000e-02
      vertex 1.50240764e+00 2.04900857e+00 5.00000000e-02
      vertex 2.00000000e+00 2.00000000e+00 5.00000000e-02
    endloop
  endfacet
  facet normal 0.00000000e+00 0.00000000e+00 1.00000000e+00
    outer loop
      vertex 1.50240764e+00 2.04900857e+00 5.00000000e-02
      vertex 1.50060227e+00 2.02453384e+00 5.00000000e-02
      vertex 2.00000000e+00 2.00000000e+00 5.00000000e-02
    endloop
  endfacet
  facet normal 0.00000000e+00 0.00000000e+00 1.00000000e+00
    outer loop
      vertex 1.50060227e+00 2.02453384e+00 5.00000000e-02
      vertex 1.50000000e+00 2.00000000e+00 5.00000000e-02
      vertex 2.00000000e+00 2.00000000e+00 5.00000000e-02
    endloop
  endfacet
  facet normal -0.00000000e+00 0.00000000e+00 1.00000000e+00
    outer loop
      vertex 1.50000000e+00 2.00000000e+00 5.00000000e-02
      vertex 1.50060227e+00 1.97546616e+00 5.00000000e-02
      vertex 2.00000000e+00 2.00000000e+00 5.00000000e-02
    endloop
  endfacet
  facet normal -0.00000000e+00 0.00000000e+00 1.00000000e+00
    outer loop
      vertex 1.50060227e+00 1.97546616e+00 5.00000000e-02
      vertex 1.50240764e+00 1.95099143e+00 5.00000000e-02
      vertex 2.00000000e+00 2.00000000e+00 5.00000000e-02
    endloop
  endfacet
  facet normal -0.00000000e+00 0.00000000e+00 1.00000000e+00
    outer loop
      vertex 1.50240764e+00 1.95099143e+00 5.00000000e-02
      vertex 1.50541175e+00 1.92663476e+00 5.00000000e-02
      vertex 2.00000000e+00 2.00000000e+00 5.00000000e-02
    endloop
  endfacet
  facet normal -0.00000000e+00 0.00000000e+00 1.00000000e+00
    outer loop
      vertex 1.50541175e+00 1.92663476e+00 5.00000000e-02
      vertex 1.50960736e+00 1.90245484e+00 5.00000000e-02
      vertex 2.00000000e+00 2.00000000e+00 5.00000000e-02
    endloop
  endfacet
  facet normal -0.00000000e+00 0.00000000e+00 1.00000000e+00
    outer loop
      vertex 1.50960736e+00 1.90245484e+00 5.00000000e-02
      vertex 1.51498437e+00 1.87850991e+00 5.00000000e-02
      vertex 2.00000000e+00 2.00000000e+00 5.00000000e-02
    endloop
  endfacet
  facet normal -0.00000000e+00 0.00000000e+00 1.00000000e+00
    outer loop
      vertex 1.51498437e+00 1.87850991e+00 5.00000000e-02
      vertex 1.52152983e+00 1.85485766e+00 5.00000000e-02
      vertex 2.00000000e+00 2.00000000e+00 5.00000000e-02
    endloop
  endfacet
  facet normal -0.00000000e+00 0.00000000e+00 1.00000000e+00
    outer loop
      vertex 1.52152983e+00 1.85485766e+00 5.00000000e-02
      vertex 1.52922797e+00 1.83155507e+00 5.00000000e-02
      vertex 2.00000000e+00 2.00000000e+00 5.00000000e-02
    endloop
  endfacet
  facet normal -0.00000000e+00 0.00000000e+00 1.00000000e+00
    outer loop
      vertex 1.52922797e+00 1.83155507e+00 5.00000000e-02
      vertex 1.53806023e+00 1.80865828e+00 5.00000000e-02
      vertex 2.00000000e+00 2.00000000e+00 5.00000000e-02
    endloop
  endfacet
  facet normal -0.00000000e+00 0.00000000e+00 1.00000000e+00
    outer loop
      vertex 1.53806023e+00 1.80865828e+00 5.00000000e-02
      vertex 1.54800535e+00 1.78622245e+00 5.00000000e-02
      vertex 2.00000000e+00 2.00000000e+00 5.00000000e-02
    endloop
  endfacet
  facet normal -0.00000000e+00 0.00000000e+00 1.00000000e+00
    outer loop
      vertex 1.54800535e+00 1.78622245e+00 5.00000000e-02
      vertex 1.55903937e+00 1.76430163e+00 5.00000000e-02
      vertex 2.00000000e+00 2.00000000e+00 5.00000000e-02
    endloop
  endfacet
  facet normal -0.00000000e+00 0.00000000e+00 1.00000000e+00
    outer loop
      vertex 1.55903937e+00 1.76430163e+00 5.00000000e-02
      vertex 1.57113569e+00 1.74294863e+00 5.00000000e-02
      vertex 2.00000000e+00 2.00000000e+00 5.00000000e-02
    endloop
  endfacet
  facet normal -0.00000000e+00 0.00000000e+00 1.00000000e+00
    outer loop
      vertex 1.57113569e+00 1.74294863e+00 5.00000000e-02
      vertex 1.58426519e+00 1.72221488e+00 5.00000000e-02
      vertex 2.00000000e+00 2.00000000e+00 5.00000000e-02
    endloop
  endfacet
  facet normal -0.00000000e+00 0.00000000e+00 1.00000000e+00
    outer loop
      vertex 1.58426519e+00 1.72221488e+00 5.00000000e-02
      vertex 1.59839623e+00 1.70215035e+00 5.00000000e-02
      vertex 2.00000000e+00 2.00000000e+00 5.00000000e-02
    endloop
  endfacet
  facet normal -0.00000000e+00 0.00000000e+00 1.00000000e+00
    outer loop
      vertex 1.59839623e+00 1.70215035e+00 5.00000000e-02
      vertex 1.61349477e+00 1.68280336e+00 5.00000000e-02
      vertex 2.00000000e+00 2.00000000e+00 5.00000000e-02
    endloop
  endfacet
  facet normal -0.00000000e+00 0.00000000e+00 1.00000000e+00
    outer loop
      vertex 1.61349477e+00 1.68280336e+00 5.00000000e-02
      vertex 1.62952444e+00 1.66422052e+00 5.00000000e-02
      vertex 2.00000000e+00 2.00000000e+00 5.00000000e-02
    endloop
  endfacet
  facet normal -0.00000000e+00 0.00000000e+00 1.00000000e+00
    outer loop
      vertex 1.62952444e+00 1.66422052e+00 5.00000000e-02
      vertex 1.64644661e+00 1.64644661e+00 5.00000000e-02
      vertex 2.00000000e+00 2.00000000e+00 5.00000000e-02
    endloop
  endfacet
  facet normal -0.00000000e+00 0.00000000e+00 1.00000000e+00
    outer loop
      vertex 1.64644661e+00 1.64644661e+00 5.00000000e-02
      vertex 1.66422052e+00 1.62952444e+00 5.00000000e-02
      vertex 2.00000000e+00 2.00000000e+00 5.00000000e-02
    endloop
  endfacet
  facet normal -0.00000000e+00 0.00000000e+00 1.00000000e+00
    outer loop
      vertex 1.66422052e+00 1.62952444e+00 5.00000000e-02
      vertex 1.68280336e+00 1.61349477e+00 5.00000000e-02
      vertex 2.00000000e+00 2.00000000e+00 5.00000000e-02
    endloop
  endfacet
  facet normal -0.00000000e+00 0.00000000e+00 1.00000000e+00
    outer loop
      vertex 1.68280336e+00 1.61349477e+00 5.00000000e-02
      vertex 1.70215035e+00 1.59839623e+00 5.00000000e-02
      vertex 2.00000000e+00 2.00000000e+00 5.00000000e-02
    endloop
  endfacet
  facet normal -0.00000000e+00 0.00000000e+00 1.00000000e+00
    outer loop
      vertex 1.70215035e+00 1.59839623e+00 5.00000000e-02
      vertex 1.72221488e+00 1.58426519e+00 5.00000000e-02
      vertex 2.00000000e+00 2.00000000e+00 5.00000000e-02
    endloop
  endfacet
  facet normal -0.00000000e+00 0.00000000e+00 1.00000000e+00
    outer loop
      vertex 1.72221488e+00 1.58426519e+00 5.00000000e-02
      vertex 1.74294863e+00 1.57113569e+00 5.00000000e-02
      vertex 2.00000000e+00 2.00000000e+00 5.00000000e-02
    endloop
  endfacet
  facet normal -0.00000000e+00 0.00000000e+00 1.00000000e+00
    outer loop
      vertex 1.74294863e+00 1.57113569e+00 5.00000000e-02
      vertex 1.76430163e+00 1.55903937e+00 5.00000000e-02
      vertex 2.00000000e+00 2.00000000e+00 5.00000000e-02
    endloop
  endfacet
  facet normal -0.00000000e+00 0.00000000e+00 1.00000000e+00
    outer loop
      vertex 1.76430163e+00 1.55903937e+00 5.00000000e-02
      vertex 1.78622245e+00 1.54800535e+00 5.00000000e-02
      vertex 2.00000000e+00 2.00000000e+00 5.00000000e-02
    endloop
  endfacet
  facet normal -0.00000000e+00 0.00000000e+00 1.00000000e+00
    outer loop
      vertex 1.78622245e+00 1.54800535e+00 5.00000000e-02
      vertex 1.80865828e+00 1.53806023e+00 5.00000000e-02
      vertex 2.00000000e+00 2.00000000e+00 5.00000000e-02
    endloop
  endfacet
  facet normal -0.00000000e+00 0.00000000e+00 1.00000000e+00
    outer loop
      vertex 1.80865828e+00 1.53806023e+00 5.00000000e-02
      vertex 1.83155507e+00 1.52922797e+00 5.00000000e-02
      vertex 2.00000000e+00 2.00000000e+00 5.00000000e-02
    endloop
  endfacet
  facet normal -0.00000000e+00 0.00000000e+00 1.00000000e+00
    outer loop
      vertex 1.83155507e+00 1.52922797e+00 5.00000000e-02
      vertex 1.85485766e+00 1.52152983e+00 5.00000000e-02
      vertex 2.00000000e+00 2.00000000e+00 5.00000000e-02
    endloop
  endfacet
  facet normal -0.00000000e+00 0.00000000e+00 1.00000000e+00
    outer loop
      vertex 1.85485766e+00 1.52152983e+00 5.00000000e-02
      vertex 1.87850991e+00 1.51498437e+00 5.00000000e-02
      vertex 2.00000000e+00 2.00000000e+00 5.00000000e-02
    endloop
  endfacet
  facet normal -0.00000000e+00 0.00000000e+00 1.00000000e+00
    outer loop
      vertex 1.87850991e+00 1.51498437e+00 5.00000000e-02
      vertex 1.90245484e+00 1.50960736e+00 5.00000000e-02
      vertex 2.00000000e+00 2.00000000e+00 5.00000000e-02
    endloop
  endfacet
  facet normal -0.00000000e+00 0.00000000e+00 1.00000000e+00
    outer loop
      vertex 1.90245484e+00 1.50960736e+00 5.00000000e-02
      vertex 1.92663476e+00 1.50541175e+00 5.00000000e-02
      vertex 2.00000000e+00 2.00000000e+00 5.00000000e-02
    endloop
  endfacet
  facet normal -0.00000000e+00 0.00000000e+00 1.00000000e+00
    outer loop
      vertex 1.92663476e+00 1.50541175e+00 5.00000000e-02
      vertex 1.95099143e+00 1.50240764e+00 5.00000000e-02
      vertex 2.00000000e+00 2.00000000e+00 5.00000000e-02
    endloop
  endfacet
  facet normal -0.00000000e+00 0.00000000e+00 1.00000000e+00
    outer loop
      vertex 1.95099143e+00 1.50240764e+00 5.00000000e-02
      vertex 1.97546616e+00 1.50060227e+00 5.00000000e-02
      vertex 2.00000000e+00 2.00000000e+00 5.00000000e-02
    endloop
  endfacet
  facet normal -0.00000000e+00 0.00000000e+00 1.00000000e+00
    outer loop
      vertex 1.97546616e+00 1.50060227e+00 5.00000000e-02
      vertex 2.00000000e+00 1.50000000e+00 5.00000000e-02
      vertex 2.00000000e+00 2.00000000e+00 5.00000000e-02
    endloop
  endfacet
  facet normal 0.00000000e+00 0.00000000e+00 1.00000000e+00
    outer loop
      vertex 2.00000000e+00 1.50000000e+00 5.00000000e-02
      vertex 2.02453384e+00 1.50060227e+00 5.00000000e-02
      vertex 2.00000000e+00 2.00000000e+00 5.00000000e-02
    endloop
  endfacet
  facet normal 0.00000000e+00 -0.00000000e+00 1.00000000e+00
    outer loop
      vertex 2.02453384e+00 1.50060227e+00 5.00000000e-02
      vertex 2.04900857e+00 1.50240764e+00 5.00000000e-02
      vertex 2.00000000e+00 2.00000000e+00 5.00000000e-02
    endloop
  endfacet
  facet normal 0.00000000e+00 -0.00000000e+00 1.00000000e+00
    outer loop
      vertex 2.04900857e+00 1.50240764e+00 5.00000000e-02
      vertex 2.07336524e+00 1.50541175e+00 5.00000000e-02
      vertex 2.00000000e+00 2.00000000e+00 5.00000000e-02
    endloop
  endfacet
  facet normal 0.00000000e+00 -0.00000000e+00 1.00000000e+00
    outer loop
      vertex 2.07336524e+00 1.50541175e+00 5.00000000e-02
      vertex 2.09754516e+00 1.50960736e+00 5.00000000e-02
      vertex 2.00000000e+00 2.00000000e+00 5.00000000e-02
    endloop
  endfacet
  facet normal 0.00000000e+00 -0.00000000e+00 1.00000000e+00
    outer loop
      vertex 2.09754516e+00 1.50960736e+00 5.00000000e-02
      vertex 2.12149009e+00 1.51498437e+00 5.00000000e-02
      vertex 2.00000000e+00 2.00000000e+00 5.00000000e-02
    endloop
  endfacet
  facet normal 0.00000000e+00 -0.00000000e+00 1.00000000e+00
    outer loop
      vertex 2.12149009e+00 1.51498437e+00 5.00000000e-02
      vertex 2.14514234e+00 1.52152983e+00 5.00000000e-02
      vertex 2.00000000e+00 2.00000000e+00 5.00000000e-02
    endloop
  endfacet
  facet normal 0.00000000e+00 -0.00000000e+00 1.00000000e+00
    outer loop
      vertex 2.14514234e+00 1.52152983e+00 5.00000000e-02
      vertex 2.16844493e+00 1.52922797e+00 5.00000000e-02
      vertex 2.00000000e+00 2.00000000e+00 5.00000000e-02
    endloop
  endfacet
  facet normal 0.00000000e+00 -0.00000000e+00 1.00000000e+00
    outer loop
      vertex 2.16844493e+00 1.52922797e+00 5.00000000e-02
      vertex 2.19134172e+00 1.53806023e+00 5.00000000e-02
      vertex 2.00000000e+00 2.00000000e+00 5.00000000e-02
    endloop
  endfacet
  facet normal 0.00000000e+00 -0.00000000e+00 1.00000000e+00
    outer loop
      vertex 2.19134172e+00 1.53806023e+00 5.00000000e-02
      vertex 2.21377755e+00 1.54800535e+00 5.00000000e-02
      vertex 2.00000000e+00 2.00000000e+00 5.00000000e-02
    endloop
  endfacet
  facet normal 0.00000000e+00 -0.00000000e+00 1.00000000e+00
    outer loop
      vertex 2.21377755e+00 1.54800535e+00 5.00000000e-02
      vertex 2.23569837e+00 1.55903937e+00 5.00000000e-02
      vertex 2.00000000e+00 2.00000000e+00 5.00000000e-02
    endloop
  endfacet
  facet normal 0.00000000e+00 -0.00000000e+00 1.00000000e+00
    outer loop
      vertex 2.23569837e+00 1.55903937e+00 5.00000000e-02
      vertex 2.25705137e+00 1.57113569e+00 5.00000000e-02
      vertex 2.00000000e+00 2.00000000e+00 5.00000000e-02
    endloop
  endfacet
  facet normal 0.00000000e+00 -0.00000000e+00 1.00000000e+00
    outer loop
      vertex 2.25705137e+00 1.57113569e+00 5.00000000e-02
      vertex 2.27778512e+00 1.58426519e+00 5.00000000e-02
      vertex 2.00000000e+00 2.00000000e+00 5.00000000e-02
    endloop
  endfacet
  facet normal 0.00000000e+00 -0.00000000e+00 1.00000000e+00
    outer loop
      vertex 2.27778512e+00 1.58426519e+00 5.00000000e-02
      vertex 2.29784965e+00 1.59839623e+00 5.00000000e-02
      vertex 2.00000000e+00 2.00000000e+00 5.00000000e-02
    endloop
  endfacet
  facet normal 0.00000000e+00 -0.00000000e+00 1.00000000e+00
    outer loop
      vertex 2.29784965e+00 1.59839623e+00 5.00000000e-02
      vertex 2.31719664e+00 1.61349477e+00 5.00000000e-02
      vertex 2.00000000e+00 2.00000000e+00 5.00000000e-02
    endloop
  endfacet
  facet normal 0.00000000e+00 -0.00000000e+00 1.00000000e+00
    outer loop
      vertex 2.31719664e+00 1.61349477e+00 5.00000000e-02
      vertex 2.33577948e+00 1.62952444e+00 5.00000000e-02
      vertex 2.00000000e+00 2.00000000e+00 5.00000000e-02
    endloop
  endfacet
  facet normal 0.00000000e+00 -0.00000000e+00 1.00000000e+00
    outer loop
      vertex 2.33577948e+00 1.62952444e+00 5.00000000e-02
      vertex 2.35355339e+00 1.64644661e+00 5.00000000e-02
      vertex 2.00000000e+00 2.00000000e+00 5.00000000e-02
    endloop
  endfacet
  facet normal 0.00000000e+00 -0.00000000e+00 1.00000000e+00
    outer loop
      vertex 2.35355339e+00 1.64644661e+00 5.00000000e-02
      vertex 2.37047556e+00 1.66422052e+00 5.00000000e-02
      vertex 2.00000000e+00 2.00000000e+00 5.00000000e-02
    endloop
  endfacet
  facet normal 0.00000000e+00 -0.00000000e+00 1.00000000e+00
    outer loop
      vertex 2.37047556e+00 1.66422052e+00 5.00000000e-02
      vertex 2.38650523e+00 1.68280336e+00 5.00000000e-02
      vertex 2.00000000e+00 2.00000000e+00 5.00000000e-02
    endloop
  endfacet
  facet normal 0.00000000e+00 -0.00000000e+00 1.00000000e+00
    outer loop
      vertex 2.38650523e+00 1.68280336e+00 5.00000000e-02
      vertex 2.40160377e+00 1.70215035e+00 5.00000000e-02
      vertex 2.00000000e+00 2.00000000e+00 5.00000000e-02
    endloop
  endfacet
  facet normal 0.00000000e+00 -0.00000000e+00 1.00000000e+00
    outer loop
      vertex 2.40160377e+00 1.70215035e+00 5.00000000e-02
      vertex 2.41573481e+00 1.72221488e+00 5.00000000e-02
      vertex 2.00000000e+00 2.00000000e+00 5.00000000e-02
    endloop
  endfacet
  facet normal 0.00000000e+00 -0.00000000e+00 1.00000000e+00
    outer loop
      vertex 2.41573481e+00 1.72221488e+00 5.00000000e-02
      vertex 2.42886431e+00 1.74294863e+00 5.00000000e-02
      vertex 2.00000000e+00 2.00000000e+00 5.00000000e-02
    endloop
  endfacet
  facet normal 0.00000000e+00 -0.00000000e+00 1.00000000e+00
    outer loop
      vertex 2.42886431e+00 1.74294863e+00 5.00000000e-02
      vertex 2.44096063e+00 1.76430163e+00 5.00000000e-02
      vertex 2.00000000e+00 2.00000000e+00 5.00000000e-02
    endloop
  endfacet
  facet normal 0.00000000e+00 -0.00000000e+00 1.00000000e+00
    outer loop
      vertex 2.44096063e+00 1.76430163e+00 5.00000000e-02
      vertex 2.45199465e+00 1.78622245e+00 5.00000000e-02
      vertex 2.00000000e+00 2.00000000e+00 5.00000000e-02
    endloop
  endfacet
  facet normal 0.00000000e+00 -0.00000000e+00 1.00000000e+00
    outer loop
      vertex 2.45199465e+00 1.78622245e+00 5.00000000e-02
      vertex 2.46193977e+00 1.80865828e+00 5.00000000e-02
      vertex 2.00000000e+00 2.00000000e+00 5.00000000e-02
    endloop
  endfacet
  facet normal 0.00000000e+00 -0.00000000e+00 1.00000000e+00
    outer loop
      vertex 2.46193977e+00 1.80865828e+00 5.00000000e-02
      vertex 2.47077203e+00 1.83155507e+00 5.00000000e-02
      vertex 2.00000000e+00 2.00000000e+00 5.00000000e-02
    endloop
  endfacet
  facet normal 0.00000000e+00 -0.00000000e+00 1.00000000e+00
    outer loop
      vertex 2.47077203e+00 1.83155507e+00 5.00000000e-02
      vertex 2.47847017e+00 1.85485766e+00 5.00000000e-02
      vertex 2.00000000e+00 2.00000000e+00 5.00000000e-02
    endloop
  endfacet
  facet normal 0.00000000e+00 -0.00000000e+00 1.00000000e+00
    outer loop
      vertex 2.47847017e+00 1.85485766e+00 5.00000000e-02
      vertex 2.48501563e+00 1.87850991e+00 5.00000000e-02
      vertex 2.00000000e+00 2.00000000e+00 5.00000000e-02
    endloop
  endfacet
  facet normal 0.00000000e+00 -0.00000000e+00 1.00000000e+00
    outer loop
      vertex 2.48501563e+00 1.87850991e+00 5.00000000e-02
      vertex 2.49039264e+00 1.90245484e+00 5.00000000e-02
      vertex 2.00000000e+00 2.00000000e+00 5.00000000e-02
    endloop
  endfacet
  facet normal 0.00000000e+00 -0.00000000e+00 1.00000000e+00
    outer loop
      vertex 2.49039264e+00 1.90245484e+00 5.00000000e-02
      vertex 2.49458825e+00 1.92663476e+00 5.00000000e-02
      vertex 2.00000000e+00 2.00000000e+00 5.00000000e-02
    endloop
  endfacet
  facet normal 0.00000000e+00 -0.00000000e+00 1.00000000e+00
    outer loop
      vertex 2.49458825e+00 1.92663476e+00 5.00000000e-02
      vertex 2.49759236e+00 1.95099143e+00 5.00000000e-02
      vertex 2.00000000e+00 2.00000000e+00 5.00000000e-02
    endloop
  endfacet
  facet normal 0.00000000e+00 -0.00000000e+00 1.00000000e+00
    outer loop
      vertex 2.49759236e+00 1.95099143e+00 5.00000000e-02
      vertex 2.49939773e+00 1.97546616e+00 5.00000000e-02
      vertex 2.00000000e+00 2.00000000e+00 5.00000000e-02
    endloop
  endfacet
  facet normal 0.00000000e+00 -0.00000000e+00 1.00000000e+00
    outer loop
      vertex 2.49939773e+00 1.97546616e+00 5.00000000e-02
      vertex 2.50000000e+00 2.00000000e+00 5.00000000e-02
      vertex 2.00000000e+00 2.00000000e+00 5.00000000e-02
    endloop
  endfacet
endsolid cylinder_D1_center2_2_L0p1
