Label,Points:0,Points:1,Points:2,activationTime
P1,0.0,0.0,0.007,0.00119003
P2,0.0,0.0,0.0,0.132117
P3,0.019999,0.0,0.007,0.0465575
P4,0.019999,0.0,0.0,0.141901
P5,0.0,0.003,0.007,0.0358764
P6,0.0,0.003,0.0,0.13343
P7,0.019999,0.003,0.007,0.0558701
P8,0.019999,0.003,0.0,0.142809
P9,0.01,0.0015,0.0035,0.0705765
